year,faculty_book,dept,course_code,title,nqf_credits,nqf_level,convener,entry_requirements,outline,lecture_times,dp_requirements,assessment,pre_notes,source_page
2025,COM,College of Accounting,ACC1006F,FINANCIAL ACCOUNTING,18,5,J Kew,"Registration for a BCom Accounting, BBusSci Finance with Accounting, or Actuarial Science degree, or by permission of the department.",Financial Accounting is predominantly an applied discipline that is based on broad conceptual principles. The course develops an understanding of the business cycle and various decisions taken in a business. Particular emphasis is placed on recording financial transactions in accounting records and interpreting financial transactions through the application of definitions and recognition criteria as set out in the conceptual framework. Student will also be required to prepare and present basic financial statements.,"Tues, Wed, Thurs, Fri 13:00 – 14:00; 14:00 – 15:00","Attendance at and submission of a minimum of 70% of tutorials AND a weighted average of 35% for class tests (excluding objective tests) and having written at least one class test AND an average of 35% for assignments. (where relevant, excluding objective tests).",Coursework: 35% Exam: 65%,,137
2025,COM,College of Accounting,ACC1011S,FINANCIAL REPORTING I,18,5,J Winfield,"ACC1006F. Registration for a BCom Accounting, BBusSci Finance with Accounting, or Actuarial Science degree, or by permission of the department.","Financial Reporting 1 covers the second semester of the first-year accounting syllabus. The standard has been set to the level required for those intending to become Chartered Accountants, and it is, therefore, an extremely demanding course. Financial reporting is predominantly an applied discipline based on broad conceptual principles, which are introduced in Financial Accounting ACC1006, the first-semester, first-year course. Students’ understanding of these principles is strengthened in Financial Reporting 1, partly through their application to transactions and business events with a greater level of technical challenge. Topics include: companies; property, plant and equipment; statements of cash flows; liabilities; and financial analysis. Financial Reporting 1 uses a blended learning model, offering in-person learning as well as a comprehensive suite of online learning activities.","Compulsory in-person learning experiences include lectures which take place on Fridays at either 13h00-13h45 or 14h00-14h45, and a double-period tutorial per week. Optional in- person learning experiences are available Tues - Thurs. Detailed guidance on the rollout of blended learning content and face to face engagements will be made available through the course document.","A weighted average of 35% for class tests, having written at least one class test.",Coursework: 40% Exam: 60%. The coursework component may include participation.,,137
2025,COM,College of Accounting,ACC1106F,FINANCIAL ACCOUNTING,18,5,B Diale,"Registration for a BCom Accounting, BBusSci Finance with Accounting, or Actuarial Science degree through the Education Development Unit, or by permission of the department.",Financial Accounting is predominantly an applied discipline that is based on broad conceptual principles. The course develops an understanding of the business cycle and various decisions taken in a business. Particular emphasis is placed on recording financial transactions in accounting records and interpreting financial transactions through the application of definitions and recognition criteria as set out in the conceptual framework. Students will also be required to prepare and present basic financial statements.,"Mon, Tues, Wed, Thurs, Fri 10:00-11:00 or 11:00-12:00","Attendance at and submission of a minimum of 70% of tutorials AND a weighted average of 35% for class tests (excluding objective tests) and having written at least one class test AND an average of 35% for assignments (where relevant, excluding objective tests).",Coursework: 35% Exam: 65%,Students in this course write the same class tests and final examination as the ACC1006 students,138
2025,COM,College of Accounting,ACC1111S,FINANCIAL REPORTING I,18,5,B Diale S Herbert/ J Kew,"ACC1106F. Registration for a BCom Accounting, BBusSci Finance with Accounting, or Actuarial Science degree through the Education Development Unit, or by permission of the department. Registration for a BCom Accounting or BBusSci Finance with Accounting degree, or by permission of the department. Co-requisites: ACC1006F and ACC1011S","Financial Reporting 1 covers the second semester of the first-year accounting syllabus. The standard has been set to the level required for those intending to become Chartered Accountants and it is therefore an extremely demanding course. Financial reporting is predominantly an applied discipline based on broad conceptual principles which are introduced in ACC1106 Financial Accounting, the first-semester, first-year course. Students' understanding of these principles is strengthened in Financial Reporting 1, partly through their application to transactions and business events with a greater level of technical challenge. Topics include: companies; property, plant and equipment; statements of cash flows; liabilities; and financial analysis. Financial Reporting 1 uses a blended learning model, offering in-person learning as well as a comprehensive suite of online learning activities. This course exposes students to real-life businesses in South Africa. The internal and external business environment are explored, equipping students with the ability to evaluate the role of business in society, understanding different types of entities and understanding how to apply integrated thinking to business decisions.","Compulsory in-person learning experiences include lectures which take place on Fridays at either 10h00-10h45 or 11h00-11h45, and a double-period tutorial per week. Optional in- person learning experiences are available Mon - Thurs. F course (Monday and Friday 10:00) and an S course (Monday and Friday 11:00)","A weighted average of 35% for class tests, having written at least one class test. Participation in group project, and 70% weekly hand in's.","Coursework 40%, Exam 60%. The coursework component may include participation. ACC1015F/S BUSINESS ACUMEN FOR ACCOUNTANTS 15 NQF credits at NQF level 5 Group assignment 30%. Individual assignments (Weekly writing assignment and learning journal) 20%. Final Exam 45%.",NB: Students require and overall average of 60% for Financial Reporting I to proceed to Financial Reporting II,138
2025,COM,College of Accounting,ACC1021F,ACCOUNTING FOR BUSINESS I,15,5,Magon Gajewski,"Admission to degree. NSC level 5 in Mathematics and level 4 in English HL (or level 5 in English FAL). Co-requisites: None. Objective: This course aims to introduce non-accounting students to the basic principles of accounting that would benefit them in management and other roles they may fill in business in the future. The course includes a basic introduction to financial accounting and published financial statements, and management accounting. The course forms the first part of a two course pairing for non-accounting Commerce students.",This is an introductory course in accounting aimed at all Commerce students who are not required to complete the specialised accounting courses. The course aims to provide Commerce graduates with the necessary acumen to engage in a managerial context with the accounting function within their organisations. Commerce students are also required to complete ACC1022Z. The course is also open to students in other faculties seeking an introduction to the accounting discipline.,"4 lectures a week, for 12 weeks. Tutorials: 2 periods a week, for 11 weeks.",75% course participation and a minimum of 38% for the April test.,One class test in April. One final exam as part of the June exam block.,,139
2025,COM,College of Accounting,ACC1022Z,ACCOUNTING FOR BUSINESS II,9,5,Magon Gajewski,ACC1021F. Co-requisites: None. Objective: This course aims to introduce non-accounting students to the basic principles of accounting that would benefit them in management and other roles they may fill in business in the future. The course continues from ACC1021F and introduces non-accounting Commerce students to the concepts of taxation and good governance. The course forms the second part of a two course pairing for Commerce students.,"This course continues from ACC1021F and aims to provide Commerce graduates with an overview of cash flows, taxation, and governance principles.","4 lectures a week, for 5 weeks. Tutorials: 2 periods a week, for 5 weeks.",75% course participation.,One final exam before/after the September vacation.,,139
2025,COM,College of Accounting,ACC2012W,FINANCIAL REPORTING II,36,6,M Bardien (course queries to be directed to ACC2012W@uct.ac.za only),"A pass in ACC1006, a minimum mark of 60% for ACC1011 within two years of first registration for this course. Concurrent registration or a previous pass in ACC2022, ACC2023 and MAM1010",This course integrates knowledge from first year accounting and Financial Reporting I. Students should be able to prepare and present separate and group financial statements within the scope of the Conceptual Framework for Financial Reporting and the International Financial Reporting Standards (‘IFRS’) upon completion of this course.,Monday to Friday 8:00 for BBusSci and 9:00 for BCom.,Attendance at and submission of a minimum of 75% of tutorials in each semester and a weighted average of 40% for class tests (excluding objective tests) and a weighted average of 40% for assignments.,Coursework: 40%. Exam: 60%,,140
2025,COM,College of Accounting,ACC2018H,"GOVERNANCE, AUDIT AND ASSURANCE I",18,6,D Govender (course queries to be directed to ACC2018H@uct.ac.za only),"A pass in INF1002 and concurrent registration or a previous pass in ACC1015 and ACC2012W. Registration for a BCom Accounting or BBusSci Finance with Accounting degree, or by permission of the department.","The course builds on the foundations of Financial Accounting and Reporting, Information Systems and general understanding of business. The course introduces students to the foundational principles of business cycles (systems) and internal control, where “Governance” refers to the system by which an entity is directed and controlled and “Internal Control” refers to the process in place to ensure the entity’s objectives with regard to reliability of financial reporting, effectiveness and efficiency of operations, and compliance with applicable laws and regulations.",Lecture times: Wednesday and Thursday 15:00 (Repeat lectures at 16:00).,Attendance at and submission of a minimum of 75% of tutorials in each semester AND a weighted average of 40% for class tests (excluding objective tests) AND a weighted average of 40% for assignments.,Coursework: 40% Exam: 60%,,140
2025,COM,College of Accounting,ACC2022H,MANAGEMENT ACCOUNTING I,18,6,J Dean (course queries to be directed to ACC2022H@uct.ac.za only),"ACC1006F or equivalent. Registration for a BCom Accounting, BBusSci Finance with Accounting, or BBusSci Finance degree, or by permission of the department.","An introduction to the discipline of Management Accounting; the analysis of cost systems, cost classification, and cost behaviour; product costing including job costing and process costing; the allocation of costs from service departments; absorption and variable costing; activity based costing; cost-volume-profit relationships, relevant costing and cost benefit analyses; budgeting systems; standard costing and flexible budgeting; financial performance measurement in business segments.",TBC,Attendance at and submission of a minimum of 75% of tutorials in each semester AND a weighted average of 40% for class tests (excluding objective tests) AND a weighted average of 40% for assignments,Course work 40% Exam 60%.,,140
2025,COM,College of Accounting,ACC2023H,TAXATION I,18,6,Z Wormald / S Esack (course queries to be directed to ACC2023H@uct.ac.za only),"ACC1011S and concurrent registration or a previous pass in ACC1015. Registration for a BCom Accounting or BBusSci Finance with Accounting degree, or by permission of the department.",The primary aim of Taxation I (ACC2023H) is to provide students with a foundation to the income tax legislation in order to enable them to apply such knowledge in problem-solving situations. The study of value-added tax has an important bearing on the study of income tax. The aim in covering these areas is to give students a rounded knowledge of the fiscal tax planning arena.,TBC,"Attendance at and submission of a minimum of 75% of tutorials and assignments (i.e., objective tests) in each semester AND a weighted average of 40% for all class tests (excluding objective tests) AND a weighted average of 40% for the project assignments.",Coursework: 40% Exam: 60%,,141
2025,COM,College of Accounting,ACC2042H,MANAGEMENT AND COST ACCOUNTING FOR NON-,16,6,J Dean,ACC1006F or equivalent. Co-requisites: None.,"This is a terminating course covering an introduction to the discipline of Management Accounting; the analysis of cost systems, cost classification, and cost behaviour; product costing including job costing and process costing; the allocation of costs from service departments; absorption and variable costing; activity based costing; cost-volume-profit relationships, relevant costing and cost benefit analyses; budgeting systems; standard costing and flexible budgeting; financial performance measurement in business segments. This course is intended for students registering for Construction Studies and does not lead to further accounting studies.","Friday, 2-4PM.",Weighted average mark of 40% for all class tests (excluding objective tests) AND Attendance at and submission of a minimum of 75% of tutorials and assignments.,"Invigilated tests (40%) and one final exam (60%), no projects.",SPECIALISTS,141
2025,COM,College of Accounting,ACC3001F,BUSINESS ANALYSIS & GOVERNANCE I,13,7,Jahangir Allie,Please refer to the “Entry to CA specific courses. Co-requisites: None.,"The course develops the finance foundations is a highly contextualised manner through the analysis of the financial information. The focus of the course is the decisions made by companies within the financial management frameworks of a company. The content comprises : business analysis, capital structure, valuations, and the distribution decision analysed through real world businesses.",Tuesday at 3PM and Thursday at 11AM,Attendance of 75% of tutorials. Weighted average 40% average of individual components. Completion of group and individual components.,50% Coursework. 50% Exam.,,141
2025,COM,College of Accounting,ACC3002S,BUSINESS ANALYSIS & GOVERNANCE II,11,7,Navitha Sewpersadh,ACC3001F. Co-requisites: None.,"The course reflects on and integrates the technical subject matter included in the four core disciplines included in the Chartered Accountant B.Com program (Financial Reporting, Managerial Accounting & Finance, Governance, Auditing and Assurance, and Taxation) in a highly contextualised and integrative manner. The content focusses on value creation of businesses looking more broadly than profit, and evaluating the broader impacts of business such as social, environmental, and regulatory. The content topics are; strategy, integrated reporting, environment social and governance, and mergers & acquisitions.","Tuesday, 3PM & Thursday, 11AM.",Attendance of 75% of tutorials. Weighted average 40% average for individual components. Completion of Group and individual components.,Coursework 50%. Exam 50%.,,142
2025,COM,College of Accounting,ACC3004W,TAXATION II,32,7,S Maqhubela / T Adams,"A pass in ACC2023, and concurrent registration or a previous pass in","This course builds on the basic principles of taxation taught in Taxation I. The aim of the course is to develop proficiency in the application of tax knowledge, with a focus on understanding and applying relevant taxation legislation, identification of relevant case law and applying these in the context of real-life scenarios.",TBC,Attendance at and submission of a minimum of 75% of tutorials AND a weighted average of 40% for class tests (excluding objective tests) AND a weighted average of 40% for assignments.,Coursework: 40% Exam: 60%,,142
2025,COM,College of Accounting,ACC3009W,FINANCIAL REPORTING III,36,7,S Gwadiso,Please refer to the “Entry to CA specific courses” section.,"The objective of Financial Reporting III within the CA(SA) qualification process is to ensure that students display competencies related to the recording, recognition, measurement and presentation of financial and non-financial information in accordance with International Financial Reporting Standards (IFRS). It does so by building on the basic principles of accounting taught in Financial Reporting I and II. Particular emphasis is placed on the application of full IFRS, integration of income taxes and the application of various accounting principles in a group situation.",TBC,Attendance at a minimum of 75% of tutorials AND a weighted average of 40% for class tests (excluding objective tests) AND a weighted average of 40% for assignments.,Coursework: 40% Exam: 60%,,142
2025,COM,College of Accounting,ACC3020W,FINANCIAL REPORTING AND ANALYSIS,36,7,S Fakier and N Daniels,"A pass in ACC2012W, and DP for ACC2023.","This course provides a broad-based accounting major that ensures preparation for the business and financial reporting environment. The focus is on the understanding and interpretation of advanced accounting concepts and financial reporting and to provide a basis for further postgraduate studies in financial accounting and related disciplines; in particular to provide a grounding for professional qualifications issued by bodies such as SAIPA, ACCA and CIMA.",TBC,Attendance at a minimum of 75% of tutorials AND a weighted average of 40% for class tests (excluding objective tests) AND a weighted average of 40% for assignments.,Coursework: 50% Exam: 50%,,143
2025,COM,College of Accounting,ACC3022W,"GOVERNANCE, AUDIT AND ASSURANCE II",26,7,S Shamsoodien,"ACC2018S and ACC2012W, concurrent registration or a previous pass in INF2004F.","This course covers most of the key concepts contained in the auditing, assurance and related services syllabus for the Initial Test of Competence (ITC) for entrance into the accountancy profession. On successful completion of the course a student will have an understanding of the principles and rationale of auditing and the ability to solve basic practical auditing problems.",TBC,Attendance at a minimum of 75% of tutorials AND a weighted average of 40% for class tests (excluding objective tests) AND a weighted average of 40% for assignments.,Coursework: 40% Exam: 60%,,143
2025,COM,College of Accounting,ACC3023W,MANAGEMENT ACCOUNTING II,26,7,R Davids and T Prince,ACC2022; ACC1011S; and FTX2024 or FTX2020.,"Management Accounting II course focuses on the core pillars of Costing, Decision Making, and Planning and Control. The principles build on the foundations of Management Accounting I, and expand on these principles further. The course is designed to enable students, after graduating, to go on with professional courses such as those offered by the Chartered Institute of Management Accountants (CIMA), South African Institute of Chartered Accountants (SAICA), and the Association of Chartered Certified Accountants (ACCA).",TBC,Attendance at and submission of a minimum of 75% of tutorials AND a weighted average of 40% for class tests (excluding objective tests) AND a weighted average of 40% for assignments.,"Coursework: 40% Exam: 60% SCHOOL OF ECONOMICS The School is housed in the School of Economics 2.29, Middle Campus. The letter code for the Department is ECO. Telephone Number: (021) 650-5751. Departmental website: https://commerce.uct.ac.za/school-economics Director of the School and Professor: E Nikolaidou, MA PhD London Professors: C Ardington, BSc(Hons) MSc PhD Cape Town H Bhorat, BSocSc(Hons) Cape Town MA PhD Stellenbosch J Burns, BCom(Hons) Natal MPhil Cantab PhD Massachusetts B Conradie, BSc (Hons) MSc Stellenbosch PhD Colorado R Daniels, BSc MA Auckland PhD Cape Town L Edwards, BA Cape Town BA(Hons) Rhodes MA Msc LSE PhD Cape Town L Grzybowski, MSc Warsaw PhD Munich A Karimu, BA Ghana MSc PhD Sweden E Muchapondwa, BSc MSc Zimbabwe PhD Göteborg N Nattrass, BA Stellenbosch BSocSc(Hons) Cape Town MA Natal MSc DPhil Oxon V Ranchhod, BCom (Hons) Witwatersrand MA PhD Michigan D Ross, BA MA PhD Western Ontario D Thiam, BSc Montpellier MSc Nantes PhD Bordeaux M V Leibbrandt, BSocSc(Hons) Rhodes MA PhD Notre Dame C Van Walbeek, BCom(Hons) MCom Stellenbosch PhD Cape Town M Visser, BSc(Hons) MCom Cape Town PhD Göteborg H Winkler, MSc Berkeley MA PhD Cape Town Emeritus Professors: H Abraham, MA Tel Aviv PhD Hebrew University A Black, BA Cape Town BA(Hons) Sussex MSocSc Natal PhD Cape Town D E Kaplan, BA BCom Cape Town MA Kent DPhil Sussex H Kincaid, BA MA PhD Indiana A Leiman, BA(Hons) Natal, MA Cape Town M Morris, BA(Hons) Cape Town MA PhD Sussex Principal Research Officer: E Dauchy; B.Econ Paris IX Dauphine ; M.Econ (Hons) Paris I Sorbonne; PhD Ann Arbor Honorary Professors: G Ainslie, BA Yale College MD Harvard M Carter, MA PhD Wisconsin J D Hey, BA Cambridge, MSc, Edinburgh SB Kahn, BCom MCom Cape Town G Köhlin, PhD Göteborg G Harrison, BEcon(Hon) MA Monash MA PhD UCLA D Lam, BA Colorado MA Austin MA PhD Berkeley M I Lau, BSc University of Copenhagen MSc Tilburg University PhD University of Copenhagen L Ndikumana, BA Burundi MA PhD Washington E Rutström, Bachelor of Economics & Business Administration PhD Stockholm M Sarr, BA Reims MSc Toulouse MSc Warwick PhD UCL T Sterner, BA PhD Göteborg I Woolard, PhD Cape Town Adjunct Professor: S Hassan, MSc LSE MPhil Cambridge PhD Cape Town F Ismail, BA LLB Natal MPhil Sussex PhD Manchester D Pieterse, BSc DPhil Cape Town, MPA Harvard M Power BA Oxford MA Massachusetts PhD Cape Town Associate Professors: K Eyal, BSc BCom (Hons) MCom PhD Cape Town A Hofmeyr, BSocSc BCom MCom PhD Cape Town H Hollander, BCom, BCom (Hons), MCom, PhD Stellenbosch A Kerr, BSc BCom(Hons) KwaZulu-Natal MPhil DPhil Oxon K Kotze, BCom Natal BCom(Hons) Unisa MCom PhD Stellenbosch M Keswell, BCom(Hons) UDW MSocSc Natal MA PhD Massachusetts C Mlatsheni, BSocSc(Hons) MSocSc PhD Cape Town Adjunct Associate Professors: Z Brixiova, BA Prague PhD Minnesota M Ellyne, BSc(ENG) Cornell MSc London PhD Baltimore A Shimeles, BA Addis Ababa MA Delhi PhD Gothenburg Senior Lecturers: A Davids, BCom (Hons) MCom (Cum Laude) Stellenbosch, PhD Cape Town D Fadiran, BA Swaziland, MA Wisconsin, MA Northern Illinois, PhD Cape Town R Lepelle, MCom Witwatersrand PhD Cape Town C Makanza, BSc(Hons) MSc Zimbabwe PhD Cape Town L Mateane, BSc(Hon) MA Witwatersrand PhD New York T Mpofu, BSc(Hons) Economics, MSc Economics Zimbabwe; PhD Cape Town G Ndlovu, BCom MSc Zimbabwe PhD Cape Town L Neethling, BCom(Hons) MCom Cape Town PhD Cape Town L Njozela, BBusSci(Hons) MCom PhD Cape Town N Pillay, BBusSc MCom Cape Town PhD Stanford Adjunct Senior Lecturer: N Samouilhan, MCom PhD Cape Town Lecturers: R Chetty, BBusSci(Hons) MCom Cape Town J Chien, BBusSci (Hons) MCom Cape Town S Khan, BBusSc (Hons), MCom(Distinction) Cape Town, MSc (Cum Laude) Tilburg M Smith, BSocSci(Hons) Cape Town, M.Phil Cape Town Chief Research Officers: N Branson, PhD Cape Town A de Lannoy, MA (Germanic Languages) Ghent PhD (Sociology) Cape Town B Maughan-Brown, BSc(Hons) PhD Cape Town M Oosthuizen, MCom (Economics) Stellenbosch PhD (Economics) Cape Town N Vellios BSocSci (Hons) MA PhD, Cape Town Researchers: C Ardington, BSc(Hons) MSc PhD Cape Town I Bassier, BSc(Hons) Cape Town MA Umass J Budlender, BSocSci(Hons) Cape Town MSc UCL V Darsamo BSocSc, UNESWA MCom (Development Economics) Cape Town MCom (Applied Economics) Cape Town F Diaz Pabon, BSc(Hons), Msc MA Rotterdam D de Villiers, MA (Economics) Nelson Mandela G Espi-Sanchis, MA Witwatersrand D Fadiran, PhD(Economics) Cape Town S Filby BSocSc (Hons) Cape Town MSocSc Cape Town PhD Cape Town F Hartley, BBusSci(Hons) Cape Town MCOM Pretoria J Monnakgotla, MSc (Economics) Witwatersrand R Hill, MCom (Applied Economics) Cape Town T Köhler, BCom BCom(Hons) MCom Stellenbosch PhD Cape Town M V Leibbrandt, BSocSc(Hons) Rhodes MA PhD Notre Dame J Mosomi, PhD Cape Town C Rooney, MCom (Economic Development) Cape Town M Shifa, BSc Addis Ababa MCom PhD Cape Town B Stanwix, MSc (Applied Economics) Cape Town MSc (Economic & Social History) Oxon F Steenkamp, PhD (Economics) Cape Town J Turpie, BSc(Hons) PhD Cape Town K van der Zee Hons MCom Cape Town Junior Research Officers: M Zondi, BCom (Hons) in Economics UKZN MCom (Econometrics) UP Development Policy Research Unit (DPRU) Director: H Bhorat, BSocSc (Hons) Cape Town MA PhD Stellenbosch Deputy Director: M Oosthuizen, MCom (Economics) Stellenbosch PhD (Economics) Cape Town The Development Policy Research Unit has been actively engaged in policy-relevant research for over 35 years, establishing itself as one of SA’s premier research institutions in the field of applied development economics. Specifically, the DPRU cognate areas range from labour market analysis, economic growth, poverty and inequality dynamics through to areas such as economic complexity analysis and regulation and governance. In each of these strands, our modus operandi is the application of econometric techniques to large survey datasets. The DPRU's body of work reveals a number of discernible strands: a long-standing focus on the empirics of household poverty and inequality dynamics in South Africa; a consistent and expansive research programme for a period of 25 years on developing country labour markets; and more recently, a relatively new avenue of research on trying to undertake applied work in the area of economic complexity. Research themes also include: Minimum Wages and labour market policy including empirical work on enforcement; analytical extensions considering 4IR, technology and the labour market; and the relationship between the labour market, environmental regulation, the Just Transition, and “green jobs’ more broadly. In addition to research and capacity building activities, the DPRU is engaged in the programme management of various projects such as the Labour Market Intelligence (LMI) research programme aimed at establishing a credible institutional mechanism for skills planning in South Africa, studies such as the National Transfer Accounts (NTA), an international research project funded by the IDRC that aims to measure and understand the generational economy, and Counting Women’s Work (CWW), a multi-country research effort at incorporating unpaid work into the National Transfer Accounts framework. The DPRU has also project managed two phases of the “Towards Resilient Futures” Community of Practice: Developing a Fibre Micro-industry to Generate Economic Growth from Degraded Land. More information about the DPRU is available at: https://commerce.uct.ac.za/dpru Environmental Policy Research Unit (EPRU) Director: M Visser, BSc(Hons) MCom Cape Town PhD Göteborg The Environmental Economics Policy Research Unit (EPRU) is a collaborative association of academic researchers specialising in environmental and natural resource issues. Members of EPRU include 11 researchers, 6 postdoctoral fellows and 14 PhD students based in the School of Economics at the University of Cape Town. The unit is the South African branch of an international network, the Environment for Development initiative (EfD). It was established in 2007 to promote sustainable development and poverty reduction in Southern Africa through policy relevant research. During this time, EPRU has built extensive experience in research related to issues of sustainable development, behavioural change and ecosystems management, and is now focusing its areas of specialisation around the themes of:  Climate Change, Energy, Water and Waste  Land, living resources and community wellbeing  Ecosystems Management and Nature Based Solutions Additionally, EPRU hosts the Natural Capital Collaborative (NatCap) initiative, an EfD collaborative program which aims to improve the knowledge and empirical experience of valuing ecosystem services and biodiversity, water systems, sustainable agriculture and forestry in order to better account for these services throughout the Global South. NatCap's overarching goal is to stimulate policy action across the Global South to implement research based sustainable practices as well as, promote collaborative interlinked research within EfD centers and with researchers outside of the EfD network. EPRU strives to become a center of excellence in environmental and resource economics in Southern Africa from which decision makers will seek well-researched advice. More information about EPRU can be found on their website: http://www.epru.uct.ac.za or through the Environment for Development Initiative website: http://www.efdinitiative.org/south-africa Policy Research in International Services and Manufacturing (PRISM) Director: L Edwards, BA Cape Town BA(Hons) Rhodes MA Msc LSE PhD Cape Town Policy Research in International Services and Manufacturing (PRISM) provides a home to a number of related research activities and projects and collaborates extensively with institutions inside and outside South Africa. Much of PRISM’s work has a policy focus responding to economic policy issues in South Africa, the rest of Africa and beyond. PRISM research and policy activities are mainly focused around three major themes – trade, industrialisation and the green economy. Much of our work is concerned with the interaction between these three elements and the impact on economic development. Work on trade is focused on trade within Africa and with the rest of the world including China. An expanding research field is regional integration in Africa which reflects the momentum evident in the recent ratification of the African Continental Free Trade Area (AfCTFA). Sectors and/or global value chains (GVCs) are a significant area and include the garment sector, autos and the defence industry. Research on the green economy is also expanding and includes work on green industrialisation and infrastructure including energy and water provision. Work on foreign direct investment (FDI) has focused on investment in South Africa and the rest of Africa including from China. The retail and services research field encompasses work ranging from the expansion of South African based supermarket chains into the rest of Africa to the expansion of telecommunications and mobile telephony. Technology and network industries research incorporates the digital economy and fourth industrial revolution (4IR). The research field of industrial and competition policy incorporates various aspects of regulation, for instance in telecommunications and infrastructure provision. The membership of PRISM includes fourteen academic staff and postdocs from the School of Economics as well as graduate students and local and international affiliates. More information can be found at www.prism.uct.ac.za Southern Africa Labour and Development Research Unit (SALDRU) Director: R C Daniels, BSc MA Auckland PhD Cape Town The Southern Africa Labour and Development Research Unit (SALDRU)’s team consists of a Director (Professor Reza Daniels), Deputy Director, Researchers, Project staff, and a number of Post- Doctoral Fellows. There are also several research affiliates, reflecting SALDRUs active national and international research collaborators. SALDRU carries out applied empirical research and capacity building with an emphasis on poverty and inequality, labour markets, human capital and social policy. We strive for academic excellence and policy relevance. SALDRU has always implemented a range of innovative surveys in South Africa. Building on these large data gathering projects, we conduct a range of training and capacity building activities in the use of survey data to analyse social well-being. openSALDRU is our publications repository. It catalogues all of SALDRU’s research, including more than 250 working papers, conference proceedings, policy briefs and metadata and links for journal articles. Our Research Agenda Understanding the dynamics amongst different groups in the distribution, focusing on chronic and transitory poverty, the vulnerable middle class, and income and wealth at the top end. Understanding what drives intergenerational inequalities in South Africa. Our research is located at the intersection of unemployment, labour markets, human capital and social policy. Focus areas include all vulnerable groups. This includes the susceptibility of children to socio- economic disadvantage as well as a special focus on the disparity of opportunities facing youth in South Africa. Find out more about SALDRU at our website: https://www.saldru.uct.ac.za/ Along with the research project run through SALDRU, the following partnerships are housed within the unit. J-PAL Africa: J-PAL Africa is a focal point for poverty and development research based on randomised evaluations. Affiliated with the Abdul Latif Jameel Poverty Action Lab (J-PAL) at the Massachusetts Institute of Technology (MIT) in the United States, J-PAL Africa seeks to expand the agenda of randomised programme evaluation and evidence-based policymaking in sub-Saharan Africa. Based within SALDRU at the University of Cape Town’s School of Economics, J-PAL Africa works closely with governments and NGOs to improve the effectiveness of social policy by evaluating real life programmes, training others to do the same, and partnering with governments and NGOs to help them integrate knowledge of what does, or does not, work into their development strategies. For more information please visit the website: https://www.povertyactionlab.org/africa African Centre of Excellence for Inequality Research The African Centre of Excellence for Inequality Research (ACEIR) is one of 13 research centres of the African Research Universities Alliance (ARUA). The ACEIR hub is housed at UCT, under the direction of SALDRU’s Professor Murray Leibbrandt, and its South Africa research node is based at SALDRU. The Ghana research hub is situated at the University of Ghana and the Kenya node at the University of Nairobi. This hub-and-spoke model enables research and capacity building by bringing together top African researchers of stature and who are well established in the contemporary African and broader international inequality and poverty communities for research, teaching, and policy engagement collaborations. Read more about the launch of ACEIR here and on the ARUA website. SALDRU conducts a number of different training programmes during the year. Online Stata Course: The Analysis of South African Household Survey Data: This course is a distance learning tool developed at the University of Michigan in collaboration with the University of Cape Town. SALDRU/DataFirst short courses: SALDRU is involved in a series of short courses in conjunction with DataFirst. These courses are run in the beginning, mid and end of year university vacations at the University of Cape Town. UCT Training Programme In Data Wrangling with Stata Since 1999, SALDRU has run the annual UCT Programme in Social Science Research Using Survey Data. In its latest iterations, this programme has trained about 60 Southern African researchers per year. This hands-on course will provide participants with the essential skills and knowledge to manage and organise their data for empirical research projects using Stata. Through a series of practical real- world examples and exercises, participants will manage, clean, and process data of various types, use do files and macros, merge and reshape datasets, and document their work for reproducibility and transparency. Research on the Economics of Excisable Products (REEP) Director C Van Walbeek, BCom(Hons) MCom Stellenbosch PhD Cape Town The Research Unit on the Economics of Excisable Products (REEP) was accredited as a research unit within UCT’s School of Economics in July 2019. The primary focus of REEP is on tobacco control, but the unit focuses its research on economic aspects related to a variety of excisable products, including alcohol and sugar-sweetened beverages. The Unit's motto is “Supporting public health through rigorous and independent research”. REEP has two main focus areas, and these focus areas are grouped into two major projects. The first focus area is academic; the second is policy oriented. The academic work of REEP, i.e. supervision of students and postdoctoral fellows, writing and publishing of papers, and academic capacity building happens under the banner of REEP The policy work, i.e. supporting government officials in implementing better tax systems and higher taxes, providing in-country technical assistance and running workshops for government officials, is done under the banner of the WHO Framework Convention on Tobacco Control (FCTC) Knowledge Hub on Tobacco Taxation. The distinction between the academic and policy-oriented focus areas of REEP is sometimes blurred. REEP's academic work provides credibility for researchers to speak with authority about tax and illicit trade. On the other hand, the interaction with policy makers alerts them to research opportunities that are relevant and appropriate. REEP' receives funding from a variety of sources, including the Bill & Melinda Gates Foundation, who fund tobacco control efforts in Africa through the African Capacity Building Foundation. Other important funders are Cancer Research UK and the Centers for Disease Control (CDC) Foundation. REEP receives no funding from the tobacco or alcohol industries. Read more about REEP at: https://commerce.uct.ac.za/reep and visit the Knowledge Hub at: https://extranet.who.int/fctcapps/fctcapps/fctc/kh/tobacco-taxation Research Unit in Behavioural Economics and Neuroeconomics (RUBEN) Director: A Hofmeyr, BSocSc BCom MCom PhD Cape Town The Research Unit in Behavioural Economics and Neuroeconomics (RUBEN) is a group of researchers who use the methodology of experimental economics, both in the lab and the field, to examine the role that preferences, beliefs, and constraints play in economic decision-making. The vision that accompanied the establishment and accreditation of RUBEN in 2011 was to set up a formal structure in the School of Economics at UCT that would establish an anchor in Africa around which to concentrate research leadership, training, and technical resources in the use of economic experiments, and the application of principles of behavioural economics in policy design and implementation, for the benefit of researchers throughout the continent. RUBEN is currently one of two centres for behavioural and experimental economics research on the African continent. The research programme of RUBEN is varied, including work on risk, uncertainty, discounting behaviour, social preferences, subjective beliefs, public goods provision, and the use of behavioural interventions to enhance policy implementation. The common strand in this research is the use of experimental and behavioural economic techniques, together with microeconomic theory, to better understand these issues. RUBEN’s associates are highly-rated researchers who have advanced the use of behavioural and experimental economics in South Africa and the continent at large, and continue to make important academic contributions in leading international publications. RUBEN has hosted a series of academic conferences and workshops which have brought renowned international researchers to UCT to discuss cutting-edge developments in behavioural and experimental economics. This has been possible through RUBEN’s link with the Center for the Economic Analysis of Risk (CEAR) at Georgia State University, which was formalised through a consortium agreement in 2016, subsequently renewed in 2020, to establish CEAR Africa under RUBEN at UCT. Read more about RUBEN at: https://commerce.uct.ac.za/ruben",,143
2025,COM,School of Economics,ECO1006F,ECONOMICS FOR NON-SPECIALISTS,18,5,S Filby C Mlatsheni C van Walbeek G van der Rede N Narker G Van der Rede N Narker,"Only students who are registered in the Faculty of Humanities may register for this course or with special permission from the course convenor or head of department None Admission to degree. National Senior Certificate: a pass (5) in Mathematics. A minimum mark of 50% for ECO1008F or ECO1010F/S or ECO1110F/S. ECO1008F/S may be taken concurrently with ECO1009F/S if ECO1008F/S has been previously attempted. Admission to degree. National Senior Certificate: a pass (5) in Mathematics. Co-requisites: There is no co-requisite, but students are strongly advised to do a formal mathematics course (MAM1010 or equivalent). Not having done such a course will preclude entry to second year Economics. A minimum mark of 50% for ECO1010F/S or ECO1110F/S. ECO1010F/S may be taken concurrently with ECO1011F/S if ECO1010F/S has been previously attempted. The course is open to first-year EDU students who meet the criteria for admission to ECO1010F. Co-requisites: There is no co-requisite, but students are strongly advised to do a formal mathematics course (MAM1010 or equivalent). Not having done such a course will preclude entry to second year Economics.","This course comprises both micro- and macro-economics. Microeconomics focuses on individuals, be it individual consumers, firms or markets. The focus is on understanding the behaviour of these individual entities. Macroeconomics focuses on the economy as a whole. Rather than looking at the factors that determine an individual’s consumption decisions (i.e. his/her income, the expected utility derived from different goods and the prices of those goods), the focus in macroeconomics is on total consumption of all consumers in the economy. Similarly, the focus is not on the output decision of any individual firm, or even an industry, but on the total output of all firms in the economy as a whole. ECO1007S is a one semester course that introduces students to the core concepts in both micro- and macroeconomics. The focus is on the understanding of theoretical concepts and applications, rather than on rigorous proofs. Microeconomics focuses on the decisions of individual consumers, producers, and households, and in this section we look at standard economic models including the production possibility frontier, demand and supply analysis, and elasticity. We also explore the idea of comparative advantage as it applies to specialisation and trade. Macroeconomics focuses on the economy as a whole and in this section of the course we unravel the meaning, application, and limitations of such everyday concepts as money, inflation, exchange rates, unemployment, and GDP. This is an introductory course in microeconomics, which aims to expose students to a wide variety of microeconomic concepts and theories as well as certain practical applications of these concepts. The course begins with a discussion of economic history and the characteristics of different economic systems, as well as factors influencing economic development following the Industrial Revolution. Hereafter, students are introduced to topics within the standard utility-maximisation theory of consumption, including optimal-bundle and indifference curve analysis. Students are then exposed to game theoretical frameworks to model social interactions amongst economic agents, before applying this framework to wage-setting relationships in the labour market. Applications of experimental economic methods are also briefly explored. Finally, students are introduced to the standard neo- classical theories of supply and demand as well as firms’ pricing decisions under differing levels of market competition. This course is an introductory level course in macroeconomic theory and policy. Macroeconomics studies the aggregate behaviour of the economy. The list of topics covered include gross domestic product, economic growth, unemployment, inflation, exchange rates, balance of payments, business cycles, fiscal and monetary policy tools and objectives. The course will build on macroeconomic relationships to develop basic models explaining various interactions within the economy, providing students with a framework for understanding and interrogating the workings of the economy. The course emphasizes relevant and current issues in the context of South African economic history. We also explore South Africa’s relationship with the rest of the world. This is an introductory course in microeconomics, which aims to expose students to a wide variety of microeconomic concepts and theories as well as certain practical applications of these concepts. The course begins with a discussion of economic history and the characteristics of different economic systems, as well as factors influencing economic development following the Industrial Revolution. Hereafter, students are introduced to topics within the standard utility-maximisation theory of consumption, including optimal-bundle and indifference curve analysis. Students are then exposed to game theoretical frameworks to model social interactions amongst economic agents, before applying this framework to wage-setting relationships in the labour market. Applications of experimental economic methods are also briefly explored. Finally, students are introduced to the standard neo- classical theories of supply and demand as well as firms’ pricing decisions under differing levels of market competition. This course is an introductory level course in macroeconomic theory and policy. Macroeconomics studies the aggregate behaviour of the economy. The list of topics covered include gross domestic product, economic growth, unemployment, inflation, exchange rates, balance of payments, business cycles, fiscal and monetary policy tools and objectives. The course will build on macroeconomic relationships to develop basic models explaining various interactions within the economy, providing students with a framework for understanding and interrogating the workings of the economy. The course emphasizes relevant and current issues in the context of South African economic history. We also explore South Africa’s relationship with the rest of the world. This is an introductory course in microeconomics, which aims to expose students to a wide variety of microeconomic concepts and theories as well as certain practical applications of these concepts. The course begins with a discussion of economic history and the characteristics of different economic systems, as well as factors influencing economic development following the Industrial Revolution. Hereafter, students are introduced to topics within the standard utility-maximisation theory of consumption, including optimal-bundle and indifference curve analysis. Students are then exposed to game theoretical frameworks to model social interactions amongst economic agents, before applying this framework to wage-setting relationships in the labour market. Applications of experimental economic methods are also briefly explored. Finally, students are introduced to the standard neo- classical theories of supply and demand as well as firms’ pricing decisions under differing levels of market competition.","16h00 - 18h00 Monday - Thursday 12h00 - 13h00 Tuesday, Wednesday, Thursday & Friday Tuesday, Wednesday, Thursday and Friday 09h00 - 10h00; 10h00 - 11h00; 11h00 - 12h00; 12h00 - 13h00. Tuesday, Wednesday, Thursday and Friday 09h00 - 10h00; 10h00 - 11h00; 11h00 - 12h00; 12h00 - 13h00. ECO1010F Tuesday, Wednesday, Thursday & Friday 09h00 – 10h00; 10h00 – 11h00; 11h00 – 12h00; 12h00 – 13h00 ECO1010S Tuesday, Wednesday, Thursday & Friday 12h00 – 13h00Students are advised to reserve a Monday slot for tutorial sessions. ECO1011F 15h00 – 16h00 Monday, Tuesday, Wednesday & Thursday ECO1011S 09h00 – 10h00 Tuesday, Wednesday, Thursday & Friday10h00 – 11h00 Tuesday, Wednesday, Thursday & Friday11h00 – 12h00 Tuesday, Wednesday, Thursday & Friday12h00 – 13h00 Tuesday, Wednesday, Thursday & Friday. Students are advised to reserve a Monday slot for tutorial sessions. ECO1110F 11h00 – 12h00 Monday, Tuesday, Wednesday, Thursday, Friday12h00 – 13h00 Monday, Tuesday, Wednesday, Thursday, Friday ECO1110S 12h00 – 13h00 Monday, Tuesday, Wednesday, Thursday and Friday","All class tests and assignments/essays/projects to be completed. Attend at least 70% tutorials. Satisfactory completion and timeous submission of at least 70% of tutorials. A weighted average mark of 30% for tests, tutorials, essays and assignments. Only students who have obtained DP certificates may write the final examination. All assessments (including tests and essay) to be completed. All tests/assignments/essays/projects/tutorial attendance/submissions to be completed for DP purposes (details will be provided in the course documentation). If your year mark is below 40% you will not be permitted to write the final examination. All tests/assignments/essays/projects/tutorial attendance/submissions to be completed for DP purposes (details will be provided in the course documentation). If your year mark is below 40% you will not be permitted to write the final examination. Note: The ECO1009S supplementary/deferred exam will be scheduled during the last week of the mid-year vacation. If students do not write this exam they will be marked as AB and will have to retake the course. All tests/assignments/essays/projects/tutorial attendance/submissions to be completed for DP purposes (details will be provided in the course documentation). If your year mark is below 40% you will not be permitted to write the final examination. All tests/assignments/essays/projects/tutorial attendance/submissions to be completed for DP purposes (details will be provided in the course documentation). If your year mark is below 40% you will not be permitted to write the final examination All tests/assignments/essays/projects/tutorial attendance/submissions to be completed for DP purposes (details will be provided in the course documentation). If your year mark is below 40% you will not be permitted to write the final examination.","Coursework 50%; Exam 50%. The course outline will detail the breakdown for submission weightings and variation for exemptions and absences. Note: The ECO1006F supplementary/deferred exam will be scheduled during the last week of the mid-year vacation. If students do not write this exam they will be marked as AB and will have to retake the course. This course is open to all students not specializing in economics but seeking an introduction to the discipline. It is aimed at providing a broad perspective on the subject covering topics from both the core microeconomics and macroeconomics syllabus. The course concentrates more on an understanding of economic concepts and their applications rather than rigorous proofs and analysis. NB: As all Commerce students are required to register for ECO1010 and ECO1011, this course is not available to Commerce students. 18 NQF credits at NQF level 5 Coursework: 45%; Exam: 55%. The course outline will provide more detail on the breakdown for submission weightings and variation for exemptions and absences. ECO1008F/S MICROECONOMICS FOR THE BUILT ENVIRONMENT 18 NQF credits at NQF level 5 Coursework (50%) and final exam (50%). The course documentation will detail the breakdown for assessment weightings and variation for exemptions and absences. Note: The ECO1008F supplementary/deferred exam will be scheduled during the last week of the mid-year vacation. If students do not write this exam they will be marked as AB and will have to retake the course. ECO1009F/S MACROECONOMICS FOR THE BUILT ENVIRONMENT 18 NQF credits at NQF level 5 Coursework (50%) and final exam (50%). The course documentation will detail the breakdown for assessment weightings and variation for exemptions and absences. ECO1010F/S MICROECONOMICS I 18 NQF credits at NQF level 5 Coursework 50%; Exam 50%. The course documentation will detail the breakdown for assessment weightings and variation for exemptions and absences. Note: The ECO1010F supplementary/deferred exam will be scheduled during the last week of the mid-year vacation. If students do not write this exam they will be marked as AB and will have to retake the course. The ECO1010S supplementary/deferred exam will be scheduled during January of the following year. If students do not write this exam, they will be marked as AB and will have to retake the course. ECO1011F/S MACROECONOMICS I 18 NQF credits at NQF level 5 Coursework: 50%; Exam: 50%. The course documentation will detail the breakdown for assessment weightings and variation for exemptions and absences. Note: The ECO1011F supplementary/deferred exam will be scheduled during the last week of the mid-year vacation. If students do not write this exam they will be marked as AB and will have to retake the course. The ECO1011S supplementary/deferred exam will be scheduled during January of the following year. If students do not write this exam, they will be marked as AB and will have to retake the course. ECO1110F/S MICROECONOMICS Students in this course write the same final examination as the ECO1010F/S students. 18 NQF credits at NQF level 5 Coursework 50%; Exam 50%. The course outline will detail the breakdown for assessment weightings and variation for exemptions and absences. Note: The ECO1110F supplementary/deferred exam will be scheduled during the last week of the mid-year vacation. If students do not write this exam they will be marked as AB and will have to retake the course. The ECO1110S supplementary/deferred exam will be scheduled during January of the following year. If students do not write this exam, they will be marked as AB and will have to retake the course.","This course is designed for students intending to do only one semester of Economics. It is therefore aimed at providing a broad perspective on the subject, and concentrates more on an understanding of economic concepts and their application than it does on rigorous proofs and analysis.",151
2025,COM,School of Economics,ECO2003F,MICROECONOMICS II,18,6,J Burns C Mlatsheni,"ECO1010 and MAM1010 (or an equivalent) or MAM1031F or MAM1032S, If a student gets at least 40% for MAM1000W they will be allowed to register for ECO2004S. ECO1010 and MAM1010 (or an equivalent) or MAM1031F or MAM1032S. Students who wish to register for this course need to have failed the course previously or have been denied entry because they now meet the Mathematics requirements but previously did not. Alternatively, they need to prove that by registering for the course it would allow them to finish their degree at least 6 months earlier than had they not done the summer term course. Students may not register for both ECO2003P/L and ECO2004P/L simultaneously. To register for this course, permission is required from the School of Economics.","The course studies the role of institutions and power in influencing the outcomes of economic exchange. The course introduces the concept of institutions and how they influence the balance of power in economic interactions, and affect the fairness and efficiency of the allocations that result. The course then applies these concepts to a study of economic inequality, focusing on its trends, sources and policy options for more equal societies. The course then considers firms and the role that market structure plays in the setting of prices. Finally, the course studies market failures with application to environmental policy, and innovation and the networked economy. The course makes use of mathematical techniques to complement the graphical and discursive representation of the theory. All sections of the course incorporate real world applications. The course studies the role of institutions and power in influencing the outcomes of economic exchange. The course introduces the concept of institutions and how they influence the balance of power in economic interactions, and affect the fairness and efficiency of the allocations that result. The course then applies these concepts to a study of economic inequality, focusing on its trends, sources and policy options for more equal societies. The course then considers firms and the role that market structure plays in the setting of prices. Finally, the course studies market failures with application to environmental policy, and innovation and the networked economy. The course makes use of mathematical techniques to complement the graphical and discursive representation of the theory. All sections of the course incorporate real world applications.","Lecture/Workshop times:09h00 – 10h00 Monday, Tuesday, Wednesday, Thursday. 12h00 – 13h00 Monday, Tuesday, Wednesday, Thursday.13h00 – 14h00 Monday, Tuesday, Wednesday, Thursday. Lecture/Workshop times:09h00 – 12h00 Monday, Tuesday, Wednesday, Thursday and Friday",None None.,Coursework: 50%; Exam: 50%. The course outline will detail the breakdown for submission weightings and variation for exemptions and absences. Note: The ECO2003F supplementary/deferred exam will be scheduled during the last week of the mid-year vacation. If students do not write this exam they will be marked as AB and will have to retake the course. ECO2003P/L MICROECONOMICS II 18 NQF credits at NQF level 6 50%; Exam: 50%. The course outline will detail the breakdown for submission weightings and variation for exemptions and absences.,,155
2025,COM,School of Economics,ECO2004S,MACROECONOMICS II,18,6,T Mpofu C Mlatsheni,"ECO1010, ECO1011 and MAM1010 (or an equivalent) or MAM1031F or MAM1032S. A student will be permitted to take ECO2004S without having passed ECO2003F, although it is desirable to pass ECO2003F prior to taking ECO2004S. If a student gets at least 40% for MAM1000W they will be allowed to register for ECO2004S. ECO1010, ECO1011 and MAM1010 (or an equivalent) or MAM1031F or MAM1032S. A student will be permitted to take ECO2004S without having passed ECO2003F, although it is desirable to pass ECO2003F prior to taking ECO2004P/L. If a student gets at least 40% for MAM1000W they will be allowed to register for ECO2004P/L. Students who wish to register for this course need to have failed the course previously or have been denied entry because they now meet the Mathematics requirements but previously did not. To register for this course, permission is required from the School of Economics.","The course builds upon ECO1011S and aims to provide students with the analytical tools and formal models to explain the behaviour of output, inflation, employment, interest rates, and other economic aggregates. These tools are used to understand current economic issues, forecast the behaviour of the economy, and assess the impact of policy choices. The course allows students to understand the behaviour of households, firms, governments and Central Banks. It starts with analysing the short run behaviour of the economy and then moves on to explore the open economy and exchange rates. Finally, it looks at the long run and assesses the role of technology and population growth on aggregate economic growth using the Solow growth model. The course builds upon ECO1011S and aims to provide students with the analytical tools and formal models to explain the behaviour of output, inflation, employment, interest rates, and other economic aggregates. These tools are used to understand current economic issues, forecast the behaviour of the economy, and assess the impact of policy choices. The course allows students to understand the behaviour of households, firms, governments and Central Banks. It starts with analysing the short run behaviour of the economy and then moves on to explore the open economy and exchange rates. Finally, it looks at the long run and assesses the role of technology and population growth on aggregate economic growth using the Solow growth model..","Lecture/Workshop times: 09h00 – 10h00 Monday, Tuesday, Wednesday, Thursday,12h00 – 13h00 Monday, Tuesday, Wednesday, Thursday,13h00 – 14h00 Monday, Tuesday, Wednesday, Thursday Lecture/Workshop times:09h00 – 12h00 Monday, Tuesday, Wednesday, Thursday, Friday",None None,Coursework: 50%; Exam: 50%. The course outline will detail the breakdown for submission weightings and variation for exemptions and absences. ECO2004P/L MACROECONOMICS II 18 NQF credits at NQF level 6 Coursework: 50%; Exam: 50%. The course outline will detail the breakdown for submission weightings and variation for exemptions and absences.,,156
2025,COM,School of Economics,ECO2007S,COOPERATION AND COMPETITION,18,6,M Keswell,ECO1010 or MAM1010 (or equivalent),"This is an introductory course in game theory, the framework for analysing strategic interaction. Game theory is (among other things), the basic technology for understanding most phenomena in microeconomics and some phenomena in macroeconomics, along with many processes in political science, law, evolutionary biology, and the science of animal behaviour (ethology). In this course we will study the basic structure of the theory. All mathematics will be either self-contained within the course, or will be familiar from STA1000 or MAM1010.","09h00 - 10h00 and 11h00 - 12h00; Monday, Tuesday, Wednesday, Thursday",None,Coursework: 50%; Exam: 50%. The course outline will detail the breakdown for submission weighting and variation for exemptions and absences.,,157
2025,COM,School of Economics,ECO2008S,DEVELOPMENT ECONOMICS,18,6,S Khan,"ECO1010 and ECO1011 or first year equivalents in Political Studies, Sociology, Anthropology, History or Philosophy.","The course provides an introduction to development economics. It covers the major topics in the field. These include the meaning of development, economic growth, inequality and poverty. In addition, the course deals with resource mobilisation, agricultural and industrial development, globalisation, sustainable development and institutions and the political economy of development. The discussion is both theoretical and applied with extensive use made of country and regional case- studies. The course focuses on development challenges confronting South Africa and the rest of Africa. Considerable attention is devoted to key theoretical and policy debates.","14h00 – 15h00 Tuesday, Wednesday, Thursday",None,Coursework: 50%; Exam: 50%. The course outline will detail the breakdown for submission weightings and variation for exemptions and absences.,,157
2025,COM,School of Economics,ECO3009F,NATURAL RESOURCE ECONOMICS,18,7,D Thiam,Students must have completed ECO2003.,"This introduction to Natural Resource Economics examines the scarcity and optimal allocation of freshwater resources in the Western Cape, South Africa. The theoretical framework is neo-classical microeconomics and market failure and climate change are being addressed.","08h00 – 09h00 on Tuesday, Wednesday, Thursday, Friday.","40% year mark, at least one test must be written. Two concessions will result in DPR.","Coursework 40%; Exam 60%. See the course outline for a detailed breakdown of the course work component. Note that the supplementary / deferred exam for Eco3009F will be scheduled during the last week of the mid-year vacation. If students do not write this exam, they will be marked AB and will have to retake the course.",This is a research-led course.,157
2025,COM,School of Economics,ECO3016F,HISTORY OF ECONOMIC THOUGHT,18,7,M Smith,ECO2003 and ECO2004.,"This course explores the history of economic thought beginning with Adam Smith’s defence of market society at the start of the industrial revolution and Karl Marx’s critique of capitalism. It includes debates over socialist and development planning, the rise of development economics in the colonial and post-colonial context, and debates over the role of finance in shaping growth and inequality. The relationship between state, market and society is a central theme – as is the contemporary relevance of economic thought for Africa. Additional lenses are also given to theories developed around African economic development and their linkages with other continents and development theories.","10h00 – 11h00 Monday, Tuesday, Wednesday, Thursday, Friday",None,Coursework: 50%; Exam: 50%. The course outline will detail the breakdown for different components of the course-work and related requirements. Note: The ECO3016F supplementary/deferred exam will be scheduled during the last week of the mid-year vacation. If students do not write this exam they will be marked as AB and will have to retake the course.,,158
2025,COM,School of Economics,ECO3020F,ADVANCED MACRO AND MICRO ECONOMICS,18,7,A Kerr,"MAM1010 (or equivalent) or MAM1031F or MAM1032S or ECO2003, ECO2004","This course has two, equally weighted components: the microeconomics component and the macroeconomics component. The first 6 weeks of the course will focus on Microeconomics. This section of the course will focus on the dynamic interplay of behaviour and institutions, and the outcomes produced through their interaction. The heart of the microeconomics we will study is really the question of how social interactions can be structured such that people are free to choose their own actions while avoiding outcomes that none would have chosen. We will draw attention to issues of distribution and market exclusion (issues of power and bargaining) as well as efficiency and will try to focus our thinking on applied issues.The macroeconomics component follows Stephen Williamson’s Macroeconomics and employs his graphical and sectoral approach, which employs a micro foundations approach to macroeconomics. It starts by developing a basic closed economy model and expands it to a full open economy monetary model. Students will study the real business cycle model, the functioning of foreign trade and the role of money and banking.","09h00 – 10h00 Monday, Tuesday, Wednesday, Thursday, Friday10h00 – 11h00 Monday, Tuesday, Wednesday, Thursday, Friday",None,Coursework: 50%; Exam: 50%. The course outline will detail the breakdown for submission weighting and variation for exemptions and absences. Note: The ECO3020F supplementary/deferred exam will be scheduled during the last week of the mid-year vacation. If students do not write this exam they will be marked as AB and will have to retake the course.,,158
2025,COM,School of Economics,ECO3021S,QUANTITATIVE METHODS IN ECONOMICS,18,7,R Hill,"Students must have completed MAM1010 (or an equivalent), STA1000, ECO2003 and ECO2004.","The emphasis in this course is to introduce students to new tools and techniques for quantitative analysis in the social and behavioural sciences. In this respect, it is aimed at students wishing to pursue postgraduate studies in economics. The course covers two inter-related modules, and while the sequence may vary from year to year, the broad areas of study include the following: Module one: cross sectional econometrics using Stata. Module two: time series econometrics using R.","09h00 – 10h00 Tuesday, Wednesday, Thursday, Friday",None,Exam: 40%; Coursework: 60%. In some years a bonus 5% may be achievable for a Stata Assignment. The course outline will detail the breakdown for submission weighting and variation for exemptions and absences.,,159
2025,COM,School of Economics,ECO3022S,ADVANCED LABOUR ECONOMICS,18,7,C Mlatsheni,ECO2003 and ECO2004.,"The aim of the course is to learn the basics of modern labour economics so as to understand some of the most crucial economic issues in South Africa and internationally (e.g. unemployment, inequality, migration etc.). The course covers a review of labour demand and supply; alternative approaches to labour economics and to the SA labour market; the economics of education and training; earnings inequality and discrimination; the economics of trade union collective bargaining; and unemployment.","14h00 – 15h00 Monday, Tuesday, Wednesday, Thursday, Friday",None,Coursework: 40%; Exam: 60%. The course outline will detail the breakdown for submission weightings and variation for exemptions and absences.,,159
2025,COM,School of Economics,ECO3023S,PUBLIC ECONOMICS,18,7,N Pillay,ECO2003 and ECO2004.,"The course covers the core issues in public economics that are common to most countries and contexts: the theoretical and empirical tools of public economics, externalities, public goods, social insurance, redistribution and taxation. These tools are used to analyse questions that are more specific and/or relevant to current issues, such as healthcare, infrastructure and social grants. Reference will be made to key policy debates of other countries, developed and developing, but the primary focus will be on South Africa.","15h00 – 16h00 Monday, Tuesday, Wednesday, Thursday",None,Coursework: 50%; Exam: 50%. The course outline will detail the breakdown for submission and variation for exemptions and absences.,,159
2025,COM,School of Economics,ECO3024F,INTERNATIONAL TRADE AND FINANCE,18,7,L Edwards,The course is recommended only for students who attained at least 60% for ECO2003 and ECO2004.,"The course presents an overview of international economics with a focus on trade theory and international finance. The course covers many topics including the determinants of international trade flows, trade policy, exchange rates and open-economy macroeconomics, and international macroeconomic policy. The course draws upon empirical evidence to verify whether the theories taught in the course are relevant in explaining South Africa’s performance in the international economy. By the end of the course, students will have an in-depth understanding of international economics and its application to the South African economy.","16h00 – 17h00 Monday, Tuesday, Wednesday, Thursday",None,Coursework: 50%; Exam: 50%. The course outline will detail the breakdown for submission weighting and variation for exemptions and absences. Note: The ECO3024F supplementary/deferred exam will be scheduled during the last week of the mid-year vacation. If students do not write this exam they will be marked as AB and will have to retake the course.,,160
2025,COM,School of Economics,ECO3025S,APPLIED INTERNATIONAL TRADE BARGAINING,18,7,J Chien,ECO1010 and ECO1011; At least TWO 2000-level economics courses.,"This course is a simulation of a multi-national, multilateral trade negotiating round, based on the ‘Doha agenda.’ Students representing countries, based on random assignment, and, after researching their country's trade policies and interests, participate in supervised negotiations simulating the World Trade Organisation bargaining and treaty-making process. The course is partly web-based, using a special site and resources on the Vula interface. There is no sit-down examination, but students submit substantial final reports that are externally examined and have equivalent status to an examination.","10h00 – 11h00 Monday, Tuesday, Wednesday, Thursday, Friday",None,Coursework: 60%; Final Research Report: 40%. The course outline will detail the breakdown for submission weighting and variation for exemptions and absences.,There is no supplementary exam (Report) for this course.,160
2025,COM,School of Economics,ECO4006F,MACROECONOMICS,16,8,A Hofmeyr,At least 40% for ECO4112F,"The course studies the principal macroeconomic approaches towards understanding short-run fluctuations in aggregate output and the longer-term determinants of macroeconomic performance. Business cycles are investigated from a traditional Keynesian and New Keynesian perspective, complemented by a discussion on monetary and fiscal policy options. For understanding economic growth, the course reviews the exogenous growth model as well as new growth theories and alternative perspectives.",Tuesday: 09h00-10h45,None,Coursework 40% and examination 60% Note: A supplementary exam will only be offered for ECO4006F during the mid-year vacation.,,160
2025,COM,School of Economics,ECO4007F,MICROECONOMICS,16,8,A Hofmeyr,At least 40% for ECO4112F.,"This course covers topics in microeconomics that are fundamental to modelling the behaviour of economic agents, markets, and strategic interactions. The course starts with the analysis of individual decision making, which is often referred to as decision theory. It then covers individual interactions in “markets,” prior to focussing on game theory, which is the natural extension of decision theory to strategic interactions between economic agents. The course concludes by focussing on applications of game theory.",Wednesday: 11h00-12h45,None.,"Coursework 50%, Examination 50%. Note: A supplementary exam will only be offered for ECO4007F during the mid-year vacation.",,161
2025,COM,School of Economics,ECO4013S,INTERNATIONAL FINANCE,14,8,A Hofmeyr,"ECO4006F, ECO4007F and ECO4016F. PPE (and other) students who do not have to complete the core as part of their degree requirements may be granted permission to register for this elective at the discretion of the Head of Department.","The course provides an introduction to international finance and makes use of financial and open- economy macroeconomics modelling techniques to investigate topics that are relevant to this field of study. Topics covered include an overview of the foreign exchange markets, the properties of exchange rate data, models for exchange rate determination, interest rate parity conditions, carry-trade and currency momentum models, measuring and managing exchange rate risk, as well as the role of deficits and current account imbalances.",Thursday: 09h00-10h45.,None.,"Coursework 40%, Examination 60%. Note: No supplementary exam is offered for this course.",,161
2025,COM,School of Economics,ECO4016F,ECONOMETRICS,16,8,A Hofmeyr,At least 50% for ECO4112F,"This course is an introduction to econometric theory and practice. It provides the tools with which to test hypotheses and generate predictions of economic activity. The main focus is on causal inference with non-experimental data. The course has a strong lab-based component in which students work with the statistical computing package Stata. The topics covered include omitted variable bias and measurement error in regression models; panel data methods; limited dependent variables and sample selection corrections; and basic regression analysis with time series data (covering stationarity, autocorrelation, and other similar introductory concepts).",Tuesday: 11h00-12h45 & 14h00 - 14h45,None.,Coursework 60%; examination 40%. Note: A supplementary exam will only be offered for ECO4016F during the mid-year vacation.,,161
2025,COM,School of Economics,ECO4020S,ECONOMIC CHALLENGES IN AFRICA,14,8,A Hofmeyr,"ECO4006F, ECO4007F and ECO4016F. PPE (and other) students who do not have to complete the core as part of their degree requirements may be granted permission to register for this elective at the discretion of the Head of Department.","After independence, many parts of Africa suffered serious relative economic decline. Recent growth rates have been very promising. This course is therefore about the challenges confronting economic development in Africa (generally excluding South Africa). It seeks to provide a detailed overview of African development, and exposes students to debates regarding past problems, current issues and future possibilities. The focus is applied and policy oriented. Topics include the state in Africa, challenges of managing capital flows, aid, resources and conflict, agriculture and industrialisation.",,None,"Coursework only consisting of 2 essays, each 25%; 20% on panel performance and class participation. Note: No supplementary exam is offered for this course.",,162
2025,COM,School of Economics,ECO4021W,RESEARCH & WRITING I,30,8,A Hofmeyr,"See entrance requirements for Honours in Economics. At least 40% for ECO4112F. If students do not pass ECO4006F, ECO4007F, and ECO4016F, they will have to deregister from ECO4021W.","The long paper is to take the form of an article intended for submission to the South African Journal of Economics. A student must follow their referencing style. Given that it is to take the form of an article, the long paper should be divided into sections rather than chapters, and a maximum of 8 000 words has been imposed. It must be written in an appropriate academic style.",None,None.,"100% written work Note: Students that receive a subminimum of 40% for their research paper (ECO4021W), will be given one opportunity to revise and resubmit their paper before the start of the following academic year. The revised research paper will be eligible for a maximum grade of 50%. Any student who fails ECO4021W after re-submission fails the degree.",,162
2025,COM,School of Economics,ECO4026S,THE ECONOMY & ITS FINANCIAL MARKETS,14,8,A Hofmeyr,"ECO4006F, ECO4007F and ECO4016F. PPE (and other) students who do not have to complete the core as part of their degree requirements may be granted permission to register for this elective at the discretion of the Head of Department.","This course is designed to help students appreciate the relationship between the economy and its financial markets so that they may better understand how the economy works, how financial markets behave and how they work and interact with each other. The programme is aimed at developing a feel for the rationality of ‘the market’ and the often discordant sounds and rhythms of financial markets. We hope to develop a stronger sense of how the financial market anticipate and influence economic policy. We will interact with the data on the economy and the markets using Econometric packages with which students should be familiar. We will use regression analysis and other econometric techniques to build and analyse models of the economy and the financial markets. As a result students will be expected to become more perceptive analysts of published financial data and economic events and of the role played by financial markets in promoting economic development.",Friday: 14h00 – 17h45,None.,Coursework 50%; examination 50%. Note: No supplementary exam is offered for this course.,,162
2025,COM,School of Economics,ECO4027S,THE ANALYSIS OF SURVEY DATA,14,8,A Hofmeyr,"ECO4006F, ECO4007F and ECO4016F. PPE (and other) students who do not have to complete the core as part of their degree requirements may be granted permission to register for this elective at the discretion of the Head of Department.",This course will be jointly offered to both Economics and Statistics honours students. This course examines a range of statistical techniques for using survey data and presents methods to compensate for design features for complex sample survey data. These techniques are then applied to a selection of policy issues through the analysis of South Africa household surveys. Firm survey data is also introduced and economic development applications are presented. Section 1: Analysis of complex sample surveys. Section 2: Social policy issues and the analysis of household survey data.,Monday & Wednesday:14h00-15h45,None.,Coursework 60%; examination 40%. Note: No supplementary exam is offered for this course.,,163
2025,COM,School of Economics,ECO4028S,POLICY ANALYSIS,14,8,A Hofmeyr,"ECO4006F, ECO4007F and ECO4016F. PPE (and other) students who do not have to complete the core as part of their degree requirements may be granted permission to register for this elective at the discretion of the Head of Department.","This course will give students exposure to policy issues in a number of key economic domains. The course will utilise real policy issues that have emerged in the current context in South Africa in which those teaching will have had an active role. While precise topics will vary each year, examples are industrial policy, trade, overall government strategy, environmental management and alcohol regulation. Students will be exposed to the debates over real policy issues and the techniques and tools to deal with them. Outputs will place emphasis on policy briefings, cabinet memoranda and the like rather than essays. There will be a strong emphasis on discussion and participation in class.",Wednesday:16h00-17h45,None.,Coursework 100%. Note: No supplementary exam is offered for this course.,,163
2025,COM,School of Economics,ECO4029S,EXPERIMENTS IN ECONOMICS,14,8,A Hofmeyr,"ECO4006F, ECO4007F and ECO4016F. PPE (and other) students who do not have to complete the core as part of their degree requirements may be granted permission to register for this elective at the discretion of the Head of Department.","This course is an introduction to the methodology of experimental economics and its application to specific topics such as decision making under risk and over time, the provision of public goods, and bargaining. We will primarily focus on laboratory experiments but we will also cover field experiments, and briefly discuss randomised evaluations, and natural experiments. The course will start with a consideration of the scope and role of experiments in economics. It then explores some basic principles of experimental design such as the role of randomisation and control in experimentation, the use of incentives, and the interplay of theory, experimental design, and statistics. Thereafter we will focus on specific examples of experiments from both decision theory and game theory.",Friday: 09h00-10h45,None.,Coursework 60%; examination 40%. Note: No supplementary exam is offered for this course.,,163
2025,COM,School of Economics,ECO4032S,"ECONOMICS OF INDUSTRY, REGULATION AND FIRMS",14,8,A Hofmeyr,"ECO4006F, ECO4007F and ECO4016F. PPE (and other) students who do not have to complete the core as part of their degree requirements may be granted permission to register for this elective at the discretion of the Head of Department.","The course is an introduction to industrial economics and competition policy. During the course you will become familiar with theoretical models of price discrimination and product design by a monopolist, regulation of natural monopoly and oligopolistic competition. We will then use these models to study horizontal and vertical mergers between firms and understand the mechanics of collusion. The application of these models will be illustrated using examples of firm strategies as well as regulatory and antitrust cases. The course is fundamental to students interested in working as economists at the antitrust authorities, regulatory agencies, economic consulting firms or other firms which are involved in regulated activities. During the course you will receive take home exercises to be able to practice how to solve the theoretical models by yourself. You will be also asked to make a group presentation of a selected competition case. The main topics covered within the course are: Monopoly and price discrimination Regulation of natural monopoly Models of imperfect competition Collusion Market definition and horizontal mergers Vertical relations and restraints.",Tuesday: 14h00-15h45,None,Coursework (30%); final examination (70%). Note: No supplementary exam is offered for this course.,,164
2025,COM,School of Economics,ECO4051S,DEVELOPMENT ECONOMICS,14,8,A Hofmeyr,"ECO4006F, ECO4007F and ECO4016F. PPE (and other) students who do not have to complete the core as part of their degree requirements may be granted permission to register for this elective at the discretion of the Head of Department.","This course covers a range of macro and microeconomic issues of particular relevance to developing countries. While precise topics covered will vary, examples include the nature and measurement of development, privatisation and deregulation, role of institutions, industrialisation and trade strategy, globalisation, transnational corporations and foreign investment and the role of the state and industrial policy. While key theoretical issues are dealt with, the approach is primarily applied with extensive use made of actual policy experience in a wide range of developing countries.",,None.,"Coursework consisting of essays, presentation and class participation (60%), examination (40%). Weightings may change from year to year and will be specified clearly in the course outline Note: No supplementary exam is offered for this course.",,164
2025,COM,School of Economics,ECO4052S,ENVIRONMENTAL ECONOMICS,14,8,A Hofmeyr,"ECO4006F, ECO4007F and ECO4016F. PPE (and other) students who do not have to complete the core as part of their degree requirements may be granted permission to register for this elective at the discretion of the Head of Department.","This course will expose students to a variety of real world problems like control of pollution, management of mines, forests and fisheries, funding biodiversity and putting the environment into project and policy decision-making. The emphasis is on practical application of economic tools. The course will consist of a mixture of lectures, readings, seminars and practical/problem solving sessions. There will be group projects for 3-4 people which will be very practically based, but should be written as a short paper, with a basic literature review that draws on the topics covered in the class.",Thursday: 14h00-15h45,None.,Coursework 50%; examination 50%. Note: No supplementary exam is offered for this course.,,165
2025,COM,School of Economics,ECO4053S,FINANCIAL ECONOMICS,14,8,A Hofmeyr,"ECO4006F, ECO4007F and ECO4016F. PPE (and other) students who do not have to complete the core as part of their degree requirements may be granted permission to register for this elective at the discretion of the Head of Department.","Economics of arbitrage and martingale pricing, derivatives markets; binomial model, introduction to Ito calculus, Black-Merton-Scholes analysis; bond market basics introduction to interest rate derivatives; mean-variance analysis, Capital Asset Pricing Model, multi-factor models and Arbitrage Pricing Model, stochastic discount factor; asymmetric information and limits to arbitrage.",Tuesdays- 16h00-17h45; Lab Sessions: Wednesdays: 09h00-10h45,None.,Coursework 40%; examination 50%. Note: No supplementary exam is offered for this course.,,165
2025,COM,School of Economics,ECO4112F,MATHEMATICS AND STATISTICS FOR ECONOMISTS,16,8,A Hofmeyr,See entrance requirements for Honours in Economics.,"This course covers the basic tools and applications in order to prepare the student for the study of Macroeconomics, Microeconomics and Economometrics at an intermediate and advanced level. Material covered includes linear algebra, comparative statics, optimisation, integration and differential difference equations.",,None.,Coursework consisting of 3 tests (15% each); 45%; examination 55%. Note: Students who obtain less than 50% for ECO4112F will not be allowed to continue with the programme.,,165
2025,COM,School of Economics,ECO4113S,LABOUR ECONOMICS,14,8,A Hofmeyr,"ECO4006F, ECO4007F and ECO4016F. PPE (and other) students who do not have to complete the core as part of their degree requirements may be granted permission to register for this elective at the discretion of the Head of Department.","The Honours course in labour economics intends to introduce a number of topics that are important for the analysis of economies in developing countries as well as our own. The course will focus on the following topics: labour supply and returns to education, inequality and the labour market, discrimination, international migration, intergenerational mobility, data analysis in labour economics, schooling, growth, poverty and inequality: the role of labour markets, minimum wages, labour regulation, enforcement and violation, trade unions, collective bargaining and wage- employment dynamics, labour regulation.","Monday, 09h00 - 10h45, 16h00-17h45",None.,Coursework 40%; examination 60%. Note: No supplementary exam is offered for this course.,,166
2025,COM,School of Economics,ECO4114S,"THE ECONOMICS OF CONFLICT, WAR AND PEACE",14,8,A Hofmeyr,"ECO4006F, ECO4007F and ECO4016F PPE (and other) students who do not have to complete the core as part of their degree requirements may be granted permission to register for this elective at the discretion of the Head of Department.","Peace, war and international security is an area in which economists are often conspicuous by their absence, to a degree that rivals the importance of economic issues to the problems at hand. This course considers the contribution that economics has and does make to the understanding of conflict war and peace, with a focus on Africa. It covers topics such as: the causes and economic effects of military spending; the economic causes and effects of conflict and terrorism; the economics of post conflict reconstruction; the international arms industry; and the international arms trade.",Tuesday: 09h00-10h45,None.,Coursework consisting of one project 50%; examination 50%. Note: No supplementary exam is offered for this course.,,166
2025,COM,School of Economics,ECO4131S,DIGITAL ECONOMICS,14,8,A Hofmeyr,"ECO4006F, ECO4007F and ECO4016F. PPE (and other) students who do not have to complete the core as part of their degree requirements may be granted permission to register for this elective at the discretion of the Head of Department.","The purpose of this course is to introduce the main topics in digital (or Internet) economics. During the course we will identify and formalize the main features of digital goods and discuss why they may lead to particular market outcomes (such as market dominance by a single firm). Next, we will discuss pricing and product design strategies used by firms in digital markets. During the lectures we will make references to relevant theoretical and empirical material in industrial organization and management science. We will debate and students will be asked to deliver oral presentations of past and ongoing regulatory and antitrust cases. We will also discuss the role of government in the regulation of digital markets.",,Submitted homework assignments; Case study presentation,Coursework: 40%; Written examination: 60% Note: No supplementary exam is offered for this course.,,166
2025,COM,School of Economics,ECO4132S,"ECONOMICS OF INEQUALITY: CAUSES, CONSEQUENCES AND",14,8,A Hofmeyr,"ECO4006F, ECO4007F and ECO4016F. PPE (and other) students who do not have to complete the core as part of their degree requirements may be granted permission to register for this elective at the discretion of the Head of Department.","This course aims to study the causes, consequences and policy implications of income inequality. Strong emphasis is placed on determining the mechanisms through which the persistence of inequality arises. While the primary lens used to analyse this phenomenon is economics, the course also considers the impacts of financial markets, credit and savings, health, education, social networks and political mechanisms. We complement the theory by reviewing relevant empirical findings where possible. The course includes an overview of global inequality, both within and between countries, as well as a strong emphasis on South African inequality.",,The classroom presentation will be compulsory. This will be a 10-15 minute presentation on a topic of the student's choosing where they investigate some aspect of economic inequality.,The course will have three assessment components.1. A mid-term essay (30%) 2. A classroom presentation (20%) 3. A final essay (50%) Note: No supplementary exam is offered for this course.,POLICY,167
2025,COM,School of Economics,ECO4200S,TIME SERIES ECONOMETRICS,14,8,A Hofmeyr FTX1005F TBC / FTX1005S N Jwara,"ECO4006F, ECO4007F and ECO4016F. PPE (and other) students who do not have to complete the core as part of their degree requirements may be granted permission to register for this elective at the discretion of the Head of Department. Matriculation mathematics, Mathematics Literacy or registration for the Post graduate diploma in Management in Entrepreneurship, Marketing Sport Management Tourism and Business Communication. Objective: This course is designed to provide a general introduction to the study of the financial function in business, particularly in a South African environment. The course has two primary objectives: Firstly to expose students with little or no commercial or financial background to the fundamentals of the financial aspects of business and the environment in which businesses operate. The second objective is to afford the students with the opportunity of gaining as much practical experience as possible in key areas of Finance, Management Accounting and Accounting.","This course provides an intermediate level introduction to the application of modern time series methods that may be used to analyse economic data. The initial part of the course includes a review of techniques that can be used to identify the dynamic properties of time series data. Thereafter, a selection of the popular modelling frameworks is introduced (i.e. autoregressive integrated moving average models, distributed lag models, and vector autoregressive models). Extensions to these frameworks, which allow for aspects such as cointegration and error correction representations, are also covered, before attention is directed towards the application of model misspecification tests and forecasting exercises. This course is designed to introduce students with little or no commercial or financial background to the fundamentals of managerial finance. Having completed the course students should have a basic understanding of accounting concepts, be able to read financial statements and perform basic (ratio) analysis of key performance areas of the business, understand the concept of time value of money, employ basic steps toward efficient working capital management and have a basic understanding of capital budgeting and valuations. The course covers the following key topics: Introduction to basic accounting concepts, understanding annual financial statements, source of finance, basic financial ratio analysis, investments, risk & return, working capital management, cost volume profit analysis, budgeting, time value of money, basic valuations, cost of capital, discounted cash flow, and capital budgeting.","Thursday: 09h00-10h45. Monday, Wednesday, Thursday & Friday: 12h00 -12h45",None. Writing all class tests. Attendance and submission of 80% of tutorials. Satisfactory completion of the project and assignments. 40% average year mark.,"Coursework 30%, Examination 70%. Note: No supplementary exam is offered for this course. DEPARTMENT OF FINANCE AND TAX The Department is housed in the Leslie Social Science Building. Reception: Room No. 4.54 Telephone Number: 021) 650-2598. The letter code for the Department is FTX. Departmental website: https://commerce.uct.ac.za/department-finance-tax Head of Department: L Pitt, HDE Cape Town BCom (Hons) (Eco) Unisa BCom (Hons) (ES) Johannesburg BB&A (Hons) MBA Stellenbosch MCom Cape Town DBL Unisa Emeritus Professors: E Chamisa, BAcc Zimbabwe MA Lancaster PhD Birmingham J Roeleveld, BCompt Unisa BCom (Hons) (Tax) LLM Cape Town CA(SA) Frank Robb Chair in Finance and Professor: P van Rensburg, BSocSc (Hons) MCom PhD Natal Honorary Professors: P Beling, PhD Berkeley C de Villiers, BA (Hons) BBusAdmin (Hons) MBA Stellenbosch PhD Commerce Pretoria CA (SA & ANZ) CPA P Pistone, LLM Federico II PhD Genoa G Schmidt, PhD Berlin E Schlögl, PhD Bonn A Macrina, PhD University of London Associate Professors: P Brijlal, B.Sc; HDE UKZN;PG. Fin. Plan Stellenbosch; MBA UKZN; PhD Western Cape A Charteris, BBusSc MCom PhD UKZN P de Jager, BAcc (Hons) Stellenbosch BCom (Hons) Unisa MCom Johannesburg PhD Cape Town CA(SA) G Holman, BSc Acadia MMaths PhD Waterloo CFA C Huang, MSc UKZN PhD Cape Town R Kruger, BBusSc MBusSc PhD Cape Town F Toerien, BSc (Hons) MSc RAU MBA Cape Town PhD RAU CFA CAIA P Ouwehand, PhD Cape Town D Taylor, PhD Witwatersrand Honorary Associate Professors: JF Pinto Nogueria, LLB Oporto, LLM PhD Santiago de Compostela Adjunct Professors: C West, MCom PhD Cape Town MTP(SA) CA (ANZ) T McWalter, PhD Witwatersrand Adjunct Associate Professors: D Tickle, BCom Witwatersrand BCom (Hons) (Tax) Cape Town CA(SA) DA Warneke, BCom (Hons) MPhil Cape Town CA(SA) J Kienitz, PhD Bielefeld T Tippett, MSC Stellenbosch Senior Lecturers: A Majoni, MCom PhD Cape Town E Swanepoel, BCom (Hons) MCom MBA PhD North-West A Futter, MCom PhD Cape Town K Moutanabbir, PhD Laval Canada A Sayed BCom(Hons) MCom PhD Witwatersrand Part-Time Senior Lecturers: D West, LLB MCom MPhil Cape Town CFA Advocate of the High Court CA(ANZ) Lecturers: A Abdulla, BSocSc Cape Town BCompt HDE Unisa MCom Cape Town F Peerbhai, MCom PHD UKZN G Saggers, BCom (Hons) Rhodes MCom Cape Town CA(SA) CTA(SA) J van der Merwe, MPhil Cape Town M Aidoo, MCom Cape Town N Jwara, MBA MAcc UKZN R Oosthuizen, BCom(Hons) MCom Pretoria CA(SA) T Johnson, BBusSc (Hons) MCom Cape Town FTX1005F/S MANAGERIAL FINANCE 18 NQF credits at NQF level 5 Class tests, 1-15%; 2-15%; objective tests (10% - Best 5 out of 10); 1 group project (10%); final examination (50%). *NB. Disclaimer, Please note that this course will be run in 2024, unless less than 20 students sign up for it.",,167
2025,COM,Finance and Tax,FTX2000S,PERSONAL FINANCIAL MANAGEMENT,18,6,TBA,Students must be in at least their 2nd year of study to register for the course. 3rd and 4th year students may also register for the course,"The course introduces students to the fundamental principles of sound financial management at the individual level and equips them with the tools to ensure that they are better able to manage their personal finances. Topics covered include basic financial planning, time value of money, credit management, real estate, the basics of investing, personal income tax, medical schemes and insurance and estate and retirement planning. While the course provides a sound theoretical grounding in these topics, the focus is on practical application and real-world relevance.","Monday, Tuesday & Wednesday: 15h00 -15h45","Completion and submission of at least 80% of tutorial assignments and attendance at 80% of tutorial sessions, and 40% average year mark.","Assessment Weighting: Students will be required to complete weekly tutorial assignments and a Group Investment project (10%) will be prepared and submitted for grading. In addition to the project 10%, the balance of the marks are made up as follows: weekly objective tests 10% (best 5 out of 10 counts); two class tests 20% (2 x 10%) and final exam 60% will be written.",,170
2025,COM,Finance and Tax,FTX2020F,BUSINESS FINANCE,18,6,N Jwara P Brijlal,"A DP in MAM1010 or equivalent, or a DP in STA1001F/S or equivalent Co-requisites: ACC1006F Objective: The course is designed to provide an overview of activities, decisions, and techniques used to fund and manage businesses efficiently. The course also provides an introduction to investment and financial markets. A pass in MAM1010F/S or an equivalent course, a pass in STA1000F/S or an equivalent course, a pass in ACC1006F/S (or ACC1106F) or an equivalent course Objective: This course introduces financial management in a corporate environment. The course has two primary objectives. The first objective is to introduce students to the financial aspects of businesses, financial markets, and the environment in which businesses operate. The second objective is to equip students with the decision-making skills required by modern financial managers.","Business Finance serves as an introduction to the concepts of corporate finance. It covers the principles of corporate finance, commencing with mastery of the tools and techniques essential for financial management and proceeding to the principles underlying investment and financing decisions made by large corporations listed on a securities exchange. The course also aims to provide an entrepreneurial focus, equipping the prospective entrepreneurs with some of the quantitative decision making tools required for a successful business venture. This course gives students a comprehensive foundation in the discipline and covers key decision- making skills such as: the valuation of future cash flows and risk, capital budgeting decisions, the working capital management and financing decisions, and corporate risk management.","Tuesday, Wednesday, Thursday, and Friday: 15h00 -15h45. Mondays to Fridays: (FTX2024F: 08h00 - 08h45; (FTX2024S: 11h00 - 11h45 or 12h00 -12h45).","Minimum 40% for coursework. This includes completion of all required submissions, tests and attendance of 9 out of 10 tutorials. A sub-minimum for coursework of 40% average for class tests and a minimum of 80% for tutorial submissions and tutorial attendances. These requirements will be strictly enforced.","Students will be required to write two tests during the semester, each with a weight of 20%, and a final exam of 60%. FTX2024F/S FINANCIAL MANAGEMENT 18 NQF credits at NQF level 6 Tests and assignments 40%; final examination 60%.",NOTE: This course is NOT for students intending to major in Finance in a Commerce degree and is not a substitute for FTX2024F/S as a course entry requirement for further studies in Finance.,170
2025,COM,Finance and Tax,FTX3044F,INVESTMENT MANAGEMENT A,18,7,A Charteris,"A pass in FTX2024F/S and passes ACC1011S/ACC2011S, MAM1012S (or equivalent), ECO1010F/S or ECO1110F/S and ECO1011F/S. Co-requisites: STA2020F/S or an approved equivalent Objective: To build on the knowledge gained in Financial Management, and to give students a thorough grounding in equities, portfolio theory and investment ethics.","The course seeks to provide students with a solid foundation in investment theory. The course is split into three modules namely, equities, portfolio theory and investment ethics. The equities module gives students a practical understanding of issues in the valuation and trading of equities and covers basic equity valuations and analysis. The portfolio theory module focuses on the investment decision- making framework, the notions of risk and return, and the theories of efficiency. Investment ethics exposes students to some of the ethical dilemmas of the investment profession and provides a set of guidelines within which these ethical issues can be considered.","Monday, Tuesday, Wednesday, Friday: 11h00 - 11h45 or 12h00 – 12h45",A minimum weighted average of 40% for all coursework and attendance at 80% of tutorials.,Coursework (including tests and assignments) 50%; final examination 50%.,,171
2025,COM,Finance and Tax,FTX3045S,INVESTMENT MANAGEMENT B,18,7,A Sayed,"A pass in FTX2024F/S and passes ACC1011S/ACC1020H and ACC2011S, MAM1012S (or equivalent), ECO1010F/S or ECO1110F/S and ECO1011F/S Co-requisites: STA2020F/S or an approved equivalent Objective: To build on the knowledge gained in Financial Management, and to give students a thorough grounding in Fixed Income Securities, Derivatives and Financial Risk Management, and Behavioural Finance.","The course is divided into three modules that seek to provide students with a solid foundation of investment theory and its practical application. The modules covered include, Fixed Income Securities, Derivatives and Financial Risk Management, and Behavioural Finance. The Fixed Income Securities module is intended to provide a practical introduction to the valuation, analysis and management of fixed income securities. The Derivatives and Financial Risk Management module focuses on providing students with an overview in practical application of the valuation of derivative securities. The Behavioural Finance module explores the psychological biases and decision making processes that influence the investor behaviour and impacts financial markets.","Monday, Tuesday, Wednesday & Friday: 11h00 - 11h45 or 12h00 - 12h45",Satisfactory completion of all required assignments and tests. Sub-minimum for coursework of 40% and attendance at 80% of the tutorials. Please note that these requirements will be strictly enforced.,Coursework (including tests and assignments) 50%; final examination 50%.,,171
2025,COM,Finance and Tax,FTX4051H,FINANCE RESEARCH PROJECT,36,8,C Huang,A combined average of at least 60% for FTX3044F and FTX3045S with a minimum of 50% for each of these courses – a pass in both ECO2003F and ECO2004S. Co-requisites: STA3022F Objective: To develop and implement finance research skills through an academic research project.,"Lectures are held to impart basic knowledge and skills in order to embark on a finance-related research project. Concurrently, students are required to form a group of specified size, agree on a research topic with a supervisor, and submit a proposal. Once a proposal is accepted, the student-groups apply relevant finance research techniques to solve their research problem. During the course of the year, the student-groups are expected to submit a literature review and a final submission of their report. The report is expected to be in the format of a journal manuscript. Students may be required to attend a question and answer session after the final submission.","There is 1 double lecture per week, Wednesday, during 7th and 8th period.","Progress to the supervisor’s satisfaction, lecture attendance and 40% average of graded submissions.","Assessment will be based on the research project. Literature review submission 10% - 20%, Final submission 80% - 90%. Exact allocation in course outline.",,172
2025,COM,Finance and Tax,FTX4052H,FINANCE HONOURS RESEARCH PROJECT,40,8,C Huang,Registration for the Bachelor in Commerce Honours degree specialising in Finance (CH001FTX05). Co-requisites: FTX4056F Applied Investments; FTX4057S Applied Corporate Finance; FTX4086F Alternative Investments. Objective: To develop and implement finance research skills through an academic research project.,"Lectures are held to impart basic knowledge and skills in order to embark on a finance-related research project. Concurrently, students are required to agree on a research topic with a supervisor, and submit a proposal. Once a proposal is accepted, the student applies relevant finance research techniques to solve the research problem. During the course of the year, the student is expected to submit a literature review and a final submission of their report. The report is expected to be in a format of a journal manuscript. Students may be required to participate in a question and answer session after the final submission.","There is 1 double lecture per week, Wednesday, during 7th and 8th period.","Progress to the supervisor’s satisfaction, lecture attendance and 40% average of graded submissions.","Assessment will be based on the research project. Literature review submission 10% - 20%, Final submission 80% - 90%. Exact allocation in course outline.",,172
2025,COM,Finance and Tax,FTX4056S,APPLIED INVESTMENTS,18,8,A Majoni,"A combined average of at least 60% for FTX3044F and FTX3045S with a minimum of 50% for each of these courses; ECO2003F and ECO2004S; STA2020F/S. Objective: The course will allow students to (1) deepen their understanding of derivatives, financial risk management, fixed income securities and portfolio management. (2) apply finance concepts, principles, and techniques to make informed investment decisions and solve practical problems currently encountered by finance professionals. (3) develop analytical problem-solving skills and critical thinking skills. (4) To bridge the gap between university investment theory and its practical application.","In this course students are exposed to advanced issues in investment finance from both a practical and theoretical perspective. Students are required to understand and be able to deal with substantial uncertainty when making investment decisions, and to report on a range of practical problems which are currently encountered by finance professionals.","2 lectures per week, Monday and Thursday, both 7th and 8th periods.",A minimum weighted average of at least 40% for tests and assignments as well as 100% workshop attendance.,Coursework (including tests and assignments) 40% final examination 60%.,,172
2025,COM,Finance and Tax,FTX4057F,APPLIED CORPORATE FINANCE,18,8,R Kruger,"A combined average of at least 60% for FTX3044F and FTX3045S with a minimum of 50% for each of these courses, ECO2003F and ECO2004S Objective: The course objectives are: 1. To give students experience in analysing and solving a range of practical real-life problems involving the application of finance concepts. 2. To expose students to real-life problems facing finance managers and other finance professionals. 3. To bridge the gap between university corporate finance theory and corporate finance practice.","In this course, students are exposed to advanced issues in corporate finance from both a practical and theoretical perspective. Academically, the course builds on the theoretical foundation laid in the prerequisite earlier courses. However, this course takes a more application-orientated approach, and is therefore largely case-study based.","2 lectures per week, Monday, Thursday, both 7th & 8th periods.",Satisfactory progress in the assignments and mid-term test.,Coursework (including tests and assignments) 50%; final examination 50%.,"Ad Hoc Workshops hosted, no tutorials.",173
2025,COM,Finance and Tax,FTX4086F,ALTERNATIVE INVESTMENTS,18,8,F Toerien,"A combined average of at least 60% for FTX3044F and FTX3045S with a minimum of 50% for each of these courses, ECO2003F and ECO2004S, or registration for the Bachelor of Commerce Honours specialising in Finance [CH001FTX05]. Objective: To give students exposure to the main classes of Alternative Investments.","The so-called “alternative investments” are becoming increasingly important as an investment class. This course deals with a number of specialised areas of investment finance which are not typically covered in other parts of the finance undergraduate curriculum, such as real estate investments, hedge funds, commodities and private equity. Each investment class covered in the course will be discussed as a separate module, and students will be exposed to both the theoretical and practical aspects of each. In addition to lectures, this course also includes workshops intended to make concepts and the practical application of alternative investments clearer.","2 lectures per week, Tuesday, Friday, both 6th & 7th periods.",None.,Coursework including tests and projects 40%; Final examination 60%.,"(Ad Hoc Workshops hosted, no tutorials).",173
2025,COM,Finance and Tax,FTX4087S,TOPICS IN BANKING AND TREASURY MANAGEMENT,18,8,R Kruger,"A combined average of at least 60% for FTX3044F and FTX3045S with a minimum of 50% for each of these courses, ECO2003F and ECO2004S Objective: To introduce students to key concepts and challenges in banking and treasury management.","Treasury management is an essential function within every corporation and has as its goal the management of the firm's liquidity, operational and financial risk. This course exposes students to these topics with a focus not only on understanding the theory underpinning these crucial functions, but also the challenges companies face in achieving these aims and practical tools they may use to mitigate these risks. In addition to this, students are introduced to the treasury management function within banking institutions and how they support their clients' corporate treasury management functions.","2 lectures per week, Tuesday and Friday during 7th and 8th period.",None,"Coursework including test and project (40%); Final examination 60% EDUCATION DEVELOPMENT UNIT The Education Development Unit (EDU) is situated on the second floor of the Leslie Commerce Building. Telephone: (021) 650-3720/3912 Queries: Shanaaz.Solomons@uct.ac.za Thuthuka Bursary Liaison Officer: Sherry Stuart, Room 2.11 Leslie Commerce Building, Telephone (021)-650 4022, Email sherry.stuart@uct.ac.za Departmental website: http://www.educommerce.uct.ac.za/ Unit Head C Fourie, HDE BEd(Hons) Cape Town Staff: Accounting: C Fourie, HDE BEd(Hons) Cape Town B Diale, BCom (Hons) PGCE Cape Town Economics: N Narker, BCom(Hons) MCom Cape Town Information Systems: M Shivute, Dip. Inf. Tech Namibia, BTech MTech Cape Town Mathematics: S Torr, BSc (Hons) PGCE Cape Town Statistics and Mathematics: T Low, HND Hatfield BSc(Hons) Hertfordshire MSc (OR) LSE PGCE Oxon Student Development Co-ordinator D Munene, BA(Hons) Nairobi MCom Rhodes MIFM Student Development Officer B Dube, BSocSc (Social Work) BSocSc (Hons) MA (Clinical Social Work) Cape Town Academic Development Officer: S Stuart, BAdmin(Hons) Western Cape Administrative Officer: S Solomons Distinguished Teacher Awards: 2009: C Fourie (Accounting) 2011: T Low (Statistics/Mathematics) The Commerce Student Development Services (SDS) located in the EDU, is committed to helping students overcome the diverse challenges they face both inside and outside the classroom. SDS provides essential support as students navigate their academic journeys and the factors that may influence them. Additionally, SDS offers services to staff, providing guidance and support in managing students' psychosocial needs. Support is delivered through a range of initiatives, including the DOC1103H course, psychosocial consultations, peer mentoring, and developmental training workshops. The DOC1103H course is primarily for EDU first-year students. The course is designed to support students in transitioning into the higher education landscape and aims to improve retention and promote equitable access and success. The course offers academic support to students through learning support strategies focusing on Self-development and Careers Discovery.",,174
2025,COM,Demography,DOC1103H,SKILLS FOR COMMERCE,2,5,D Munene T Chimboza and L Tekeni,"First year registration in the Commerce Education Development Unit and any first year Commerce student (maximum intake of 40) who elects to register for the course. The course is compulsory for all students registered for the CB011, CB015, CB018, CB020, CB023, CB024, CB025 and CB026 degree programmes. Admission may be restricted for students other than Commerce based on student numbers. For students outside of Commerce, entrance requirements include either 70% for NBT QL or at least 50% for Maths (NSC) or MAM1014F or at least 60% for MAM1022F","This course is aimed to provide first-year EDU students with the skills to manage the academic and personal aspects of their university studies, and to introduce students to the concept of career management. Semester 1: Managing academic and personal aspects of university studies through goal setting, planning, time management, stress management, exam anxiety, exam competence, exam preparation, career development, reviewing academic progress and exam consolidation. Semester 2: Students will be introduced to the concept of career management skills which aims to inform career exploration and future choices. There will be a focus on raising self-awareness and the development of career research skills, enhancing the ability to make informed and effective career decisions. The course provides a foundation to the use and impact of Information systems in business and society. Fundamental knowledge of information systems, their functioning and how they contribute to globalisation will be discussed. Particular focus is for students to understand the value of information, its collection, processing, storage and transmission through use of information systems in businesses, suppliers and customers. Practical exposure (linked to the theorical themes) to data analysis tools, programming and systems development in organisations is provided.","Monday: 6th OR 7th period, Tuesday 6th AND 7th period OR Wednesday 6th and 7th.",Year mark greater or equal to 45% (based on all assessments prior to the final exam). 80% participation for all practicals (tutorials and workshops).,"Attendance at each session will be recorded.80% attendance will be required for this course to be passed. DEPARTMENT OF INFORMATION SYSTEMS The Department is housed in the Leslie Commerce Building. Reception: Room No. 3.01.1 Telephone Number: (021) 650- 2261. The letter code for the Department is INF. Email: ISdept@uct.ac.za Departmental website: http://www.sit.uct.ac.za/ The School of IT, which is based in the Science Faculty, houses the Department of Information Systems (Commerce Faculty) and the Department of Computer Science (Science Faculty). The School focuses on leveraging the excellent research and teaching of both departments to provide students with the relevant knowledge and skills to contribute to the international and South African Information Technology Communities. The capstone Honours degrees in the School are accredited by the British Computer Society, providing students with an internationally recognized certification. Students can major in Computer Science (Science Faculty), Information System (Commerce Faculty), Informatics (Humanities Faculty) and Business Computing (Science Faculty). For further detail and degree options, see http://www.sit.uct.ac.za/ Head of Department and Professor: M Tanner, BEng(Hons) Mauritius MCom PhD Cape Town Professors: ITJ Brown, BScEng(Hons)(Electrical) Zimbabwe GradDipBusComp MInfSys Curtin PhD Cape Town W M Chigona, BScSoc Malawi MSc Waikato PhD Magdeburg M Kyobe, MBA Durham PhD UOFS U Rivett, Dipl.-Ing. Univ Munich PhD Cape Town L F Seymour, PhD Cape Town Emeritus Professors: M L Hart, BSc(Hons) MSc PhD Cape Town O Ngwenyama, MS Roosevelt MBA Syracuse PhD (Computer Science) SUNY-Binghamton PhD Pretoria D C Smith, BTech(Hons) UK MCom Cape Town PMP Emeritus Associate Professors: K A Johnston, BSc Rhodes BSc(Hons) Unisa MCom PhD Cape Town E Scott, BSc Stellenbosch BSc(Hons) Unisa MSc Stellenbosch PhD Cape Town Honorary Associate Professors: J. Steyn, BA BA (Hons) MA HED Pretoria PhD Cape Town E Weimann, MD Ludwig Maximilian MPH Cape Town P Weimann, MSc Dortmund PhD Cape Town Associate Professors: A Budree, BSc (Computer Science and Business IS) Natal BSc HONS (IS) Unisa PGDip (Higher Education Studies) Cape Town MSc (Financial Economics) SOAS London MA (Creative Writing) Cape Town PhD Western Cape S K Kabanda, BCom(Hons) North West MSc(Computer Science) Zululand PhD Cape Town Senior Lecturers: P Tsibolane, BSc (Hons) Cape Town M.IT Pretoria MA Rhodes W Uys, Dip Datametrics Unisa PGD (IS) BCom(Hons) MCom PhD Cape Town G Mwalemba, BSc BCom(Hons) MCom Cape Town M Kapepo, BTech MTech Cape Town MMEDSCi (Medical Informatics) UKZN DP Snyman, BA (Language technology) MA PhD (Computer Science) North-West T Chimboza, BSocSc Fort Hare, BA (Hon), MA Western Cape, PhD Cape Town L Tekeni, NDip(Cum Laude) NMMU, BTech(Cum Laude) NMMU, Masters (Cum Laude), NMU PhD NMU Z Ruhwanya, BSc Dar es Salaam MSc Vrije MSc Kansas State Lecturers: A Pekane MTech Cape Town G Oosterwyk, BTech (CPUT), MCom Cape Town Centre for Information Technology and National Development (CITANDA) Contacts Director: Prof Lisa Seymour (Lisa.Seymour@uct.ac.za). . Deputy-director: Associate Professor Salah Kabanda (Salah.Kabanda@uct.ac.za) CITANDA is a research unit housed within the Department of Information Systems at the University of Cape Town. CITANDA aims to bring together researchers, projects, funders, and programmes focused on the use of Information and Communication Technology (ICT) in the service of national development. Many policy analysts, government leaders, industry pundits and development specialists look to ICT for assistance in achieving social, economic, political, cultural and human resource development goals nationally, regionally, or in terms of an industry sector. Our goal is to become the leading centre of development and research activity for this important effort in Africa. The main research themes pursued by CITANDA are:  IS Education and Educational Technology: the investigation of both the teaching and learning of IS, and the use of education technology as an aid to teaching and learning.  ICTs and Innovation: the investigation of ICT innovations and the use of ICTs for innovation. The Internet, e-commerce, e-government, mobile phones, social media, cloud computing, and emerging phenomenon such as AI, IOT etc. warrant investigation as to their impact, adoption, adaptation and diffusion amongst individuals, organisations, nations and the global community.  IS Management and IS Development: the IS professional, project management, work teams, systems development, IS security and computer forensics. The focus is not only on large commercial organisations, but also on the public sector, health sector, NGOs and SMMEs.  IS in Developing Country Contexts: Although a focus on IS in developing countries is a theme that pervades almost all CITANDA research, specific attention is given to issues relating to IT and development in the context of disadvantaged, underserved and under- represented rural and urban communities and individuals. INF1002F/S FOUNDATIONS OF INFORMATION SYSTEMS 18 NQF credits at NQF level 5 Coursework 65%; Final Examination 35%. Sub-minimum of 40% for the final exam.",,176
2025,COM,Information Systems,INF1003F,COMMERCIAL PROGRAMMING,18,5,S Kabanda M. I. Kapepo,"At least 65% for INF1002F/S/N or equivalent (or at least 70% for CSC1017F). Objective: At the end of the course, students will be able to:• Demonstrate understanding of C# language features;• Demonstrate understanding of object-oriented programming;• Write entry-level programs, from specifications, using C#,• Use the Visual Studio integrated development environment proficiently Admission to the Commerce EDU programme. For students outside of Commerce, entrance requirements include either 70% for NBT QL or at least 50% for Maths (NSC) or MAM1014F or 60% for MAM1022F.","The course focuses on integrating good programming practices through planning and developing software programs using C#. The course is practically-orientated and students should be prepared to spend time after hours to do programming exercises and examples in the computer laboratories, or on a personal computer at home. Theory lectures are used to communicate course content, which includes: Data Types and Expressions, Methods and Behaviours, Creating Your Own Classes, Making Decisions, Repeating Instructions, Arrays, Introduction to Windows Programming, Advanced Object- Oriented Programming Features, and Debugging and Handling Exceptions. The course provides a foundation to the use and impact of Information systems in business and society. Fundamental knowledge of information systems, their functioning and how they contribute to globalisation will be discussed. Particular focus is for students to understand the value of information, its collection, processing, storage and transmission through use of information systems in businesses, suppliers and customers. Practical exposure (linked to the theoretical themes) to data analysis tools, programming and systems development in organisations is provided.","Monday, Tuesday and Thursday, 8th and 9th period. Monday, 6th and 7th period, Tuesday to Wednesday, 6th period",Submission of 80% of quizzes and workshops. A minimum year mark of 45%. Year mark greater or equal to 45% for the year mark (based on all assessment prior to the final exam). 80% participation for all practicals (tutorials and workshops),Coursework: 80%; Summative Assessment 20%. Subminimum 40% for the summative assessment. INF1102F/S FOUNDATIONS OF INFORMATION SYSTEMS For Academic Development programme (Commerce). Students in this course write the same class tests and final examination as the INF1002F/S students. 18 NQF credits at NQF level 5 Coursework 65%; Final Examination 35%. Sub-minimum of 40% for the final exam.,,179
2025,COM,Information Systems,INF2004F,INFORMATION TECHNOLOGY IN BUSINESS,18,6,T Chimboza,Successful completion of INF1002F/S and ACC1006F or equivalents. Course restricted to Commerce students.,"Information Technology in Business (INF2004F) is offered to Accounting and Finance students in order to prepare them for a range of roles within the business environment. The course prepares students for a range of IT-related roles such as users, manager, designers, project managers and evaluators of information systems. The course covers the conceptual foundations, control, applications, and system development process of Accounting Information Systems. The course is linked with other courses: Foundations of Information Systems (INF1002F/S), Financial Reporting II (ACC2012W) and Governance, Audit and Assurance I (ACC2018H). The course has been developed to be in line with South African Institute of Chartered Accountants (SAICA) competency requirements.",Monday and Tuesday either 15h00-15h45 or 16h00-16:45.,Year mark greater or equal to 45% (based on all continuous assessment prior to the final exam) and 80% participation for all practicals (tutorials and workshops).,"Coursework 60%, Final Examination 40% with a Sub-minimum of 40% for the final exam.",This course is not credited towards an Information Systems degree.,180
2025,COM,Information Systems,INF2006F,BUSINESS INTELLIGENCE AND ANALYTICS,6,6,A. Budree,INF1002 OR equivalent.,"The course introduces students to the main features of business intelligence and business analytics, including data warehousing and data marts, decision support systems, OLAP, data mining and analytics, corporate performance management, data visualisation, real-time BI, pervasive BI, mobile BI and big data analytics. Case studies and management approaches for implementation are covered and a hands-on project requires students to produce a management report after analysing data using commercial BI software.","Course runs only for 3 weeks: Monday to Wednesday, 5th period, Friday 4th and 5th period",80% Class attendance.,Note: Assessment requirements for both INF2006F and INF2007F need to be met in order to pass INF2008F.,,180
2025,COM,Information Systems,INF2007F,APPLYING DATABASE PRINCIPLES,12,6,W Chigona,"INF1003F or equivalent, or INF1003F as co-requisite. Students cannot be credited for this course and CSC2001F.","The course introduces students to database concepts, advanced database design and implementation and new developments in the database field. These are core skills which I.S. professionals require throughout their careers. There is a strong practical component to the course, where students will be taught the practical aspects of designing, implementing and using databases. This course explores different database architectures and design approaches, data modelling techniques, data dictionaries, database implementation, database security and administration. The concepts are applicable to any development context, and the workshops ensure the students are able to apply this theory to real world applications.",Monday to Wednesday 12h00 - 12h45,Submit 80% of workshops; submitted all project work and a year-mark of 45%.,The final grade is derived from the following deliverables: Coursework: 60%; Final Exam 40%. Sub-minimum 45% for the final exam. Note: Assessment requirements for both INF2006F and INF2007F need to be met in order to pass INF2008F.,,181
2025,COM,Information Systems,INF2008F,DATABASE SYSTEMS,18,6,W Chigona,INF1003F or equivalent or INF1003F as co-requisite. Students cannot be credited for this course and CSC2001F.,"The course combines INF2006F (weighted 33%) and INF2007F (weighted 67%). Please see course outlines for these courses. This course introduces students to database concepts, advanced database design and implementation and new developments in the database field. The main features of business intelligence and business analytics, including data warehousing and data marts, decision support systems, OLAP, data mining and analytics, corporate performance management, data visualization, real-time BI, pervasive BI, mobile BI and big data analytics are introduced. There is a strong practical component to the course, where students will be taught the practical aspects of designing, implementing and using databases. This course explores different database architectures and design approaches, data modelling techniques, data dictionaries, database implementation, database security and administration. The concepts are applicable to any development context, and the workshops ensure the students are able to apply this theory to real world applications. Case studies and management approaches for implementation are covered and a hands-on project requires students to produce a management report after analysing data using commercial BI software.",,"80% attendance at workshops, completion of all course deliverables, year mark of 45%.",The course combines INF2006F (weighted 33%) and INF2007F(67%). Both need to be met in order for the student to pass INF2008F.,,181
2025,COM,Information Systems,INF2009F,SYSTEMS ANALYSIS,18,6,A Pekane,INF1003F or equivalent or INF1003F as co-requisite.,"INF2009F is a half course designed for students intending to major in Information Systems or Computer Science for the BCom, BBusSci or Bsc degrees. Students pursuing other computing degrees may be accepted, space permitting. This course explores the role of the Systems Analyst in business, different approaches used in the development of information systems, and the various tools and techniques used in the specification of system requirements. It is intended to provide students with an in-depth knowledge of the systems development process, with a particular emphasis on the analysis stage of the life cycle. There is a strong practical component to the course, where students will be taught to understand and use the common tools of object-oriented systems analysis, with a particular focus on UML models.","Monday to Wednesday, 4th period, Practical workshops: Thursday 3rd & 4th periods OR 4th & 5th OR 8th & 9th",Submitted at least 80% of the coursework (80% of individual deliverables and 80% of group work). Subminimum of 45% course year-mark.,The final grade is derived from results of the Coursework (Formative Assessment: 40% + Summative Assessment 20%) and the Final Examination (40%). Sub-minimum of 40% for the final examination.,,181
2025,COM,Information Systems,INF2010S,IT ARCHITECTURE,18,7,G Oosterwyk,Minimum 45% final mark for INF1003F or equivalent. Students cannot be credited for this course and CSC2002S,"This course is intended to provide students with an in-depth knowledge of hardware, software, data communications and networking theory. This course is designed to build the skills required for the management and building of distributed systems and commercial networks. This course provides the hardware and software technology background required for understanding various computer architectures for single and multiple users. The analysis and design of networked applications is covered, including telecommunication devices, media, network hardware and software, network configuration and applications, network architectures, topologies and protocols, LAN and WAN networks, intranets and the Internet. The underlying architecture of modern computer hardware and operating systems, mobile computing, the cloud and basic computer security is also covered.",Monday to Wednesday 12h00 -12h45,"Completing 80% of deliverables including quizzes, assignments (including the IT technical report) and semester test. Year mark of 45%.","The final grade is derived from the results of quizzes, assignments (including IT technical report) and the semester test which counts 60%; the Final Exam (40%)—sub-minimum of 45% for the final examination",,182
2025,COM,Information Systems,INF2011S,SYSTEMS DESIGN & DEVELOPMENT,18,7,D Snyman,Minimum 45% final mark for [INF2007 or INF2008 or CSC2001 or equivalent] and INF2009 and [INF1003 or CSC1016 or equivalent],"This course is intended to provide students with an in-depth knowledge of the systems development process with particular emphasis on the design and implementation stages of the life cycle. There is a strong practical component to the course, where students will use object - oriented tools to design and construct a working system. This course is designed to build on the skills acquired in INF2009F Systems Analysis.","Monday, Tuesday and Wednesday, 4th period, Thursday: Weekly workshop sessions 3rd to 4th OR 4th to 5th periods. Friday: Practical workshops 5th – 7th",Submit 80% of workshops and quizzes. Year-mark of 45%. Submitted all project work.,The final grade is derived from the following deliverables: Coursework: 60%; Exam 40%. Subminimum 45% for the final exam.,,182
2025,COM,Information Systems,INF3003W,SYSTEMS DEVELOPMENT PROJECT I,48,7,W Uys,"All second year Information Systems courses. Objective: It aims to equip the student with crucial problem-solving skills using object-oriented software development techniques, and endeavours to improve technical document writing skills.","This whole year course is for students majoring in Information Systems (IS) to gain an understanding of the issues that are influencing ICT projects and experience the development and implementation of such a project. This course combines the theoretical elements of project management with the practical implementation of these concepts through the completion of a systems development team project, integrating practical and theoretical elements obtained and developed during other undergraduate IS courses. The theoretical parts of this course aim to make the project team experiences more true to life, aiding the development of a project practitioner. Students should be aware that successful project management consists of a sound plan (using project management tools and techniques) and strong people management to direct the plan through to the completion of the project’s deliverables. The basis for this development process is an interactive project team environment of learning through experiences and reflection. The practical part of this course involves the application and implementation of these concepts following the full life cycle of a team-based IS project in a real-life setting.","First semester: 10h00-10h45 Monday and Tuesday, and 10h00-11h45 Wednesday and Friday, and 10h00-12h45 Thursday Second semester: 12h00-12h45 Thursday",Students will be considered to have duly performed the course work if they have obtained a minimum of 45% for their year mark.,"Coursework 60%. (Weekly coding workshops and tutorials, as well as continuous assignments for the team project culminating in a formal presentation and code presentation). Teamwork makes up 40% of the course mark. Exam 40%. Sub-minimum of 40% for the examination (both Project Management and Code).",,183
2025,COM,Information Systems,INF3011F,I.T. PROJECT MANAGEMENT,18,7,G Mwalemba,"INF1003F, INF2009F and at least 45% for INF2011S","This is a first-semester capstone course for students majoring in Information Systems (IS) and either Computer Science, Finance or Informatics who wish not only to gain an understanding of project management issues but also experience the execution of such projects. The course thus combines the theoretical elements of project management (and people management) with the practical implementation of these concepts through the completion of a team project. The course integrates practical and theoretical elements obtained and developed in other undergraduate IS courses",10h00-10h45 Monday - Thursday and 10h00-11h45 Friday,"Submission of required project work and a sub-minimum of 45% for the year mark prior to writing the final examination. In addition, students must have satisfactory attendance at tutorials and lectures.",Coursework counts 70%. Final examination counts 30%. Sub-minimum of 40% for the final examination.,Students cannot be credited for this course and for INF3003W.,183
2025,COM,Information Systems,INF3012S,BPM & ENTERPRISE SYSTEMS,18,7,L Seymour,"INF1003F, INF2009F and INF2011S","This course examines the role, relationship and effect IT Applications have on businesses and vice versa. It has a heavy emphasis on ERP systems, business processes and Business Process Management (BPM). Students will be exposed to methodologies and techniques to identify, model, measure and improve processes. Students will be introduced to technologies that can be used as part of process improvement initiatives as well as technologies such as ERP that impact on business processes. A group project will allow students to apply their analytical skills to improving an existing process. Students will be introduced to S/4 HANA and will acquire a basic working knowledge of the Application.",11h00-11h45 Tuesday- Friday and 10h00-10h45 Thursday and Friday,"Submission of group project and a sub-minimum of 45% for the year mark prior to writing the final examination. In addition, students must complete, make a reasonable attempt at, and submit 80% of workshops.","Classwork 70% (workshops, class exercises, test and a group project), final examination 30%. Sub-minimum of 40% for the final examination.",,184
2025,COM,Information Systems,INF3014F,ELECTRONIC COMMERCE,18,7,G Mwalemba,"INF1003F, INF2009F and at least 45% for INF2011S","INF3014F is a course for students majoring in Information Systems (IS) as well as any other student that wish to gain an understanding of electronic commerce (e-Commerce) technologies and their usage in society. The course covers both theoretical e-Commerce issues as well as the practical skills required to develop a basic e-Commerce system. The course plays a role in facilitating students' ability to constructively develop integrated knowledge on e-Commerce, including an understanding of and the ability to apply and critically evaluate the key concepts, techniques and practices that form part of e-Commerce systems design, development, implementation and usage. The practical component includes planning, structuring, and developing e-Commerce related web applications as well as designing the user experience (UX). The practical component will culminate in a project that involves developing an e-Commerce application that addresses a real business or social need.",12h00-13h45 Tuesday and Wednesday and either 13h00-14h45 or 14h00-15h45 Friday,"Submission of tutorials, seminar, and project work as well as a subminimum of 45% for the year mark prior to writing the final examination.",Coursework 70%. Exam 30%. Subminimum of 40% for the final examination.,,184
2025,COM,Information Systems,INF4024W,INFORMATION SYSTEMS RESEARCH PROJECT,60,8,S Kabanda,"This course is restricted to students admitted into the honours programmes in Information Systems and the honours programme in Management Information Systems. Objective: The course provides a first research exposure leading to an Honours Degree. Candidates will be expected to develop critical reading, analysis and research design skills, as well as to demonstrate good writing skills.","The course commences with taught sessions in research techniques. The Department may, at its discretion, choose to cover these materials in evening sessions of three hours each or via short full- time blocks, not exceeding six days in duration. Thereafter students will select research areas and prepare research proposals. Students will be assigned to mentors, who will assist and guide them through the research process. Additional three-hour seminars covering academic writing and research methodology will be provided at appropriate times throughout the year.","This course runs in 2 block session: One in the beginning of the 1st semester, and the second block runs in the middle of the 1st semester",None,Students will be evaluated as follows: Interim deliverables 40%; Empirical report 60%. An overall mark of at least 50% is required to pass the programme and a minimum of 50% must be obtained for the Empirical Report.,,184
2025,COM,Information Systems,INF4025S,INFORMATION SYSTEMS MANAGEMENT,20,8,A Budree,"Students should meet the entrance requirements to the IS Honours programme. Objective: The major objectives of the course are to research, present and discuss the major academic contributions in the field of IS development and management in seminars. To develop strong communication, interpersonal and change agent skills. To develop a community spirit through the Honours Outreach and Community Involvement Programme (HOCIP)","The course covers IS Management topics, which are selected based on current research from academia and industry. Students are required to research a topic, and firstly produce a seminar paper in collaboration with an academic. Once the seminar paper has been approved by the academic, students have to develop and present a seminar on the topic, and facilitate a question and answer session. Guests from industry are often invited to present their experience on the topic after the students.","Monday and Thursday, 6th & 7th","75% attendance and participation in seminars, a minimum of 50% for seminar management (developing and presenting a seminar paper according to scope, quality and time guidelines), and a sub-minimum of 45% in the final examination","Seminar and classwork deliverables 60%, Final Assessment 40%",,185
2025,COM,Information Systems,INF4026F,APPLICATION & TECHNICAL DEVELOPMENT,20,8,A Budree,"Students should meet the entrance requirements to the IS Honours programme. Objective: The major objectives of the course are to research, present and discuss the major academic contributions in the field of IS development and management in seminars. To develop strong communication, interpersonal and change agent skills. To develop a community spirit through the Honours Outreach and Community Involvement Programme (HOCIP), and Service in Context course","The course covers twelve IS application and technical development topics, which are selected based on current research from academia and industry. Students are required to research a topic, and firstly produce a seminar paper in collaboration with an academic. Once the seminar paper has been approved by the academic, students have to develop and present a seminar on the topic, and facilitate a question and answer session. Guests from industry are often invited to present their experience on the topic after the students.","Monday and Thursday, 6th to 7th period","75% attendance and participation in seminars, a minimum of 50% for seminar management (developing and presenting a seminar paper according to scope, quality and time guidelines), and a sub-minimum of 45% in the final examination.","Seminar and classwork deliverables 60%, Final Assessment 40%",,185
2025,COM,Information Systems,INF4027W,SYSTEM DEVELOPMENT PROJECT II,40,8,E Scott,"Students should meet the entrance requirements to the IS Honours programme and may be required to write an entrance exam. Objective: The main objective of the course is to develop students' knowledge and understanding of facts, concepts, principles and theories of software development and agile methodologies through the implementation of these concepts in a systems development (SD) team project for sponsor in industry.","For the Systems Development Project II course, teams of students are required to identify and analyse a real-world IS problem, then design, and develop and test a fully-functioning Information System that meets current and future requirements. The software projects are formulated by Industry Sponsors and relate to real-life business problems that need to be solved to bring business value. Students are required to use agile methodologies (Scrum/Kanban) to manage their projects. The course combines theoretical elements of agile project management and software development methodologies with the practical implementation of these concepts through the completion of the team projects. Students should use and integrate Analysis, Design, Programming and Testing skills learned during other undergraduate courses in their projects. Students should also adhere to the Software Engineering Institute (SEI) guidelines and principles in the five key focus areas of software development (requirements analysis, design, construction, testing, and quality assurance). Students are required to work independently, liaise with their sponsors to gather requirements and produce a workable solution in four (4) Iterations. To support development work, students should use tools like Trello, Jira, Git, Microsoft Azure etc. The course aims to equip students with problem-solving, team management, and technical skills, for them to be ready for a professional work environment.",,None,"Assessment will be based on compulsory deliverables within the following categories: Programming Test, Vision Presentation, BA & Innovation Document, Iterations Assessments (Documentation & Presentation) and the individual portfolio of evidence of each student. SCHOOL OF MANAGEMENT STUDIES The School is housed in the Leslie Commerce Building, Room 4.09 Telephone Number: 021 650 2311. The letter code for the department is BUS Departmental website: http://www.managementstudies.uct.ac.za/ Head of Department: DM Maralack, BSocSc MCRP Cape Town MSc(Econ) Urban Dev Plan London PhD Minnesota Emeritus Professors: I L MacDonald, BSc(Hons) Cape Town MSc Oxon PhD Cape Town J Louw-Potgieter, MA Stellenbosch Drs Psych Leiden PhD Bristol JD Simpson, BSc MBA PhD Cape Town T Grant, BA HDE MA PhD Cape Town Senior Research Scholar RE Dorrington, BA Unisa BCom Natal BSc(Hons) MPhil Cape Town ASA FASSA L Ronnie, MEd Sheffield MSc Liverpool PhD Cape Town Professor of Demography: T A Moultrie, BBusSc Cape Town MSc (Econ) PhD London Professor of Marketing D Nel, BA (Hons) Port Elizabeth MCom DCom Pretoria Professors of Organisational Psychology: J Bagraim, BBusSc BA(Hons) MA Cape Town PhD Warwick S Chapman, BA (Hons) MSc, Witwatersrand PhD Rhodes F de Kock, MComm Stellenbosch PhD Erasmus University Rotterdam I Meyer, Dip Marburg PhD Cape Town A Schlechter, BSc(Hons) MA PhD Stellenbosch A Jaga, MCom PhD Cape Town Honorary Professors: L Foster, PhD South Florida F Lievens, PhD Ghent E Platen, PhD Dresden I Timaeus, MA Cantab MSc PhD London Associate Professors: DM Maralack, BSocSc MCRP Cape Town MSc(Econ) Urban Dev Plan London PhD Minnesota R Chohan, BBusSc M.Bus.Sc Cape Town PhD Lulea N Madinga, BTech MTech VUT PhD Nelson Mandela S Mataramvura, BSc & Ed Cuba BSc(Hons) MSc PhD Zimbabwe D Priilaid, BSc(Hons) HDE MSc MBA PhD Cape Town Senior Lecturers: P Botha, BCom (Hons) Stellenbosch MCom Cape Town FASSA CERA S Dlamini, BA (Hons) Johannesburg MMSM Strategic Marketing PhD Witwatersrand C Duffy, BSocSc (Hons) MCom PhD Cape Town C Marais, BSc Pret BCom(Hons) MCom Cape Town FASSA PhD UGA E Maritz, BSc(Hons) Stellenbosch DPhil Oxon FASSA A Meadows, BA Cape Town HDE Witwatersrand P Pillay, BCom (Hons) MCom DCom UKZN CM(SA) S Rousseau, BA (Hons) MA PhD Cape Town Z Zungu, BSocSc (Hon) MSocSc UKZN J Rousseau, BA(Hons) MA Cape Town N Bundwini, BCom (Hons) UP MCom, PhD Cape Town Lecturers: B Arendse, BCom (Hons), MCom Western Cape N Bundwini, BCom (Hons) UP MCom, PhD Cape Town P Broster, BSocSci (Hons) MPhil Cape Town F Farista, BSocSc (Hons) MCom Cape Town S Hendry, BA(Econ) LLB PDOM Cape Town C Kalil, BA MPhil Cape Town M Mdlekeza, BSc Statistics PGDip Actuarial Science Cape Town FIA, FASSA, CAIA, CERA L Mototo, BCom (Hons) MCom Witwatersrand LK Mulaudzi, BCom (Hons) PGDip (Actuarial Science) Stellenbosch FASSA G Nodoba, BA (Hons) Fort Hare HDE MEd Cape Town N Veldsman, BBusSc MCom Cape Town Adjunct Faculty Staff: Professors: M Bussin, PhD Johannesburg F Mavondo, PhD Monash H McLeod, BBusSc Cape Town PGDip (Health Sciences) Canterbury FIA CFA FASSA FNZSA L Van Vuuren, PhD Johannesburg E Wood, BSc (Mech Eng) Cape Town MPhil PhD Canterbury Associate Professor: J Jansson, PhD Lund J Lapperman, BBusSci MSocSci PhD Cape Town D Polakow, MSc PhD Cape Town L Robertson, BCom (Hons) NWU MBusSci Cape Town Senior Lecturers: V Adjiwanou, BSc Lomé MSc ENSEA Côte d’Ivoire MA Auvergne PhD Montréal E Flint, BBusSci MCom Cape Town D Strugnell, BA(Hons) Unisa MPhil Cape Town SASSA CFP Lecturers: M Abraham, BBusSc MCom MPhil Cape Town J Jurgens, DipEd Hewatt M Lowther, BSc Natal FIA FASSA CFP T Mc Walter, PhD Witwaterand I Melzer, BBusSc Cape Town D Williams, MA Middlesex Centre for Actuarial Research (CARe) Director and Professor of Demography: TA Moultrie, BBusSc Cape Town MSc(Econ) PhD London Honorary Professor: IM Timæus, MA Canterbury MSc PhD London Senior Lecturer Adjunct: V Adjiwanou, BSc Lomé MSc ENSEA Côte d’Ivoire MA Auvergne PhD Montréal Senior Research Scholar R E Dorrington, BA Unisa BCom Natal BSc (Hons) MPhil Cape Town ASA FASSA CARe also has postdoctoral fellows and research assistants engaged in its activities. Institute for Monitoring and Evaluation (IME) S Chapman, BA (Hons) MSc Witwatersrand PhD Rhodes UCT Liberty Institute of Strategic Marketing Research Staff P Egan, MBA Stellenbosch",,186
2025,COM,School of Management Studies,BUS1003H,INTRODUCTION TO ACTUARIAL SCIENCE,18,5,TBA,Admission to an Actuarial Programme.,"The aim of the course is to provide an overview of the fields of actuarial science and quantitative finance. The central concept for both disciplines is the measurement and valuation of financial transactions with a component of uncertainty. Topics covered include risk assessment and management, different types of insurance, different types of asset classes. Students are introduced to financial mathematics and life contingency functions which enables them to value assets and insurance products. The course also addresses questions concerning professionalism and what it is to be an actuary/quant.",,Attempting all classwork and obtaining an overall average of 40%.,Tutorials and Assignments 15%; Tests 35%; Examination 50%.,,189
2025,COM,School of Management Studies,BUS1004F,INTRODUCTION TO STRATEGY AND MARKETING,18,5,A Meadows,Students must be in their 2ND or 3rd academic year of study or have the permission of the Head of Department of the School of Management Studies. BUS1004F is offered as an elective to students from all faculties as well as SSA students.,"The objective of this course is to provide a general introduction to the world of business strategy and marketing. The course is divided into two modules and the students will study a selection of core topics in the business strategy module and subsequently in the marketing module. As such, the course builds a foundation for developing the business knowledge and skills within the above business disciplines. Those can be further applied in everyday lives, by aspiring entrepreneurs or in careers which are likely to have a significant managerial/business component.",,All guest lectures and tutorials are compulsory. Students must satisfactorily submit their projects; write the class tests and obtain an average of 40% in order to receive their Duly Performed certificate.,Coursework 60% of the final mark; final assessment 40% of the final mark.,,189
2025,COM,School of Management Studies,BUS1007S,INTRODUCTION TO ORGANISATIONAL PSYCHOLOGY,18,5,B Arendse J Rousseau N Madinga,"This course is intended for students in the special field of Organisational Psychology, but students from other faculties may choose this course as an elective. Admission as First Year Faculty of Commerce students, or by permission of Head of the School. Students should be in their second AYOS or above Objective: To give an overview of the Marketing Process considering current trends in the South African context. The course will stress the importance of the Marketing Concept, Target Marketing and the Marketing Mix as a means of formulating a Marketing Strategy with the view to achieving the strategic objectives of an organisation.","This course introduces students to the field of Organisational Psychology, which deals with the application of psychological theories and principles to solve problems in the workplace. It will focus on the major historical trends and research that have shaped the discipline, as well as current and future developments in the workplace. This course will also provide students with an understanding of why individuals in organisations behave in particular ways and how organisations can influence the behaviour of their employees. This course equips students with crucial intellectual resources for facing the challenges presented by a globalised knowledge-dependent economy. Its focus is on developing critical reasoning skills, in particular competence at, and confidence in, assessing the quality of available evidence; distinguishing disinformation from misinformation, and understanding the influence of social media on shaping judgments and decision-making. Students will learn how to use evidence and sound argumentation to reach well-justified conclusions, and to then efficiently and persuasively communicate those conclusions to relevant stakeholders. Practically, the course uses case studies of contemporary debates on social and traditional media to emphasise the importance of understanding commercial activity as occurring within particular social and political environments, and on how those environments can affect our ability to make rational decisions. The marketing concept, the marketing environment, consumer markets and industrial markets, buyer behaviour, marketing research, the use and importance of differentiation, market segmentation and target marketing, the marketing mix, product policy, pricing policy, distribution policy, promotion policy, marketing strategy, marketing organisation and implementation, measurement and control of marketing effectiveness including the marketing audit.",,None. Submission of all coursework assignments. Achieving a weighted average of at least 40%. 40% class mark and the completion of all required assignments.,"Coursework (assignments and tests) 60%, Final examination 40%. BUS1036F/S EVIDENCE-BASED MANAGEMENT First year status, first or second semester, (depending on degree stream). 18 NQF credits at NQF level 5 Coursework 75%; Capstone assessment 25%. A sub-minimum of 45% must be achieved in the capstone assessment. BUS2010F/S MARKETING I 0 credits if taken as part of a Postgraduate Diploma in Management offered by the School of Management Studies 18 NQF credits at NQF level 6 Essays, case studies, project and test 50%; June / October examinations (2 hours) 50%",,190
2025,COM,School of Management Studies,BUS2011F,INTRODUCTION TO MARKETING,18,6,N Madinga,"Course restricted to Postgraduate Diploma in Management (Marketing, Entrepreneurship, Tourism and Events, Sport and Business Communication) students.","Students will be expected to be familiar with the following issues by the end of the course: marketing concept, marketing environment, consumer markets and industrial markets, buyer behaviour, marketing research, the use and importance of differentiation, market segmentation and target marketing, marketing mix, product policy, pricing policy, distribution policy, promotion policy, marketing strategy, marketing organisation and implementation, measurement and control of marketing effectiveness including the marketing audit and contemporary marketing issues.",,A minimum of 50% must be achieved for coursework,Coursework (Projects/assignments and tests) 50%; Final Examination 50%.,0 credits if taken as part of a Postgraduate Diploma in Management offered by the School of Management studies.,191
2025,COM,School of Management Studies,BUS2016H,ACTUARIAL SCIENCE 1: FINANCIAL MATHEMATICS,18,6,S Mataramvura,"BUS1003H* On a first attempt of a course only: ACC1006F and ACC1011S (60% average); or ACC1106F and ACC1111S (60% average); ECO1010F/S and ECO1011F/S (60% average); or ECO1110F/S and ECO1111F/S (60% average); STA1006S (65%); or STA1106H (65%); MAM1031F and MAM1032S (65% average);or MAM1005H and MAM1006H (65% average).ORSTA2004F and STA2005S (60% average); MAM2010F, MAM2011F, MAM2012S and MAM2014S (60% average);ORSTA1006S (65%); or STA1106H (65%); MAM2010F, MAM2011F, MAM2012S, and MAM2014S (60% average); MAM1031F and MAM1032S; or MAM1005H and MAM1006H; STA2004F and STA2005S;ORMAM1031F and MAM1032S (65% average); or MAM1005H and MAM1006H (65% average); STA2004F and MAM2014S.","The course aims to provide a grounding in financial mathematics and simple applications with respect to non-random cash flows. Lectures and tutorials will cover aspects of cash flow models for financial transactions, compound interest and discounting, present values and accumulations of streams of payments, nominal and effective rates, equations of value, loan schedules, project appraisal techniques, compound interest problems and index linked securities, income and capital gains tax on fixed interest securities, arbitrage pricing and forward contracts, basic types of assets, pricing methods and the term structure of interest rates.",,"At least 40% for coursework, 80% total tutorial attendance.",Tutorials (groupwork) 10%; Tests 30%; Examination 60% (42% written exam; 18% Excel-based exam).,,191
2025,COM,School of Management Studies,BUS2023S,ORGANISATIONAL BEHAVIOUR,18,6,Z Zungu,"This course is restricted to students in their second year of study or higher. The course is intended for students majoring in Organisational Psychology, but students from other streams/faculties may choose this course as an elective.","The practices and underlying theories covered in BUS2024F - Psychology of Human Resource Management (HRM) serve to recruit, develop and retain the best employees, and to ensure that people are treated fairly at their places of work. Whether or not employees perform to the best of their ability also depends on the interpersonal relationships they have at work. Human interactions are complex, and each relationship is unique, but if you understand human behaviour in organisations (called Organisational Behaviour (OB) you can create ways of interacting which are likely to result in effective working environments, that is, environments in which employees feel they are treated fairly, are committed to their work and motivated to contribute to the organisation’s success. OB is one of the areas which distinguishes work psychology from HRM: To understand human interactions you require a thorough knowledge of psychology. In this course, we will teach how to apply OB theory to understand the behaviour of people working in organisations, particularly under consideration of the South African workplace context, and to critically reflect on your own behaviour when working with others.",,None.,"Coursework 60% (assignments, tests), Final examination 40%.",,192
2025,COM,School of Management Studies,BUS2024F,PSYCHOLOGY OF HUMAN RESOURCE MANAGEMENT,18,6,Z Zungu S Rousseau,"This course is restricted to students in their second year of study or higher. The course is intended for students majoring in Organisational Psychology, but students from other streams/faculties may choose this course as an elective. A pass in at least 8 courses towards the degree.","Broadly, human resource management (HRM) deals with the practices an organisation employs to manage its people so that they can best fulfil the organisation’s strategic goals. It includes the hiring, developing and retaining of employees and ensures their fair treatment. This course introduces students to HRM practices and considers how organisational psychology's understanding of human behaviour in workspaces informs these. The course aims to provide students with the ability to design and produce various types of persuasive business and professional documents, and deliver business presentations. Students develop skills in planning and producing effective messages through practice in both verbal and visual arguments. They also develop management and communication skills for collaboration through teamwork.",,None.,"Coursework (assignments and tests) 60%, Final examination 40% BUS2033F/S PROFESSIONAL COMMUNICATION 18 NQF credits at NQF level 6 Final written examination: 40% (with a 35% subminimum). Coursework mark:60%.",,192
2025,COM,School of Management Studies,BUS3003F,RESEARCH DESIGN IN ORGANISATIONAL PSYCHOLOGY,18,7,N Veldsman,"This course is restricted to students in their third year of study or higher. The course is intended for students majoring in Organisational Psychology, but students from other streams/ faculties may choose this course as an elective. Co-requisites: None","This course aims to develop the foundational knowledge and skills required by the scientist- practitioner. To this end, we focus on the continual interplay between theory and application in our applied field. Students learn how to design empirical research projects to investigate and engage with current topics in Organisational Psychology. Topic selection is based on recent and emerging trends in research from academia and industry. This course will provide an applied overview of the research planning process, from the perspective of quantitative, qualitative, and mixed methods research approaches.",,None.,"Coursework (assignments and tests) 60%, Final examination 40%.",,193
2025,COM,School of Management Studies,BUS3004S,RESEARCH DATA ANALYSIS IN ORGANISATIONAL,18,7,N Veldsman,"This course is restricted to students in their third year of study or higher. The course is intended for students majoring in Organisational Psychology, but students from other streams/ faculties may choose this course as an elective.","This course will equip students with an understanding of how to conduct quantitative and qualitative data analysis to inform Organisational Psychology practice. Students will gain skills to critically assess and empirically analyse research findings relating to the management of people in organisations. Additionally, students will be able to apply this learning to make effective decisions in a business/organisational environment.",,None.,"Coursework (assignments and tests) 60%, Final examination 40%.",PSYCHOLOGY,193
2025,COM,School of Management Studies,BUS3008W,MARKETING RESEARCH I,36,7,TBA,STA2020F/S; BUS2010F/S; ECO2003F and ECO2004S (or can be taken concurrently); MAM1002W OR MAM1010F and MAM1012S OR MAM1110F and MAM1112S Co-requisites: BUS3041F; BUS3043S; STA3022F,"The course aims to give students an in depth and practical understanding of Research in Marketing and prepare students for further commercial and scholarly research. It covers the stages of the research process including formulation of the problem, research design, data collection methods and forms, sample design, analysis and interpretation of data and report writing. A practical project will run concurrently with the lectures. Specific applications of Marketing Research are also covered.",,Minimum aggregate class work mark of 50%. Completion of all required project assignments. Attendance is compulsory for all tutorials.,"Coursework (tutorials, group project and semester test) 70%, Final examination 30%. Sub-minimum of 45% in final examination to the course",,193
2025,COM,School of Management Studies,BUS3018F,ACTUARIAL SCIENCE II MODELS,18,7,C Marais,"BUS2016H, MAM2010F, MAM2011F, MAM2012S, MAM2014S, STA2004F, STA2005S, BUS1003H, unless course taken as part of a postgraduate degree.","The course aims to provide students with a solid foundation in stochastic processes and survival models, and their actuarial application. Topics covered include: Principles of actuarial modelling; principles and classification of stochastic processes; definition and application of Markov chains and processes; survival models; estimation of lifetime distributions; multiple states; single and multiple decrements; transition intensities and maximum likelihood estimators; binomial model of mortality; multiple state models; process of graduation; testing crude estimates; standard tables; assurances and annuities.",,Completion and timeous submission of tutorial exercises. Writing of all class tests. An overall average of 40% for classwork.,Tutorials and tests 40%; Examination (3 hour) 60%.,,194
2025,COM,School of Management Studies,BUS3024S,ACTUARIAL SCIENCE II CONTINGENCIES,18,7,C Marais,"BUS3018F, MAM2010F, MAM2011F, MAM2012S, MAM2014S, STA2004F, STA2005S, BUS2016H, BUS1003H, unless taken as part of a postgraduate degree.","The course aims to provide a grounding in the mathematical techniques used to model and value cash flows dependent on death, survival or other uncertain risks. Topics covered include: Simple assurance and annuity contracts; more complex contracts (increasing benefits); derivation of formulae for means and variances of benefit payments; definition of standard actuarial symbols and the relationships between them, including standard life table functions (ultimate and select); calculation of net premiums and net premium provisions (prospective and retrospective); calculation of death strain at risk, actual and expected death strains, mortality profit; calculation of gross premiums; functions involving two lives; cash flow models; discounted emerging costs; practical application using MS Excel.",,Completion and timeous submission of tutorial exercises. Writing of all class tests. An overall average of 40% for classwork.,Tutorials and tests 40%; Examination 60%.,,194
2025,COM,School of Management Studies,BUS3038S,INTRODUCTION TO PROJECT MANAGEMENT,18,7,M Hoffman,"Students should be in their 3rd year of a BCom or BBusSc or be registered for a Postgraduate Diploma in Management, or be an SSA student.","The key objective of this course is to provide a general introduction to Project Management for Commerce students. Students are introduced to the Project Life Cycle and the project management methodology as outlined in the Project Management Book of Knowledge (PBOK). Students registered for this course will be required to apply the project management process to new product development, with the practical group project focusing on doing a feasibility study for a new product. Particular emphasis is placed on quality, both as an important element of product development but equally important as an element of project management process.",,Completion of all coursework assessments.,Coursework 100%.,,194
2025,COM,School of Management Studies,BUS3039F,PEOPLE MANAGEMENT,18,7,TBA,"Entry to this course is restricted to: 1.) Third Year BCom (Management Studies) students who have not taken organizational psychology undergraduate courses, 2.) Third Year BBusSc students in all fields except for Organisational Psychology, Finance, Finance (CA), and 3.) PG Diploma students in the following areas: Sports Management, Business Communication, Entrepreneurship and Marketing.","This course introduces business science and management students to people management issues (e.g., leadership, teamwork, and diversity) that may arise as they enter the world of work. Students will learn to manage current and emerging South African contextual complexities in managing people from diverse local lived realities. Adopting a collaborative learning approach, the course focuses on building the knowledge and skills necessary for students to be active in leading transformative workplace change and social justice.",,None.,Coursework 100%.,,195
2025,COM,School of Management Studies,BUS3039S,PEOPLE MANAGEMENT,18,7,TBA,"Entry to this course is restricted to: 1.) Third Year BCom (Management Studies) students and 2.) Third Year BBusSc Finance, Finance (CA), Finance 5-year and Finance (CA) 5-year students.","This course introduces business science and management students to people management issues (e.g., leadership, teamwork, and diversity) that may arise as they enter the world of work. Students will learn to manage current and emerging South African contextual complexities in managing people from diverse local lived realities. Adopting a collaborative learning approach, the course focuses on building the knowledge and skills necessary for students to be active in leading transformative workplace change and social justice.",,None.,Coursework 100%,,195
2025,COM,School of Management Studies,BUS3041F,MARKETING IIA,18,7,TBA,BUS2010F/S,"The course provides an opportunity for an in-depth study of Consumer Behaviour. The course is designed to focus on understanding how and why consumers make the decisions which they do when confronted with a buying decision. It attempts to use this information in guiding marketers to better design appropriate marketing strategies. While the course recognises the universality of consumer decision making, it puts this in a South African context.",,"Students must obtain at least 50% for all class work (projects, assignments and tests) to be allowed to write examination. All the class work assessments must be completed.","Coursework (projects, assignments and tests) 50%, Final examination 50%",,195
2025,COM,School of Management Studies,BUS3043S,MARKETING IIB,18,7,TBA,BUS2010F/S,"The Integrated Marketing Communication module aims to provide an overview of marketing communications so that students develop an understanding of, and insight into, the industry, its processes and its role as a business tool. Students will be equipped with the skills to formulate a marketing communication strategy. This course will focus on providing students with an understanding of the different marketing communication tools, the media involved with these, and how these activities form part of the overall marketing strategy. The course will cover traditional and new marketing communication tools, the importance of marketing communication tools, the importance of marketing insights in marketing communication strategy development, advertising and media, as well as the theoretical creative approaches to integrated marketing communications.",,"Attendance and participate in a minimum of 80% of all tutorial classes. Students must obtain at least 50% for all class work (projects, tests and assignments) to be allowed to write the examination.","Coursework (projects, assignments and tests) 50%, Final examination 50%",,196
2025,COM,School of Management Studies,BUS3095S,SOCIAL IMPACT ENTERPRISE (SIE),18,7,S Hendry,Registration for a Postgraduate Diploma in Management in the School of Management Studies or be in the 3rd Academic Year of Study (AYOS) in the Faculty of Commerce or be an approved SSA student.,"Students will be introduced to current thinking and trends in entrepreneurship, with a specific focus on social entrepreneurship. The course is designed to provide students with an understanding of the key processes, challenges and experiences of initiating and delivering a profitable business venture that also has a positive and transformative impact on society. Through a combination of focussing on entrepreneurial leadership, agile project management and working with a “real” client on case studies and “live” projects, students will learn how to identify the key elements of successful social enterprises, integrate various elements of the social entrepreneurship ventures and evaluate and mobilise resources needed for activation. By the end of the course, students will be able to:  Understand the transformation imperative that exists in South Africa  Understand the role that social entrepreneurship can play in leading this transformation  Identify key elements of successful social enterprises  Design creative problem-solving strategies aimed at solving real challenges in a real organisation.",,All lectures and workshops are compulsory. Students must satisfactorily submit both their group and individual assignments and obtain at least a weighted overall average of 40% for their course work.,70% for formative assessments: Individual Assignment 1 – 10%; Class Participation Mark – 10%; Group Contract – 5%; Client MOU – 5%; Research and Report Writing Plan – 10% and Final Report – 30%.30% for summative assessment. Minimum of 40% in final examination.,,196
2025,COM,School of Management Studies,BUS4006W,ORG PSYCH HONS COURSEWORK,60,8,A Jaga,The minimum admission requirement is a bachelor's degree with Organisational Psychology/ Industrial Psychology as a major. In order to qualify for selection into the programme applicants should have an average of at least 65% for their third year level Organisational courses. Selection is based on academic performance and the University's equity policy.,The central theme of this component is organisational change. This component aims to equip students with the knowledge and skills to act as change agents within an organisation. The coursework component comprises several compulsory modules.,,Students must attend all lectures and complete all assessments,Students are required to obtain at least 50% overall for all coursework modules. Students are required to pass both the coursework (BUS4006W) and the research (BUS4030H) components in order to be awarded the degree.,,197
2025,COM,School of Management Studies,BUS4026W,MARKETING III,72,8,TBA,"Only available to 4th year Business Science marketing students, and having completed BUS3041F, BUS3043S, BUS3008W.","The course consists of a number of advanced modules and electives may also be offered. Modules may include Retail Management, International Marketing, Service Marketing, B2B Marketing, Contemporary Marketing and Digital Marketing. Depending on the minimum number of students required, electives may be added or withdrawn on an annual basis. Similarly, module weights may be changed annually. Students should consult with the Marketing section to establish which modules are offered in a specific year. If resources permit students will be allowed to select from multiple modules. As a general rule, this course is available only to 4th year Business Science students.","Lecture periods vary per semester and per module. Please refer to course outline, and liaise with course convener","For each module students must obtain at least 50% for all class work (projects, assignments and tests) to be allowed to write the examination. Students must also pass each module (>50%) and obtain at least a 50% aggregate mark to pass the course.","Coursework 50%, Final Exam 50%",Only available to 4th year Business Science Marketing students.,197
2025,COM,School of Management Studies,BUS4027W,ACTUARIAL RISK MANAGEMENT,54,8,P Botha,"Prerequisite courses: BUS2016H, BUS3018F, BUS3024S, STA3041F, STA3043S and, STA3045F. Co-requisite courses:, BUS4028F.","The aim of this subject is to instil in successful candidates the ability to apply a wide range of key actuarial concepts in simple traditional and non-traditional situations. It comprises the following topics: How to do a professional job, Stakeholders, Client needs and customer needs and implications for other stakeholders, Managing risks, Marketing, External environment, Investment environment, Meeting investor needs, Capital, Interaction with client, Awareness of risk, Management of provisions for liabilities, Project planning and management, Input validation, Methodology and techniques, Assumption setting, Design, Expenses, Developing the cost and the price, Provisioning, Relationship between assets and liabilities, Maintaining profitability, Determining the expected results, Reporting actual results, Risk management, Asset management, Capital management, Surplus management, Mergers and acquisitions, Insolvency and closure, Options and guarantees, Monitoring, Principal terms.",,Completion and timeous submission of tutorial exercises. Sitting all class tests. An overall average of 40% for class work.,Tutorials and Tests 50%; End of year examinations (2x 3 hours) 50%,,197
2025,COM,School of Management Studies,BUS4028F,ACTUARIAL SCIENCE III: FINANCIAL ECONOMICS,21,8,E Maritz,4th year status in BBusSci (AcSci) or BBusSci (QF) – see Program Rules of BBusSci Actuarial Science – Rule FBC4. BComHons (AcSci / QF): As for progression to 4th year of BBusSci (AcSci / QF); or be in their second year of BComHons (AcSci / QF). Honours students not meeting the 60% requirement outlined in Rule FBC3.6 and FBC3.7 are required to defer registration for BUS4028F to their second year of registration.,"The course covers the behaviour of financial markets, measures of investments risk, asset return models, derivative pricing and liability valuation. Topics include: the efficient markets hypothesis, utility theory, behavioural economics, measures of investment risks, mean-variance portfolio theory, the capital asset pricing model, multi-factor models of asset returns, Brownian motion, ito calculus, stochastic models for security prices, models of the term structures of interest rates, simple models for credit risk, valuation of futures and options, ruin theory and run-off triangles.",,Completion of tutorials and tests with an average of 40%.,Tutorials 8%; Tests 32%; 3h15min written examination 42%; 1h45min computer- based examination 18%.,,198
2025,COM,School of Management Studies,BUS4029H,ACTUARIAL RESEARCH PROJECT,36,8,M Mdlekeza Co-requisites: Concurrent registration for BUS4028F (Actuarial Science III: Financial Economics).,,"The project course aims at equipping students with research skills, to empower students with paper writing skills and to equip students with ability to search for information online using e.g. library resources, Bloomberg and other sources. The project also aims at inculcating a sense of responsibility and discipline among students. Submissions will be checked for plagiarism and other research misconduct. The project process consists of a submission of proposal, a literature review, an initial draft of the final paper and the final paper. Except for the proposal, all the other submissions will be evaluated with the marks forming part of the final project mark.",,Passing the draft proposal by at least 4/10.,Course work 20%. Dissertation 80%. The literature Review will be marked out of 10 and the draft proposal will be marked out of 10. The final draft will be marked out of 100 but the overall mark = Literature Review Mark + Draft mark + 0.8* Final Mark.,,198
2025,COM,School of Management Studies,BUS4030H,ORGANISATIONAL PSYCHOLOGY RESEARCH PAPER,60,8,A Jaga,Students must be registered for BUS4006W (i.e. students must have been accepted into the 4th year/Honours degree for Organisational Psychology.),The aim of this component is to introduce students to research. Students who complete this component also will have a fundamental understanding of the ethics involved in the research process. Students form small research teams and are assigned to a supervisor. Regular meetings take place between supervisors and research teams. Deadlines for completion are set and have to be met at the different stages of the research process.,,Students must attend compulsory workshops and complete all assessments.,Each research submission has an assessment weighting. Together with the final research report these submissions make up the mark for BUS4030H. Students are required to obtain at least 50% for the research report. Students are required to pass both the coursework (BUS4006W) and the research (BUS4030H) components in order to be awarded the degree.,,198
2025,COM,School of Management Studies,BUS4034S,PROFESSIONAL COMMUNICATION (ACTUARIAL SCIENCE),27,8,C Kalil,"BUS2016H, BUS3018F and STA3041F. BUS3024S, STA3043S, STA3045F, BUS4028F.","The course develops theory and practice related to professional and business communication. It aims to enhance students’ ability to: plan and write business and professional document types with a focus on communicating actuarial science topics to various non-specialist audiences (e.g. traditional and electronic correspondence, reports and proposals); structure and deliver business presentations; design visual support for oral and written message; and work in teams to develop collaborative management and communication skills. Specific learning objectives are for effective: persuasion and argument; organisation, language and style for written business genres; use of visual aids, layout and formatting to enhance ease of access to information; planning and delivering persuasive presentations integrating visual aids; and collaborative management and communication for teaming.",,Submission of all assignments and participation in oral presentations; attendance at all compulsory lectures and workshops.,PCU component: semester course work and presentations (60%); 3-hour written examination [Paper 1] (40%). Students must achieve a sub-minimum of 40% for each component with an average of 50%. In addition there is a 3-hour written examination (Paper 2) for professional exemption (N211). The final BUS4034S mark will be weighted as follows: PCU final mark: 70%; N211 Paper 2: 30%.,,199
2025,COM,School of Management Studies,BUS4050H,STRATEGIC THINKING,18,8,M Hoffman,Completion of all special field courses up to the end of the third year (e.g. a Finance student must have completed all Finance courses). Students may register for BUS4050W only in the year in which they can potentially graduate.,"BUS4050W is the capstone course available only to final year Business Science students. The aim of BUS4050W is to develop, test and improve students’ strategic thinking ability and how they can apply this to business. This future-oriented and outcome-based course develops other types of thinking or competencies which include visionary thinking, contextual thinking, collaborative thinking and creative thinking. The course covers and concentrates on classic Strategic Management, Blue Ocean Strategy, Scenario Planning, and Business Models which will assist the students’ preparation for the world of work. Business case studies will be introduced and discussed to assess embedded knowledge at the end of each of the above mentioned topics.",,Completion of all coursework assessments.,Coursework 100%.,,199
2025,COM,School of Management Studies,BUS4052H,MARKETING RESEARCH PROJECT,36,8,TBA,"A student must be in his/her final year of study in the Business Science degree taking BUS4050W and BUS4026W and having completed BUS3041F, BUS3043S, BUS3008W and STA3022F.","Students will be required to undertake a scholarly research project in Marketing. Students will identify and develop a research project to investigate Marketing problems. The research involves the development of a research proposal, a review of the relevant literature, data collection and data analysis. Students report these in a thesis and present their findings to a panel of assessors and their peers. Guest lectures may be invited to provide practical Marketing Research Topics.",,Submission of all deliverables and attendance of all guest lectures.,"Various deliverables including a proposal (20%), literature review (40%), final report and manuscript (40%). There is no final exam for this course.",,200
2025,COM,School of Management Studies,BUS4053H,QUANTITATIVE FINANCE RESEARCH PROJECT,36,8,M Mdlekeza Co-requisites: Concurrent registration for BUS4028F (Actuarial Science III: Financial Economics).,,"The project course aims at equipping students with research skills, to empower students with paper writing skills and to equip students with ability to search for information online using e.g. library resources, Bloomberg and other sources. The project also aims at inculcating a sense of responsibility and discipline among students. Submissions will be checked for plagiarism and other research misconduct. The project process consists of a submission of proposal, a literature review, an initial draft of the final paper and the final paper. Except for the proposal, all the other submissions will be evaluated with the marks forming part of the final project mark.",,Passing the draft proposal by at least 4/10.,Course work 20%. Dissertation 80%. The literature Review will be marked out of 10 and the draft proposal will be marked out of 10. The final draft will be marked out of 100 but the overall mark = Literature Review Mark + Draft mark + 0.8* Final Mark.,,200
2025,COM,School of Management Studies,BUS4058F,STRATEGIC MARKETING MANAGEMENT,36,8,TBA,"Only available to 4th year Business Science marketing students, and having completed BUS3041F, BUS3043S and BUS3008W.","This course explores the field of strategic marketing and assumes market and stakeholder orientations. It seeks understanding of strategic analysis in general and customer, company and competitor analysis specifically. It then teaches the craft of strategy design from both prescriptive and descriptive perspectives. Therefore it includes both conventional and contemporary marketing strategy theories. The course concludes with approaches for strategy implementation and specific emphasis on marketing metrics, societal challenges and strategic control.",Tuesday 11h00 - 12h45 and Thursday: 12h00 - 12h45,"Students must obtain at least 50% for all class work (projects, assignments and tests) to be allowed to write the examination.","Projects, assignments and tests) 50%, Final examinations (3 hours) 50%. Consult the course outline for the weighting of assessment components. NELSON MANDELA SCHOOL OF PUBLIC GOVERNANCE As a multi-disciplinary centre, the Nelson Mandela School of Public Governance makes public service at the highest levels of leadership an aspiration for the rising generation. The School promotes the development of strategic public leadership, including a strong emphasis on public sector reform, accountability and trust in governance. There are four main components to the School’s activities:  Academic Programmes which include a Postgraduate Diploma, a part-time and full-time Master’s Degree and a PhD in Development Policy and Practice;  Executive short courses designed for public leaders and officials, international and national non-profit organisations, think tanks and the private sector;  The Building Bridges programme which brings together established and emerging public leaders, policymakers and experts from across Africa on key policy issues;  A research centre on governance and development. The School is housed in Linkoping House, Lower Campus. 27 Burg Road, Rondebosch. Phone (021) 650- 1420. The letter code for the School is GPP Email: zikhona.sikota@uct.ac.za Departmental website: http://www.nelsonmandelaschool.uct.ac.za/ Director and Professor: F Ismail, PhD (Politics) Manchester, MPhil (Development Studies) IDS - Sussex, BA and LLB Degrees UKZN Academic Director and Senior Lecturer: M Nxele, BBusSci (Economics) Cape Town, PGDip (Higher Education Studies) Cape Town, MPhil (International Economics) Paris Pantheon Sorbonne MCom (Economics Development) PhD (Development Policy and Practice) Cape Town, PhD (Economics) Paris Pantheon Sorbonne Associate Professor: R Govender, BA(Hons) Natal, MA New York University, MA & PhD California (specialising in Political Psychology, Survey Research Methodology and Advanced Quantitative Methods) Senior Lecturer: S Haricharan, BSc (Medical/Life Sciences) Witwatersrand, Advanced Diploma (Adult Education) Natal, MBA Cape Town, PhD School of Public Leadership Stellenbosch M Camerer, MA (Political Philosophy) Stellenbosch, MPhil (Comparative Social Research) Oxford, PhD (Political Studies) Witwatersrand D Rule, BBusSci (Marketing) MPhil (Programme Evaluation) DPhil (Social Development) Cape Town Academic Programmes Manager: E Moosa, NDip BTech MTech Cape Town Academic Programmes Co-ordinator: Z Sikota, BAdmin (Hons) MAdmin Western Cape Emeritus Professor: A Hirsch, BA Cape Town BA (Hon) Witwatersrand, MA CapeTown MPhil Columbia Adjunct Professors: L Msengana-Ndlela, MBL UNISA PhD Warwick A Gillwald, MPhil UKZN PhD Witwatersrand M Heywood, BA (Hons) Oxford (Balliol College), Masters PhD Witwatersrand T Tesfachew, BA (Economics) MA (Economics) Lancaster, MPhil (Development Economics) PhD (Economics)Sussex A Dipeolu, BSc Soc Sc (Economics) Ife, PGCert (Diplomatic Studies) Oxford , MPhil (Economics & Politics of Development)Cambridge, PhD (Economics) UNISA L Whitfield, BA (Economics) BA (Political Science) North Carolina, MPhil (Development Studies) DPhil (Politics) Oxford, Dr Scient.Soc Roskilde R Mattes, AB Youngstown, MA Delawre, PhD Illinois, Urbana-Champaign J Ferraz, DPhil (Political Science) Sussex J Javan, BA (International Relations) (International Relations – International Communications) Washington DC, PhD (Human Resources Development/Psychology and Public Policy) North Carolina K Lee, BA (Economics) Seoul, PhD (Economics) California Adjunct Associate Professors N Zalk, MSC, PhD London. M Altman, BA McGill, MPhil Cambridge, PhD Manchester. F Aggad, Diploma (Personal Leadership) Columbia, BAdmin (International Relations), BA Hons (International Relations), MA (International Relations) Pretoria Adjunct Senior Lecturers I Hoyaux, MBA France, Master in mathematics Unite Kingdom S Phillips, MM (Cum Laude) Witswatersrand, MSc, BEng (Hons) Warwick , PhD Witswatersrand MS Fakir, Masters London, B.Sc. (Hons) Witwatersrand, B.Sc. (Biological Science) R Dieng, BSc (Economics & Social Administration) Marseille, PG Cert (Academic Practice) Edinburgh, MA (International Cooperation & Development + Risks Management in Developing Countries) Masters (Political Science) Bordeaux, PhD (International Development) London G Kifukwe, BA Hons (Geography),MSc (Economy, Space and Society) Nottingham, Masters (Advanced Global Studies)Paris, PhD (Geography) Nottingham Honorary Professors: C Lopes, MPhil Geneva PhD Pantheon-Sorbonne T Manuel, NatDip Cape Town PhD Stellenbosch A Oqubay, PGDip (Manufacturing, Management & Technology-MMT) MBA Milton Keynes, MA (International Relations)Amsterdam, PhD (Development Studies) London R Davies, BCom, BCom (Economics) Rhodes , MSc (International Politics)Southampton, DPhil Sussex",,200
2025,COM,Nelson Mandela School of Public Governance,GPP4000W,RESEARCH AND POLICY NUMERACY,10,8,R Govender,Admission to the programme.,"The course is designed to help participants improve their skills in the treatment and analysis of quantitative data and the reporting of research results. It begins with an overview of primary concepts in sampling, measurement and data sources before proceeding to explore and apply various bivariate and multivariate analytic techniques to available data. The course is not a statistics course per se, but instead focuses on how statistical techniques may be applied to quantitative data to answer specific questions related to development policy, planning and practice. The techniques covered range from frequency and contingency analysis to correlation and simple and multiple linear regression.",,Attendance at lectures is compulsory except with the permission of the Head of Department.,"25% class participation, 75% Coursework. Submission of all assignments.",,202
2025,COM,Nelson Mandela School of Public Governance,GPP4001W,PUBLIC LEADERSHIP AND GOVERNANCE,20,8,S Haricharan & M Camerer,Admission to the programme.,"This course aims to equip students with skills, personal insight and inter-personal capabilities to enhance their effectiveness as leaders – within their organisations, across government, and at the interface between government, the private sector and civil society. Understanding the challenges facing leaders who promote public governance that supports a capable, ethical and developmental state is a key part of the course.",2 hours per week.,,Submission of all assignments and projects.,,203
2025,COM,Nelson Mandela School of Public Governance,GPP4003W,TOPICS IN DEVELOPMENT POLICY,20,8,S Haricharan,Admission to the programme.,"This course aims to equip students with cutting edge knowledge and tools in specialized areas of direct relevance to public sector leaders. At the beginning of the course, 3-4 subject areas will be introduced to all students by leading experts in each area, following which students will work in depth on one of these subject areas with the expert faculty.",,Attendance at lectures is compulsory except with the permission of the Head of Department.,Submission of all assignments and projects.,,203
2025,COM,Nelson Mandela School of Public Governance,GPP4004W,THE PRACTICE OF POLICY IMPLEMENTATION,25,8,F Ismail,Admission to the programme.,"The course and assignments focus students on implementation realities and dealing with complex public policy problems, and help students think about and experiment with an implementation approach suited to complex problems. The students learn about constructing and deconstructing policy problems (to bring these onto the policy agenda and to enable policy responses). They also learn about the many options available to policy makers (in terms of solutions) and how to explore different options, experiment, and learn about what works and why. Students also learn about building and maintaining their authorizing environment and building and growing the multi-agent groups that make policy happen. Students work actively during the time in class to produce a problem analysis and implementation protocol for a problem of their choosing and then spend three months iterating with ideas to enact this protocol. This allows learning by doing.",,Attendance at lectures is compulsory except with the permission of the Head of Department.,Submission of all assignments and projects.,,203
2025,COM,Nelson Mandela School of Public Governance,GPP4006F,THE PRACTICE OF STRATEGIC POLICY-MAKING FOR,20,8,M Nxele,Admission to the programme,"This course aims to equip students with knowledge and tools to identify, design and build support for priority development policies. The course will:  Provide a comparative overview of different approaches to development policy-making, across countries and over time;  Explore ways to identify a ‘good fit’ between policy design and a country’s economic, political and social context and institutions;  Anchor the learning in case studies, with an emphasis on South African, and other African examples; and  Provide a practical bridge between priority policy objectives in the student’s place of work and the knowledge and tools explored in the course",,Attendance at lectures is compulsory except with the permission of the Head of Department.,Submission of all assignments and projects.,DEVELOPMENT,203
2025,COM,Nelson Mandela School of Public Governance,GPP4008F,INTRODUCTION TO AFRICAN ECONOMIC DEVELOPMENT,10,8,C Lopes,Admission to the programme.,The purpose of this module is to help participants engage with the major concepts used in the analysis of economic development in Africa and to become familiar with some of the more important recent contributions to thinking about economic development that are relevant to Africa.,,Attendance at lectures is compulsory except with the permission of the Head of Department.,Submission of all assignments and projects.,,204
2025,COM,Nelson Mandela School of Public Governance,GPP5001F,STRATEGIC POLICYMAKING FOR DEVELOPMENT: ANALYSIS &,20,9,M Nxele,Honours degree or equivalent,"This course aims to equip participants with knowledge and tools to identify, design and build support for priority development policies. The course will:  Provide a comparative overview of different approaches to development policy-making, across countries and over time;  Explore ways to identify a ‘good fit’ between policy design and a country’s economic, political and social context and institutions;  Introduce and apply tools that can help build momentum for policy change by engaging multiple government and non-governmental stakeholders in the policy formulation process;  Anchor the learning in case studies, with an emphasis on South African, and other African, examples; and  Provide a practical bridge between priority policy objectives in the participant’s place of work and the knowledge and tools explored in the course;  Provide participants with methodological tools to evaluate current knowledge and data and facilitate the making of sound judgements on policy and implementation.",,Attendance at lectures is compulsory except with the permission of the Head of Department. Submission of all assignments is required (research papers).,No examinations. Two papers (each 50% of the course grade) that apply the knowledge and tools of the course.,PRACTICE,204
2025,COM,Nelson Mandela School of Public Governance,GPP5002S,POLICY IMPLEMENTATION,25,8,F Ismail,Honours degree or equivalent.,"This course aims to equip students with knowledge and tools to move from broad policy goals and strategies to the details of design and implementation that are key to development effectiveness. The course will:  Survey the multiple management functions that need to be addressed within the public sector (including budget planning; management of public expenditure and administration; procurement; parastatal governance);  Diagnose the strengths and weaknesses of public bureaucracies as instruments of implementing public policy;  Examine the potential of a variety of tools to enhance the transparency, accountability and effectiveness of public bureaucracies  Anchor the learning in case studies, with an emphasis on South African, and other African, examples; and  Provide a practical bridge between priority policy implementation challenges in their places of work and the knowledge and tools explored in the course.  Review key economic concepts, with a focus on their relevance for policymaking, and the governance of markets;  Explore the role and challenges of market regulation (e.g. utility regulation, environmental regulation, competition policy), with a focus on how economic reasoning can help guide regulatory design;  Provide continuing instruction in methodological tools to evaluate current knowledge and data and facilitate the making of sound judgements on policy and implementation.",,Attendance at lectures is compulsory except with the permission of the Head of Department.,100% coursework.. Submission of all assignments and projects.,,205
2025,COM,Nelson Mandela School of Public Governance,GPP5003W,PUBLIC LEADERSHIP AND GOVERNANCE,20,9,S Haricharan & M Camerer,Honours degree or equivalent,"The aim of the Public Leadership and Governance course is to support students in their leadership development journey through gaining insights into their beliefs, attitudes, and behaviours and contextual developmental realities in Africa and globally. The course is offered in two parts: the first part takes you on a journey of self and social-awareness in supporting your personal development and agency in effecting change in your management and leadership roles. Classes focuses on understanding self; emotional intelligence; transformational leadership; personal, interpersonal and organisational transformation; mindfulness; neuroleadership; COVID-19 and leadership; and public governance. The second part explores ethical leadership and public accountability with a focus on ethical awareness, ethical blindness and ethical decision-making, including whistleblowing. The interaction between individual and institutional integrity is examined in the light of a critical evaluation of current international efforts to counter corruption.The course introduces students to a range of relevant theories, conceptual frameworks, case studies, tools, and practices in class, supported by distance assignments and coaching.",,Attendance at lectures is compulsory except with the permission of the convener.,100% coursework. Submission of all assignments and projects.,,205
2025,COM,Nelson Mandela School of Public Governance,GPP5004W,DISCOURSES IN DEVELOPMENT POLICY IN AFRICA,20,9,F Ismail,Honours degree or equivalent.,"This course aims to provide students with the capacity to critically examine and evaluate development policies in Africa. Key subject areas include discourses in trade policies of South Africa and the African continent, including; regional integration, bilateral relations, global governance and the climate-development nexus in Africa. The subject areas will enable students to engage and participate in discourses on the challenges of African public institutions, and development policy formulation and implementation, with a primary focus on trade strategy formulation and negotiations at a bilateral, regional or multilateral level, and a secondary focus on the political economy of climate change, just transition, and the green economy, among other topical discourses.",,Attendance at lectures is compulsory except with the permission of the instructor.,Assessment will comprise the following: 100% coursework.,,206
2025,COM,Nelson Mandela School of Public Governance,GPP5005W,MINOR DISSERTATION 60 CREDIT,60,9,M Nxele,Completion of coursework.,"This is the final phase of the MPhil programme, in which the participant conducts research and submits a research dissertation of 20,000 words. The dissertation should demonstrate the participant’s ability to apply the material covered in the MPhil programme to a concrete development problem. It is desirable, though not required, that the dissertation address a development problem linked to the participant’s work experience. The dissertation generally should: •demonstrate mastery of the technical (economic and other) material relevant to the problem; •show an ability to diagnose the political, social and institutional environment within which the problem is embedded; •show an ability to assess how this environment influences what might be feasible options for addressing the problem; and •include and motivate a set of feasible technical and process proposals to address the problem.",,Submission of a written research proposal of length 3500 words and presentation and departmental approval of the research proposal and receipt of ethics approval (if applicable).,Dissertation will be examined - 100% written work.,,206
2025,COM,Nelson Mandela School of Public Governance,GPP5006F,RESEARCH DESIGN AND METHODS,24,9,R Govender,Honours degree or equivalent.,"This course prepares students for their thesis work by introducing them to the fundamental principles of research design and methodology in qualitative, quantitative and mixed methods research. It covers the following core areas: the philosophies of the major research paradigms, ethics, values and virtues in contemporary research, conducting research in institutional contexts, and research design and current methods of data collection, data analysis and report writing.",,Attendance at lectures is compulsory except with the permission of the Head of Department.,Coursework 100%.,,206
2025,COM,Nelson Mandela School of Public Governance,GPP5007F,GLOBAL LEADERSHIP PRIORITIES,15,9,F Ismail,Honours degree or equivalent.,"This multi-disciplinary course explores the intricate relationship between climate change and development on the African continent. It introduces students to various climate change-related topics that are prevalent in African policymaking circles and encourages students to also think about climate change critically through different disciplinary lenses. The primary objectives of this course are: (1) to introduce and help students understand African interests in climate change negotiations; (2) provide analytical tools and knowledge to help students understand different (and sometimes competing interests) of international players, especially global powers, in climate negotiations; and, (3) draw on different disciplines, such as economics, international relations, environmental science, and development studies, to provide students with a broad spectrum of knowledge that they can draw on to think critically about climate change and its impact on Africa’s development.",,Attendance at lectures is compulsory except with the permission of the instructor.,100% coursework.,,207
2025,COM,Nelson Mandela School of Public Governance,GPP5008W,TOPICS IN AFRICAN ECONOMIC DEVELOPMENT,10,8,C Lopes,Honours degree or equivalent.,"This course will help students navigate the challenges presented by an adverse global context and emerging megatrends when pursuing structural transformation. It will assess the opportunities offered by regional dimensions, modern-day industrialisation pitfalls and innovative sources of financing. Africa undoubtedly has great potential, so too is the size of the challenge that African leaders face as countries prepare to take their place in the future global economy. They must transform their economies in the context of a harsh global climate, where patterns of industrialisation have changed, characterised by an unfriendly trade environment, complex intellectual property rights, circumscribed policy space, and fractured internal structures. Case studies and in-depth analysis of uneven efforts at structural transformation will help illustrate the complexity of policy making.",,Attendance at lectures is compulsory except with the permission of the Head of Department.,100% Coursework.,,207
2025,COM,Nelson Mandela School of Public Governance,GPP5009W,RESEARCH DESIGN AND PROPOSAL DEVELOPMENT,15,9,M Nxele and R Govender,Honours degree or equivalent.,"The course is designed to equip students to carry out successful research for their research project. It builds on the previous courses focussing on research design and methodology for qualitative, quantitative and mixed methods research. This course will emphasize the development of the topic and research question to structure the design, execution and completion of research project. The course will also cover issues of ethics, research reporting and academic writing, and plagiarism. Teaching during the course will be through seminars, workshops and individual supervision, working towards the submission of a completed research proposal.",,Attendance at all seminars and workshops.,Submission of proposal of 3 500 words or less.,,207
2025,COM,Nelson Mandela School of Public Governance,GPP5010W,RESEARCH PROJECT,45,9,M Nxele M Nxele,Honours degree or equivalent. Honours degree or equivalent.,"This is the final phase of the Masters programme, in which the participant submits a research project written up in the form of a long paper up to 15 000 words. The research project should demonstrate the participant’s ability to apply the material covered in the Masters programme to a concrete development problem. It is desirable, though not required, that the research project address a development problem linked to the participants’ work experience. The objectives of the course are to (a) provide an orienting framework for achieving better development results by aligning policy choices and approaches to implementation with political and institutional realities; and, (b) provide an opportunity to apply the framework in addressing concrete development challenges of direct relevance to the participants’ country contexts. The course will argue that reforms need to be compatible with the incentives of a critical mass of influential actors, so that they have a stake in the reforms and are willing to champion them in the face of opposition from those who benefit from the pre-existing arrangements. The aim is to identify entry points through which to nudge things along, seeking incremental gains that can give rise to a cascading sequence of change for the better. The course thus aims to encourage the exploration of possibilities that respond creatively to the governance ambiguities of our early twenty-first century.",,"None Attendance at all sessions, and submission of all assignments",Final submission of Research Project 100% GPP5011F/S THE PRACTICE OF POLICY MAKING AND IMPLEMENTATION 30 NQF credits at NQF level 9 Coursework 100%,,208
2025,COM,Nelson Mandela School of Public Governance,GPP5012W,LEADERSHIP IN PUBLIC GOVERNANCE,26,9,S Haricharan and M Camerer,An NQF level 8 qualification in any discipline.,"The public service can be a turbulent and complex space demanding high levels of emotional intelligence, resilience and critical judgment, i.e. discretion. Public managers operate in a world of volatility, uncertainty, complexity, and ambiguity (VUCA) that challenge and frustrate them in developing and implementing public policy. In this transforming landscape, as illustrated by the COVID-19 pandemic, public leaders are expected to lead in adaptable, innovative and compassionate ways. The immersive and interactive course places emphasis on theory and practice related to emotional and social intelligence, neuro-leadership, integral theory, and mindfulness. Participants are supported to heighten their self- and social awareness towards achieving their personal growth plan, and directing their personal agency toward orchestrating change for public good. A key component of the course draws on case studies to explore ethical leadership and public accountability, in particular, ethical awareness, ethical blindness and ethical decision-making, including whistleblowing. The emerging theoretical focus on the interaction between individual and institutional integrity, is examined in the light of a critical evaluation of current international efforts to counter corruption.",,Attendance at lectures is compulsory; except with the permission of the convener.,"20% class participation, 80% Coursework. Submission of all assignments.",,208
2025,COM,Nelson Mandela School of Public Governance,GPP5013S,TOPICS IN AFRICAN ECONOMIC TRANSFORMATION,20,9,C Lopes,An NQF level 8 qualification in any discipline.,"This course will help students navigate the challenges presented by an adverse global context and emerging megatrends when pursuing structural transformation. It will assess the opportunities offered by regional dimensions, modern-day industrialisation pitfalls and innovative sources of financing. Africa undoubtedly has great potential, so too is the size of the challenge that African leaders face as countries prepare to take their place in the future global economy. They must transform their economies in the context of a harsh global climate, where patterns of industrialisation have changed, characterised by an unfriendly trade environment, complex intellectual property rights, circumscribed policy space, and fractured internal structures. Case studies and in-depth analysis of uneven efforts at structural transformation will help illustrate the complexity of policy making.",,Attendance at lectures is compulsory except with the permission of the convener,"50% class participation, 50% Assignments. Submission of all assignments.",,209
2025,COM,Nelson Mandela School of Public Governance,GPP5014S,INTERNATIONAL TRADE NEGOTIATIONS AND GLOBAL,20,9,F Ismail,An NQF level 8 qualification in any discipline,"The course aims to provide students with the capacity to critically examine and evaluate the trade policies of South Africa and the African continent. It will enable students to engage and participate in trade strategy formulation and negotiations at a bilateral, regional or multilateral level. Students acquire skills to advise governments, business organisations and regional and multilateral agencies on trade policies and trade diplomacy. The course provides students with an overview of the changing architecture of the global trading system and the role of Africa in global governance. The course provides students with the theoretical and practical tools to evaluate the unfolding regional integration process underway in Africa, with a focus on the African Continental Free Trade Area (AfCFTA) negotiations. South Africa’s role in the continent will be critically examined with a view to exploring how South Africa can play a developmental role that supports development integration. Africa’s trade relationships bilaterally with its main trading partners in the North (the EU and US) and the South (China and other developing countries) will be explored and analysed with the use of case studies and simulations. Africa’s role in the multilateral trading system is critically examined. The history and role of developing countries in the GATT/WTO will be critically discussed. A simulation of the negotiations on reform of the WTO will be undertaken to highlight the different perspectives between developing and developed countries.",,Attendance at lectures is compulsory except with the permission of the Head of Department. Students are required to write all tests; and to hand in all necessary individual assessments or reports.,"Final Examination: 50%, Test: 25%, Assignment: 25%",GOVERNANCE,209
2025,COM,Nelson Mandela School of Public Governance,GPP5016H,RESEARCH DESIGN AND QUALITATIVE METHODS,10,9,R Govender and D Rule,An NQF level 8 qualification in any discipline.,"The course will provide students with the foundational knowledge, skills and orientation to help them prepare for their thesis proposals and thesis research activity and writing. This course introduces students to the fundamental concepts and principles of research design and methods for application in their thesis research. It begins with an introduction to the philosophies of contemporary research paradigms and proceeds to learning the key methods of data collection, analysis and writing of qualitative research. Also included is a focus on ethics and values in research, and issues related to conducting research in institutional contexts.",,Class attendance and participation grade.,100% Coursework,,210
2025,COM,Nelson Mandela School of Public Governance,GPP6000W,THESIS IN DEVELOPMENT POLICY AND PRACTICE,360,10,R Govender J Mukuddem-Petersen,Acceptance to a PhD programme,"This is a research degree on an advanced topic under supervision. The Leadership and Communication course will provide students with the opportunity to explore the topic of personal and team leadership and effectiveness in communication. From a leadership perspective, the purpose of the course is not to provide a single, ‘correct’ perspective, but rather it is intended to be a catalyst for personal reflection and insight (mirroring-principle) into processes and concepts critical for managing oneself and team more effectively. From a communication point of view, the course will provide a key set of tools for greater efficacy in effective communication, a cornerstone of sound leadership.",,None Attendance at all contact sessions except with permission of the programme convener. Submission of assessments by the due date.,"100% Thesis GRADUATE SCHOOL OF BUSINESS The Graduate School of Business, formed in 1965, enrolled South Africa's first full-time Master of Business Administration students in 1966. It is located at the Breakwater Campus at the Victoria and Alfred Waterfront. The GSB offers the Master of Business Administration (MBA) degree, the MBA specialising in Executive Management (EMBA) degree, the Master of Commerce in Development Finance (MCom DF) degree, the Master of Philosophy specialising in Inclusive Innovation degree, the Postgraduate Diploma in Management Practice (customised/open) and a portfolio of executive short courses comprising open and in-company programmes. The full-time MBA and Executive MBA routinely attract a significant proportion of students from outside South Africa. Website: www.gsb.uct.ac.za. Telephone number: (021) 406-1911. Director of the GSB C Duggan, BA Brown PhD Stanford Professors: A Alhassan, BSc MPhil Ghana PhD Cape Town K April, Dip (Elec) Dip (LS) Wingfield BSc (Eng) BSc (Eng) MSc (Eng) HDE MBA Cape Town Cert (JProd) Nagoya PhD Cape Town S Gossel, MEI-CFII (FAA) CPL (CAA) Cert (IntFinAcc) Unisa MBA PhD Cape Town R Hamann, BSc BSc (Hons) MSc Cape Town PhD East AngliaH Parker, BSc (Eng) MBA PhD Cape Town J Luiz, BCom (Hons) MCom Witwatersrand PhD Stellenbosch M Samuelsson, BBA Mid Sweden MSc Gothenburg PhD Jönköping Emeritus Professors: W Baets, BSc MSc Antwerp PhD Warwick G Bick, BSc (Elec Eng) Cape Town BCom Unisa MBA Berkeley DPhil Johannesburg CM (SA) N Biekpe, BSc (Hons) Ghana MSc London PhD UK A Eberhard, BSc (Chem Eng) Cape Town BA PhD Edinburgh N Faull, BSc BEng(Mech Aero) Stellenbosch MSc(Air Transport Engineering) Cranfield MBA PhD Cape Town M Hall, MA PhD Cantab T Ryan, BSc (Eng) MBA Cape Town K Sewchurran, BSc Unisa BSc (Hons) MSc UKZN PhD Cape Town Associate Professors: J Auerbach, BSocSci Cape Town MSc Oxford PhD Stanford R Chivaka, BCom (Hons) NUSTR MSc Manchester PhD Cape Town C Ferreira, PhD Luleå S Giamporcaro, BA Toulouse II MA PhD Paris C Meyer, BA MA Bruxelles PhD Solvay J Mukuddem-Petersen, BSc Hons MSc PhD North West W Nilsson, AB (College Scholar) Cornell MBA Baltimore PhD McGill C Peter BSc Hons (Phys) Natal MSc PhD Cape Town K Ramaboa, MBusSc PhD Cape Town International Relations Tufts Senior Lecturers: J Ahlers, BA PDM Witwatersrand LRSM (Violin Teaching) RSCM MBA Cape Town R Albertus, BCom MBM Witwatersrand PhD Cape Town B Dharani, MBA PhD Cape Town C Feront, MSc Paris MPhil Stellenbosch PhD Cape Town M Kabinga, BA Zambia MA York (Canada) PhD Cape Town W Kruger, PhD Cape Town W Moodaley MBA Oxford T Mthanti, PhD Witwatersrand J Schueler, Dipl.-Wirt.-Ing. MBA Cape Town E Shelley, MBA Cape Town PhD Cape Town B Spatz, MSc Georgetown PhD Tufts A Surmeier, PhD Marburg B Zolfaghari, BSc Azad MA PhD Durham Adjunct Faculty: W Borchardt, BSc MSc PhD Cape Town R George, EMBA Cape Town L Kantor, MA PhD Cape Town C Kuo, MA Cape Town PhD St Andrews S Lewis, BA Cape Town MSEd SUNY MA Pittsburgh EMBA Cape Town P Malinga, EMBA Cape Town J McDonogh, BA Hons MPhil Cape Town G Northrop, BA Stanford MBA UCLA R Sandberg, PhD Karolinska C Schweer, BA Georgetown MBA INSEAD PhD Cape Town R Sha, EMBA Cape Town A Witten, PhD Harvard C van Niekerk, MBA Oxford Brookes MSc Oxford PhD Cape Town G van Vuuren, MCom Hons Cape Town PhD North-West GSB3002F/S LEADERSHIP AND COMMUNICATION 20 NQF credits at NQF level 7 The course is assessed by means of individual assignments and a final examination. In order to pass the course, students must obtain a DP and a minimum of 50% on individual assessment components.",,210
2025,COM,Graduate School of Business,GSB3002X,LEADERSHIP AND COMMUNICATION,20,7,J Mukuddem-Petersen,,"The Leadership and Communication course will provide students with the opportunity to explore the topic of personal and team leadership and effectiveness in communication. From a leadership perspective, the purpose of the course is not to provide a single, ‘correct’ perspective, but rather it is intended to be a catalyst for personal reflection and insight (mirroring-principle) into processes and concepts critical for managing oneself and team more effectively. From a communication point of view, the course will provide a key set of tools for greater efficacy in effective communication, a cornerstone of sound leadership.",,Attendance at all contact sessions except with permission of the programme convener. Submission of assessments by the due date.,"The course is assessed by means of individual assignments and a final examination. In order to pass the course, students must obtain a DP and a minimum of 50% on individual assessment components.",,212
2025,COM,Graduate School of Business,GSB3002Z,LEADERSHIP AND COMMUNICATION,20,7,J Mukuddem-Petersen J Mukuddem-Petersen,,"The Leadership and Communication course will provide students with the opportunity to explore the topic of personal and team leadership and effectiveness in communication. From a leadership perspective, the purpose of the course is not to provide a single, ‘correct’ perspective, but rather it is intended to be a catalyst for personal reflection and insight (mirroring-principle) into processes and concepts critical for managing oneself and team more effectively. From a communication point of view, the course will provide a key set of tools for greater efficacy in effective communication, a cornerstone of sound leadership. The economy is the environment of business. One of the prerequisites of doing well in business is to understand the environment that you are operating in. In this context there are a number of forces that act on business. Some are slow and often predictable. Others are sudden and very often unexpected. At the same time, while these forces play themselves out governments are also likely to react with a variety of policy changes. Hence the dual challenge for people in business is not only to position themselves to either take advantage of favourable economic conditions or take defensive action from negative economic shocks but also to anticipate the likely policy response on the part of government. In addition to this there can be quite dramatic differences in the economics experienced in developed economies compared to emerging markets. The course will explore some of these differences.",,Attendance at all contact sessions except with permission of the programme convener. Submission of assessments by the due date. Attendance at all contact sessions except with permission of the programme convener. Submission of assessments by the due date.,"The course is assessed by means of individual assignments and a final examination. In order to pass the course, students must obtain a DP and a minimum of 50% on individual assessment components. GSB3003F/S ECONOMICS OF EMERGING MARKETS 20 NQF credits at NQF level 7 The course is assessed by means of individual assignments and a final examination. In order to pass the course, students must obtain a DP and a minimum of 50% on individual assessment components.",,213
2025,COM,Graduate School of Business,GSB3003X,ECONOMICS OF EMERGING MARKETS,20,7,J Mukuddem-Petersen,,"The economy is the environment of business. One of the prerequisites of doing well in business is to understand the environment that you are operating in. In this context there are a number of forces that act on business. Some are slow and often predictable. Others are sudden and very often unexpected. At the same time, while these forces play themselves out governments are also likely to react with a variety of policy changes. Hence the dual challenge for people in business is not only to position themselves to either take advantage of favourable economic conditions or take defensive action from negative economic shocks but also to anticipate the likely policy response on the part of government. In addition to this there can be quite dramatic differences in the economics experienced in developed economies compared to emerging markets. The course will explore some of these differences.",,Attendance at all contact sessions except with permission of the programme convener. Submission of assessments by the due date.,"The course is assessed by means of individual assignments and a final examination. In order to pass the course, students must obtain a DP and a minimum of 50% on individual assessment components.",,213
2025,COM,Graduate School of Business,GSB3003Z,ECONOMICS OF EMERGING MARKETS,20,7,J Mukuddem-Petersen,,"The economy is the environment of business. One of the prerequisites of doing well in business is to understand the environment that you are operating in. In this context there are a number of forces that act on business. Some are slow and often predictable. Others are sudden and very often unexpected. At the same time, while these forces play themselves out governments are also likely to react with a variety of policy changes. Hence the dual challenge for people in business is not only to position themselves to either take advantage of favourable economic conditions or take defensive action from negative economic shocks but also to anticipate the likely policy response on the part of government. In addition to this there can be quite dramatic differences in the economics experienced in developed economies compared to emerging markets. The course will explore some of these differences.",,Attendance at all contact sessions except with permission of the programme convener. Submission of assessments by the due date.,"The course is assessed by means of individual assignments and a final examination. In order to pass the course, students must obtain a DP and a minimum of 50% on individual assessment components.",,214
2025,COM,Graduate School of Business,GSB3004F,FINANCE AND ACCOUNTING MANAGEMENT,20,7,J Mukuddem-Petersen J Mukuddem-Petersen,,"This course focuses on developing literacy in matters pertaining to accounting and finance. In the first half, students are taught to read, understand and interpret financial statements. It will equip students with the skills to appreciate the role of accounting in making decisions and controlling and planning the operations of an organisation, and to interpret and use financial information for decision-making purposes. In the second half, the course explores how good financial management lies at the heart of a successful and sustainable business. Students are introduced to standard finance techniques and concepts that are useful in the practice of financial management across a range of business areas. In addition to equipping the student with a set of analytical tools and frameworks relevant to project assessment and cash flow management, the course also looks at the links between a company’s investment and financing decisions. This course focusses on developing literacy in matters pertaining to accounting and finance. In the first half, students are taught to read, understand and interpret financial statements. It will equip students with the skills to appreciate the role of accounting in making decisions and controlling and planning the operations of an organisation, and to interpret and use financial information for decision- making purposes. In the second half, the course explores how good financial management lies at the heart of a successful and sustainable business. Students are introduced to standard finance techniques and concepts that are useful in the practice of financial management across a range of business areas. In addition to equipping the student with a set of analytical tools and frameworks relevant to project assessment and cash flow management, the course also looks at the links between a company’s investment and financing decisions.",,Attendance at all contact sessions except with permission of the programme convener. Submission of assessments by the due date. Attendance at all contact sessions except with permission of the programme convener. Submission of assessments by the due date.,"The course is assessed by means of individual assignments and a final examination. In order to pass the course, students must obtain a DP and a minimum of 50% on individual assessment components. GSB3004F/S FINANCE AND ACCOUNTING MANAGEMENT 20 NQF credits at NQF level 7 The course is assessed by means of individual assignments and a final examination. In order to pass the course, students must obtain a DP and a minimum of 50% on individual assessment components.",,214
2025,COM,Graduate School of Business,GSB3004X,FINANCE AND ACCOUNTING MANAGEMENT,20,7,J Mukuddem-Petersen,,"This course focuses on developing literacy in matters pertaining to accounting and finance. In the first half, students are taught to read, understand and interpret financial statements. It will equip students with the skills to appreciate the role of accounting in making decisions and controlling and planning the operations of an organisation, and to interpret and use financial information for decision-making purposes. In the second half, the course explores how good financial management lies at the heart of a successful and sustainable business. Students are introduced to standard finance techniques and concepts that are useful in the practice of financial management across a range of business areas. In addition to equipping the student with a set of analytical tools and frameworks relevant to project assessment and cash flow management, the course also looks at the links between a company’s investment and financing decisions.",,Attendance at all contact sessions except with permission of the programme convener. Submission of assessments by the due date.,"The course is assessed by means of individual assignments and a final examination. In order to pass the course, students must obtain a DP and a minimum of 50% on individual assessment components.",,215
2025,COM,Graduate School of Business,GSB3004Z,FINANCE AND ACCOUNTING MANAGEMENT,20,7,J Mukuddem-Petersen J Mukuddem-Petersen,,"This course focuses on developing literacy in matters pertaining to accounting and finance. In the first half, students are taught to read, understand and interpret financial statements. It will equip students with the skills to appreciate the role of accounting in making decisions and controlling and planning the operations of an organisation, and to interpret and use financial information for decision-making purposes. In the second half, the course explores how good financial management lies at the heart of a successful and sustainable business. Students are introduced to standard finance techniques and concepts that are useful in the practice of financial management across a range of business areas. In addition to equipping the student with a set of analytical tools and frameworks relevant to project assessment and cash flow management, the course also looks at the links between a company’s investment and financing decisions. The marketing course focuses on three broad topics: understanding the nature and scope of marketing, analysing marketing opportunities (to facilitate identifying and selecting target markets), and developing and implementing marketing strategies in a particular context. This course introduces fundamental and advanced analytical approaches, tools and techniques that marketers use in their work. Students are required to draw systematically from the body of knowledge and to apply their learning to a complex problem or organisation. Hence the course emphasizes conceptual and practical issues, primarily through the use of case study discussions and interactive lectures.",,Attendance at all contact sessions except with permission of the programme convener. Submission of assessments by the due date. Attendance at all contact sessions except with permission of the programme convener. Submission of assessments by the due date.,"The course is assessed by means of individual assignments and a final examination. In order to pass the course, students must obtain a DP and a minimum of 50% on individual assessment components. GSB3005F/S MARKETING MANAGEMENT 15 NQF credits at NQF level 7 The course is assessed by means of individual assignments and a final examination. In order to pass the course, students must obtain a DP and a minimum of 50% on individual assessment components.",,215
2025,COM,Graduate School of Business,GSB3005X,MARKETING MANAGEMENT,15,7,J Mukuddem-Petersen,,"The marketing course focuses on three broad topics: understanding the nature and scope of marketing, analysing marketing opportunities (to facilitate identifying and selecting target markets), and developing and implementing marketing strategies in a particular context. This course introduces fundamental and advanced analytical approaches, tools and techniques that marketers use in their work. Students are required to draw systematically from the body of knowledge and to apply their learning to a complex problem or organisation. Hence the course emphasizes conceptual and practical issues, primarily through the use of case study discussions and interactive lectures.",,Attendance at all contact sessions except with permission of the programme convener. Submission of assessments by the due date.,"The course is assessed by means of individual assignments and a final examination. In order to pass the course, students must obtain a DP and a minimum of 50% on individual assessment components.",,216
2025,COM,Graduate School of Business,GSB3005Z,MARKETING MANAGEMENT,15,7,J Mukuddem-Petersen J Mukuddem-Petersen,,"The marketing course focuses on three broad topics: understanding the nature and scope of marketing, analysing marketing opportunities (to facilitate identifying and selecting target markets), and developing and implementing marketing strategies in a particular context. This course introduces fundamental and advanced analytical approaches, tools and techniques that marketers use in their work. Students are required to draw systematically from the body of knowledge and to apply their learning to a complex problem or organisation. Hence the course emphasizes conceptual and practical issues, primarily through the use of case study discussions and interactive lectures. The HRM course covers three main themes: The Individual in the Organisation, High Performance work practices and Leading and Managing People. The course will provide an overall organisational approach to people management strategies. The first theme sets the context by creating a rationale and frame for the course. Centring on the changing world of work, it examines the different assumptions about people, their motivation, how they work and what they want out of their experiences. The second and final themes illustrate how organisations go about leading and managing their employees also focussing on the specific practices within organisations that can assist them in being more effective.",,Attendance at all contact sessions except with permission of the programme convener. Submission of assessments by the due date. Attendance at all contact sessions except with permission of the programme convener. Submission of assessments by the due date.,"The course is assessed by means of individual assignments and a final examination. In order to pass the course, students must obtain a DP and a minimum of 50% on individual assessment components. GSB3006F/S HUMAN RESOURCES MANAGEMENT 15 NQF credits at NQF level 7 The course is assessed by means of individual assignments and a final examination. In order to pass the course, students must obtain a DP and a minimum of 50% on individual assessment components.",,216
2025,COM,Graduate School of Business,GSB3006X,HUMAN RESOURCES MANAGEMENT,15,7,J Mukuddem-Petersen,,"The HRM course covers three main themes: The Individual in the Organisation, High Performance work practices and Leading and Managing People. The course will provide an overall organisational approach to people management strategies. The first theme sets the context by creating a rationale and frame for the course. Centring on the changing world of work, it examines the different assumptions about people, their motivation, how they work and what they want out of their experiences. The second and final themes illustrate how organisations go about leading and managing their employees also focussing on the specific practices within organisations that can assist them in being more effective.",,Attendance at all contact sessions except with permission of the programme convener. Submission of assessments by the due date.,"The course is assessed by means of individual assignments and a final examination. In order to pass the course, students must obtain a DP and a minimum of 50% on individual assessment components.",,217
2025,COM,Graduate School of Business,GSB3006Z,HUMAN RESOURCES MANAGEMENT,15,7,J Mukuddem-Petersen J Mukuddem-Petersen,,"The HRM course covers three main themes: The Individual in the Organisation, High Performance work practices and Leading and Managing People. The course will provide an overall organisational approach to people management strategies. The first theme sets the context by creating a rationale and frame for the course. Centring on the changing world of work, it examines the different assumptions about people, their motivation, how they work and what they want out of their experiences. The second and final themes illustrate how organisations go about leading and managing their employees also focussing on the specific practices within organisations that can assist them in being more effective. The Operations course equips students to understand, plan, and control many large processing systems that form the core of manufacturing and service organizations. Operations management principles are equally applicable in managing manufacturing and service organizations. Fast, low-cost, accurate, and uniform operations are important in service areas such as health services, government, transportation, retail, fast-food franchises, airlines, insurance, and banking, among others.",,Attendance at all contact sessions except with permission of the programme convener. Submission of assessments by the due date. Attendance at all contact sessions except with permission of the programme convener. Submission of assessments by the due date.,"The course is assessed by means of individual assignments and a final examination. In order to pass the course, students must obtain a DP and a minimum of 50% on individual assessment components. GSB3007F/S OPERATIONS MANAGEMENT 15 NQF credits at NQF level 7 The course is assessed by means of individual assignments and a final examination. In order to pass the course, students must obtain a DP and a minimum of 50% on individual assessment components.",,217
2025,COM,Graduate School of Business,GSB3007S,OPERATIONS MANAGEMENT,15,7,J Mukuddem-Petersen,,"The Operations course equips students to understand, plan, and control many large processing systems that form the core of manufacturing and service organizations. Operations management principles are equally applicable in managing manufacturing and service organizations. Fast, low-cost, accurate, and uniform operations are important in service areas such as health services, government, transportation, retail, fast-food franchises, airlines, insurance, and banking, among others.",,Attendance at all contact sessions except with permission of the programme convener. Submission of assessments by the due date.,"The course is assessed by means of individual assignments and a final examination. In order to pass the course, students must obtain a DP and a minimum of 50% on individual assessment components.",,218
2025,COM,Graduate School of Business,GSB3007X,OPERATIONS MANAGEMENT,15,7,J Mukuddem-Petersen,,"The Operations course equips students to understand, plan, and control many large processing systems that form the core of manufacturing and service organizations. Operations management principles are equally applicable in managing manufacturing and service organizations. Fast, low-cost, accurate, and uniform operations are important in service areas such as health services, government, transportation, retail, fast-food franchises, airlines, insurance, and banking, among others.",,Attendance at all contact sessions except with permission of the programme convener. Submission of assessments by the due date.,"The course is assessed by means of individual assignments and a final examination. In order to pass the course, students must obtain a DP and a minimum of 50% on individual assessment components.",,218
2025,COM,Graduate School of Business,GSB3007Z,OPERATIONS MANAGEMENT,15,7,J Mukuddem-Petersen,,"The Operations course equips students to understand, plan, and control many large processing systems that form the core of manufacturing and service organizations. Operations management principles are equally applicable in managing manufacturing and service organizations. Fast, low-cost, accurate, and uniform operations are important in service areas such as health services, government, transportation, retail, fast-food franchises, airlines, insurance, and banking, among others.",,Attendance at all contact sessions except with permission of the programme convener. Submission of assessments by the due date.,"The course is assessed by means of individual assignments and a final examination. In order to pass the course, students must obtain a DP and a minimum of 50% on individual assessment components.",,219
2025,COM,Graduate School of Business,GSB3008F,STRATEGY AND INNOVATION LAB,15,7,J Mukuddem-Petersen J Mukuddem-Petersen,,"This course is structured as a lab that builds on the conceptual material taught in all the core courses. It is opened with an introduction to Strategy and then emphasizes practical application of innovation concepts in real-world contexts. The strategy component will introduce students to the fundamental principles and concepts of strategic thinking and management. It will provide the opportunity for students to develop the necessary skills for strategic thinking and analysis. Students will learn about business and corporate strategy formulation relevant to the macro-environment and industry, as well as the competitive drivers which face organisations. They will also learn about the role that purpose, resources, and capabilities play in strategy formation and implementation, with the main purpose of this course being to develop rigour and confidence in strategic thinking. Students are then immersed in the world of designing creative, sustainable processes towards change using multiple learning strategies that can be customized for each student. This course is structured as a lab that builds on the conceptual material taught in all the core courses. It is opened with an introduction to Strategy and then emphasizes practical application of innovation concepts in real-world contexts. The strategy component will introduce students to the fundamental principles and concepts of strategic thinking and management. It will provide the opportunity for students to develop the necessary skills for strategic thinking and analysis. Students will learn about business and corporate strategy formulation relevant to the macro-environment and industry, as well as the competitive drivers which face organisations. They will also learn about the role that purpose, resources, and capabilities play in strategy formation and implementation, with the main purpose of this course being to develop rigour and confidence in strategic thinking. Students are then immersed in the world of designing creative, sustainable processes towards change using multiple learning strategies that can be customized for each student.",,Attendance at all contact sessions except with permission of the programme convener. Submission of assessments by the due date. Attendance at all contact sessions except with permission of the programme convener. Submission of assessments by the due date.,"The course is assessed by means of individual assignments and a final examination. In order to pass the course, students must obtain a DP and a minimum of 50% on individual assessment components. GSB3008F/S STRATEGY AND INNOVATION LAB 15 NQF credits at NQF level 7 The course is assessed by means of individual assignments and a final examination. In order to pass the course, students must obtain a DP and a minimum of 50% on individual assessment components.",,219
2025,COM,Graduate School of Business,GSB3008X,STRATEGY AND INNOVATION LAB,15,7,J Mukuddem-Petersen,,"This course is structured as a lab that builds on the conceptual material taught in all the core courses. It is opened with an introduction to Strategy and then emphasizes practical application of innovation concepts in real-world contexts. The strategy component will introduce students to the fundamental principles and concepts of strategic thinking and management. It will provide the opportunity for students to develop the necessary skills for strategic thinking and analysis. Students will learn about business and corporate strategy formulation relevant to the macro-environment and industry, as well as the competitive drivers which face organisations. They will also learn about the role that purpose, resources, and capabilities play in strategy formation and implementation, with the main purpose of this course being to develop rigour and confidence in strategic thinking. Students are then immersed in the world of designing creative, sustainable processes towards change using multiple learning strategies that can be customized for each student.",,Attendance at all contact sessions except with permission of the programme convener. Submission of assessments by the due date.,"The course is assessed by means of individual assignments and a final examination. In order to pass the course, students must obtain a DP and a minimum of 50% on individual assessment components.",,220
2025,COM,Graduate School of Business,GSB3008Z,STRATEGY AND INNOVATION LAB,15,7,J Mukuddem-Petersen,,"This course is structured as a lab that builds on the conceptual material taught in all the core courses. It is opened with an introduction to Strategy and then emphasizes practical application of innovation concepts in real-world contexts. The strategy component will introduce students to the fundamental principles and concepts of strategic thinking and management. It will provide the opportunity for students to develop the necessary skills for strategic thinking and analysis. Students will learn about business and corporate strategy formulation relevant to the macro-environment and industry, as well as the competitive drivers which face organisations. They will also learn about the role that purpose, resources, and capabilities play in strategy formation and implementation, with the main purpose of this course being to develop rigour and confidence in strategic thinking. Students are then immersed in the world of designing creative, sustainable processes towards change using multiple learning strategies that can be customized for each student.",,Attendance at all contact sessions except with permission of the programme convener. Submission of assessments by the due date.,"The course is assessed by means of individual assignments and a final examination. In order to pass the course, students must obtain a DP and a minimum of 50% on individual assessment components. COMMERCE 220 THE FACULTY OF COMMERCE DEPARTMENT OF COMMERCIAL LAW",,220
2025,COM,Commercial Law,CML1001F,BUSINESS LAW I,18,5,K Lehmann,,"The purpose of the course is to provide students with a general introduction to the South African legal system, with its main focus the law of contract. The course starts with an overview of the South African court structure and contemporary sources and branches of South African law, and also introduces students to the Constitution and the impact that it continues to have on legal development. The course then provides students with a general but comprehensive introduction to the general principles of contract, focusing on formation of contracts, the content of contracts, breach of contract and remedies for breach. The course also aims to provide students with an introduction to certain specific contracts, most notably contracts of sale, lease and agency. The general principles of contract are supplemented by a consideration of legislation, in particular the provisions of the Consumer Protection Act, where relevant.","The course is an intensive one, with 5 contact periods per week for the full semester.",Coursework is compulsory. If the student does not submit hand-ins or write a test the student will receive a mark of 0 for that assessment (unless granted an exemption). But the student will be able to write the exam.,Coursework 40%; final examination 60%,,221
2025,COM,Commercial Law,CML1004S,BUSINESS LAW I,18,5,B Zungu,None,"The purpose of the course is to provide students with a general introduction to the South African legal system, with its main focus the law of contract. The course starts with an overview of the South African court structure and contemporary sources and branches of South African law, and also introduces students to the Constitution and the impact that it continues to have on legal development. The course then provides students with a general but comprehensive introduction to the general principles of contract, focusing on formation of contracts, the content of contracts, breach of contract and remedies for breach. The course also aims to provide students with an introduction to certain specific contracts, most notably contracts of sale, lease and agency. The general principles of contract are supplemented by a consideration of legislation, in particular the provisions of the Consumer Protection Act, where relevant.","The course is an intensive one, with 5 contact periods per week for the full semester.",Coursework is compulsory. If the student does not submit hand-ins or write a test the student will receive a mark of 0 for that assessment (unless granted an exemption). But the student will be able to write the exam.,Coursework 40%; final examination 60%. COMMERCE 221,,221
2025,COM,Commercial Law,CML2001F,COMPANY LAW,18,6,Dr M Maphiri,Business Law 1 and no undergraduate student in his/her first year of study may register for Company Law.,"The course offers an overview of the laws that govern the nature, formation, and management of partnerships, trusts, companies and close corporations with the main focus being on companies. Students are encouraged to apply the analytical abilities acquired in previous law courses and these skills are further developed. After the course students will be able to, amongst others, navigate the Companies Act 71 of 2008 and will be familiar with its core provisions and their practical impact.",The course is an intensive one with 5 contact periods per week for the full semester.,Coursework is compulsory. If the student does not submit hand-ins or write a test the student will receive a mark of 0 for that assessment (unless granted an exemption). But the student will be able to write the exam.,Coursework 40%; final examination 60%.,,222
2025,COM,Commercial Law,CML2005F,LABOUR LAW,18,6,L Mkhwanazi,"No undergraduate student in his/her first year of study may take Labour Law. It is recommended that students have passed a foundation course in law, e.g. Business Law I.",This course aims to provide students with an understanding of the common law contract of employment and labour law statutes; including the Labour Relations Act; Basic Conditions of the Employment Act; and the Employment Equity Act. The course will specifically focus on the following issues that commonly arise in the workplace: the legal definition of ‘employee’; discipline and dismissals; unfair labour practices; unfair discrimination in employment and recruitment and selection; employment equity issues; collective bargaining; strikes and lock-outs; and dispute resolution.,"This course is an intensive one, with 3 lectures per week for the full semester.",Coursework is compulsory. If the student does not submit hand-ins or write a test the student will receive a mark of 0 for that assessment (unless granted an exemption). But the student will be able to write the exam.,Coursework 40%; final examination 60%.,,222
2025,COM,Commercial Law,CML2010Z,BUSINESS LAW II,12,6,*J Franco,Business Law I. No undergraduate student in the first year of study may register for Business Law II. Co-requisites: None,"Business law 2 is designed to give students an understanding of commercial transactions, how they are financed, and the risks involved. The course covers insolvency, credit agreements, stokvels and the various forms of security that can be used to finance commercial transactions. By the end of the course, students should have an appreciation of the types of legal issues that commonly arise in financing transactions – how creditors can best secure themselves in the event of non-payment and ultimately the risk of insolvency and how debtors are protected under the National Credit Act. The course also covers public sector financial management, looking specifically at the legal obligations set out in the Public Finance Management Act 1999 and the Municipal Finance Management Act 2003 and related laws. COMMERCE 222",The course is an intensive one with 5 contact periods per week for 8 weeks in Semester 2.,Writing the test is compulsory. If a student does not write the test and does not get an exemption then the student will be marked absent and awarded 0 for the test. But the student will be able to write the exam.,Coursework 30% and final examination 70%,,222
2025,COM,Commercial Law,CML4607F,LAW FOR ENGINEERS,10,8,B Zungu,This course is only available to BSc(Eng) Electrical Engineering; BSc(Eng) Electrical and Computer Engineering and BSc(Eng) Mechatronics students.,"The course is designed to give students a general understanding of the legal issues they will face in their engineering careers and to enable them to act professionally and ethically. The course gives an overview of the South African legal system, and then provides a general but comprehensive synopsis of the law of contract, labour law, corporate governance and the various entities which can be used for conducting business and the legal implications of each. In addition students are given an introduction to intellectual property. By the end of the term students should have an appreciation of the types of issues and risks that commonly arise in the socio-legal context of engineering practice.",There are 4 contact sessions per week in this intensive course.,Completion of assignment and class test is compulsory. If the student does not submit the assignment or write the test the student will receive 0 for that assessment (unless granted an exemption). But the student will be able to write the exam.,"Assignment (20%), Class test (20%), Exam (60%) SUMMER TERM SERVICE COURSES Admission Criteria: The following courses will be limited to a maximum of 75 students. Once this number has been reached, no further students will be registered for the course. Note: A first year student may not do a law course during Summer Term. Note: Students may not anticipate a course in order to lighten their standard workload In addition to the above, only the following students are eligible to do these law courses in Summer Term: a) Semester Study Abroad Students (from UCT), registered in the Commerce Faculty who need the course to graduate in the current year; b) Construction Studies students who require Business Law I as a prerequisite for CON3032W and who already have a full credit load and which could impact on their graduation; c) Students for whom the course is the only course required in order to graduate (i.e. it is the only scheduled course outstanding for the degree); d) Students who require the course in order to graduate in the current year of study and who are already carrying a normal scheduled workload. Note: In the event of an over-subscription students may have to be de-registered for the course and preference will be given to students in the order of the above categories i.e. first group (a), second group (b) and so on. Students must register by 1 October and will be notified by the end of October if they are to de-register. But students in categories (c) and (d) may register up to 15 December. Note: A course will only run if a minimum of 45 students register for the course – if fewer students register, the course will be withdrawn due to insufficient demand. The authority and responsibility for administering the admission criteria and registering students on the Summer Term programme rests with each student’s home faculty. COMMERCE 223 STUDENTS MUST STATE WHICH CATEGORY (a-d) THEY FALL INTO WHEN REGISTERING.",,223
2025,COM,Commercial Law,CML1001P,BUSINESS LAW I - SUMMER TERM,18,5,TBA,None,Refer to course outline for CML1001F/CML1004S.,Lectures are offered on a daily basis for three hours over a four-week period.,Writing the test is compulsory. If a student does not write the test and does not get an exemption then the student will be marked absent and awarded 0 for the test. But the student will be able to write the exam.,Test 40%; final examination 60%.,,224
2025,COM,Commercial Law,CML2001P,COMPANY LAW - SUMMER TERM,18,6,TBA,"No undergraduate student in the first year of study may register for Company Law. Business Law I is a prerequisite for Company Law, and students cannot register for Company Law unless they successfully completed Business Law I in the previous year of study.",Refer to course outline for CML2001F.,Lectures are offered on a daily basis for three hours over a four-week period,Writing the test is compulsory. If a student does not write the test and does not get an exemption then the student will be marked absent and awarded 0 for the test. But the student will be able to write the exam.,Test 40%; final examination 60%.,,224
2025,COM,Commercial Law,CML2005P,LABOUR LAW - SUMMER TERM,18,6,TBA,"No undergraduate student in his/her first year of study may take Labour Law. It is recommended that students have passed a foundation course in law, e.g. Business Law I.",Refer to course outline for CML2005F.,Lectures are offered on a daily basis for three hours over a four-week period.,Writing the test is compulsory. If a student does not write the test and does not get an exemption then the student will be marked absent and awarded 0 for the test. But the student will be able to write the exam,Test 40%; final examination 60%,,224
2025,COM,Commercial Law,CML2010P,BUSINESS LAW II - SUMMER TERM,12,6,TBA,Business Law I. No undergraduate student in the first year of study may register for Business Law II.,Refer to course outline for CML 2010Z.,Lectures are offered on a daily basis for three hours over a four-week period. COMMERCE 224,Writing the test is compulsory. If a student does not write the test and does not get an exemption then the student will be marked absent and awarded 0 for the test. But the student will be able to write the exam.,Test 30% and final examination 70%.,,224
2025,COM,Commercial Law,CML3001W,CORPORATION LAW,36,7,Dr S Phungula and Dr M Maphiri,All Preliminary Level courses to have been completed.,"The course will provide an overview of the law governing various structures available for the carrying on of business and will then focus on the general principles of Company Law, the provisions of the Companies Act 71 of 2008, corporate governance and corporate law reform.",,Please refer to the course handout and/or the intermediate year schedule.,"Optional essay/opinion 20%, mid-year test (compulsory) 30%. Examination 50% (if essay/opinion submitted) or 60% (if no essay/opinion submitted)","Intermediate Level, whole course, 72 lectures and tutorials.",225
2025,COM,Commercial Law,CML4004S,LABOUR LAW,18,8,Professor R Le Roux,All Preliminary and Intermediate Level courses to have been completed.,"The aims of this course are to develop an understanding of the purpose and function of labour law and the industrial legislation framework, and to examine and analyse the role of the common law; basic conditions of employment; unfair dismissal; the institutions of collective bargaining and participative decision-making, statutory and non-statutory dispute resolution as well as discrimination and equity in employment.",,Completion of all work required of the class and attendance at all tutorials.,Coursework 40% November examination 60%,"Final Level course, half course, second semester",225
2025,COM,Commercial Law,CML4006W,COMMERCIAL TRANSACTIONS LAW,36,8,B Zungu,"All Preliminary and Intermediate Level courses to have been completed. Objective: The course covers principles of the law of agency, sale, lease, credit agreements, insurance, secured transactions and insolvency. Aspects of consumer protection, financial inclusion, and financial technology will also be covered.",,,None,"One compulsory class test in June, 30%; One optional written assignment, 20%; One November examination, 50% or 70%. The material tested in June will not be examined directly in the final examination but students will be expected to be familiar with that material for the final examination. If a student elects to do the assignment option, the proportion of that student's examination mark to the overall final mark for the course will be adjusted accordingly. Refer to the course outline distributed at the beginning of the year for further details. Coursework 30% or 50% Final Examination 70% or 50% COMMERCE 225","Final Level, whole year course, six small group teaching sessions and 72 lectures.",225
2025,COM,Commercial Law,CML4501F,DISPUTE RESOLUTION,9,8,*M Carels,All Preliminary and Intermediate Level courses to have been completed. The course is limited to 24 students; application (with motivation) to do the course must be directed to Monique Carels by 31 October.,"The nature and path of conflict; approaches to managing conflict; positional and interest-based negotiation; defining the process of mediation; the stages of mediation; specialised forms of mediation; comparing adjudication and mediation, arbitration: the forms of arbitration and the defining characteristics and dispute system design.",,None,"Reflective journal: 25%, Class test: 25%, May/June examination: 50%","(Not offered in 2025) Final Level, half course, first semester, two lectures per week.",226
2025,COM,Commercial Law,CML4502F,INSURANCE LAW,9,8,S Mesthrie,All Preliminary and Intermediate Level courses to have been completed.,"This course will serve as a complement to the discussion on insurance in Commercial Transactions Law (CML4006W), for those with a deeper interest in the subject. Both capital and indemnity insurance will be discussed. The course seminars will focus on specific topics (which may vary from year to year) and will provide deeper context and detail on South African insurance law than there is time for in Commercial Transactions Law.",,Satisfactory attendance at and participation in lectures.,Coursework 3000 word assignment (compulsory) 30%; Presentation on a topic of choice (voluntary) 20%; June examination 50% (if presentation) 70% (if no presentation).,"(Not offered in 2025) Final Level, half course, first semester, two lectures per week.",226
2025,COM,Commercial Law,CML4503F,COPYRIGHT & PATENTS,9,8,Associate Professor L-A Tong,All Preliminary and Intermediate Level courses to have been completed.,"This course provides an introduction to two of the main intellectual property rights, namely copyright and patents. This is done primarily from a South African perspective. In addition to covering the principles of copyright and patent law, the course provides an opportunity for students to explore topical issues related to these intellectual property rights. The effect of intellectual property rights on access to medicines and educational materials, and the protection of traditional knowledge, are examples of such issues. Students are encouraged to also register for CML4504S Trade Marks & Unlawful Competition in order to gain a more comprehensive exposure to intellectual property law.",,None,"Coursework: 40%, 60% capstone assignment/examination COMMERCE 226","Final Level, half course, first semester, two lectures per week.",226
2025,COM,Commercial Law,CML4504S,TRADE MARKS & UNLAWFUL COMPETITION,9,8,Associate Professor L-A Tong,All Preliminary and Intermediate Level courses to have been completed.,"This course provides an introduction to two of the key pillars in intellectual property law, namely trade marks and unlawful competition. It covers the principles of statutory trade mark law and explores various manifestations of unlawful competition, including passing off and the protection of confidential information. It also provides an opportunity for students to explore related topical issues, such as geographical indications, advertising, and domain names. Students are encouraged to also register for CML4503F Copyright & Patents in order to gain a more comprehensive exposure to intellectual property law.",,None,"Coursework: 40%, 60% capstone assignment/examination.","(not offered in 2025) Final Level, half course, second semester, two lectures per week.",227
2025,COM,Commercial Law,CML4505F,INTERNATIONAL TRADE AND MARITIME LAW,9,8,TBA,All Preliminary and Intermediate Level courses to have been completed.,"Part 1: International Trade Law (the business of carriage of goods by sea, incoterms, payment in international law; tender of shipping documents). Part 2: Maritime Law (ship registration, admiralty jurisdiction, carriage of goods by sea, charterparties, pollution, salvage and wreck, marine insurance).",,None,"Coursework 40%, June examination 60%","(Not offered in 2025) Final Level, half course, first semester, two lectures per week.",227
2025,COM,Commercial Law,CML4506F,FUNDAMENTAL PRINCIPLES OF TAX LAW,9,8,Associate Professor A Titus,All Preliminary and Intermediate Level courses to have been completed.,"Every area of the law affects understanding and practical application of tax law. The study of tax law is therefore introduced in the final stage of the LLB curriculum. Taxation is complex because it overlays all fields of the law, draws on other disciplines, transcends national borders, affects every commercial transaction and often influences societal behaviours. This course introduces the subject of tax law. It seeks to illustrate the interrelation of tax law with other fields of law by focussing on primary themes and structural challenges faced by a tax system. In much of the coursework, the emphasis will be on the South African income tax. A selection of fundamental features of the South African income tax will be considered, mainly through critical evaluation of case law. Key jurisdictional concepts comprising the source and residence basis of income taxation will be considered. The course will analyse the statutory and jurisprudential frameworks for the determination of taxable income, including the notion of income, the distinction between capital and revenue receipts and the deductibility of expenditure and losses. At the end of this course students are expected to be able to start to identify the broader relevance and impact of tax law",,None,"Coursework: 20% (optional), Examination: 80% COMMERCE 227","Final Level, half course, first semester, two lectures per week.",227
2025,COM,Commercial Law,CML4507S,STATUTORY TAX LAW OF ENTITIES AND TRANSACTIONS,9,8,B Cronin,All Preliminary and Intermediate Level courses to have been completed.,"This course builds on Fundamental Principles of Tax Law as a further introductory course for law undergraduates on the subject of tax law. The focus of the course is on legislation as the primary source of tax law. In much of the coursework, the emphasis will be on the South African income tax legislation. Because the focus is on legislation, the course is introduced by a recapitulation of the legal framework for statutory construction. Throughout the course, the emphasis will be on development of the competencies required to use revenue legislation in a responsible manner. A selection of features of the South African Income Tax Act, 58 of 1962, will be considered. The relevant provisions are categorised into those dealing with the main tenants of the taxation of individuals, companies and other vehicles such as trusts and partnerships. Selected issues affecting the taxation of corporate income will be considered. In addition, the legislation imposing tax on capital gains will be dealt with, in overview. The course is concluded by a consideration of the various common law and statutory measures that address tax evasion and tax avoidance. Brief consideration will be given to common legitimate tax planning techniques.",,None,Coursework 20%; Examination 80%,"Final Level, half course, second semester, two lectures per week",228
2025,COM,Commercial Law,CML4508S,TRUSTS AND ESTATE PLANNING,9,8,TBC,All Preliminary and Intermediate Level courses to have been completed.,"The primary objective of this course is to outline aspects of the law relevant to the use of trusts in estate planning. More specifically the course covers the law of trusts, the income tax implications of using trusts, the calculation of estate duty and the standard estate plans using trusts.",,None,"Coursework 20% (optional), Examination 80%/100%","(Not offered in 2025) Final Level, half course, second semester, two lectures per week.",228
2025,COM,Commercial Law,CML4509S,WAYS OF DOING BUSINESS,9,8,TBC,All Preliminary and Intermediate Level courses to have been completed.,"This course provides a comparative and critical overview of the legal nature, regulation, relative advantages and disadvantages, and ideological and theoretical bases of a number of different legal forms and models that are used for the carrying on of commercial activities and in structuring commercial relationships, with an emphasis on those that fall outside the compulsory LLB course curriculum. The particular forms and models that will be considered each year will vary in accordance with current legal and commercial trends and are likely to include partnerships, joint ventures, companies, franchising, licensing and distribution agreements, co-operatives and trusts.",,None,"Coursework 20%, November examination 80% COMMERCE 228","(Not offered in 2025) Final Level, half course, second semester, two lectures per week.",228
2025,COM,Commercial Law,CML4510F,CYBERLAW,9,8,Associate Professor T Schönwetter,All Preliminary and Intermediate Level courses to have been completed.,"Given the ubiquitous nature of digital technologies, and the complex legal issues that these technologies raise, it is imperative that the next generation of legal practitioners and scholars is properly prepared for these new realities. This course affects numerous areas of law and addresses the key legal issues related to digital technologies, including: electronic contracting, electronic evidence, cybercrime, data protection, consumer protection online, e-commerce & tax, electronic communications, IP in the digital realm, the liability of internet service providers, and the right to freedom of expression online. While emphasis is on South African law, the multi-jurisdictional dimension of the Internet digital technologies, especially the internet, requires that some attention is paid to other jurisdictions. One important element of this course is to identify and examine issues that are of particular relevance for South Africans, such as mobile technology for accessing the Internet and the use of domestic digital services (such ‘mobile money’); access to information; the digital divide between those who have access to digital technology and those who don’t; and developments in the area of cyberlaw in other African countries. The course includes some computer skills instructions for technology tools that are available to lawyers and legal researchers.",,None,"Coursework 40%, Examination 60%.","Final Level, half course, first semester, two lectures per week.",229
2025,COM,Commercial Law,CML4601F,THEORY AND PRACTICE OF COMMERCIAL REGULATION AND,9,8,TBC,,"The regulation of commercial activities is seen as a necessary measure to manage risk and mediate the conflicting interests of parties. Increasingly however, formalistic legal (or state) regulation of commercial activities is under pressure to give way to ‘softer’ forms of governance. This course in regulation and governance introduces students to (i) basic economic perspectives on regulation and governance and global trends in this regard; (ii) basic sociological perspectives on the regulation of commercial activities; which will provide students with an understanding of various regulatory models – from the traditional command-and-control to more reflexive/responsive models – and will equip students with the tools to critique the contemporary regulatory regime and its impact on commercial activity.",,None,"Participation in class 20%, Research paper (5000 words) 80%","GOVERNANCE (Not offered in 2025) Final Level, half course, first semester, two lectures per week.",229
2025,COM,Commercial Law,CML4602S,COMPETITION LAW,9,8,TBA and Judge D M Davis,All Preliminary and Intermediate Level courses to have been completed. Co-requisites: This course requires a large measure of student participation. Class attendance is compulsory. Class participation takes the form of both group-work and individual presentations.,"In this course we examine the regulation of competition under the ‘new’ Competition Act 89 of 1998. The focus of the course is on the statutory regulation of competition and the underlying policy COMMERCE 229 considerations which the Act aims to address. In particular, we examine the practices that firms are prohibited from engaging in under the Act, and the way in which the Act regulates the merger of firms. The content of the Act has been heavily influenced by European and American Antitrust Law and practice. Since the South African competition authorities have not yet had an opportunity to develop an extensive jurisprudence of their own, we look to comparative sources for guidance as to how the Act might come to be interpreted and applied.",,None,Research 80% and Test 20%,"Final Level, half course, second semester, two lectures per week.",229
2025,COM,Commercial Law,CML4603S,BANKING LAW,9,8,S Mesthrie,All Preliminary and Intermediate Level courses to have been completed.,"In the first half of the course students are introduced to the private law aspect of banking. The course will examine the concepts of money and payments by exploring both the traditional forms of payments to modern methods such as digital finance. The course also examines African banking concepts such as stokvels and credit-rotating associations, and critically analyse the greater need for financial inclusion in South Africa. In this section students are introduced to the different roles of banks including banks as intermediaries, banks as guarantors, and banks as lenders (domestically and in the international financial markets). This sections also focuses on the bank-customer relationship and bank liability arising out of contract, delict or enrichment. The second half of the course examines the regulation of the banking and finance sector by exploring key legislation such as the Banks Act, the Financial Advisory and Intermediary Services Act, the Financial Markets Act amongst many others. In this section students will be introduced to key theoretical concepts such as systemic risk. This part of the module will also examine South Africa's reform of the banking and finance sector towards Twin Peaks with focus on what is twin peaks and why is there a global trend towards twin peaks.",,None,Research Paper (5000 words) 100%,"Final level, half course, second semester.",230
2025,COM,Commercial Law,CML4604F,CURRENT DEVELOPMENTS IN COMPANY LAW,9,8,* Dr T Thabane,All Preliminary and Intermediate Level courses to have been completed.,"The Companies Act 71 of 2008 introduced major developments that modernised company law, aligned it with the constitution, and rendered it responsive to business needs and global trends. Over the years, the Act has been tested by rapid developments in business and the economy at large. Case law and academic commentary show that the various aspects of the Act require clarification, amendment, or realignment. The aims of this course are to critically explore the changes that will be ushered by amendment Bills to the Companies Act 71 of 2008; analyse recent case law; engage with academic commentary on new developments and expose students to research and writing techniques that will enable them to produce research papers that address current developments in company law.",,None,Research paper (5000 words) 100% COMMERCE 230,"(Not offered in 2025) Final Level, half course, first semester, two lectures per week.",230
2025,COM,Commercial Law,CML4605F,"LAW, DEVELOPMENT, LABOUR AND SOCIAL POLICY",9,8,TBC,All Preliminary and Intermediate Level courses to have been completed.,"The aim of this course is to introduce students to selected debates around the role of law in development, specifically in the context of labour market regulation in the era of globalisation. Topics may include developments in case law, social security principles and implementation, statutory and extra-legal social dialogue arrangements, the harmonisation of labour standards and social policy in Southern Africa, workplace discrimination, affirmative action, freedom of association, HIV/AIDS in the workplace, dispute prevention and resolution, and health and safety.",,None,"Participation in class 20%, Research paper (5000 words) 80%","(Not offered in 2025) Final Level, half course, first semester, two lectures per week. This course is limited to 15 students.",231
2025,COM,Commercial Law,CML4629S,LAW AND REGIONAL INTEGRATION IN AFRICA,9,8,Professor A Ordor G Stewart G Stewart A Safla and K Prag,"None Co-requisites: None The permission of the Dean or Head of Department is required prior to registration for this course. CSC1010H At least 70% for NSC Mathematics. Students registered for this course will be assessed in week 5; if it is judged that they are not coping with the level and pace of the course, and would benefit from an opportunity to strengthen foundational concepts and learn new material at a slower pace, they will be required to transfer to CSC1010H from week 7.","This course provides a forum for students to study the ways in which the law has been utilised to shape and direct regional integration processes in Africa. The course starts with a discussion of theories of regional integration, followed by an overview of the historical trajectory of integration on the continent, with a focus on development integration. Its comparative dimension is directed at identifying and analysing strengths, weaknesses and challenges reflected in various regional efforts at integration on the continent, including the AU, SADC, EAC, ECOWAS, AMU, the Tripartite Free Trade Area (TFTA) as well as the proposed African Continental Free Trade Area (AfCFTA). Furthermore, the role of regional institutions such as regional courts is discussed, along with relevant cases. Current regional integration issues worldwide constitute a vital context for class discussions. The course is delivered through a series of weekly seminars, with occasional guest lectures. Students’ participation is essential and various avenues created for this purpose include group discussions, in-class review of literature, student presentations and simulation of a multilateral negotiation session. Students are expected to develop their presentations into a research paper under the supervision of the course conveners. This course is an introduction to problem solving, algorithm development and programming in the Python language. It includes fundamental programming constructs and abstractions, sorting and searching techniques, and machine representations of data. The practical component covers input/output, conditionals, loops, strings, functions, arrays, lists, dictionaries, recursion, text files and exceptions in Python. Students are taught testing and debugging, as well as sorting and searching algorithms, algorithm complexity and equivalence classes. Number systems, binary arithmetic, boolean algebra and logic gates are also introduced The first half of the course aims to further develop problem solving and programming in Python. The second half focuses on object-oriented design and programming in Java, covering object-oriented design techniques and UML diagrams, as well as elementary data structures such as lists, stacks and queues, as well as introducing important considerations relating to Human Computer Interaction and interface design. The practical component includes use of inheritance, polymorphism, interfaces, generics and GUI programming in Java. This course is an introduction to problem solving, algorithm development and programming in the Python language. It includes fundamental programming constructs and abstractions, sorting and searching techniques, and machine representations of data. The practical component covers input/output, conditionals, loops, strings, functions, arrays, lists, dictionaries, recursion, text files and exceptions in Python. Students are taught testing and debugging, as well as sorting and searching algorithms, algorithm complexity and equivalence classes. Number systems, binary arithmetic, Boolean algebra and logic gates are also introduced. The course is offered in a blended-learning format: students are provided with a set of online video lectures and contact time is in a tutorial/practical format aimed at reinforcing the principles introduced in the online lectures and giving students time to do exercises under the supervision of tutors.","Monday - Friday, 5th period, Tutorials: One per week, replacing one lecture, Practicals: One per week, Thursday, 14h00 - 17h30 Monday - Thursday, 4th period, Tutorials: One per week, replacing one lecture, Practicals: One per week, Monday, 14h00 - 16h00 4th or 5th period once per week, Tutorials: One per week, replacing one lecture, Practicals: One per week, Monday, Tuesday, Wednesday or Thursday 14h00 - 16h00 or 16h00 - 18h00DP requirements: Minimum of 45% aggregate in practical work.",None Minimum of 45% aggregate in practical work. Minimum of 45% aggregate in practical work. COMMERCE 232 Minimum of 45% aggregate in practical work.,"Coursework 20%; final research paper 80% COMMERCE 231 DEPARTMENT OF COMPUTER SCIENCE Undergraduate Courses Credit will not be given for CSC1015F/S and CSC1016S together with CSC1010H and CSC1011H. First-Year Courses NOTE: This course only begins in week 7 and is intended for students who have been advised to transfer to this course after initially registering for CSC1015F (see entry for CSC1015F). The course places an emphasis on the strengthening of foundational concepts and skills, the carefully-paced introduction of new material, and the development of sound approaches to effective learning. CSC1010H is equivalent to CSC1015F in level, credit value towards the degree and as prerequisite for certain other courses. 18 NQF credits at NQF level 5 Theory tests count 15%; practical tests and practical assignments count 25%; one 2-hour examination written in November counts 60%. Subminima: 45% for practicals, 45% on weighted average of theory tests and examination. NOTE: 1) This course follows on from CSC1010H and also places an emphasis on the strengthening of foundational concepts and skills, the carefully-paced introduction of new material, and the development of sound approaches to effective learning. 2) CSC1011H is equivalent to CSC1016S in level, credit value towards the degree and as prerequisite for certain other courses. 18 NQF credits at NQF level 5 Theory tests count 25%; practical tests and practical assignments count 25%; one 2-hour examination written in November counts 50%. Subminima: 45% for practicals, 45% on weighted average of theory tests and examination. CSC1015F/S COMPUTER SCIENCE 1015 18 NQF credits at NQF level 5 Theory tests 15%; practical tests and practical assignments 25%; June examination 2 hours 60%. Subminima: 45% for practicals, 45% on weighted average of theory tests and examination.",,231
2025,COM,Computer Science,CSC1016S,COMPUTER SCIENCE 1016,18,5,A Safla,CSC1015F (At least 45% for CSC1015F or at least 70% for CSC1017F),"This course builds on the foundation of CSC1015F/CSC1010H, with a focus on object-oriented design and programming in Java, as well as introducing important considerations relating to Human Computer Interaction and interface design. The Java component of the course covers object-oriented design techniques and UML diagrams, as well as elementary data structures such as lists, stacks and queues. The practical component includes use of inheritance, polymorphism, interfaces, generics and GUI programming in Java.","4th or 5th period daily, Tutorials: One per week, replacing one lecture, Practicals: One per week, Monday, Tuesday or Wednesday, 14h00 - 16h00 or 16h00 - 18h00",Minimum of 45% aggregate in practical work.,Theory tests count 15%; practical tests and practical assignments count 25%; one 2-hour exam written in November counts 60%. Subminima: 45% for practicals and 45% on weighted average of theory tests and examination. COMMERCE 233,,233
2025,COM,Computer Science,CSC1017F,INTRODUCTION TO PROGRAMMING,16,5,A Safla,,"This course aims to provide an introduction to programming and algorithms, using the Python programming language. Topics to be included will be: basic syntax, variables, operators, comments, expressions, strings, input and output; conditional statements, if, nested ifs, if-else ladders, Boolean expressions; loops, for and while, nested loops; functions, parameters, return values; testing and debugging; arrays and lists, multidimensional arrays; sorting and searching; text files; and number systems. The course is offered in a blended-learning format: students are provided with a set of online video lectures and contact time is in a tutorial/practical format aimed at reinforcing the principles introduced in the online lectures and giving students time to do exercises under the supervision of tutors.",,45% weighted average for practical work.,"Theory tests count for 20%, practicals count for 20%, practical tests count for 10%, June examination counts for 50% of the course mark. Subminima: 45% weighted average for practical work, 45% weighted average of tests and exams.",,234
2025,COM,Computer Science,CSC1019F,FOUNDATIONS OF COMPUTER PROGRAMMING FOR ENGINEERS,12,5,A Safla F Meyer Associate Professor S Berman Associate Professor S Berman Dr J Chavula Dr Z Mahlaza Dr J Buys Associate Professor P Marais Associate Professor P Marais,"(CSC1015F and CSC1016S) or (CSC1010H and CSC1011H) CSC2001F (At least 45% for CSC2001F) (CSC1015F and CSC1016S) or (CSC1010H and CSC1011H) Academically strong students may apply for entrance. Selection will be made on the basis of final results in CSC1015F, CSC1016S and CSC2001F. The number of places will be limited depending on the availability of supervisors, and the final decision will be at the discretion of the Head of Department. CSC1015F/S, CSC1016S, MAM1031F, MAM1032S, (MAM1019H or CSC1015F/S, CSC1016S, MAM1031F or MAM1004F CSC2001F, CSC2002S, CSC2004Z and ((MAM1004F+MAM1008S) or (MAM1000W) or (MAM1031F or equivalent)). CSC2001F, CSC2002S, CSC2004Z and ((MAM1004F+MAM1008S) or (MAM1000W) or (MAM1031F or equivalent)).","This course offers an introduction to the development of algorithms and design of computer programs and provides an introduction to programming and algorithms, using the Python programming language. Topics include: basic syntax, variables, operators, comments, expressions, strings, input and output; conditional statements, if, nested ifs, if-else ladders, Boolean expressions; loops, for and while, nested loops; functions, parameters, return values; arrays and lists, multidimensional arrays and text files. The course is offered in a blended-learning format: students are provided with a set of online video lectures and contact time is in a tutorial/practical format aimed at reinforcing the principles introduced in the online lectures and giving students time to do exercises under the supervision of tutors. This course builds on the first year Computer Science foundation with an emphasis on data storage and manipulation. The course covers abstract data types and assertions, recursive algorithms, tree structures such as AVL and B-trees, graph traversals, minimum spanning trees, sets, hashing and priority queues. An introduction to conceptual modelling, database design and relational database manipulation is included. Practical programming in Java in a Unix environment is an important part of the course COMMERCE 234 The aim of this course is to build on the foundational concepts covered in CSC2001F, with further necessary core topics of an undergraduate Computer Science curriculum. These topics comprise: concurrent and parallel computing (including practical work in Java); computer architecture; an introduction to Society, Ethics, and the Profession (covering ethical issues such as property rights, freedom of expression and privacy, free and open source software); and Theory of Computing (including Turing Machines and the limits of computation). All students who take advanced courses in Computer Science need to build on a foundation of strong programming skills. The aim of this course is to assess and confirm mastery in fundamental programming skills before students can proceed to advanced courses. This course allows students to pursue a course of independent research in one of the areas of specialisation of the department, as listed on the department's website, under the direct supervision of COMMERCE 235 one of the staff members. Students will learn research methods in Computer Science and apply these in a suitable project. They will also learn about research writing (proposal and report). Students will complete a research project and document this in a research report (mini-dissertation). An intermediate deliverable will be a project proposal and presentation to staff. The course introduces the field of Artificial Intelligence and then covers the fundamentals of knowledge representation and reasoning as a paradigm for Artificial Intelligence. It includes relevant topics such as logical agents and the creation of symbolic and logical representations from problem statements. Inference in propositional and first-order logic are used to build upon the fundamentals of computational logic and automated reasoning. An overview of core algorithms for knowledge representation (e.g., tableau, case-based, constraints, SAT solving) is given. Approaches to handling uncertainty in knowledge representation and reasoning are introduced through random variables, probabilistic inference, and the framework of utility functions for decision making. Machine learning is introduced as a paradigm for Artificial Intelligence. Fundamental machine learning algorithms are introduced, and students implement a subset of those using the Python programming language and modern machine learning frameworks in Python. There is a focus on problem formulation, feature representations and evaluation. The course provides an introduction to the structure and organization of operating systems, and computer networks including various logical layers of the ISO OSI layers, focusing on the Internet Protocol suite. This is a course on two advanced topics: (1) advanced software design is about turning requirements into effective and efficient implementations in a systematic manner; and (2) the algorithms module expands on a topic central to computing. This module describes how algorithms are categorised, and shows interesting algorithms in each category and analyses their complexity. It also touches on Turing machines and the limits of computation.","Monday - Friday, 2nd period, Four or five lectures per week, Practicals: One 4-hour practical per week, Monday - Friday, 14h00 - 18h00 Monday - Friday, 2nd period, Four lectures per week, Practicals: One 4-hour practical per week, Monday - Friday, 14h00 - 18h00 None Regular meetings with supervisor, by arrangement Monday - Friday, 3rd period, Four lectures per week, Practicals: One 4-hour practical per week, Monday - Friday, 14h00 - 18h00 Monday - Friday, 3rd period, Four lectures per week, Practicals: One 4-hour practical per week, Monday - Friday, 14h00 - 18h00 Monday - Friday, 2nd period, Practicals: Two 4-hour practicals per week, Monday - Friday, 14h00 - 18h00 Monday - Friday, 2nd period, Practicals: Two 4-hour practicals per week, Monday - Friday, 14h00 - 18h00",45% weighted average for practical work. Minimum of 45% aggregate in practical work. Minimum of 45% aggregate in practical work. None Minimum of 45% aggregate in practical work. Minimum of 45% aggregate in practical work. Minimum of 45% aggregate in practical work. Minimum of 45% aggregate in practical work.,"Theory tests count for 20%, practicals count for 20%, practical tests count for 10%, June examination counts for 50% of the course mark. Subminima: 45% weighted average for practical work, 45% weighted average of tests and exams. Second-Year Courses Each student registered for this course is required to have a laptop for use during class sessions as well as after hours. The minimum specifications of the laptop are available at https://internal.cs.uct.ac.za/teaching/laptop_requirement.html (a tablet will not be suitable). The course convenor will provide details of additional software (open source) required. 24 NQF credits at NQF level 6 Tests 20%; practicals and practical test 30%; exam 50%. Subminima: 45% on weighted average of theory tests and examination. Each student registered for this course is required to have a laptop for use during class sessions as well as after hours. The minimum specifications of the laptop are available at https://internal.cs.uct.ac.za/teaching/laptop_requirement.html (a tablet will not be suitable). The course convenor will provide details of additional software (open source) required. 24 NQF credits at NQF level 6 Tests 20%; practicals and practical test 30%; exam 50%. Subminima: 45% on weighted average of theory tests and examination. This is a required course for all students majoring in Computer Science and/or who wish to continue to any third year courses in Computer Science. It should be taken in the second year of study and will demonstrate competency in programming, which is assumed in all third year courses. It is a compulsory course in the Computer Science major CSC05. 0 NQF credits at NQF level 6 Practical programming examination counts for 100% CSC2005F/S INDEPENDENT RESEARCH IN COMPUTER SCIENCE 24 NQF credits at NQF level 7 Proposal 20%, Final research report 80% Each student registered for this course is required to have a laptop for use during class sessions as well as after hours. The minimum specifications of the laptop are available at https://internal.cs.uct.ac.za/teaching/laptop_requirement.html (a tablet will not be suitable). The course convenor will provide details of additional software (open source) required. 24 NQF credits at NQF level 6 Tests 25%; practicals and practical test 25%; examination 50%. Subminima: 45% on weighted average of theory tests and examination. Each student registered for this course is required to have a laptop for use during class sessions as well as after hours. The minimum specifications of the laptop are available at https://internal.cs.uct.ac.za/teaching/laptop_requirement.html (a tablet will not be suitable). The course convenor will provide details of additional software (open source) required. 24 NQF credits at NQF level 6 Tests 25%; practicals and practical test 25%; examination 50%. Subminima: 45% on weighted average of theory tests and examination. COMMERCE 236 Third-Year Courses Each student registered for this course is required to have a laptop for use during class sessions as well as after hours. The minimum specifications of the laptop are available at https://internal.cs.uct.ac.za/teaching/laptop_requirement.html (a tablet will not be suitable). The course convenor will provide details of additional software (open source) required. 36 NQF credits at NQF level 7 Tests count 15%; practical work counts 35%; one 3-hour paper written in June counts 50%. Subminima: 45% for practicals; 45% on weighted average of theory tests and examinations. Each student registered for this course is required to have a laptop for use during class sessions as well as after hours. The minimum specifications of the laptop are available at https://internal.cs.uct.ac.za/teaching/laptop_requirement.html (a tablet will not be suitable). The course convenor will provide details of additional software (open source) required. 36 NQF credits at NQF level 7 Tests count 15%; practical work counts 35%; one 3-hour paper written in November counts 50%. Subminima: 45% for practicals, 45% on weighted average of theory tests and 35% for the algorithms module (comprising Theory of Algorithms and Theory of Computation) in the final examination.",,234
2025,COM,Computer Science,CSC3022F,C++ AND MACHINE LEARNING,36,7,Dr J Buys,"CSC2001F, CSC2002S, CSC2004Z and ((MAM1004F+MAM1008S) or (MAM1000W) or (MAM1031F or equivalent)).","This course introduces the C++ programming language, followed by an exploration of topics in machine learning. Students are exposed to different aspects of C++ including templates and functional COMMERCE 237 programming and an in-depth study of the C++ memory model. A basic introduction to a widely used Python ML framework is then provided. A number of machine learning algorithms are introduced and students implement a subset of these using the Python framework. By the end of the course, students should understand how to write efficient object-oriented programs in C++, and also be familiar with major categories of learning algorithms, and be able to select and implement the most appropriate algorithm for a given problem in Python.","Monday – Friday, 3rd period, Practicals: Two 4-hour practicals per week, by arrangement",Minimum of 45% aggregate in practical work.,"Tests count 16.7%; practical work counts 33.3%; examinations count 50%. Subminima: 45% for practicals, 45% weighted average of theory tests and examinations.",This course will not be offered after 2025.,237
2025,COM,Computer Science,CSC3041F,AI: AUTOMATED PLANNING AND CONTROL,18,7,To be advised,"(CSC2041F or CSC2042S), CSC2001F","This course provides an introduction to problem solving by searching: uninformed search, heuristic search, and adversarial search for games are covered. Introduction to reinforcement learning: Markov Decision Processes for sequential decision making, passive and active reinforcement learning, policy search and data-driven control techniques. The course also covers applications in game playing, planning in interactive environments, and robot navigation and control.","Monday – Friday, 3rd period, Practicals: One 4-hour practical per week, by arrangement",Minimum of 45% aggregate in practical work.,"Tests 25%; practical work 25%; examinations 50%. Subminima: 45% for practicals, 45% weighted average of theory tests and examinations.",This course will only be offered from 2026.,238
2025,COM,Computer Science,CSC3042F,AI: DEEP LEARNING,18,7,To be advised,"CSC2001F, CSC2042S","The course builds on fundamental concepts in machine learning to introduce modern practical deep neural networks. Different neural network architectures are covered, including deep feedforward networks, convolutional and recurrent neural networks, and Transformers. There is a focus on the design and implementation of scalable deep learning systems. A selection of applications from Natural Language Processing and Computer Vision are included. Finally, ethics for machine learning is introduced through a number of case studies, covering issues such as dataset and algorithmic bias.","Monday – Friday, 3rd period, Practicals: One 4-hour practical per week, by arrangement",Minimum of 45% aggregate in practical work.,"Tests 25%; practical work 25%; examinations 50%. Subminima: 45% for practicals, 45% weighted average of theory tests and examinations. COMMERCE 238",This course will only be offered from 2026.,238
2025,COM,Computer Science,CSC3043S,AI: REASONING IN AI,18,7,To be advised,"CSC2041F, CSC2042S, CSC2001F",This course covers a selection of advanced topics in reasoning in Artificial Intelligence such as: reasoning through language with Large Language Models; visual reasoning with diffusion models; probabilistic reasoning with Bayesian networks; logic programming; and expert systems.,"Monday – Friday, 3rd period, Practicals: One 4-hour practical per week, by arrangement",Minimum of 45% aggregate in practical work.,"Tests 25%; practical work 25%; examinations 50%. Subminima: 45% for practicals, 45% weighted average of theory tests and examinations.",This course will only be offered from 2026.,239
2025,COM,Computer Science,CSC3044S,AI: AI SYSTEMS,18,7,To be advised,"CSC2001F, CSC2041F, CSC2042S, (CSC3041F or CSC3042F)",This course provides an overview of agent architectures: cognitive architectures; software agents such as collaborative and information-gathering agents; as well as human-agent interaction and societal impacts of AI systems. Students will apply these concepts through a practical AI system development capstone project.,"Monday – Friday, 3rd period, Practicals: One 4-hour practical per week, by arrangement",Minimum of 45% aggregate in practical work.,"Tests 25%; practical work 25%; examinations 50%. Subminima: 45% for practicals, 45% weighted average of theory tests and examinations. DEPARTMENT OF ENVIRONMENTAL AND GEOGRAPHICAL SCIENCE Undergraduate Courses Fieldwork All students attending courses in Environmental & Geographical Science are required to take part in fieldwork arranged during the year. First-Year Courses",This course will only be offered from 2026.,239
2025,COM,Environmental & Geographical Science,EGS1005F,CREATING SUSTAINABLE IMPACT,12,5,"Dr J von Holdt Co-requisites: Any one of CIV4041F, CIV4042F, CIV4045F and CIV4046F",,"Sustainability is one of the most important concepts to date and is critical to address the challenges we face in the Anthropocene. Challenges such as climate change, biodiversity loss, resource depletion, pollution and social inequity can only be addressed by adopting transformative changes in policies, behaviours and systems that foster sustainability. This course will explore the critical role engineers play in society and the impact of their activities on the social, industrial (workplace) and physical environment. We will explore a range of relevant topics, including key concepts of and the rationale COMMERCE 239 for sustainability (which remains a contested concept with many potential definitions), basic climate science and the implications of climate change, mitigating pollution (water/air/soil), sustainable urban practice, assessing risk and managing impacts, and environmental assessment and management tools. Throughout the course, students will critically engage and reflect on the practice of engineering and develop a deep appreciation for the interconnectedness of environmental, social, and economic sustainability. The course includes practical sessions, case studies, field trips and a course project.",,,"A class test, practical assignments and field report count 50%; one 2-hour examination written in June count 50% (sub-minimum of 40% required).",,239
2025,COM,Environmental & Geographical Science,EGS1007S,HUMAN & PHYSICAL SYSTEMS,18,7,To be advised,At least 50% for NSC Geography or GEO1009F,"The course presents fundamental environmental and geographical concepts from the fields of human and physical geography and explores the interconnections, flows and boundaries across these systems. How these systems have played out in the past, how they are changing, and what the future may hold, is critical to a full appreciation of current and future environmental challenges. This course seeks to bring together an understanding of both the biophysical geographic settings and processes that inform all facets of our landscapes, and the social engagement with their components, which present both opportunity and limitation to human development.","Monday - Friday, 2nd period",Attendance and satisfactory completion of tutorial assignments; students must attain an average mark of not less than 40% for the coursework component.,"Essays, assignments and tutorial work count 60%; one 2-hour theory examination written in November counts 40% (subminimum of 40% required). Second-Year Courses",,240
2025,COM,Environmental & Geographical Science,EGS2013F,THE PHYSICAL ENVIRONMENT,24,6,Professor F Eckardt,GEO1009F,"The course focuses on contemporary Atmosphere-Earth surface interactions, in particular the role of precipitation and water from a global to a regional scale and examines temporal dynamics, driven by natural process as well as anthropogenic pressures. It covers in detail global circulation patterns, climate variability, soil formation, polar response to climate change, informants of regional biome formation, tropical deforestation, and desertification and earth observation technology. It is expected that students will enhance their understanding of Earth system dynamics, systems interactions and develop an appreciation for scales both temporal and spatial. Students are also expected to put the local context into a regional setting and make linkages to the larger global picture.","Monday - Friday, 5th period","Satisfactory completion of practicals and all written assignments, including projects, fieldwork reports, practicals, essays and class tests. Students must attain an average mark of not less than 40% for the coursework.","Project, essays, class tests and practical assignments including fieldwork report count 50%; one 3-hour examination written in June count 50% (subminimum of 40% required). COMMERCE 240",There is a compulsory fieldwork component involving half-day field excursions.,240
2025,COM,Environmental & Geographical Science,EGS2015S,SOCIETY & SPACE,24,6,Associate Professor J Battersby,"For BSc: EGS1007S; For BA or BSocSc: EGS1007S or Social Science Foundation course and two full first year Humanities courses, or equivalent.","Spatial thinking sits at the core of Geographical scholarship, and space and human societies are always mutually constitutive. This course explores how geographers have theorised space and place as central to understanding historical processes, social relations and cultural practices. Focusing particularly on Africa and other regions of the global South, the course covers foundational Human Geography concepts including modernity, landscape, memory, heritage, identity and inclusion. Through theoretical work and field-based experiential learning, we examine how space and place both shape and are shaped by a range of power dynamics.","Monday - Friday, 5th period",Attendance and satisfactory completion of practical including fieldwork and tutorial assignments; students must attain an average mark of not less than 40% for the coursework.,"Essays, a class test, practical assignments based on compulsory fieldwork and tutorial work count 60%; one 2-hour theory examination written in November counts 40%. In order to pass the course, you are required to obtain an average mark of at least 50% across all submissions. Third-Year Courses",There is a compulsory fieldwork component involving half-day field excursions.,241
2025,COM,Environmental & Geographical Science,EGS3012S,ATMOSPHERIC SCIENCE,36,7,To be advised,"GEO1009F or equivalent, EGS2013F or SEA2004F (or SEA2002S or SEA2003F) or any approved 2000-level Science course, and or any approved 1000-level Physics or Mathematics course.","This course aims to provide a thorough understanding of the physical processes that control the Earth's atmosphere. It covers the following topics: atmospheric energy balance, thermodynamics, dynamics, and general circulation; tropical and mid-latitude weather producing systems; weather and climate extreme events (e.g. heat-waves, drought, and floods) in Africa; climate variability and change; atmospheric boundary layer turbulence, chemistry, and pollution. The lectures are complemented with field measurements and laboratory practicals to demonstrate basic data analysis techniques employed in atmospheric sciences.","Monday - Friday, 1st period","Satisfactory completion of practicals and all written assignments, including essays, project reports and class tests.",Essays and tests count 20%; project reports and practicals count 20%; one 3-hour examination in November counts 60% (subminimum of 40% required).,,241
2025,COM,Environmental & Geographical Science,EGS3021F,SUSTAINABILITY & ENVIRONMENT,36,7,Dr P Sabela-Rikhotso,"EGS2013F, EGS2015S","The course critically engages with current debates and discourses in the fields of sustainability, vulnerability and environmental management, including examination of key concepts such as integration, systems-thinking, complexity, equity, vulnerability, risk, resilience, adaptation and mitigation. Approaches and methods for analysing environmental problems and integrating risk COMMERCE 241 reduction as well as sustainability principles and practices into policy, programme, plan and project cycle processes are investigated and applied in different contexts.","Monday - Friday, 3rd period","Attendance and satisfactory completion of practicals (including fieldwork), other assignments and tests; students must attain an average mark of not less than 40% for the coursework.","Practical reports (including fieldwork), class tests and other assignments count 60%; one 3-hour June examination counts 50% (subminimum of 40% required).",There is a compulsory fieldwork component involving a half-day field excursion.,241
2025,COM,Environmental & Geographical Science,EGS3022S,GEOGRAPHIC THOUGHT,36,7,Associate Professor Z Patel,EGS2015S,"The course focuses on debates in classical and contemporary human geography. It considers important thematic areas in the geographical literature, such as development; spatiality; urban, political and feminist geographies. Each thematic area explores specific debates and key author’s work in the field, providing students with an introduction to literature, a content overview, and skills to deconstruct and build conceptual and analytical arguments related to evidence drawn from geographical research from around the world, other than South Africa. The course also emphasises academic reading and writing skills taught in the practical sessions.","Monday - Friday, 4th period",Satisfactory completion of essay and practical assignments and participation in tutorials; students must attain an average mark of not less than 40% for the coursework,Essay and other assignments count 70%; one 3-hour written examination in November count 30% (subminimum of 40% required).,,242
2025,COM,Environmental & Geographical Science,EGS3023F,ANTHROPOCENE ENVIRONMENTS IN PERSPECTIVE,36,7,Dr D Kibirige,EGS2013F,"The course deals with the dynamic physical environment including the human impact on global environments at various spatial and temporal scales during the so-called Anthropocene. The general aim of this course is to illustrate the nature and scale of changes that characterise the earth’s environment, against a background of both natural and anthropogenically-induced processes. This provides an important perspective when thinking about contemporary environments and how they might change in the future – with obvious consequences for our own species and that of the others with which we share the planet.","Monday - Friday, 5th period","Satisfactory completion of practicals and all written assignments, including fieldwork report, essays and class tests. Students must attain an average mark of not less than 40% for the coursework.","Field report, essays, class tests and practical assignments count 50%; one 3-hour examination written in June count 50% (sub-minimum of 40% required). COMMERCE 242 DEPARTMENT OF MATHEMATICS AND APPLIED MATHEMATICS The departmental abbreviation for Mathematics and Applied Mathematics is MAM. The departmental website address is http://www.mth.uct.ac.za .NOTES: (a) All students registered for a course will be required to attend the lectures and tutorial classes prescribed for that course. (b) Most syllabuses indicate the contents of the various courses as recently given. All courses are subject to revision without advance notice. (c) Credit towards a degree cannot be given for both STA1001F and MAM1010F/S or MAM1000W. (d) Students who intend doing MAM2000W should register for MAM1000W (not MAM1010F/S) in their first year. (e) In exceptional cases, usual entrance requirements may be waived with the special permission of the Head of Department. (f) Most course administrative information such as lecture and tutorial timetables, prescribed and recommended textbooks and details of test dates and venues can be found on the departmental website under “Undergraduate courses”, and also on the course notice board. (h) The Mathematics Hot Seat in Room 210 on Level 2 in the Mathematics Building is open for several hours every weekday and students in the courses MAM1000W, MAM1010F/S, and MAM1012F/S are encouraged to go there for help with their mathematics problems. The Hot Seat's webpage can be accessed from departmental website under ""Hotseat"". (i) Students who wish to major in Mathematics must take the course MAM1019H at some point before they graduate. Students who registered for the first time before 2010 are exempt from this requirement Undergraduate Courses First-Year Courses",,242
2025,COM,Mathematics and Applied Mathematics,MAM1004F,MATHEMATICS 1004,18,5,T C Van Heerden,At least 70% in NSC Mathematics. Students registered in other faculties who do not meet the 70% NSC requirement may instead complete MAM1014F/MAM1022F followed by MAM1015S with a mark of 70% or higher to gain entry to MAM1004F and MAM1004S. Students who fail MAM1004F are expected to register for MAM1004S in the 2nd semester.,"The aim of this course is to provide mathematics for applications, particularly in the Life and Earth sciences. The syllabus covers the following topics: Functions and graphs. Straight lines, power functions, polynomials, exponential and logarithmic functions, trigonometric functions (radians). Discrete-time dynamical systems. Stability and equilibria. Rates of change. Limits, derivatives. Maxima and minima. Concavity. Asymptotes and curve sketching. Antiderivatives and integrals. Mathematical modelling. Separable and linear differential equations.","Monday - Friday, 1st period","Minimum of 30% in class tests, and satisfactory tutorial attendance.",Class tests and regular WebAssigns determine a class record; one 3-hour examination makes up the balance of the final mark. COMMERCE 243,,243
2025,COM,Mathematics and Applied Mathematics,MAM1004S,MATHEMATICS 1004,18,5,To be advised,At least 70% in NSC Mathematics. Students registered in other faculties who do not meet the 70% NSC requirement may instead complete MAM1014F/MAM1022F followed by MAM1015S with a mark of 70% or higher to gain entry to MAM1004F and MAM1004S. Students who fail MAM1004F are expected to register for MAM1004S in the 2nd semester.,"The aim of this course is to provide mathematics for applications, particularly in the Life and Earth sciences. The syllabus covers the following topics: Functions and graphs. Straight lines, power functions, polynomials, exponential and logarithmic functions, trigonometric functions (radians). Discrete-time dynamical systems. Stability and equilibria. Rates of change. Limits, derivatives. Maxima and minima. Concavity. Asymptotes and curve sketching. Antiderivatives and integrals. Mathematical modelling. Separable and linear differential equations.","Monday - Friday, Meridian","Minimum of 30% in class tests, and at least 80% attendance at tutorials.",Year mark counts up to 40%; one 3-hour examination makes up the balance.,,244
2025,COM,Mathematics and Applied Mathematics,MAM1005H,MATHEMATICS 1005,18,5,Dr M Geyer,"At least 70% in NSC Mathematics. The permission of the Dean or Head of Department is required prior to registration for this course. NOTES: 1) The course places an emphasis on the strengthening of foundational concepts and skills, the carefully-paced introduction of new material, and the development of sound approaches to effective learning. 2) MAM1005H + MAM1006H is equivalent to MAM1031F + MAM1032S in level, credit value towards the degree and as prerequisite for other courses.","Similar to MAM1031F, the aim of this course is to introduce the fundamental ideas in calculus and related topics. It will cover the topics in MAM1031F including differential calculus of functions of one variable, but extended over the full year.","Students attend Monday - Friday in 1st or 3rd period (depending on the rest of their timetable); Workshops: Monday, 6th and 7th period.","Minimum of 35% for class record and very satisfactory attendance at all lectures, workshops and tutorials.",Year mark counts up to 50%; one 2-hour examination written in October/November makes up the balance.,,244
2025,COM,Mathematics and Applied Mathematics,MAM1006H,MATHEMATICS 1006,18,5,Associate Professor B Osano,"MAM1005H or a pass with at least 65% in MAM1004F/S. Students who have passed MAM1004F/S with less than 65% and who wish to register for MAM1006H will be required to write and pass the examination paper for MAM1005H in November or the supplementary examination paper in January before they are allowed to register for MAM1006H. Such students are required to inform the course co-ordinator for MAM1005H by 1 September or 1 December, respectively, of their intention to write the examination and at the same time obtain information about the reading to be done as preparation for the examination. NOTES: 1) This course follows on from MAM1005H and also places an emphasis on the strengthening of foundational concepts and skills, the carefully-paced introduction of new material, and the development of sound approaches to effective learning. 2) MAM1005H + MAM1006H is equivalent to MAM1000W in level, credit value towards the degree and as prerequisite for certain other courses. COMMERCE 244","Similar to the full-year course MAM1000W, the aim of this course is to introduce the fundamental ideas in calculus, linear algebra and related topics. This course consists of those topics in the MAM1000W syllabus that were not covered in MAM1005H the previous year, including differential equations, partial derivatives, vector geometry, matrix algebra, complex numbers, Taylor series.","Lectures on Monday, Tuesday, Wednesday and Friday in first period. Tutorials on Thursday in first period. No workshops.",Minimum of 35% in class tests and very satisfactory attendance at lectures and tutorials.,Year mark counts up to 40%; one 2-hour examination written in October/November makes up the balance.,,244
2025,COM,Mathematics and Applied Mathematics,MAM1008S,INTRODUCTION TO DISCRETE MATHEMATICS,18,5,"Dr I Allie Co-requisites: MAM1004S or MAM1005H (unless a pass has been obtained for MAM1004F or MAM1031F or equivalent) Objective: To introduce students to the language and methods of the area of Discrete Mathematics, and to show students how discrete mathematics can be used in modern computer science (with the focus on algorithmic applications).",,"This course provides a foundation for Computer Science and Applied Statistics. Many areas of Computer Science and Applied Statistics require the ability to work with concepts from discrete structures, which include topics such as set theory, logic, graph theory, and probability theory. In this course, you will learn about (1) sets, relations and functions; (2) basic logic, including propositional logic, logical connectives, truth tables, propositional inference rules and predicate logic; (3) proof techniques, including the structure of mathematical proofs, direct proofs, disproving by counterexample, proof by contradiction; (4) basics of counting, including counting arguments, the pigeonhole principle, permutations and combinations, solving recurrence relation; (5) graphs and trees; (6) discrete probability, including finite probability space, axioms of probability, conditional probability; and, (7) linear algebra, including vectors, matrices and their applications. The course is offered in a blended-learning format. Students are provided with a set of video lectures that they can watch multiple times. Student contact time is in a tutorial format aimed at reinforcing the principles introduced in the online lectures and giving students time to do exercises under the supervision of tutors.",No face-to-face lectures. The course content is delivered online.,Class Record of at least 30% and attendance at 10 or more (out of 12) tutorials.,Class Record counts 50% and Exam counts 50%.,,245
2025,COM,Mathematics and Applied Mathematics,MAM1010F,MATHEMATICS 1010,18,5,Dr R Moolman,"At least 60% in NSC Mathematics, or 50% in Higher Grade Mathematics (SC), or passes in both MAM1014F/MAM1022F and MAM1015S.","The aim of this course is to introduce topics in mathematics that are of interest to Commerce students, with applications to economics. Introductory financial mathematics including compound interest and annuities, functions, limits, differential calculus and applications of the derivative including graph sketching and Newton’s Method, introduction to integral calculus and techniques of integration.","Monday - Friday, 1st, 3rd, or 4th period",Minimum of 30% in class tests and full attendance at workshops.,Semester mark up to 40%. June examination 1 x 2 hour paper COMMERCE 245,,245
2025,COM,Mathematics and Applied Mathematics,MAM1010S,MATHEMATICS 1010,18,5,To be advised,"At least 60% in NSC Mathematics or 50% on Higher Grade Mathematics (SC), or passes in both MAM1014F/MAM1022Fand MAM1015S.","The aim of this course is to introduce topics in mathematics that are of interest to Commerce students, with applications to economics. Introductory financial mathematics including compound interest and annuities, functions, limits, differential calculus and applications of the derivative including graph sketching and Newton’s Method, introduction to integral calculus and techniques of integration.","Monday - Friday, 1st or 4th period",Minimum of 30% in class tests and full attendance at workshops.,Semester up to 40% November examination 1 x 2 hour paper,,246
2025,COM,Mathematics and Applied Mathematics,MAM1012F,MATHEMATICS 1012,18,5,M Vandeyar,Pass in MAM1010F/S/J or MAM1110F or equivalent. Students who have passed MAM1005H while being registered in another Faculty can be admitted to MAM1012F at the discretion of the Head of the Department. Such students will be granted exemption from the full first-year Mathematics requirement of the Commerce Faculty if and only if they pass MAM1012F.,"The aim of this course is to continue the study of topics in mathematics that are of interest to Commerce students begun in MAM1010. Integral calculus, including numerical integration, introduction to ordinary differential equations, matrices and elementary linear algebra, Markov Systems, Taylor Maclaurin, and Binomial series, functions of several variables, three-dimensional space, partial derivatives and applications to optimization problems, the Simplex Method.",Monday – Friday 1st period,Minimum of 30% in class tests and full attendance at workshops.,Semester mark up to 40% June examination 1 x 2 hour paper,,246
2025,COM,Mathematics and Applied Mathematics,MAM1012S,MATHEMATICS 1012,18,5,Dr R Moolman,Pass in MAM1010F/S or MAM1110F or equivalent.,"The aim of this course is to continue the study of topics in mathematics that are of interest to Commerce students begun in MAM1010. Integral calculus, including numerical integration, introduction to ordinary differential equations, matrices and elementary linear algebra, Markov Systems, Taylor Maclaurin, and Binomial series, functions of several variables, three-dimensional space, partial derivatives and applications to optimization problems, the Simplex Method.","Monday - Friday, 1st, 3rd, or 4th period",Minimum of 30% in class tests and full attendance at workshops.,Semester mark up to 40% November examination 1 x 2 hour paper,,246
2025,COM,Mathematics and Applied Mathematics,MAM1013F,LAW THAT COUNTS,18,5,Dr C Felix,"None. Students can be exempted ONLY on the basis of adequate performance in the Quantitative Literacy component of the National Benchmark Test. Objective: The course is intended to provide Law students with the necessary quantitative literacy to be able to understand, express and interpret appropriate quantitative ideas. The aim of the course is to COMMERCE 246 give students an appreciation and understanding of mathematical and statistical ideas within real life and legal contexts, and generally with a social justice focus.","Content covered includes percentages, ratios, interest and finance concepts, interpretation of graphs, manipulation of data, interpretation of statistics and use of spreadsheets.","Monday - Friday, 4th period",Achieve a class record of 40% and 75% attendance at lectures and tutorials.,"Two written assessments, one assignment and assessment of computer tutorials contribute to the class record that counts 50% of the final mark. The final examination consists of a written paper and a computer assessment that together count 50% of the final mark.",,246
2025,COM,Mathematics and Applied Mathematics,MAM1014F,QUANTITATIVE LITERACY FOR HUMANITIES,18,5,J Clarke,A pass in Matric Mathematics or Mathematical Literacy.,This course is intended to provide Humanities students with the necessary Quantitative Literacy to be able to understand and express appropriate quantitative ideas. The aim of this course is to give students an appreciation and an understanding of mathematical and statistical ideas within social science contexts. Course material will start from real-life situations and extract general concepts and principles using a problem-solving approach. For example: percentages; ratios; interpretation of graphs; manipulation of data; computer skills such as the use of spread sheets. The lectures will be conducted in the form of workshop/lectures: the aim is to create a learning environment based on group-work and problem-solving. Written assignments will be set to encourage students to explore their own understanding of mathematical and statistical ideas within context,"Monday to Friday, 1st period or 6th period","A class record will be created through the compulsory submission of computer tutorials and written assignments, as well as through written tests. A minimum of 40% for this class record and a minimum of 75% attendance at lectures and computer laboratory periods will be required as a DP for admission to the examination.","Coursework 50% (75% assessments, 15% assignments; 10% computer submissions). Exam 50% (67% written examination; 33% computer examination) NOTE: Credit will not be given for both this course and MAM1013F/S or MAM1022F.",Details subject to change.,247
2025,COM,Mathematics and Applied Mathematics,MAM1015S,INTRODUCTORY MATHEMATICS,18,5,R Rix,"Either: (A) NSC 50% in Mathematics or at least an A-level grade of E, or, (B) Credit for one of MAM1013, MAM1014, and MAM1022. Objective: This course is intended to provide students with the necessary mathematical background to be able to continue with MAM1010F/S or, with a mark of 70% or higher, MAM1004F/S (note: students wishing to continue into MAM1010 or MAM1004 must also obtain credit for MAM1014F)","Basic algebra: Variables, algebraic manipulation, real numbers, sets and intervals, absolute value, exponents, polynomial and rational functions, equations, inequalities. Functions: Linear, quadratic, polynomial, rational, exponential, logarithmic, domain and range, graphs, piecewise-defined functions, composition of functions, inverse of a function.","Monday – Friday, 1st period.",A class record will be created through the compulsory submission of computer tutorials and written assignments and tests. A minimum of 40% for the class record and a minimum of 75% attendance will be required for a DP for admission to the examination.,Class record: 40%; exam: 60%. COMMERCE 247,,247
2025,COM,Mathematics and Applied Mathematics,MAM1016S,QUANTITATIVE LITERACY FOR THE SOCIAL SCIENCES,18,5,Dr M Henry,MAM1013F or MAM1014F or MAM1022F.,"This course follows on from MAM1014F and is intended to provide Humanities students with the necessary Quantitative Literacy to be able to continue with studies in Quantitative Social Sciences, such as Psychology and Sociology. The aim of this course is to give students an appreciation and an understanding of mathematical and statistical ideas within appropriate contexts. The effective use of spreadsheets for data analysis and representation will be promoted. The lectures will be conducted in the form of workshop/lectures: the aim is to create a learning environment based on group-work and problem-solving. Written assignments will be set to encourage students to explore their own understanding of mathematical and statistical ideas within context.","Monday - Friday, 1st period","A class record will be created through the compulsory submission of computer tutorials and written assignments, as well as through written tests. A minimum of 40% for the class record and a minimum of 75% attendance at lectures and computer laboratory periods will be required as a DP for admission to the examination.","Coursework 50% (54% assessments, 30% assignments; 16% computer submissions). Exam 50% (67% written examination; 33% computer examination).",Details subject to change.,248
2025,COM,Mathematics and Applied Mathematics,MAM1019H,FUNDAMENTALS OF MATHEMATICS,18,5,Associate Professor A Schauerte,At least 70% in NSC Mathematics Co-requisites: MAM1031F and MAM1032S or equivalent.,"The aim of this course is to familiarise students with the most fundamental concepts and tools of modern mathematics at an elementary level. These include: fundamentals of logic and set theory, concepts of a function, of relations, of equivalence and order relations as well as some basic mathematical structures and the fundamental number systems.",Five lectures every two weeks in meridian.,Minimum of 30% in year mark.,Year mark counts up to 40%; one 2-hour examination paper written in November makes up the balance.,Students who intend to major in mathematics are expected to take MAM1019H during their first year of study.,248
2025,COM,Mathematics and Applied Mathematics,MAM1020F,MATHEMATICS 1A FOR ENGINEERS,18,5,Dr B Mongwane,"A pass in NSC Mathematics with at least 70%, or at least a D symbol at A-level.","The course aims to develop a good conceptual and visual understanding of the fundamentals of the mathematics of differential and the beginning of integral calculus as applied in engineering contexts. Topics include: Functions, limits and continuity. Rational functions, the natural exponential and logarithm functions. Radian measure and the Trigonometric functions. The rules of differentiation. Curve sketching. Applications of the mean value theorem. Rates of change and optimization involving functions of a single variable. L'Hospital's rules, indeterminate forms and the squeeze theorem. Anti- differentiation. Finite series, permutations, combinations and the binomial theorem. The definite integral and the fundamental theorem of calculus. The substitution rule. COMMERCE 248","Monday & Thursday & Friday, 1st & 2nd period; Tuesday & Wednesday, 1st & 2nd period, 1 double-period tutorial per week, offered in each semester.","30% For class record, high tutorial attendance.","Examination, not longer than 3 hours in June: Class record up to 40%.",,248
2025,COM,Mathematics and Applied Mathematics,MAM1020S,MATHEMATICS 1A FOR ENGINEERS,18,5,To be advised,"A pass in NSC Mathematics with at least 70%, or at least a D symbol at A-level.","The course aims to develop a good conceptual and visual understanding of the fundamentals of the mathematics of differential and the beginning of integral calculus as applied in engineering contexts. Topics include: Functions, limits and continuity. Rational functions, the natural exponential and logarithm functions. Radian measure and the Trigonometric functions. The rules of differentiation. Curve sketching. Applications of the mean value theorem. Rates of change and optimization involving functions of a single variable. L'Hospital's rules, indeterminate forms and the squeeze theorem. Anti- differentiation. Finite series, permutations, combinations and the binomial theorem. The definite integral and the fundamental theorem of calculus. The substitution rule.","Monday & Thursday & Friday, 1st & 2nd period; Tuesday & Wednesday, 1st, 2nd & 7th period","30% For class record, high tutorial attendance.","Examination, not longer than 3 hours in June or November: Class record up to 40%.",,249
2025,COM,Mathematics and Applied Mathematics,MAM1021F,MATHEMATICS 1B FOR ENGINEERS,18,5,Dr S Haque,MAM1020F.,"The course aims to develop a good conceptual and visual understanding of the fundamentals of the mathematics of differential and the beginning of integral calculus as applied in engineering contexts. The course covers the following: Further calculus of a single variable. The inverse trigonometric functions. Integration by parts. Partial fractions. Areas, volumes and arc length. Taylor series. An introduction to modelling and differential equations. Vector algebra and geometry. Points, lines and planes. Dot products and cross products. Matrices. Systems of linear equations. Gauss reduction. Matrix algebra. Linear transformations. The matrix representing a linear map. Inverses. An introduction to complex numbers. The complex plane. Moduli and arguments, conjugates. De Moivre's theorem. Roots of polynomials.","Monday & Thursday & Friday, 1st & 2nd period; Tuesday & Wednesday, 1st & 2nd period, 1 double-period tutorial per week, offered in each semester.","30% for class record, high tutorial attendance.","Examination, not longer than 3 hours in June or November: Class record up to 40%.",,249
2025,COM,Mathematics and Applied Mathematics,MAM1021S,MATHEMATICS 1B FOR ENGINEERS,18,5,Dr Á de la Cruz-Dombriz,MAM1020F.,"The course aims to develop a good conceptual and visual understanding of the fundamentals of the mathematics of differential and the beginning of integral calculus as applied in engineering contexts. The course covers the following: Further calculus of a single variable. The inverse trigonometric functions. Integration by parts. Partial fractions. Areas, volumes and arc length. Taylor series. An COMMERCE 249 introduction to modelling and differential equations. Vector algebra and geometry. Points, lines and planes. Dot products and cross products. Matrices. Systems of linear equations. Gauss reduction. Matrix algebra. Linear transformations. The matrix representing a linear map. Inverses. An introduction to complex numbers. The complex plane. Moduli and arguments, conjugates. De Moivre's theorem. Roots of polynomials.","Monday & Thursday & Friday, 1st & 2nd period; Tuesday & Wednesday, 1st & 2nd period, 1 double-period tutorial per week, offered in each semester.","30% for class record, high tutorial attendance.","Examination, not longer than 3 hours in June or November: Class record up to 40%.",,249
2025,COM,Mathematics and Applied Mathematics,MAM1022F,NUMBERS IN THE HUMANITIES,28,5,Dr M Sikhonde,Admission to this course is restricted to Extended Degree students and first-year Humanities students by course convener permission. It is strongly recommended for ED students taking BSocSc majors.,"This course is intended to provide Humanities ED students with the necessary quantitative literacy to be able to understand and express appropriate quantitative ideas, which may be presented in text, tables, charts and graphs. The aim of the course is to give students an appreciation and understanding of simple mathematical and statistical ideas in social science contexts and to develop their ability to write about such quantitative information. Some examples of quantitative ideas to be mastered in the course include: percentages, ratios, ways of representing change, descriptive statistics, data representations and the use of spread-sheets.","Monday - Friday, 1st or 6th period","Students will build up a coursework mark through the compulsory submission of all computer tutorials, assignments and tests. A minimum of 45% for coursework and a minimum of 75% attendance at lectures and computer laboratory periods will be required as a DP for admission to the examination.","Coursework 50% (75% assessments, 15% assignments, 10% computer submissions). Exam 50% (67% written examination; 33% computer examination).",Details subject to change. For most students this is a terminating course. If students achieve more than 60% for this course they can continue to MAM1016S. Credits for this course may count towards the four-year programme of study leading to the BA or BSocSc degree,250
2025,COM,Mathematics and Applied Mathematics,MAM1023F,MATHEMATICS 1A FOR ENGINEERS EXTENDED,18,5,K Ramesh-Kanjee,,"An introduction to differential and integral calculus. Functions, limits and continuity. Rational functions, the natural exponential and logarithm functions. Radian measure and the Trigonometric functions. The rules of differentiation. Curve sketching. Applications of the mean value theorem. Rates of change and optimization involving functions of a single variable. L'Hospital's rules, indeterminate forms and the squeeze theorem. Anti-differentiation. The binomial theorem. The definite integral and the fundamental theorem of calculus. The substitution rule.","Lectures from Monday - Friday, 1st and 2nd period. Tutorials on Tuesday from 6th to 8th period.",35% in class record,"Class record (tests, problem sets) 50%, Final examination 50%. Although a supplementary examination is usually granted for a final grade in the range 45-49%, a supplementary examination may also be granted for certain key courses in the range 40-44% under conditions agreed to by the Deans of EBE and Science, normally involving a mandatory pre-supplementary tutoring and revision programme. COMMERCE 250",,250
2025,COM,Mathematics and Applied Mathematics,MAM1023S,MATHEMATICS 1A FOR ENGINEERS EXTENDED,18,5,Dr A Campbell,,"An introduction to differential and integral calculus. Functions, limits and continuity. Rational functions, the natural exponential and logarithm functions. Radian measure and the Trigonometric functions. The rules of differentiation. Curve sketching. Applications of the mean value theorem. Rates of change and optimization involving functions of a single variable. L'Hospital's rules, indeterminate forms and the squeeze theorem. Anti-differentiation. The binomial theorem. The definite integral and the fundamental theorem of calculus. The substitution rule.","Lectures from Monday - Friday, 1st and 2nd period. Tutorials on Tuesday from 6th to 8th period.",35% in class record,"Class record (tests, problem sets) 50%, Final examination 50%. Although a supplementary examination is usually granted for a final grade in the range 45-49%, a supplementary examination may also be granted for certain key courses in the range 40-44% under conditions agreed to by the Deans of EBE and Science, normally involving a mandatory pre-supplementary tutoring and revision programme.",,251
2025,COM,Mathematics and Applied Mathematics,MAM1024F,MATHEMATICS 1B FOR ENGINEERS EXTENDED,18,5,Dr A Campbell,MAM1020F/S or MAM1023F/S,"Further calculus of a single variable. The inverse trigonometric functions. Integration by parts. Partial fractions. Areas, volumes and arc length. Taylor series. An introduction to modelling and differential equations. Vector algebra and geometry. Points, lines and planes. Dot products and cross products. Matrices. Systems of linear equations. Gauss reduction. Matrix algebra. Linear transformations. The matrix representing a linear map. Inverses. An introduction to complex numbers. The complex plane. Moduli and arguments, conjugates. De Moivre's theorem. Roots of polynomials",Lectures Monday - Friday 1st period. Tutorials on Tuesday from 6th to 8th.,35% in class record,"Class record (test, problem sets) 50%, Final examination 50%. Although a supplementary examination is usually granted for a final grade in the range 45-49%, a supplementary examination may also be granted for certain key courses in the range 40-44% under conditions agreed to by the Deans of EBE and Science, normally involving a mandatory pre-supplementary tutoring and revision programme.",,251
2025,COM,Mathematics and Applied Mathematics,MAM1024S,MATHEMATICS 1B FOR ENGINEERS EXTENDED,18,5,K Ramesh-Kanjee,MAM1020F/S or MAM1023F/S,"Further calculus of a single variable. The inverse trigonometric functions. Integration by parts. Partial fractions. Areas, volumes and arc length. Taylor series. An introduction to modelling and differential equations. Vector algebra and geometry. Points, lines and planes. Dot products and cross products. Matrices. Systems of linear equations. Gauss reduction. Matrix algebra. Linear transformations. The matrix representing a linear map. Inverses. An introduction to complex numbers. The complex plane. Moduli and arguments, conjugates. De Moivre's theorem. Roots of polynomials","Monday, Tuesday, Wednesday & Friday 1st& 2nd periods. Workshops: Wednesday 6th – 8th periods.",35% in class record COMMERCE 251,"Class record (test, problem sets) 50%, Final examination 50%. Although a supplementary examination is usually granted for a final grade in the range 45-49%, a supplementary examination may also be granted for certain key courses in the range 40-44% under conditions agreed to by the Deans of EBE and Science, normally involving a mandatory pre-supplementary tutoring and revision programme.",,251
2025,COM,Mathematics and Applied Mathematics,MAM1031F,MATHEMATICS 1031,18,5,Dr H Wiggins,At least 70% in NSC Mathematics,"The aim of this course is to introduce students to the fundamental ideas in differential calculus covering functions of one variable, limits, continuity and differentiation with applications, as well as formal proof methods. This course (or equivalent), along with MAM1032S (or equivalent) is necessary for entry into second year mathematics.","Five lectures per week, Monday - Friday, 1st or 3rd period","Minimum of 30% for class tests, minimum 30% for weekly online tests, and 80% attendance at tutorial sessions.",Semester mark counts 33.3% and end-of-semester exam counts 66.6%.,,252
2025,COM,Mathematics and Applied Mathematics,MAM1032S,MATHEMATICS 1032,18,5,Dr H Wiggins,MAM1031F or MAM1033F or MAM1004F (with 65% or higher),"The aim of this course is to continue from the work in MAM1031F and introduce students to integral calculus, taylor polynomials, complex numbers, vector geometry, linear algebra and differential equations. This course, along with MAM1031F is necessary for entry into second year mathematics.","Five lectures per week, Monday - Friday, 1st or 3rd period.","Minimum of 30% for class tests, minimum 30% for weekly online tests, and 80% attendance at tutorial sessions.",Semester mark counts 33.3% and end-of-semester exam counts 66.6%.,,252
2025,COM,Mathematics and Applied Mathematics,MAM1033F,MATHEMATICS 1033,18,5,Dr H Wiggins,At least 70% in NSC Mathematics,"The aim of this course is to introduce students to the fundamental ideas in differential calculus. It is designed for students majoring in mathematical and physical sciences. In addition, a fundamental aim is for students to come away with an understanding of how to read, write and apply mathematics using mathematical thinking practices for clarity, consistency and a depth of understanding that prepares them for MAM2000W, MAM3000W, and the mathematical requirements of their other Science courses.","Five lectures per week, Monday - Friday, 1st or 3rd period.","Minimum of 30% for class tests, minimum 30% for weekly online tests, 80% attendance at tutorial sessions and 100% attendance at Mathematical Thinking workshops.",Semester mark counts 33.3% and end-of-semester exam counts 66.6%. COMMERCE 252,,252
2025,COM,Mathematics and Applied Mathematics,MAM1034S,MATHEMATICS 1034,18,5,Dr H Wiggins Dr P W Adams Co-requisites: MAM1031F and MAM1032S or equivalent.,MAM1033F,"The aim of this course is to introduce the fundamental ideas in calculus and related topics. The main topics include integral calculus, differential equations, partial derivatives, vector geometry, matrix algebra, complex numbers, and Taylor polynomials. The course includes an explicit focus on mathematical thinking practices necessary for the depth of mathematical understanding for studies in the mathematical and physical sciences. These practices include: inductive and deductive reasoning, justifying, defining, proving, using mathematical understanding to flexibly solve multi-level problems, reading mathematics for learning, and communicating mathematical knowledge in writing and applying mathematics using mathematical thinking practices for clarity, consistency and a depth of understanding that prepares them for second- and third-year mathematics, and the mathematical requirements of their other Science courses. This course (or equivalent), along with MAM1033F (or equivalent) is necessary for entry into second year mathematics. The aim of this course is to introduce Applied Mathematics and Mathematical Modelling including approximations and estimation theory, numerical methods, dynamical systems and modelling and simulation of discrete and continuous processes with MATLAB and/or Julia. Exposure to research methodology and mathematical communication is provided.","Five lectures per week, Monday - Friday, 1st or 3rd period. First Semester: 2nd period Monday, Wednesday, Friday. Second Semester: 2nd period Tuesday, Thursday.","Minimum of 30% for class tests, minimum 30% for weekly online tests, 80% attendance at tutorial sessions, and 100% attendance at Mathematical Thinking workshops. A class record of 30% or more.",Semester mark counts 33.3% and end-of-semester exam counts 66.6%. This course can be taken in conjunction with MAM1044H as lectures are arranged so that this is possible. Each student registered for this course is required to have a laptop for use during class sessions as well as after hours. The minimum specifications of the laptop are available at www.math.uct.ac.za. (A tablet or “netbook” will not be suitable). The course convener will provide details of additional software (open source) required. 18 NQF credits at NQF level 5 Class record counts 50%; one 3-hour examination written in October/November makes up the balance.,,253
2025,COM,Mathematics and Applied Mathematics,MAM1044H,DYNAMICS,18,5,To be advised Co-requisites: MAM1031F and MAM1032S or equivalent,,"The aim of this course is to introduce the elements of mechanics. Topics covered include: Kinematics in three dimensions. Newton's laws of motion, models of forces (friction, elastic springs, fluid resistance). Conservation of energy and momentum. Simple systems of particles, including brief introduction to rigid systems. Orbital Mechanics with applications to the planning of space missions to the outer planets. COMMERCE 253","First semester: 2nd period Tuesday, Thursday. Second semester: 2nd period Monday, Wednesday, Friday.",A class record of 30% or more.,Class record counts up to 40%. A project and one 2.5-hour examination written in October/November make up the balance.,This course can be taken in conjunction with MAM1043H as lectures are arranged so that this is possible.,253
2025,COM,Mathematics and Applied Mathematics,MAM1110F,MATHEMATICS 1110 FOR CADP,18,5,S Torr,"NSC level 5 in Mathematics, or 60% on Higher Grade Mathematics (SC).","The aim of this course is to introduce topics in mathematics that are of interest to Commerce students, with applications to economics. Introductory financial mathematics including compound interest and annuities, functions, limits, differential calculus and applications of the derivative including graph sketching and Newton’s Method, introduction to integral calculus and techniques of integration.","Monday - Friday, 1st period.",Minimum of 30% in class tests and satisfactory attendance at lectures and tutorials.,Year mark up to 40% Final examination 1 x 2 hour paper,(for EDU Commerce Academic Development students),254
2025,COM,Mathematics and Applied Mathematics,MAM1110H,MATHEMATICS 1010,18,5,T Low,"NSC level 5 in Mathematics, or 50% on Higher Grade Mathematics (SC) or a pass in STA1101F/H or STA1001F/H/S; registered as an Academic Development Student (Commerce).","The aim of this course is to introduce topics in mathematics that are of interest to Commerce students, with applications to economics. Introductory financial mathematics including compound interest and annuities, functions, limits, differential calculus and applications of the derivative including graph sketching and Newton’s Method, introduction to integral calculus and techniques of integration.","Monday - Friday, 1st period.",Attendance at and submission of a minimum of 80% of lectures AND tutorials AND a weighted average of at least 40% for class tests.,Year mark up to 40% Final examination 1 x 2 hour paper,(for EDN Commerce Academic Development students),254
2025,COM,Mathematics and Applied Mathematics,MAM1112S,MATHEMATICS 1112 FOR CADP,18,5,S Torr,Pass in MAM1110F or MAM1010F/S/J or equivalent.,"The aim of this course is to continue the study of topics in mathematics that are of interest to Commerce students begun in MAM1010. Integral calculus, including numerical integration, introduction to ordinary differential equations, matrices and elementary linear algebra, Markov Systems, Taylor Maclaurin, and Binomial series, functions of several variables, three-dimensional space, partial derivatives and applications to optimization problems, the Simplex Method.","Monday - Friday, 1st period.",30% in class tests and satisfactory attendance at lectures and tutorials.,Year mark up to 40% Final examination 1 x 2 hour paper COMMERCE 254,(for EDU Commerce Academic Development students),254
2025,COM,Mathematics and Applied Mathematics,MAM2010F,ADVANCED CALCULUS (2AC),12,6,Dr F Ebobisse-Bille,"MAM1031F and MAM1032S or equivalent. With permission from the convener, students with 70% for both MAM1010F and MAM1012S may register for MAM2010F.","Students will study the fundamentals of multivariable calculus, including: Curves and surfaces in three dimensions, change of coordinates; Line integrals, surface integrals; Stoke's, Green's and divergence theorems. Please note that lectures alternate during the week so that students can take MAM2010F and MAM2011F concurrently.","Tuesdays, Fridays and some Wednesdays in 5th period.",,,,255
2025,COM,Mathematics and Applied Mathematics,MAM2011F,LINEAR ALGEBRA (2LA),12,6,Dr H Spakowski,"MAM1031F and MAM1032S or equivalent. With permission from the convener, students with 70% for both MAM1010F and MAM1012S may register for MAM2010F.","Students will study the fundamentals of linear algebra, including: Vector spaces, linear independence, spans, bases, row space, column space, null space; Linear maps; Eigenvectors and eigenvalues; Inner product spaces, orthogonality. Please note that lectures alternate during the week so that students can take MAM2010F and MAM2011F concurrently.","Mondays, Thursdays and some Wednesdays in 5th period.",,,,255
2025,COM,Mathematics and Applied Mathematics,MAM2012S,DIFFERENTIAL EQUATIONS (2DE),12,6,T C Van Heerden,"MAM1031F and MAM1032S or equivalent, MAM2010F and MAM2011F.","Students will study the fundamentals of differential equations, including topics from: First and second- order difference equations; Linear differential equations, constant coefficients; Laplace transforms; Nonlinear equations, phase plane analysis; Parabolic partial differential equations, separation of variables, boundary value problems; Black-Scholes equation; Stochastic differential equations. Please note that lectures alternate during the week so that students can take any of MAM2012S, MAM2013S and MAM2014S concurrently.","Tuesdays, Fridays and some Wednesdays in 4th period.",,,,255
2025,COM,Mathematics and Applied Mathematics,MAM2013S,INTRODUCTORY ALGEBRA (2IA),12,6,Associate Professor A Schauerte,MAM1031F and MAM1032S or equivalent.,"Students will study the fundamentals of abstract algebra and number theory, including: induction, strong induction and Well-Ordering axiom; Divisibility and prime factorization; Modular arithmetic; Permutations; Groups, Subgroups, Cyclic groups; Isomorphisms; Simple groups, Factor groups, Lagrange's Theorem; The First Isomorphism Theorem. Please note that lectures alternate during the week so that students can take any of MAM2012S, MAM2013S and MAM2014S concurrently.","Tuesdays, Fridays and some Wednesdays in 5th period. COMMERCE 255",,,,255
2025,COM,Mathematics and Applied Mathematics,MAM2014S,REAL ANALYSIS (2RA),12,6,M Vandeyar,MAM1031F and MAM1032S or equivalent.,"Students will study the fundamentals of real analysis, including: Axioms of the real numbers, supremum and infimum; Countable sets; Sequences and series; Open and closed sets, compactness; Limits, continuity, differentiability; Sequences and series of functions, uniform convergence, power series; Integration. Please note that lectures alternate during the week so that students can take any of MAM2012S, MAM2013S and MAM2014S concurrently.","Mondays, Thursdays and some Wednesdays in 4th and 5th period.",,,,256
2025,COM,Mathematics and Applied Mathematics,MAM2040F,ORDINARY DIFFERENTIAL EQUATIONS (2OD),12,6,To be advised,"MAM1031F and MAM1032S or equivalent, MAM1043H and MAM1044H Co-requisites: MAM2010F and MAM2011F",The course will cover first-order equations; existence and uniqueness of solutions. Linear equations of the n-th order; systems of n linear first-order equations. Non-homogeneous linear equations and systems; variation of parameters; qualitative theory of non-linear equations; phase plane analysis; externally- and parametrically-driven oscillators; resonance; application to the theory of non-linear vibrations. Calculus of variations. Please note that lectures alternate during the week so that students can take MAM2040F and MAM2041F concurrently.,"Monday - Friday, 3rd period.",,,,256
2025,COM,Mathematics and Applied Mathematics,MAM2041F,NUMERICAL ANALYSIS (2NA),12,6,Dr B Mongwane,"MAM1031F and MAM1032S or equivalent, MAM1043H and MAM1044H Co-requisites: MAM2010F and MAM2011F","The course will cover non-linear equations and rates of convergence. Direct and iterative methods for solving linear systems, pivoting strategies, matrix factorisation, norms, conditioning. Solutions to initial-value problems, including higher-order ordinary differential equations. Interpolation and approximation theory, splines, discrete and continuous least squares. Numerical differentiation and integration. Error analysis and control. Please note that lectures alternate during the week so that students can take MAM2040F and MAM2041F concurrently.","Monday - Friday, 3rd period.",,,,256
2025,COM,Mathematics and Applied Mathematics,MAM2042S,NON-LINEAR DYNAMICS (2ND),12,6,To be advised,"MAM1031F and MAM1032S or equivalent, MAM1043H, MAM1044H, MAM2010F and MAM2011F","The course will cover fixed points, bifurcations, phase portraits. Conservative and reversible systems. Index theory, PoincaréBendixson theorem, Liénard systems, relaxation oscillators. Hopf bifurcations, quasiperiodicity and Poincaré maps. Applications: chaos on a strange attractor, Lorentz map, logistic map, Hénon map. Lyapunov exponents. Fractals. Please note that lectures alternate during the week so that students can take MAM2042S and MAM2043S concurrently. COMMERCE 256","Monday - Friday, 3rd period.",Class record (CR) of at least 30% and satisfactory attendance at tutorials and submission of all assigned work.,"The class record (CR) is comprised of at least two class tests and any additional assessments the course convenor feels are necessary. The examination (EX) at the end of the semester is two hours long The final mark (FM) is calculated as 50% CR + 50% EX. Note that the CR comprises a maximum of 50% of the FM, while the EX makes up the balance.",,256
2025,COM,Mathematics and Applied Mathematics,MAM2043S,BOUNDARY-VALUE PROBLEMS (2BP),12,6,Associate Professor B Osano,"MAM1031F and MAM1032S or equivalent, MAM1043H, MAM1044H, MAM2010F, MAM2011F, and MAM2040F","The course will cover homogeneous and non-homogeneous boundary-value problems, Sturm- Liouville problems. Partial differential equations and their solution via separation of variables. Fourier series. Green's functions. Eigenfunction expansions. Please note that lectures alternate during the week so that students can take MAM2042S and MAM2043S concurrently.","Monday - Friday, 3rd period.",Class record (CR) of at least 30% and satisfactory attendance at tutorials and submission of all assigned work.,"The class record (CR) is comprised of at least two class tests and any additional assessments the course convenor feels are necessary. The examination (EX) at the end of the semester is two hours long The final mark (FM) is calculated as 50% CR + 50% EX. Note that the CR comprises a maximum of 50% of the FM, while the EX makes up the balance.",,257
2025,COM,Mathematics and Applied Mathematics,MAM2083F,VECTOR CALCULUS FOR ENGINEERS,16,6,Dr E Fredericks,MAM1020 or equivalent and MAM1021 or equivalent.,"This course aims to develop an understanding of differentiation of vector valued functions, space curves and surfaces. Partial derivatives, chain rule, maxima and minima, Lagrange multipliers. Gradient, divergence and curl. Taylor's theorem for one and several variables, Jacobians, Newton's method for several variables. Multiple integrals and change of variable. Surface integrals. Line integrals, work done by a force, potentials. Green's theorem, divergence theorem, and Stokes' theorem.",,35% class record and satisfactory tutorial attendance.,"One paper written in June or November no longer than 2.5 hours: up to 80%, year mark: up to 40%.",This course is designed specifically for students in the Faculty of Engineering & the Built Environment.,257
2025,COM,Mathematics and Applied Mathematics,MAM2083S,VECTOR CALCULUS FOR ENGINEERS,16,6,Dr E Fredericks,MAM1020 or equivalent and MAM1021 or equivalent.,"This course aims to develop an understanding of differentiation of vector valued functions, space curves and surfaces. Partial derivatives, chain rule, maxima and minima, Lagrange multipliers. Gradient, divergence and curl. Taylor's theorem for one and several variables, Jacobians, Newton's COMMERCE 257 method for several variables. Multiple integrals and change of variable. Surface integrals. Line integrals, work done by a force, potentials. Green's theorem, divergence theorem, and Stokes' theorem.",,35% class record and satisfactory tutorial attendance.,"One paper written in June or November no longer than 2.5 hours: up to 80%, year mark: up to 40%.",This course is designed specifically for students in the Faculty of Engineering & the Built Environment.,257
2025,COM,Mathematics and Applied Mathematics,MAM2084F,LINEAR ALGEBRA & DIFFERENTIAL EQUATIONS FOR,16,6,To be advised,MAM1021F/S or equivalent.,"This course aims to develop an understanding of linear algebra and differential equations for engineers. Topics include: First order ordinary differential equations. Systems of linear equations, linear combinations, linear dependence, linear subspaces and basis. Determinants. Eigenvalues and eigenvectors, diagonalization, applications to systems of linear differential equations and finding principal axes. Solution of n-th order linear differential equations. The Laplace transform.","4 lectures per week, 1 double-period tutorial per week.",35% class record and satisfactory tutorial attendance.,"One paper written in June or November no longer than 2.5 hours: up to 80%, year mark: up to 40%.",ENGINEERS This course is designed specifically for students in the Faculty of Engineering & the Built Environment.,258
2025,COM,Mathematics and Applied Mathematics,MAM2084S,LINEAR ALGEBRA & DIFFERENTIAL EQUATIONS FOR,16,6,To be advised,MAM1021F/S or equivalent.,"This course aims to develop an understanding of linear algebra and differential equations for engineers. Topics include: First order ordinary differential equations. Systems of linear equations, linear combinations, linear dependence, linear subspaces and basis. Determinants. Eigenvalues and eigenvectors, diagonalization, applications to systems of linear differential equations and finding principal axes. Solution of n-th order linear differential equations. The Laplace transform.","4 lectures per week, 1 double-period tutorial per week.",35% class record and satisfactory tutorial attendance.,"One paper written in June or November no longer than 2.5 hours: up to 80%, year mark: up to 40%.",ENGINEERS This course is designed specifically for students in the Faculty of Engineering & the Built Environment.,258
2025,COM,Mathematics and Applied Mathematics,MAM2085F,VECTOR CALCULUS FOR ASPECT,16,6,Associate Professor P Padayachee,MAM1023 and MAM1024,"This course aims to develop an understanding of vector calculus. Topics include: differentiation of vector valued functions, space curves and surfaces. Partial derivatives, chain rule, maxima and minima, Lagrange multipliers. Gradient, divergence and curl. Taylor's theorem for one and several variables, Jacobians, Newton's method for several variables. Multiple integrals and change of variable. Surface integrals. Line integrals, work done by a force, potentials. Green's theorem, divergence theorem, and Stokes' theorem. COMMERCE 258","Monday-Friday 1st period, 1 afternoon tutorial, optional additional mini-tutorials in 2nd or 3rd period",35% class record; attendance of tutorials,"One paper written in June or November no longer than 2.5 hours: up to 80%, year mark: up to 40%.",,258
2025,COM,Mathematics and Applied Mathematics,MAM2085S,VECTOR CALCULUS FOR ASPECT,16,6,Associate Professor P Padayachee,MAM1023 and MAM1024,"This course aims to develop an understanding of vector calculus. Topics include: differentiation of vector valued functions, space curves and surfaces. Partial derivatives, chain rule, maxima and minima, Lagrange multipliers. Gradient, divergence and curl. Taylor's theorem for one and several variables, Jacobians, Newton's method for several variables. Multiple integrals and change of variable. Surface integrals. Line integrals, work done by a force, potentials. Green's theorem, divergence theorem, and Stokes' theorem.","Monday-Friday 1st period, 1 afternoon tutorial, optional additional mini-tutorials in 2nd or 3rd period",35% class record; attendance of tutorials,"One paper written in June or November no longer than 2.5 hours: up to 80%, year mark: up to 40%. Third-Year Courses",,259
2025,COM,Mathematics and Applied Mathematics,MAM3006Z,PROJECT IN MATHEMATICS,0,7,Associate Professor E Berdysheva,,"With permission from the Convenor, and subject to the availability of a suitable supervisor in the Department, students may complete a project on a topic in Mathematics. This is strongly recommended for students intending to continue to Honours in Mathematics.",,,,,259
2025,COM,Mathematics and Applied Mathematics,MAM3010F,METRIC SPACES (3MS),18,7,S Chili,"MAM2010F, MAM2011F, MAM2014S and at least one of","The aim of this course is to introduce fundamental concepts in metric spaces and topology. Basic tools - Metrics, ultrametrics, pseudometrics, quasi-metrics. Convergence in metric spaces. Closed sets and closures. Open sets and interiors. Definition of topology in metric space and in general. Functions: continuous, uniformly continuous, Lipschitz continuous, contractions, isometries. Isomorphisms: topological, uniform, metric. Fundamental concepts - Completeness, via Cauchy sequences. Cantor’s intersection theorem. Construction of completion and proof of uniqueness. Banach’s Fixed Point Theorem and some applications. Compactness, via convergent subsequences; equivalence with total boundedness and completeness, and with open cover property. Connectedness, disconnectedness, and connected components.","Tuesdays, Fridays and some Wednesdays in 5th period. COMMERCE 259",,,,259
2025,COM,Mathematics and Applied Mathematics,MAM3011F,MODERN ABSTRACT ALGEBRA (3AL),18,7,Dr J Sanchez-Ortega,"MAM2010F, MAM2011F, MAM2013S and at least one of","This course focusses on Group Theory. Topics include: Lagrange’s Theorem. Isomorphism Theorems, Correspondence Theorem. p-Groups. Cauchy’s Theorem. Sylow Theorems. Direct Product of groups. Finitely generated Abelian Groups. Jordan-Holder Theorem.","Mondays, Thursdays and some Wednesdays in 5th period.",,,,260
2025,COM,Mathematics and Applied Mathematics,MAM3012F,DISCRETE MATHEMATICS (3DM),18,7,Associate Professor D Erwin,"MAM2010F, MAM2011F, and two of MAM2012S, MAM2013S and MAM2014S.","Graph theory, combinatorial counting, discrete probability theory, recurrences, algorithms, applications.","Monday - Friday, 4th period.",,,,260
2025,COM,Mathematics and Applied Mathematics,MAM3013S,TOPICS IN ALGEBRA (3TA),18,7,Dr J Sanchez-Ortega,"MAM2010F, MAM2011F, and two of MAM2012S, MAM2013S and MAM2014S.","This courses provides an Introduction to Ring Theory. A selection of the topics covered: Definition of a ring, examples, main properties. The field of fraction of an integral domain. Polynomial rings.","Tuesdays, Fridays and some Wednesdays in 5th period.",,,,260
2025,COM,Mathematics and Applied Mathematics,MAM3014S,TOPICS IN ANALYSIS (3TN),18,7,Dr F Ebobisse-Bille,MAM3010F,"1. Study of sequences: basic definitions on sequences of numbers; study of the behaviour of sequences of real numbers. 2. Revision on metric spaces: distance, balls, open and closed sets, limit of a function, convergence of sequences, compactness, completeness; spaces of continuous functions between metric spaces (continuity, uniform continuity, Lipschitz continuity, H?lderian continuity; ointwise convergence and uniform convergence for sequences of functions; normed spaces and linear continuous mappings between normed spaces; equivalence of norms; Banach spaces; linear continuous mappings between normed spaces (norm of a linear continuous mapping, the dual space). 3. Hilbert spaces: scalar product (parallelogram identity; Hilbert spaces; the orthogonal complement, the orthogonal projection operator, the Gram-Schmidt orthonormalization process. 5. Differential calculus between normed spaces: Gâteaux and Fréchet differentiability; chain rule; the Lagrange inequality; convexity (convex Fréchet differentiable functions); the implicit function theorem (IFT) – Inverse mapping theorem (IMT). 6. On Riemann integration and its limitations.","Mondays, Thursdays and some Wednesdays in 5th period. COMMERCE 260",,,,260
2025,COM,Mathematics and Applied Mathematics,MAM3015F,COMPLEX ANALYSIS (3CA),18,7,Associate Professor E Berdysheva,"MAM2010F, MAM2011F, MAM2014S and at least one of","Fields of complex numbers, Holomorphic functions, Power series, Elementary functions, Complex integration, Cauchy's Integral Theorem, Cauchy's Integral Formula, Liouville’s Theorem, Fundamental Theorem of Algebra, Coincidence Principle, Maximum Modulus Principle, Singularities, Residues, Laurent Series, Arguments, Rouche's Theorem, Open Mapping Theorems.","Tuesdays, Fridays and some Wednesdays in 4th period.",,,,261
2025,COM,Mathematics and Applied Mathematics,MAM3042F,ADVANCED NUMERICAL METHODS (3AN),18,7,Dr N Alexeeva,"MAM2040F, MAM2041F, MAM2042S and MAM2043S.","Advanced methods for ODEs, boundary value problems, differential eigenvalue problems. Numerical solution of PDEs by methods of finite differences, finite elements and spectral methods. Please note that lectures alternate during the week so that students can take MAM3042F and MAM3044F concurrently.","Monday - Friday, 3rd period.",,"Class record counts up to 50%, while the balance is given by the final examination.",,261
2025,COM,Mathematics and Applied Mathematics,MAM3043S,METHODS OF MATHEMATICAL PHYSICS (3MP),18,7,To be advised,"MAM2040F, MAM2041F, MAM2042S and MAM2043S.","The aim of this course is to introduce a selection of advanced topics in Applied Mathematics. Topics include: The Fourier-transform solution of linear PDEs on the line. The long-term asymptotic behaviour of solutions: the methods of Laplace, stationary phase and steepest descents. Nonlinear waves: the method of characteristics; the effect of dissipation; the Cole-Hopf transform for the Burgers equation; travelling fronts for the KPP equation. The effect of dispersion: KdV and nonlinear Schroedinger equation. Elliptic integrals and elliptic functions; dark and bright solitons; kinks and breathers for the sine-Gordon equation. Multisoliton solutions: the Hirota method and Baecklund transformations. Please note that lectures alternate during the week so that students can take MAM3043S and MAM3045S concurrently.","Monday - Friday, 3rd period.",Class record of 30% or more.,"Class record counts up to 50%, while the balance is given by the final examination.",,261
2025,COM,Mathematics and Applied Mathematics,MAM3044F,FUNCTIONS OF A COMPLEX VARIABLE (3CV),18,7,To be advised,"MAM2014S, MAM2040F, MAM2041F, MAM2042S and MAM2043S.","Complex calculus, calculus of residues, special functions, applications to physics. Please note that lectures alternate during the week so that students can take MAM3044F and MAM3042F concurrently.","Monday - Friday, 3rd period.",,"Class record counts up to 50%, while the balance is given by the final examination. COMMERCE 261",,261
2025,COM,Mathematics and Applied Mathematics,MAM3045S,INTRODUCTION TO GENERAL RELATIVITY (3GR),18,7,Dr B Mongwane,"MAM2040F, MAM2041F, MAM2042S and MAM2043S.","This course introduces special relativity and general relativity including tensors, the metric tensor, symmetries, curvature, Einstein's field equations and solutions of Minkowski space and Black Holes. Please note that lectures alternate during the week so that students can take MAM3043S and MAM3045S concurrently.","Monday - Friday, 3rd period.",,"Class record counts up to 50%, while the balance is given by the final examination.",,262
2025,COM,Mathematics and Applied Mathematics,MAM3046S,FLUID DYNAMICS (3FD),18,7,Professor A Malan,"MAM2040F, MAM2041F, MAM2042S and MAM2043S.","Applications, description of fluids, equations of fluid flow for simple fluids, analytical techniques.","Monday and Tuesday, meridian. Thursday, 5th period.",,,,262
2025,COM,Mathematics and Applied Mathematics,MAM3055Z,PROJECT/INTERNSHIP IN APPLIED MATHEMATICS,0,7,Professor I V Barashenkov,,"With permission from the Convenor, and subject to the availability of a suitable supervisor in the Department, students may complete a project or internship on a topic in Applied Mathematics. This is strongly recommended for students intending to continue to Honours in Applied Mathematics. COMMERCE 262 DEPARTMENT OF PHILOSOPHY",,,,,262
2025,COM,Philosophy,PHI1010S,ETHICS,18,5,O Mogomotsi,None,This course introduces students to moral philosophy and to the questions it asks. These may include: What makes an action right? Is morality relative (to one's own views or to one's culture) or is it objective? What is the relationship between religion and ethics? What is it to be a good person?,"Monday, Tuesday, Wednesday, 5th period.","Regular attendance at lectures and tutorials; completion of all tests, submission of all essays and assignments by due dates, and an average mark of at least 35% for the coursework.",Coursework counts 40%; one 3-hour examination in October/November counts 60%.,This course may also be offered in Summer/ Winter Term for limited numbers of students - please consult the department.,263
2025,COM,Philosophy,PHI1011S,ETHICS +,10,5,"TBA Objective: In these tutorials, students will receive explicit support around the co-requisite course assignments and detailed feedback on their written work.",,"The purpose of this course is to augment and support its co-requisite course: PHI1010S Ethics. It aims to improve students’ performance by enhancing their grasp of key ideas and concepts, and by developing their mastery of the disciplinary discourse. It provides additional pedagogic enrichment in the form of regular Plus Tuts that extend into Writing Hub exercises and consultations.",,100% tutorial attendance plus successful completion of all coursework assignments.,Coursework 100% comprising of tutorial assessments and other written work.,,263
2025,COM,Philosophy,PHI1024F,INTRODUCTION TO PHILOSOPHY,18,5,TBA,None,"This course is an introduction to philosophy that aims to make students more conscious, creative and critical in thinking about their own fundamental beliefs and values. Fundamental issues investigated include: the nature and possibility of knowledge, self-knowledge, the relationship between the mind and the body, the knowledge of other minds, whether we have free will, and whether life has a meaning. These issues are explored with the help of classical and contemporary philosophers, including Plato, Aristotle, Aquinas, Descartes, Hume, Biko, Appiah, Menkiti, Haslanger and others. As an introductory course, we use content that engages the diversity of students' lifeworlds and is cognizant of our African location. We employ innovative teaching and delivery methods that allow more time for active engagement and the development of critical reading and writing skills in the Humanities.","Monday, Tuesday, Wednesday 5th period.","Regular attendance at lectures and tutorials; completion of all tests, submission of all essays and assignments by due dates, and an average mark of at least 35% for the coursework.",Coursework counts 40%; one 3-hour examination in June counts 60%. COMMERCE 263,This course may also be offered in Summer/ Winter Term for limited numbers of students - please consult the department.,263
2025,COM,Philosophy,PHI1025F,CRITICAL THINKING,18,5,Associate Professor E Galgut,None,"Why do we value our beliefs? We value them because we take them to be true and, as true, they are good guides. But how can we tell when a belief is true? Our only handle here is whether or not the belief is justified. So we aim to have beliefs that are justified. The course concentrates on the practical business of appraising justifications. Of course, we all routinely attempt to justify our beliefs and arrive at new beliefs on the basis of supposed justifications. But almost as routinely we are hoodwinked. The course aims to make students better believers by making them more aware of the nature of justification, of the different sorts of justification and the pitfalls of each. At the end of it they will be less gullible and more able to explain just why a particular argument does or doesn't convince them. As an Introductory course we employ teaching and delivery methods that allow for active engagement and the development of critical reading and writing skills in the Humanities.","Monday, Tuesday, Wednesday 3rd period.","Regular attendance at lectures and tutorials; completion of all tests, submission of all essays and assignments by due dates, and an average mark of at least 35% for the coursework.",Coursework counts 50%; one 2-hour examination in June counts 50%.,,264
2025,COM,Philosophy,PHI2012F,PHILOSOPHY OF PSYCHOLOGY AND MIND,24,6,Associate Professor E Galgut,At least second year status.,"The question of the nature of the mind and its relation to the body (e.g. the brain) is discussed at length, with attention given to dualism, behaviourism, physicalism and functionalism. Other topics which may be dealt with are the nature of action, free will and determinism and the problem of personal identity.","Monday, Tuesday, Wednesday 4th period.","Regular attendance at lectures and tutorials; completion of all tests, submission of all essays and assignments by due dates, and an average mark of at least 35% for the coursework.",Coursework counts 40%; one 3-hour examination in June counts 60%.,This course may also be offered in Summer/ Winter Term for limited numbers of students - please consult the department.,264
2025,COM,Philosophy,PHI2016S,PHILOSOPHY OF ART AND LITERATURE,24,6,TBA,At least second year status.,"This course will consider a variety of issues in contemporary philosophy of art and literature - a subject area also sometimes referred to as aesthetics. Among the issues that will be discussed are: the ontology of art (comparing literature, music, painting, etc); interpreting literary and other art works; the nature of metaphor; the relationship between art and morality; truth and sincerity as criteria of literary and artistic value; the definition (or general nature) of art and literature.","Monday, Tuesday, Wednesday 2nd period.","Regular attendance at lectures and tutorials; completion of all tests, submission of all essays and assignments by due dates, and an average mark of at least 35% for the coursework.",Coursework counts 40%; one 3-hour examination in October/November counts 60%. COMMERCE 264,,264
2025,COM,Philosophy,PHI2037F,APPLIED ETHICS,24,6,TBA,At least second year status.,"The course involves the application of philosophical reasoning to real life practical and moral issues. It will be shown how rational argument can be brought to bear on the resolution of ethical dilemmas and difficult questions about what ought to be done. These may include issues concerning health care, business, the professions, the environment, or everyday life.","Monday, Tuesday, Wednesday 3rd period.","Regular attendance at lectures and tutorials; completion of all tests, submission of all essays and assignments by due dates, and an average mark of at least 35% for the coursework.",Coursework counts 40%; one 3-hour examination in June counts 60%.,(May not be offered in 2025),265
2025,COM,Philosophy,PHI2040S,PHILOSOPHY OF SCIENCE,24,6,Associate Professor J Ritchie,At least second year status.,"The course aims to introduce the students to the epistemological, metaphysical and ethical issues that arise when science is considered from a philosophical perspective. Through the study of philosophers such as Popper, Kuhn and Feyerabend, among others, the following sorts of questions will be discussed: Do scientists employ a special method which sets them apart from non-scientists and gives their claims greater authority? Do electrons, genes and other entities that we can’t see or touch really exist? Are scientists inevitably influenced by political and moral agendas or can pure science be value free?","Monday, Tuesday, Wednesday 3rd period.","Regular attendance at lectures and tutorials; completion of all tests, submission of all essays and assignments by due dates, and an average mark of at least 35% for the coursework.",Coursework counts 40%; November examination 3 hours 60%.,,265
2025,COM,Philosophy,PHI2041S,GREAT PHILOSOPHERS,24,6,Associate Professor T Angier,"At least second year status and the successful completion of any PHI course. However, completing PHI1024F before attempting PHI2041S is strongly encouraged.","This course will introduce students to a selection of philosophy’s major figures. The figures chosen may vary from year to year but they will be selected on the basis of their originality, profundity, influence and on the degree to which their works speak to one another. Philosophy often proceeds through an engagement with its past and engaging with one’s philosophical inheritance is one of the most rewarding aspects of studying philosophy. This course will ask students to try to understand a set of historical thinkers and writers not as contemporaries who can be presumed to share our philosophical concerns nor yet as merely historical figures; rather we shall try to appreciate the thinker’s writings in the context of his own concerns, which may differ significantly from ours. We shall discover that, when properly understood in this way, these thinkers still have relevance.","Monday, Tuesday, Wednesday 4th period.","Regular attendance at lectures and tutorials; completion of all tests, submission of all essays and assignments by due dates, and an average mark of at least 35% for the coursework.",Coursework counts 40%; one 3-hour examination in October/November counts 60%. COMMERCE 265,,265
2025,COM,Philosophy,PHI2042F,POLITICAL PHILOSOPHY,24,6,Associate Professor T Angier Associate Professor G Hull,At least second year status. At least second year status or be registered for an ACC04/ACC08 programme.,"What should our government do for us? Do the rich owe anything to the poor? Should society accept all cultures, or are there limits to tolerance? Is democracy really a good system? What is a just war, and can terrorism be justified? These are some of the questions asked in political philosophy. This course approaches the field in two ways. We choose several great political philosophers from ancient times to the twentieth century, and discuss their aims and arguments. Then we select some areas from contemporary political philosophy, and assess solutions to perpetual or recent problems in these areas. Ethical choices are unavoidable in business. This course aims to help students to articulate their options when confronted with an ethical dilemma in business, and to make well-informed judgements about the right thing to do. The course will consider a range of problems, from issues that could arise in a student’s first job to questions of business regulation that they may one day face as a leader in commerce or government. In each case, the course will challenge and assist students to recognise ethical problems in practical situations, understand the possible solutions, and make reasoned decisions.","Wednesday, Thursday, Friday 2nd period. Monday, Tuesday, Wednesday 3rd or 4th period.","Regular attendance at lectures and tutorials; completion of all tests, submission of all essays and assignments by due dates, and an average mark of at least 35% for the coursework. Regular attendance at lectures and tutorials; completion of all tests, submission of all essays and assignments by due dates, and an average mark of at least 35% for the coursework.",Coursework counts 40%; one 3-hour examination in June counts 60%. PHI2043FS BUSINESS ETHICS Please note that this course DOES NOT count towards the Philosophy major. This course may also be offered in Summer/ Winter Term for limited numbers of students - please consult the department. 18 NQF credits at NQF level 6 Coursework counts 40%; one 3-hour examination in June or October/November counts 60%.,This course may also be offered in Summer/ Winter Term for limited numbers of students - please consult the department.,266
2025,COM,Philosophy,PHI2044F,PHILOSOPHY OF MATHEMATICS,24,6,Professor B Weiss,"Second year status and at least 50% for Matric mathematics, or a pass for a MAM course, or a lower intermediate score for the NBT in Quantitative Literacy.","Mathematics – the paradigm of a successful intellectual practice, with highly secure results and many important applications – raises deep philosophical questions. For instance, if mathematical objects (like numbers) are not in time or space, then how can we know anything about these objects, and how can mathematics be of any use in understanding the physical world? Some other questions: Does mathematics have a foundation? What is a good mathematical explanation? In what ways does the discipline of mathematics develop? This course discusses and evaluates major contributions, both historical and current, to the philosophy of mathematics. The intended audience includes students who COMMERCE 266 enjoy more abstract areas of philosophy in general as well as those interested in the significance of mathematics in particular.","Monday, Tuesday, Wednesday 6th period.","Regular attendance at lectures and tutorials; completion of all tests, submission of all essays and assignments by due dates, and an average mark of at least 35% for the coursework.","Coursework counts 40%, one 3-hour examination in June counts 60%.",,266
2025,COM,Philosophy,PHI2045S,PHILOSOPHY OF RACE,24,6,Associate Professor G Hull,At least second year status.,"Many of the topics of public debate in contemporary South Africa raise intriguing philosophical questions: Morally speaking, does most of the Western Cape actually belong to the Khoisan? Does being indigenous (if that concept makes sense) give one certain moral rights? Has the achievement of legal equality liberated black people, or would true liberation require the rediscovery of a distinctive identity? What special responsibilities (if any) do formerly advantaged groups have today? This course brings the tools of philosophical argument and analysis to bear on such problems, making use of, e.g., contemporary theories of moral ownership rights and the phenomenon of “epistemic injustice”. In addition, it traces the intellectual ancestry of ideas such as those of Black Consciousness, critically examining the attempts of theorists such as Hegel, Fanon, Césaire and Biko to theorise about oppression, identity, empowerment and the predicament of colonised peoples.","Monday, Tuesday, Wednesday 5th period.","Regular attendance at lectures and tutorials; completion of all tests, submission of all essays and assignments by due dates, and an average mark of at least 35% for the coursework.",Coursework counts 40%; one three-hour examination in October/November counts 60%.,(May not be offered in 2025),267
2025,COM,Philosophy,PHI3023F,LOGIC AND LANGUAGE,30,7,Professor B Weiss,PHI2041S and any one of the other second year PHI courses that count towards the major.,"The philosophical investigation of linguistic meaning came to occupy a pivotal role in philosophy a little over a hundred years ago. The investigation became pivotal because the notion seems deeply perplexing — what sort of relation does a linguistic sign bear to what it represents? how do we form the ability to understand a potential infinity of sentences? — and because, more controversially, it came to seem that we could pursue many other questions in philosophy by looking at how language works. The philosophical focus on language was facilitated by developments in logical theory. The course begins by equipping the student with the technical basis in logic and then builds on this to explore the workings of language.","Tuesday, Wednesday, Thursday, Friday 7th period.","Regular attendance at lectures and tutorials; completion of all tests, submission of all essays and assignments by due dates, and an average mark of at least 35% for the coursework.",Coursework counts 40%; one 3-hour examination in June counts 60%.,,267
2025,COM,Philosophy,PHI3024S,METAPHYSICS AND EPISTEMOLOGY,30,7,Associate Professor J Ritchie,"PHI2041S and any one of the other second year PHI courses that count toward the major, and PHI3023F. COMMERCE 267","On one widespread conception, metaphysics is a first-order inquiry into “what there is”, whilst epistemology is second-order inquiry reflecting on “what it takes to know what there is.” But the pursuit of epistemology raises metaphysical questions too: what do our ways of knowing tell us about human nature, and the nature of the world? This course explores some core contemporary issues in both areas of inquiry, and considers the relationship between them. Topics in metaphysics may include contemporary investigations into the nature of the mind, its relations to the body and the external world, as well as the nature of causation, space and time. The course may also include some reflection on how, if at all, metaphysical knowledge is possible. Topics in epistemology may include exploring contemporary debates regarding the conception of knowledge, the structure and nature of epistemic justification, the relationship between reasons and beliefs and the value (if any) of scepticism.","Monday, Tuesday, Wednesday 7th period.","Regular attendance at lectures and tutorials; completion of all tests, submission of all essays and assignments by due dates, and an average mark of at least 35% for the coursework.",Coursework counts 40%; one 3-hour examination in October / November counts 60%. DEPARTMENT OF POLITICAL STUDIES,,267
2025,COM,Political Studies,POL1004F,INTRODUCTION TO POLITICS,18,5,Associate Professor Z Jolobe,"Faculty admission. Admission to this course is restricted to students registered for the major in Politics and Governance, or to students in the PPE programme or the 4- year version of the general bachelor's degree.","The purpose of this course is to provide an introduction to key concepts in Political Studies in particular political theory and public policy and administration. Under political theory, key concepts such as power, authority and legitimacy are discussed. Similarly, basic concepts in Public Policy and Administration are introduced to students. These concepts are applied to the study of politics. The case study of South African politics constitutes an application of the conceptual and theoretical material to contemporary politics. As an introductory course, we use content that engages the diversity of students' life worlds and is cognisant of our African location. We employ innovative teaching and delivery methods that allow more time for active engagement and the development of critical reading and writing skills in the Humanities.",Monday to Thursday 7th period.,"Tutorial attendance is compulsory and students who attend fewer than 85% of the tutorials will not be allowed to write the final examination. In addition, completion of all written assignments, essays and tests is a requirement for a DP. Should students fail to hand in written assignments by due date, they will be penalised according to the grading formula of the Department. All required work for DP purposes MUST be submitted by the last day of the course.",Coursework counts 50%; final two-hour examination counts 50%.,This course may also be offered in Summer/Winter Term – please consult the Department.,268
2025,COM,Political Studies,POL1005S,INTRODUCTION TO POLITICS B,18,5,Professor A Butler,DP for POL1004F or with special permission from the Head of Department.,"This course is an introduction to two related fields of Political Studies – Comparative Politics and International Relations. Comparative Politics involves the use of comparative approaches to study political institutions and processes within states. International Relations examines power relations COMMERCE 268 across state borders. The course provides an introduction to the systematic study of both fields, with an emphasis on some of the leading theories and questions.",Monday to Thursday 7th period.,"Tutorial attendance is compulsory and students who attend fewer than 85% of the tutorials will not be allowed to write the final examination. In addition, completion of all written assignments, essays and tests are a requirement for a DP. Should students fail to hand in written assignments by due date, they will be penalised according to the grading formula of the Department. All required work for DP purposes MUST be submitted by the last day of the course.",Coursework counts 50%; final two-hour examination counts 50%.,This course may also be offered in Summer/Winter Term – please consult the Department.,268
2025,COM,Political Studies,POL1010S,INTRODUCTION TO POLITICS B +,10,5,S Seti,None (extended programme students only). Co-requisites: POL1005S.,"The purpose of this course is to augment and support its co-requisite course: POL1005S Introduction to Politics B. It aims to improve students’ performance by enhancing their grasp of key ideas and concepts, and by developing their mastery of the disciplinary discourse. It provides additional pedagogic enrichment in the form of regular Plus Tuts that extend into Writing Hub exercises and consultations. In these tutorials, students will receive explicit support around the co-requisite course assignments and detailed feedback on their written work.",Tutorial times by sign-up with the department.,100% tutorial attendance plus successful completion of all coursework assignments.,Coursework counts 100% comprising of tutorial assessments and other written work.,,269
2025,COM,Political Studies,POL2002F,POLITICAL THEORY,24,6,Dr G M Maxaulane,POL1004F and POL1005S or with special permission from the Head of Department.,"The course examines the social theories of modernity or the role of the post-Enlightenment Scientific Revolution in the formation of the theory of the subject. Against this backdrop, we examine how Descartes goes about establishing the existence of the subject and then we will examine some of the different forms assumed by the new subject (including colonial, democratic, fascist, and totalitarian forms). When it comes to colonial modernity, we will consider the effects of the modern episteme in the history of colonialism and the modes of resistance assumed by the anti-colonial subject and the 'post'-colonial subject.",Monday to Thursday 8th period.,"Tutorial attendance is compulsory and students who attend fewer than 85% of the tutorials will not be allowed to write the final examination. In addition, completion of all written assignments, essays and tests are a requirement for a DP. Should students fail to hand in written assignments by due date, they will be penalised according to the grading formula of the Department. All required work for DP purposes MUST be submitted by the last day of the course.",Coursework counts 50%; final two-hour examination counts 50%. COMMERCE 269,,269
2025,COM,Political Studies,POL2038F,COMPARATIVE POLITICS,24,6,Z Lategan,POL1004F and POL1005S or with special permission from the Head of Department.,"This course introduces students to the major concepts, approaches, themes and topics of inquiry in the field of comparative politics. The course is designed to relate specific theories and relevant case studies and/or empirical evidence. The first part of the course focuses on the broad theme of comparative government and the second on violent processes of political change.",Monday to Thursday 7th period.,"Tutorial attendance is compulsory and students who attend fewer than 85% of the tutorials will not be allowed to write the final examination. In addition, completion of all written assignments, essays and tests are a requirement for a DP. Should students fail to hand in written assignments by due date, they will be penalised according to the grading formula of the Department. All required work for DP purposes MUST be submitted by the last day of the course.",Coursework counts 50%; final two-hour examination counts 50%.,This course may also be offered in Summer/Winter Term – please consult the Department.,270
2025,COM,Political Studies,POL2039F,INTERNATIONAL POLITICAL ECONOMY,24,6,Associate Professor Z Jolobe,POL1004F and POL1005S or with special permission from the Head of the Department.,"The course aims to familiarize students with the theoretical concepts and analytical tools central to the study of International Political Economy (IPE) as it relates to Africa. IPE focuses on the intersection between economics and politics in the global environment. In this course, students will analyse how international and domestic political factors interact with economic factors to determine outcomes in areas such as international trade, finance, aid, natural resources, international growth and development, as well as the interaction between business and governments. The course is intended not only to prepare students for further study in IPE, but also to make sense of current events, especially the challenges countries like South Africa face in the international arena.",Monday to Thursday 6th period.,"Tutorial attendance is compulsory and students who attend fewer than 85% of the tutorials will not be allowed to write the final examination. In addition, completion of all written assignments, essays and tests are a requirement for a DP. Should students fail to hand in written assignments by due date, they will be penalised according to the grading formula of the Department. All required work for DP purposes MUST be submitted by the last day of the course.",Coursework counts 60%; final two-hour examination counts 40%.,,270
2025,COM,Political Studies,POL2042S,COMPARATIVE PUBLIC ADMINISTRATION,24,6,Associate Professor V Naidoo,POL1004F and POL1005S or with special permission from the Head of Department.,"Public administration represents the most visible, and in many ways, the most active part of government. It is also that aspect of government that we probably know the least about, because it is comprised of a large army of non-elected officials working behind the scenes to implement legislation and policy. In this course, we will survey the history and contemporary practice of public administration (or public bureaucracies) around the world. Some of the key questions that we will aim to answer are: what is the proper place and role of public administration in a democracy? What are COMMERCE 270 the benefits and potential risks of public administration in democratic government? What impact does public administration have on our lives as citizens? How can we construct effective working relationships between elected politicians and unelected administrators. And finally, what role can public administration play in responding to global policy crisis? Although this course adopts a comparative perspective, we will pay particular attention to the role that public administration has played in democratic transitions in South and Southern Africa.",Monday to Thursday 8th period.,"Tutorial attendance is compulsory and students who attend fewer than 85% of the tutorials will not be allowed to write the final examination. In addition, completion of all written assignments, essays and tests are a requirement for a DP. Should students fail to hand in written assignments by due date, they will be penalised according to the grading formula of the Department. All required work for DP purposes MUST be submitted by the last day of the course.",Coursework counts 50%; final two-hour examination counts 50%.,,270
2025,COM,Political Studies,POL2043S,SOUTH AFRICAN POLITICS,24,6,Dr G Maluleke,POL1004F and POL1005S or with special permission from the Head of Department. Co-requisites: None,"This course introduces students to the academic study of South African politics. It explores the country’s recent political history, the political legacies of segregation and apartheid, and the relationships between politics and broader social life. It goes on to explore the character and significance of the country’s ‘democratic transition’. The course also investigates the country’s constitution, electoral systems, political parties, party system, and associational politics. Students learn key academic approaches to the study of domestic politics and apply these to the study of South Africa.",Monday to Thursday 5th period.,"Tutorial attendance is compulsory and students who attend fewer than 85% of the tutorials will not be allowed to write the final examination. In addition, completion of all written assignments, essays and tests are a requirement for a DP. Should students fail to hand in written assignments by due date, they will be penalised according to the grading formula of the Department. All required work for DP MUST be submitted by the last day of the course.",Coursework 50%; final exam 50%.,,271
2025,COM,Political Studies,POL3029F,POLITICS OF AFRICA AND THE GLOBAL SOUTH,30,7,Associate Professor L Paremoer,"Any 2000-level POL course, or with special permission from the Head of Department.","This course reviews the theories and approaches that are typically used to analyse the political economies and political regimes of countries in the global South. The reliability, validity and normative implications of these theories will be evaluated with reference to key case studies -- in many cases drawn from the African Continent – in order to illustrate or problematise their claims. Though this is a political science course, our study of the politics of the South will be informed by debates that span a number of disciplines, including history, economics, law, anthropology and sociology.","Monday. Tuesday, Wednesday 4th period.","Tutorial attendance is compulsory and students who attend fewer than 85% of the tutorials will not be allowed to write the final examination. In addition, completion of all written assignments, essays and tests are a requirement for a DP. Should students fail to hand in written COMMERCE 271 assignments by due date, they will be penalised according to the grading formula of the Department. All required work for DP purposes MUST be submitted by the last day of the course.",Coursework counts 50%; final two-hour examination counts 50%.,,271
2025,COM,Political Studies,POL3030F,CONFLICT IN WORLD POLITICS,30,7,Associate Professor H Scanlon,Any 2000-level POL course or with special permission from the Head of Department.,"In this course we examine conflict in world politics. We focus on: the analysis of conflict; causes of conflict; actors in conflict; behaviour during conflict; consequences of conflict; and moral evaluation of conflict. In each dimension, we ask questions. To each of these questions, there are different, even opposing, answers. We examine these answers, illustrating them with cases and/or empirical material.",Monday to Thursday 6th period.,"Tutorial attendance is compulsory and students who attend fewer than 85% of the tutorials will not be allowed to write the final examination. In addition, completion of all written assignments, essays and tests are a requirement for a DP. Should students fail to hand in written assignments by due date, they will be penalised according to the grading formula of the Department. All required work for DP purposes MUST be submitted by the last day of the course.",Coursework counts 50%; final two-hour examination counts 50%.,,272
2025,COM,Political Studies,POL3037F,SOUTH AFRICAN PUBLIC POLICY ANALYSIS,30,7,Professor A Butler,Any 2000-level POL course or with special permission from the Head of Department.,"This course introduces students to the analysis of public policy. We first explore public institutions in which policy is analysed, developed and implemented, including the cabinet system, treasury and the presidency. We then consider some models that scholars have used to make sense of complex policy processes. The course then explores specific public policy challenges in areas such as energy security, school system reform, and HIV/AIDS policy. This course will be especially useful for students wanting to understand contemporary government in SA, and the relationships between public policy and politics.",Monday to Thursday 7th period.,"Tutorial attendance is compulsory and students who attend fewer than 85% of the tutorials will not be allowed to write the final examination. In addition, completion of all written assignments, essays and tests are a requirement for a DP. Should students fail to hand in written assignments by due date, they will be penalised according to the grading formula of the Department. All required work for DP purposes MUST be submitted by the last day of the course.",Coursework counts 50%; final two-hour examination counts 50%.,,272
2025,COM,Political Studies,POL3038S,URBAN POLITICS AND ADMINISTRATION,30,7,Dr T Zondi,Any 2000-level POL course or with special permission from the Head of Department.,"The first section of the course locates South African local level politics and administration in the context of national and provincial state reform, and examines the significance of local implementation and service delivery for policy outputs and for the policy process as a whole. A theoretical framework for understanding local government reorganisation is developed and a comparative analysis COMMERCE 272 undertaken of local government reorganisation with particular reference to metropolitan areas. There is in addition a focus on contemporary reforms which have affected South Africa's contemporary urban governance, such as the new megacities, politics-administration interface and developmental local government. The second section of the course introduces students to an overview of contemporary urban political and administrative challenges and opportunities. These challenges and opportunities occur in a context of global and local conditions. The course examines and compares good solutions to urban problems in third and first world cities. In its focus on delivery-level administration and politics, the course provides both intellectual and practical closure to the major sequence of courses on public administration, management and the policy process.",Monday to Thursday 7th period.,"Tutorial attendance is compulsory and students who attend fewer than 85% of the tutorials will not be allowed to write the final examination. In addition, completion of all written assignments, essays and tests are a requirement for a DP. Should students fail to hand in written assignments by due date, they will be penalised according to the grading formula of the Department. All required work for DP purposes MUST be submitted by the last day of the course.",Coursework counts 50%; final two-hour examination counts 50%.,,272
2025,COM,Political Studies,POL3045S,GLOBAL GOVERNANCE,30,7,Associate Professor Z Jolobe,Any 2000-level POL course or with special permission from the Head of Department. Co-requisites: None,"Global governance refers to the way in which global affairs are managed in the absence of a global government, and involves a broad range of actors including states, international and regional organisations. This course provides an overview of the existing architecture of global governance, explores the management of selected global issues, and considers debates and new trends in global governance.",6th period.,"Tutorial attendance is compulsory and students who attend fewer than 85% of the tutorials will not be allowed to write the final examination. In addition, completion of all written assignments, essays and tests are a requirement for a DP. Should students fail to hand in written assignments by due date, they will be penalised according to the grading formula of the Department. All required work for DP MUST be submitted by the last day of the course.",Coursework 50%; final exam 50%.,,273
2025,COM,Political Studies,POL3046S,SOUTH AFRICAN POLITICAL THOUGHT,30,7,Associate Professor T Reddy,Any 2000-level POL course or with special permission from the Head of Department.,"This course helps students to understand the complex relationships between Western, African, and South African Political Thought. The course introduces students to some of the key ideas in these traditions of political theory and explores some of the interactions between them. In particular, students will investigate the development of ideas concerning colonial rule and the nationalist responses to that rule, which together constitute a rich and complex literature. The themes address over the course will include the Western enlightenment, colonial modernity, nationalism and democracy.",4th period.,"Tutorial attendance is compulsory and students who attend fewer than 85% of the tutorials will not be allowed to write the final examination. In addition, completion of all written assignments, essays and tests are a requirement for a DP. Should students fail to hand in written COMMERCE 273 assignments by due date, they will be penalised according to the grading formula of the Department. All required work for DP MUST be submitted by the last day of the course.",Coursework 50%; final exam 50%. DEPARTMENT OF PSYCHOLOGY,,273
2025,COM,Psychology,PSY1004F,INTRODUCTION TO PSYCHOLOGY PART 1,18,5,TBA,"Faculty admission. Admission to this course is restricted to students (a) registered for the major in Psychology, (b) for which the completion of this course is a degree-specific requirement (e.g., Social Work, Physiotherapy, Occupational Therapy, Speech and Communication Disorders [Speech Therapy and Audiology], or any other approved Health Sciences service programme), and (c) majoring in Organisational Psychology.","The course aims to introduce the student to some of the areas of specialisation within psychology. These include history of psychology, biopsychology and neuropsychology, memory, developmental psychology, psychopathology and psychotherapy, and learning and conditioning. Students are taught a great deal about plagiarism and develop skills necessary to write essays and prepare other submissions to the Department of Psychology.",Tuesday to Friday 1st or 5th period.,"Satisfactory completion of all assignments by due date, attend at least 80% of tutorials, complete both class tests. In addition, obtain one Student Research Participation Programme (SRPP) point or equivalent.",Coursework (term assignments and tests) counts 50%; one two-hour examination in June counts 50%. Students are expected to complete the June examination as well as all coursework before being awarded a pass in this class.,,274
2025,COM,Psychology,PSY1005S,INTRODUCTION TO PSYCHOLOGY PART 2,18,5,TBA,PSY1004F,"This course builds on the content covered in Introduction to Psychology Part 1. There is emphasis on research methods, both quantitative and qualitative methods. The student is also introduced to other areas of specialisation, including intelligence, attention, emotion and motivation, personality and social psychology. With a focus on research methods, students develop skills necessary to write a research report and prepare other submissions to the Department of Psychology and to carry out conceptual analyses of research materials and results.",Tuesday to Friday 1st or 5th period.,"Satisfactory completion of all assignments by due date, attend at least 80% of classroom tutorials, submit all statistics lab-based exercises, complete both class tests. In addition, obtain two Student Research Participation Programme (SRPP) points or equivalent.",Coursework (term assignments and tests) counts 50%; one two-hour examination in November counts 50%. Students are expected to complete the November examination as well as all coursework before being awarded a pass in this class.,,274
2025,COM,Psychology,PSY2013F,SOCIAL AND DEVELOPMENTAL PSYCHOLOGY,24,6,TBA,PSY1004F and PSY1005S or equivalent. COMMERCE 274 Co-requisites: None,"This course provides an introduction to two major areas of psychological research and theory. Social Psychology is taught in one half of the course. The social psychology module introduces students to some basic concepts and theories in social psychology, exposes students to current research within the field, and provides an opportunity for students to engage critically with existing theories and their relevance to the South African context. Some of the major topics covered will include race and racism, social identity and social change, intergroup contact, and social influence. Developmental psychology is taught in the other half of the course. The developmental psychology module focuses on understanding the changes and continuities that occur in children from conception through adolescence. The sessions will cover central theoretical issues and research strategies in developmental psychology, prenatal development, cognitive and language development, social and emotional development, and contexts of development.","Tuesday to Friday, 7th period.","Completion of all coursework, and 80% attendance at tutorials.","Coursework will be weighted at 50%, and will include completion of tutorial assignments, essays and tests as required. An exam at the end of the semester will be weighted 50%.",Was previously PSY2003S (Social Psychology and Intergroup Relations) and PSY2009F (Developmental Psychology),274
2025,COM,Psychology,PSY2014S,COGNITIVE NEUROSCIENCE AND ABNORMAL PSYCHOLOGY,24,6,Associate Professor G Lipinska,PSY1004F and PSY1005S,"This course aims to introduce students to a variety of topics relevant to normal cognitive functioning as well as psychopathology. While one half of the course takes a neuroscientific approach, the other half of the course draws on psychological, sociocultural, cognitive and biological perspectives.","Tuesday to Friday, 7th period.","Completion of all coursework, attendance at all tutorials, and obtaining 3 points through the Student Research Participation Programme (SRPP).",Coursework: 70% (assignment submissions = 40% and class test = 30%) Exam: 30%.,Was previously PSY2010S (Cognition and Neuroscience) and PSY2011F (Clinical Psychology I),275
2025,COM,Psychology,PSY2015F,RESEARCH IN PSYCHOLOGY I,24,6,Professor C Ward,"PSY1004F, PSY1005S; and meeting mathematics criterion for entrance into PSY1004F. Co-requisites: None","This course introduces students to research in Psychology. We will cover four major approaches to research in Psychology, namely quantitative research methods, qualitative research methods, statistical analysis of data, and psychometrics.","Monday to Thursday, Meridian.","Completion of all coursework, 80% attendance at tutorials, and obtaining 3 points through the Student Research Participation Programme (SRPP).","Coursework will be weighted at 50%, and will include completion of tutorial assignments, and tests as required. An exam at the end of the semester will be weighted 50%. COMMERCE 275",Was previously PSY2006F (Research in Psychology I),275
2025,COM,Psychology,PSY3005F,CRITICAL PSYCHOLOGY,30,7,Dr R Makama,Students must have passed PSY1004F and PSY1005S and at least one 2000-level social science course.,"This course has a central focus on the psychology of identities. It engages students to explore the role of psychology in examining issues of race, class, gender, sexuality, ethnicity, etc. Theoretical concepts from liberation psychology, postcolonial psychology and feminist psychology will be taught and discussed in relation to current debates in South Africa, and the African diaspora around identity differences. Tutorials may include practical exercises and case presentations.",Tuesday to Friday 5th period.,Completion of all coursework and attendance at tutorials as required.,"Coursework (Tutorial assignments, group projects and individual written assignments) counts 100%",,276
2025,COM,Psychology,PSY3007S,RESEARCH IN PSYCHOLOGY II,30,7,Professor C Tredoux,Students must have passed PSY2015F.,"This course deepens and strengthens the introduction to research in PSY2006F. There are four central components: (a) research methods in psychology; (b) statistical analysis in psychology; (c) qualitative methods in psychology, and (d) psychological measurement. On completion of this course, students would have covered the following: analysis of group comparisons (including t-tests and analysis of variance); data modelling techniques (including table analysis and regression); psychometrics and psychological assessment (including item analysis, measurement of intelligence and neuropsychological assessment); qualitative techniques (including narrative and discourse analysis).",Tuesday to Friday 3rd period.,"Completion of all coursework, at least 70% attendance at tutorials, as well as completion of 90 minutes in the Student Research Participation Programme (SRPP) or equivalent.",Coursework (projects and tests) counts 50%; one two-hour examination at the end of the semester counts 50% towards the final mark.,,276
2025,COM,Psychology,PSY3009F,APPLIED COGNITIVE SCIENCE,30,7,Dr P Njomboro,Students must have passed PSY2015F and PSY2014S.,"This course deals with various applications of cognitive science to practical and theoretical problems in psychology. Lectures and research projects offered in the course are aimed at developing students’ appreciation and understanding of the research methodologies and real world applications of cognitive science. Topics covered include connectionist architectures (neural networks), influences of biological cycles, drugs, and hormones on cognitive performance, the cognitive psychology of decision making, memory in the forensic arena, face recognition and reconstruction, clinical cognition, and evolutionary cognitive psychology among others.",Monday to Thursday Meridian.,"Completion of all coursework, as well as completion of 90 minutes in the Student Research Participation Programme (SRPP) or equivalent and attendance of at least 5 tutorials.","Coursework: counts a total of 50%. This coursework is broken down into weekly tests (25%), and a group field project (25%). Examination: the two-hour examination in June counts 50% towards the final mark. COMMERCE 276",,276
2025,COM,Psychology,PSY3010S,INTRODUCTION TO CLINICAL NEUROPSYCHOLOGY,30,7,Professor S Malcolm-Smith,Students must have passed PSY2015F and PSY2014S.,"This course is designed to provide a broad general introduction to the field of clinical neuropsychology. Although the general focus of the course is on brain-behaviour relationships and ways in which cognition and behaviour are controlled by neural systems, we will take an approach that concentrates on the clinical presentation of human neurological dysfunction.",Monday to Thursday Meridian.,"Completion of all coursework, attendance at a minimum of 5 tutorials, as well as completion of 90 minutes in the Student Research Participation Programme (SRPP) or equivalent.",Coursework (tests and tutorial response papers) counts 45%; one two-hour examination in November counts 55% towards the final mark.,,277
2025,COM,Psychology,PSY3011S,CLINICAL PSYCHOLOGY II,30,7,Professor D Kaminer,Students must have passed PSY2014S.,"This course introduces students to a number of critical debates shaping research and practice in the field of clinical psychology in South Africa. It provides an overview of the local mental health context, while exploring the problematics of diagnosis and intervention in respect of ‘race’, class, language, culture and gender. Particular attention is given to the debate around the ‘relevance’ of clinical psychology in South Africa. Additional topics include psychodynamic psychotherapy, community psychology and evidence-based practice.",Tuesday to Friday 5th period.,Completion of all coursework and attendance at tutorials as required.,"Coursework (an essay, a test and tutorial assignments) counts 50%; one two-hour examination in November counts 50% towards the final mark. NOTE: Students who have passed PSY3004S will not be permitted to register for PSY3011S. DEPARTMENT OF PUBLIC LAW",Was previously PSY3004S (Clinical Psychology II),277
2025,COM,Public Law,PBL2000W,CONSTITUTIONAL LAW,36,7,Dr N Ramalekana N Watson N Watson N Watson,"Undergraduate LLB students: concurrent registration with PBL2001H and PVL2002H.Graduate LLB students: concurrent registration with PVL1003W, PVL1004F, PVL1008H, PVL2002H, PVL2003H. A pass in any of MAM1004F/S or MAM1005H or MAM1031F or A pass in any of MAM1004F/S or MAM1005H or MAM1031F or MAM1033F or MAM1020F/S or MAM1010F/S or MAM1110F/H or at least 45% for MAM1010F or MAM1004F or MAM1020F or MAM1031F or MAM1033F in the current year. Students should have obtained a DP for either STA1000F/S.","The first part of the course provides an introduction to the history of South African constitutional law and basic concepts such as democracy, legitimacy, constitutionalism, federalism, separation of powers and the rule of law. It then considers the institutional framework provided by the South African Constitution in detail. The second part of the course focuses on the protection of human rights in the Constitution. It examines the operation of the Bill of Rights and, using both SA cases and the jurisprudence of constitutional courts in other jurisdictions as well as the European Court of Human Rights, considers freedom of speech, equality and affirmative action, the protection of property rights and social and economic rights among other issues. COMMERCE 277 This is an introductory statistics course aimed at exposing students to principles and tools to support appropriate quantitative analysis. The aim is to produce students with a functional sense of statistics. We introduce students to statistical modelling and also cover exploratory data analysis. Appropriate tools for display, analysis and interpretation of data are discussed. This course is offered predominantly, but not exclusively, to Commerce students. The aim is to give a foundation to students who will encounter and apply statistics in their other courses and professions. Topics covered include: exploratory data analysis and summary statistics; probability theory; random variables; probability mass and density functions; Binomial, Poisson, Exponential, Normal and Uniform distributions; sampling distributions; confidence intervals; introduction to hypothesis testing (including tests on means; tabular data and bivariate data); determining sample sizes; simple linear regression and measures of correlation. Students are assessed on their knowledge of the topics covered and their ability to perform simple and appropriate statistical analyses using spreadsheet functions. This is an introductory statistics course aimed at exposing students to principles and tools to support appropriate quantitative analysis. The aim is to produce students with a functional sense of statistics. We introduce students to statistical modelling and also cover exploratory data analysis. Appropriate tools for display, analysis and interpretation of data are discussed. This course is offered predominantly, but not exclusively, to Commerce students. The aim is to give a foundation to students who will encounter and apply statistics in their other courses and professions. Topics covered include: exploratory data analysis and summary statistics; probability theory; random variables; probability mass and density functions; Binomial, Poisson, Exponential, Normal and Uniform distributions; sampling distributions; confidence intervals; introduction to hypothesis testing (including tests on means, tabular data and bivariate data); determining sample sizes; simple linear regression and measures of correlation. Students are assessed on their knowledge of the topics covered and their ability to perform simple and appropriate statistical analyses using spreadsheet functions. This is an introductory statistics course aimed at exposing students to principles and tools to support appropriate quantitative analysis. The aim is to produce students with a functional sense of statistics. We introduce students to statistical modelling and also cover exploratory data analysis. Appropriate tools for display, analysis and interpretation of data are discussed. This course is offered predominantly, but not exclusively, to Commerce students. The aim is to give a foundation to students who will encounter and apply statistics in their other courses and professions. Topics covered include: exploratory data analysis and summary statistics; probability theory; random variables; probability mass and density functions; Binomial, Poisson, Exponential, Normal and Uniform distributions; sampling distributions; confidence intervals; introduction to hypothesis testing (including tests on means, tabular data and bivariate data); determining sample sizes; simple linear regression and measures of correlation. Students are assessed on their knowledge of the topics covered and their ability to perform simple and appropriate statistical analyses using spreadsheet functions.",,"None Satisfactory attendance of lectures, tutorials, practicals and tests and completion of assignments and/or exercises as set out in course outline. Class record of at least 35%. COMMERCE 281 Satisfactory attendance of lectures, tutorials, practicals and tests and completion of assignments and/or exercises as set out in course outline. Class record of at least 35%. Satisfactory attendance of tests and completion of assignments and/or exercises as set out in course outline. Class record of at least 35%. COMMERCE 282","November examination (3 hour) 60%; The year mark contributes the remaining 40% of the mark. DEPARTMENT OF STATISTICAL SCIENCES The Department is housed in PD Hahn Building, Level 5. Telephone (021) 650-3219 Fax (021) 650-4773 The Departmental abbreviation is STA. Departmental website: http://www.stats.uct.ac.za Associate Professor and Head of Department: FN Gumedze, BSc(Hons) MSc PhD Cape Town Professors: R Altwegg, PhD Zurich Emeritus Professors: G D I Barr, BA MSc PhD Cape Town D J Bradfield, MSc PhD Cape Town HED Unisa Senior Scholars: L M Haines, MA Cantab BSc(Hons) Natal MPhil UCL PhD Unisa Associate Professors: T Gebbie, BSc (Hon) Witwatersrand MSc PhD Cape Town CPhys. MInstP. FRM (GARP) S Silal, PhD Cape Town Honorary Research Associates: D Borchers, PhD St Andrews J Colville, PhD Cape Town Fitsum Abadi Gebreselassie, PhD Bern J Colville, PhD Cape Town T Gridley, PhD St Andrews D Hendricks, PhD Witswaterswand J Hutton, PhD Imperial College London D Maphisa, PhD Cape Town S Mecenero, PhD Cape Town Glenn Moncrieff, PhD Frankfurt Megan Naidoo, MPH Columbia University Matt Rogan, PhD Yale Emeritus Associate Professor: J M Juritz, BSc(Hons) Unisa MSc PhD Cape Town C Thiart, MSc PhD Cape Town Senior Lecturers: A Clark, MSc Cape Town G Distiller, PhD Cape Town S Er, PhD Istanbul B Erni, BSc Hons MSc Cape Town PhD Basel E Pienaar, PhD Cape Town COMMERCE 278 Adjunct Associate Professor: I Durbach, MSc PhD Cape Town Adjunct Senior Lecturers: I Meyer, MSc MBA Pret PhD Unisa Lecturers: S Britz, MSc UFS D Katshunga, BSc Hons DRC MSc Cape Town M Mavuso, MPhil MSc Cape Town M Ngwenya, MSc Cape Town A Paskaramoorthy, BSc (Hons), MSc Witwatersrand R G Rakotonirainy, PhD Stellenbosch Y Robbertze, BSc Hons, MSc Cape Town S Salau, MSc Witwatersrand N Watson, MSc Cape Town Research Officer (Statistical Consultant) I Karangwa, MSc PhD, UWC Administrative Manager: B King, HDE UWC Administrative Officer: C Jansen-Fielies Administrative Assistants: N Maqubela Financial Officer: D Davids Senior Clerk: K Jeptha Distinquished Teacher Awards M Lacerda (Statistical Science) (2016) Centre for Statistics in Ecology, Environment and Conservation (SECC) Director: R Altwegg, PhD Zurich Core members: D Borchers, PhD St Andrews AE Clark, MSc Cape Town J Colville, PhD Cape Town G Distiller, MSc Cape Town B Emi, PhD Bassel AC Jarre, PhD Bremen IL Macdonald, PhD Cape Town D Maphisa, PhD Cape Town S Mecenero, PhD Cape Town PG Ryan, PhD Cape Town LG Underhill, PhD Cape Town COMMERCE 279 MM Varughese, PhD Cape Town H Winker, PhD Rhodes RESEARCH IN STATISTICAL SCIENCES The department focuses on research in Statistics, Operations Research and Decision Modeling and the underlying methodology and application of these methods to Ecology, Medicine, Finance and Big Data. Specific research areas that fall into these groupings include: BAYESIAN DECISION THEORY: General principles of Bayesian statistical analysis; applications in sequential stochastic optimization and other fields (A Clark). BIOSTATISTICS: Medical applications of statistics (LM Haines, F Gumedze, S Silal). The objectives of the Biostatistics Interest group are to develop statistical methodology motivated by medical problems. DATA SCIENCE: Development and application of statistical methods for the analysis of large data sets (S Er, S Britz, E Pienaar). FINANCIAL MODELLING AND MARKET MICROSTRUCTURE: Econometric techniques are being used to test theories related to the South African economy in the fields of finance, monetary economics, interest rate theory and stock market research. Time series, portfolio construction and risk management (T Gebbie, A Paskaramoorthy). MIXED EFFECT LINEAR MODELS: Longitudinal data analysis, analysis of repeated measures data, generalized linear (mixed) models, hierarchical generalized linear mixed models (robust estimation and diagnostics) (F Gumedze). OPERATIONAL RESEARCH and MULTICRITERIA DECISION SUPPORT: The development of interactive decision aids, to assist in the analysis of decision problems with multiple and conflicting objectives, with particular reference to natural resource management and others; combinatorial optimization, application to decision making and planning in private and public sectors (N Watson, R G Rakotonirainy). OPTIMAL DESIGN: The design of experiments in agriculture, biology and engineering which are in some sense optimal (LM Haines). SOCIAL SCIENCE STATISTICS: Research surveys; local government support; analysis of poverty and development, structural equation modelling (S Er). SPATIAL STATISTICS AND TIME SERIES: (B Erni, M Ngwenya, C Thiart) STATISTICS IN ECOLOGY: Application of statistics to biological and environmental data. (B Emi, G Distiller, R Altwegg, A Clark) STOCHASTIC MODELLING: (M Mavuso, E Pienaar, Y Robbertze) COMMERCE 280 Undergraduate Courses NOTE: Students who intend to specialise in Statistics are strongly advised to include Computer Science in their curriculum. A student cannot obtain credits for more than one STA1000F/S/P/L, STA1007S, STA1006S, STA1008F/S, STA1100S, STA1106H A student cannot obtain credits for more than one of STA2020F/S, STA2007F/H/S, STA2005S A student cannot obtain credits for both STA2004F and STA2030S A student cannot obtain credits for both STA3030F and STA3041F A student cannot obtain credits for both STA3043S and (STA3047S & STA3048S) Undergraduate Courses NOTE: Students who intend to specialise in Statistics are strongly advised to include Computer Science in their curriculum. A student cannot obtain credits for more than one of STA1000F/S/P/L, STA1007S, STA1006S, STA1008F/S, STA1100S, STA1106H A student cannot obtain credits for more than one of STA2020F/S, STA2007F/H/S, STA2005S. A student cannot obtain credits for both STA2004F and STA2030S. A student cannot obtain credits for both STA3030F and STA3041F. A student cannot obtain credits for both STA3043S and (STA3047S+STA3048S) First-Year Courses (No first year students) STA1000F and STA1000S are identical courses offered in first and second semesters. Owing to the mathematics prerequisites, first-year students can only register for STA1000S in the second semester and STA1000F on completion of the mathematics prerequisite. One lecture per week, one workshop per week and one tutorial per week. A student cannot obtain credits for more than one of STA1000F/S/P/L, STA1007S, STA1006S, STA1008F/S. 18 NQF credits at NQF level 5 Class record 40% and a 2-hour exam counting 60%. Weights will be adjusted in the case of missed assessments, as detailed in the course outline. STA1000F and STA1000S are identical courses offered in first and second semesters. Owing to the mathematics prerequisites, first-year students can only register for STA1000S in the second semester and STA1000F on completion of the mathematics prerequisite. One lecture per week, one workshop per week, and one tutorial per week. A student cannot obtain credits for more than one of STA1000F/S/P/L, STA1007S, STA1100S, STA1006S, STA1106H, STA1008F/S. 18 NQF credits at NQF level 5 Class record 40% and a 2-hour exam counting 60%. Weights will be adjusted in the case of missed assessments, as detailed in the course outline. STA1000P/L INTRODUCTORY STATISTICS (offered during summer and winter terms) 18 NQF credits at NQF level 5 Class record 40% and a 2-hour exam counting 60%. Weights will be adjusted in the case of missed assessments, as detailed in the course outline.","Preliminary Level, whole year course",277
2025,COM,Statistical Sciences,STA1006S,MATHEMATICAL STATISTICS I,18,5,S Salau,"At least 60% in MAM1031F or MAM1033F or MAM1005H or MAM1020F/S or at least 70% in MAM1010F/S or MAM1004F and concurrent registration for MAM1032S or MAM1034S, or MAM1006H or MAM1012F/S or MAM1021S OR an average of at least 60% for both (MAM1031F & MAM1032S) or (MAM1033F & MAM1034S) or (MAM1020F/S & MAM1021S) or (MAM1005H & MAM1006H) or an average of least 70% for both (MAM1010F/S & MAM1012F/S).","This is an introduction to statistics: the study of collecting, analysing, and interpreting data. It is the key entry-point into a Mathematical Statistics major and hence it is compulsory for students intending to major in Mathematical Statistics. This course provides foundation knowledge in statistical theory, and is useful for any student who wishes for an introduction to the fundamentals of statistics, from a mathematical perspective. Topics covered include: Types of data variables. Exploratory data analysis. Grouping and graphing of data. Set theory and counting rules. Probability: conditional probabilities, independence. Bayes theorem. Random variables and values, probability mass and density functions, cumulative distribution functions. Population models and parameters: binomial, Poisson, geometric, negative binomial, hypergeometric. Uniform, exponential, Gaussian, expectation. Coefficient of variation. Sampling: sampling distribution t, Chi-square, F and their tables. Point and interval estimation. Sample size estimation. Hypotheses testing: Z-test and T-test (proportions, difference between two proportions, means, difference between two (means, difference between means: for independent samples and dependent samples). F-test (ratio of two independent variances). Chi- squared-test. Meaning of p-values. Bivariate data: scatterplot, simple linear regression and correlation.","Five lectures per week, Monday - Friday, 4th period","Satisfactory attendance of lectures, tutorials, practicals and tests and completion of assignments and/or class exercises as set out in course outline. Class record of at least 35%.","Class record 30% and a 3-hour exam counting 70%. Weights will be adjusted in the case of missed assessments, as detailed in the course outline.","A student cannot obtain credits for more than one of STA1000F/S/P/L, STA1007S, STA1006S, STA1008F/S.",283
2025,COM,Statistical Sciences,STA1007S,INTRODUCTORY STATISTICS FOR SCIENTISTS,18,5,Associate Professor R Altwegg,A pass in any of MAM1004F/S or MAM1005H or MAM1031F or MAM1033F or at least 45% for MAM1004F or MAM1031F or MAM1033F in the current year.,"This course aims to provide an introduction to statistics for Science students, and the topics covered include: exploratory data analysis and summary statistics. Set theory. Probability: conditional probabilities, independence, Bayes theorem. Random variables. Probability mass and density functions. Binomial, Poisson, exponential, normal and uniform distributions. Sampling distributions. Confidence intervals. Hypothesis testing: Z-test and t-test (means, difference between means for independent and dependent samples). Chi-square test for independence and for Goodness-of-fit. Meaning of p-values. Determining sample size. Simple linear regression and measures of correlation. Practical data analysis will be taught using R. The course is the equivalent of STA1000S, in a biological setting.","Five lectures per week, Monday - Friday, 1st period. COMMERCE 283","Satisfactory attendance of lectures, tutorials, practicals and tests and completion of assignments and/or class exercises as set out in course outline. Class record of at least 35%.","Class record 40% and a 3-hour exam counting 60%. Weights will be adjusted in the case of missed assessments, as detailed in the course outline.","A student cannot obtain credits for more than one of STA1000F/S/P/L, STA1007S, STA1006S, STA1008F/S.",283
2025,COM,Statistical Sciences,STA1008F,STATISTICS FOR ENGINEERS,12,5,A Paskaramoorthy,MAM1020F (or equivalent) Co-requisites: CHE1005W or CIV1005W or EEE1006F or MEC1005W,"This course aims to introduce engineering students to the basic concepts and tools of Statistics which are of particular relevance in an engineering context, and to enable students to apply these to data collected from engineering experiments. Topics include: Random variables, sampling and basic statistical measures; Normal, t, F and Chi-square distributions; Confidence intervals; Statistical models, such as the means and the effects models; t, F and Chi-square tests; Regression and correlation; One-way analysis of variance; Introduction to the design of experiments; Application of statistical tools to experimental data in an engineering setting.",,Satisfactory attendance of workshops and tests and completion of online quizzes as set out in the course outline. Class record of at least 35%.,"Class record 40% and a 2-hour exam counting 60%. Weights will be adjusted in the case of missed assessments, as detailed in the course outline.","A student cannot obtain credits for more than one of STA1000F/S/P/L, STA1007S, STA1006S, STA1008F/S.",284
2025,COM,Statistical Sciences,STA1008S,STATISTICS FOR ENGINEERS,12,5,A Paskaramoorthy,MAM1020F (or equivalent) Co-requisites: CHE1005W or CIV1005W or EEE1007S or MEC1005W,"This course aims to introduce engineering students to the basic concepts and tools of Statistics which are of particular relevance in an engineering context, and to enable students to apply these to data collected from engineering experiments. Topics include: Random variables, sampling and basic statistical measures; Normal, t, F and Chi-square distributions; Confidence intervals; Statistical models, such as the means and the effects models; t, F and Chi-square tests; Regression and correlation; One-way analysis of variance; Introduction to the design of experiments; Application of statistical tools to experimental data in an engineering setting.",,Satisfactory attendance of workshops and tests and completion of online quizzes as set out in the course outline. Class record of at least 35%.,"Class record 40% and a 2-hour exam counting 60%. Weights will be adjusted in the case of missed assessments, as detailed in the course outline.","A student cannot obtain credits for more than one of STA1000F/S/P/L, STA1007S, STA1006S, STA1008F/S.",284
2025,COM,Statistical Sciences,STA1100S,INTRODUCTORY STATISTICS,18,5,N Watson,A pass in any of MAM1110F or MAM1110H or MAM1005H or MAM1031F or MAM1033F or MAM1010F/S or at least 45% for MAM1110F or MAM1031F or COMMERCE 284 MAM1033F or MAM1010F in the current year and registered as an Education Development Unit student (Commerce).,"This is an introductory statistics course aimed at exposing student to principles and tools to support appropriate quantitative analysis. The aim is to produce students with a functional sense of statistics. We introduce students to statistical modelling and also cover exploratory data analysis. Appropriate tools for display, analysis and interpretation of data are discussed. This is a service course offered predominantly, but not exclusively, to Commerce students. The aim is to give a foundation to students who will encounter and apply statistics in their other courses and professions. Topics covered include: exploratory data analysis and summary statistic; probability theory; random variables; probability mass and density functions; Binomial, Poisson, Exponential, Normal and Uniform distributions; sampling distributions; confidence interval; introduction to hypothesis testing (including tests on means, tabular data and bivariate data); determining sample sizes; simple linear regression and measures of correlation. Students are assessed on their knowledge of the topics covered and their ability to perform simple and appropriate statistical analyses using basic spreadsheet functions.",,"Satisfactory attendance of lectures, tutorials, practicals and tests and completion of assignments and/or class exercises as set out in course outline. Class record of at least 35%.","Class record 40% and a 2-hour exam counting 60%. Weights will be adjusted in the case of missed assessments, as detailed in the course outline.","Offered to EDU (Commerce) students only. One lecture per week, one workshop per week and one tutorial per week.",284
2025,COM,Statistical Sciences,STA1106H,MATHEMATICAL STATISTICS I,18,5,T Low,At least 60% in MAM1005H or MAM1020F/S or at least 70% in MAM1010F/S and concurrent registration for MAM1006H or MAM1012F/S or MAM1021S. Concurrent registration for (MAM1031F and MAM1032S) or (MAM1033F and MAM1034S)OR an average of at least 60% for both (MAM1031F & MAM1032S) or (MAM1033F & MAM1034S) or (MAM1020F/S & MAM1021S) or (MAM1005H & MAM1006H) or an average of least 70% for both (MAM1010F/S & MAM1012F/S).Note: At least 60% pass for MAM1031F or MAM1033F is required for a student to continue with STA1106H in the second semester.,"This course is an introduction to statistics: the study of collecting, analysing, and interpreting data. It is the key entry-point into a mathematical statistics major and hence it is compulsory for students intending to major in mathematical statistics. This course provides you with foundation knowledge in statistical theory, and is useful for any student who wishes for an introduction to the fundamentals or statistics, from a mathematical perspective. Topics covered include: Types of data variables. Exploratory data analysis. Grouping and graphing of data. Set theory and Counting rules. Probability: conditional probabilities, independence. Bayes theorem. Random variables and values, probability mass and density functions, cumulative distribution functions. Population models and parameters: Binomial, Poisson, Expectation. Coefficient of variation. Sampling: Sampling distributions t, Chi- Square, F and their tales. Point and interval estimation. Sample size estimation. Hypotheses testing: Z-test and t-test (means, difference between means: for independent samples and dependent samples). F-test (ratio of two independent variances). Chi-square-test. Meaning of p-values. Bivariate data: scatterplot, simple linear regression and correlation.","Monday - Friday, 2nd period and a two-hour compulsory tutorial on Monday afternoons.","Satisfactory attendance of lectures, tutorials, practicals and tests and completion of assignments and/or class exercises as set out in course outline. Class record of at least 35%.","Class record 30% and a 3-hour exam counting 70%. Weights will be adjusted in the case of missed assessments, as detailed in the course outline. Students write the same class tests and examination as students registered for STA1006S. COMMERCE 285 Second-Year Courses","A student cannot obtain credits for more than one of STA1000F/S/P/L, STA1007S, STA1106H, STA1008F/S.",285
2025,COM,Statistical Sciences,STA2004F,STATISTICAL THEORY & INFERENCE,24,6,M Mavuso,A pass in (MAM1000W or MAM1032S or MAM1034S or MAM1012S or MAM1006H) and STA1006S or STA1106H.,"STA2004F is a rigorous introduction to the foundation of the mathematical statistics and aims to provide students with a deeper understanding of the statistical concepts covered in STA1006S. The course is intended for students studying Mathematical Statistics or Actuarial Science. STA2004F is divided into two broad sections: (1) Distribution theory and (2) Statistical Inference. During the first part of the course, students will learn to derive the distributions of random variables and their transformations, and explore the limiting behaviour of sequences of random variables. The last part of the course covers the estimation of population parameters and hypothesis testing based on a sample of data.","Five lectures per week, Monday to Friday, 1st period.","Satisfactory attendance of lectures, tutorials, practicals and tests and completion of assignments and/or class exercises as set out in course outline. Class record of at least 35%.","Class record 30% and a 3-hour exam counting 70%. Weights will be adjusted in the case of missed assessments, as detailed in the course outline.",A student cannot obtain credits for both STA2004F and STA2030S.,286
2025,COM,Statistical Sciences,STA2005S,LINEAR MODELS,24,6,Dr B Erni Associate Professor R Altwegg Associate Professor R Altwegg,"A pass in STA2004F. MAM2011F - Linear Algebra (2LA) is strongly recommended. A pass in STA1000F/S or STA1006S or STA1007S or STA1106H or A pass in STA1007S (preferably) or STA1000F/S or STA1006S or MAM1004F/S or MAM1005H or MAM1010F/S or MAM1020F/S, MAM1110F/H).","This course gives an introduction to statistical modelling and the theory of linear statistical models. The material is presented from a parametric and non-parametric perspective. The course has two sections: Regression: The multivariate normal distribution; quadratic forms; the linear model; maximum likelihood; estimates of parameters in the linear model; the Gauss-Markov theorem; variable selection procedures; analysis of residuals, bootstrap sampling; principal component analysis for dimension reduction and for regression. Design and analysis of experiments: Introduction to the basic design principles, basic experimental designs (completely randomised design, the randomised block design, Latin square design) factorial experiments, analysis of variance, the problem of multiple comparisons, power and sample size calculations, introduction to random effects and repeated measures, permutation/randomization tests, nonparametric tests, bootstrapping. The students are introduced to relevant statistical software and practical data analysis through weekly computer practicals and the exposure to many datasets. The course aims to equip students with practical experience and skills in analysing data, using statistical techniques frequently used in the sciences. The skills include designing experiments, choosing appropriate statistical methods for visual display and statistical modelling of data, model checking, interpretation and reporting of statistical results, and understanding of limitations of statistical methods and data. By the end of the course the student should have gained enough confidence to transfer these skills to new problems or data sets in their own profession. Topics covered include: Introduction to statistical notation, linear regression, design and analysis of experiments, generalized linear models. There will be strong emphasis on the practical application of the above methods, using open-source statistical software such as R. There will be a one-day face-to-face workshop at the beginning of the first semester and a one-day face-to-face workshop at the beginning of the second semester. The course aims to equip students with practical experience and skills in analysing data and applying statistical techniques relevant to the natural sciences. Skills include designing experiments, choosing appropriate statistical methods for analysing data, visual display and statistical modelling of data, model checking, interpretation and reporting of statistical results, and understanding limitations of statistical methods and data. Topics include: introduction to statistical notation, linear regression, design and analysis of experiments, generalised linear models. There will be a strong emphasis on the practical application of these methods using the open-source statistical software R. There will be a one-day face-to-face workshop at the beginning of the first semester and a one-day face-to-face workshop at the beginning of the second semester.","Five lectures per week, Monday - Friday, 1st period.","Satisfactory attendance of lectures, tutorials, practicals and tests and completion of assignments and/or class exercises as set out in course outline. Class record of at least 35%. Satisfactory attendance of lectures, tutorials, practicals and tests and completion of assignments and/or class exercises as set out in course outline. Class record of at least 35% . Satisfactory attendance of lectures, tutorials, practicals and tests and completion of assignments and/or class exercises as set out in course outline. Class record of at least 35%.","Class record 30% and a 3-hour exam counting 70%. Weights will be adjusted in the case of missed assessments, as detailed in the course outline. COMMERCE 286 STA2007F/S/H STUDY DESIGN & DATA ANALYSIS FOR SCIENTISTS This course is offered in blended learning format. A student cannot obtain credits for more than one of STA2020F/S, STA2007F/H/S, STA2005S. 24 NQF credits at NQF level 6 Class record 40% and a 2-hour exam counting 60%. Weights will be adjusted in the case of missed assessments, as detailed in the course outline. This course is offered in blended learning format during summer term dependent on there being sufficient demand and dependent on capacity to offer course. Note that request for offering course in any one year should come from a UCT course convener. Students make use of online learning workshops. 24 NQF credits at NQF level 6 Class record 40% and a 2-hour exam counting 60%. Weights will be adjusted in the case of missed assessments, as detailed in the course outline. COMMERCE 287","A student cannot obtain credits for more than one of STA2020F/S, STA2007F/H/S, STA2005S.",286
2025,COM,Statistical Sciences,STA2020F,APPLIED STATISTICS,24,6,N Watson,A pass in STA1000F/S/P/L or STA1006S or STA1106H or STA1100S or STA1007S or STA1008F/S and MAM1000W or MAM1031F or MAM1033F or MAM1004F/S or MAM1010F/S or MAM1020F/S or MAM1110F/H or MAM1005H.,This course is designed to extend the student’s basic knowledge acquired in STA1000F/S/P/L. The emphasis of the course is on applying statistical methods and modelling techniques to data rather than focusing on the mathematical rigour underpinning these methods. Topics covered include: Analysis of variance and experimental design; revision and extension of simple linear regression; multiple regression; logistic regression; model building; time series analysis; and non-parametric statistics. Students will analyse data using R.,"Monday - Thursday, 1st or 5th period","Satisfactory attendance of lectures, lab practicals and tests and completion of weekly quizzes and lab practicals as set out in course outline. Class record of at least 35% and at least 35% for Practical test.","Class record 40% and a 3-hour exam counting 60%. Weights will be adjusted in the case of missed assessments, as detailed in the course outline.","A student cannot obtain credits for more than one of STA2020F/S, STA2007F/H/S, STA2005S.",288
2025,COM,Statistical Sciences,STA2020S,APPLIED STATISTICS,24,6,N Watson,A pass in STA1000F/S/P/L or STA1006S or STA1106H or STA1100S or STA1007S or STA1008F/S and MAM1000W or MAM1031F or MAM1033F or MAM1004F/S or MAM1010F/S or MAM1020F/S or MAM1110F/H or MAM1005H.,"This course is designed to extend the student’s basic knowledge, acquired in STA1000F/S/P/L. The emphasis of the course is on applying statistical methods and modelling techniques to data rather than focusing on the mathematical rigour underpinning these methods. Topics covered include: Analysis of variance and experimental design; revision and extension of simple linear regression; multiple regression; logistic regression; time series analysis; and non-parametric statistics. Students will analyse data using R.","Monday - Thursday, 7th period","Satisfactory attendance of lectures, lab practicals and tests and completion of weekly quizzes and lab practicals as set out in course outline. Class record of at least 35% and at least 35% for Practical test.","Class record 40% and a 3-hour exam counting 60%. Weights will be adjusted in the case of missed assessments, as detailed in the course outline.","A student cannot obtain credits for more than one of STA2020F/S, STA2007F/H/S, STA2005S.",288
2025,COM,Statistical Sciences,STA2030S,STATISTICAL THEORY,24,6,M Ngwenya,At least 45% for STA2020F/S or STA2007F/S/H or STA2005S. Co-requisites: Concurrent registration for MAM1032S or MAM1034S or MAM1012S or MAM1021F/S. Note: A student may not register concurrently for STA2030S and MAM1006H.,"This course introduces students to Statistical Theory and Inference. It explores aspects of probability theory that are particularly relevant to statistics, including the notions of random variables, joint probability distributions, expected values and moment generating functions. The course content COMMERCE 288 includes univariate distributions and moments of univariate distributions, moments of bivariate distributions, distributions of sample statistics and parameter estimation and inference.","Monday - Thursday, 1st period","Satisfactory attendance of lectures, tutorials, practicals and tests and completion of assignments and/or class exercises as set out in course outline. Class record of at least 35%.","Class record 30% and a 3-hour exam counting 70%. Weights will be adjusted in the case of missed assessments, as detailed in the course outline. Third-Year Courses",A student cannot obtain credits for both STA2004F and STA2030S.,288
2025,COM,Statistical Sciences,STA3022F,APPLIED MULTIVARIATE DATA ANALYSIS,36,7,Dr S Er,STA2020F/S or STA2005S or STA2007F/S/H,"The aim of the course is to create a practical working familiarity with the analysis of data, focusing on multivariate methods as applied in areas such as marketing, the social science and the sciences. Topics covered include item reliability analysis, multidimensional scaling, correspondence analysis, principal component and factor analysis, cluster analysis, discriminant analysis, classification trees and structural equation modelling.","Monday - Thursday, 4th period","Satisfactory attendance of lectures, tutorials, practicals and tests and completion of assignments and/or class exercises as set out in course outline. Class record of at least 35%.","Class record 30% and a 3-hour exam counting 70%. Weights will be adjusted in the case of missed assessments, as detailed in the course outline.",,289
2025,COM,Statistical Sciences,STA3030F,STATISTICAL INFERENCE & MODELLING,36,7,Associate Professor G Distiller,"STA2020F/S (or concurrent registration), STA2030S, MAM1032 or","This course forms part of the third-year major in Applied Statistics. The aim of the course is to provide students with the main intellectual and practical skills required in the use of inferential statistics and statistical modelling. The course consists of 4 modules: The simulation module introduces students to the use of computer simulation and data re-sampling techniques (bootstrap) to investigate the following problems: one and two sample tests of means and variances; one way analysis of variance; moments and other properties of distributions. The generalized linear models module introduces students to the exponential family of distributions and extends linear regression models to models for non-normal response variables, including logistic regression. The machine learning module covers a basic introduction to statistical learning paradigms, applications of regression and classification trees, and a primer on feedforward neural networks and backpropagation. The Bayesian module introduces students to decision theory and Bayesian inference. Students will use the R programming language.","Monday - Thursday, 1st period",Class record of at least 35%.,"Class record 30% and a 3-hour exam counting 70%. Weights will be adjusted in the case of missed assessments, as detailed in the course outline. COMMERCE 289",A student cannot obtain credits for both STA3030F and STA3041F.,289
2025,COM,Statistical Sciences,STA3036S,OPERATIONAL RESEARCH TECHNIQUES,36,7,Dr R G Rakotonirainy,STA2030S or STA2005S; STA3030F is recommended,"This course forms part of the third-year major in Applied Statistics. It is an introduction to the study of Operational Research (OR) and explores fundamental quantitative techniques in the OR armamentarium with a strong focus on computer-based application. The course is intended for students in the applied statistics stream but may be taken as an elective by students in the mathematical statistics stream. Topics covered include linear and non-linear programming where students will learn to find optimal solutions by characterising problems in terms of objectives, decision variables and constraints, decision making under uncertainty through decision trees, decision rules and scenario planning, Queueing Theory simulation through modelling the operation of real world systems as they evolve over time.","Monday - Thursday, 3rd period","Satisfactory attendance of lectures, tutorials, practicals and tests and completion of assignments and/or class exercises as set out in course outline. Class record of at least 35%.","Class record 30% and a 3-hour exam counting 70%. Weights will be adjusted in the case of missed assessments, as detailed in the course outline.",,290
2025,COM,Statistical Sciences,STA3041F,STOCHASTIC PROCESSES & TIME SERIES,36,7,D Katshunga,"STA2004F and STA2005S; MAM2000W or MAM2004H is strongly recommended. Recommended MAM2000W modules: MAM2011F - Linear Algebra (2LA), MAM 2010F - Advanced Calculus (2AC), MAM2012S - Differential Equations (2DE) and MAM2014S - Real Analysis (2RA).","This course forms part of the third-year major in Mathematical Statistics. It consists of two modules namely Stochastic Processes and Time Series Analysis. The Stochastic Processes module is aimed at providing introductory theory and basic applications of stochastic processes in financial modelling whilst the Time Series module introduces students to the foundations of the Box-Jenkins methodology with the intention of applying the methodology using statistical software. Details of the module content are as follows: Stochastic processes: The module covers the general theory underlying stochastic processes and their classifications, definitions and applications of discrete Markov chains. Branching processes are examined with an emphasis on analysing probability of extinction/survival. The module also covers both discrete and continuous time counting processes for purposes constructing forecasts and backcasts. Finally, a detailed introduction to homogeneous and non-homogeneous Poisson processes is given. Time series analysis: The module covers various topics including global and local models of dependence, stationary ARMA processes, unit root processes as well as a brief introduction to univariate Volatility models as well as cointegration.","Five lectures per week, Monday - Friday, 1st period","Satisfactory attendance of lectures, tutorials, practicals and tests and completion of assignments and/or class exercises as set out in course outline. Class record of at least 35%.","Class record 30% and a 3-hour exam counting 70%. Weights will be adjusted in the case of missed assessments, as detailed in the course outline. COMMERCE 290",A student cannot obtain credits for both STA3030F and STA3041F.,290
2025,COM,Statistical Sciences,STA3043S,"STATISTICAL MODELLING, MACHINE LEARNING & BAYESIAN",36,7,Dr E Pienaar,"STA2004F and STA2005S; MAM2000W or MAM2004H is strongly recommended. Recommended MAM2000W modules: MAM2011F - Linear Algebra (2LA), MAM 2010F - Advanced Calculus (2AC), MAM2012S - Differential Equations (2DE) and MAM2014S - Real Analysis (2RA).","This course forms part of the third-year major in Mathematical Statistics. It consists of three modules: The first, Generalised Linear Models, introduces students to the theory and application of fitting linear models to various types of response variables with different underlying distributions. Subsequently, elementary concepts and methods in machine learning within the framework of statistical learning are explored. Finally, the Introduction to Bayesian Analysis module is dedicated to the Bayesian paradigm of statistical inference, analysis, and risk theory. The contents of the respective modules are outlined as follows: Generalized linear models: Topics covered include: The exponential family of distributions, the GLM formulation, estimation and inference, models for continuous responses with skew distributions, logistic regression, log-linear models and Poisson regression. Machine learning: Topics covered include: A basic introduction to statistical learning paradigms, applications of regression and classification trees, and a primer on feedforward neural networks and backpropagation. Introduction to Bayesian Analysis: Topics covered include: use of Bayes’ theorem; Bayesian statistical analysis for Bernoulli and normal sampling; empirical Bayes and credibility theory; loss and extreme value distributions; Monte Carlo methods. Students are assessed through formal written exam plus computer assignments done under exam conditions.","Five lectures per week, Monday - Friday, 1st period.","Satisfactory attendance of lectures, tutorials, practicals and tests and completion of assignments and/or class exercises as set out in course outline. Class record of at least 35%.","Class record 30% and a 3-hour exam counting 70%. Weights will be adjusted in the case of missed assessments, as detailed in the course outline.",ANALYSIS A student cannot obtain credits for both STA3043S and (STA3047S+STA3048S),291
2025,COM,Statistical Sciences,STA3045F,ADVANCED STOCHASTIC PROCESSES & DISTRIBUTION,36,7,Associate Professor T Gebbie,"STA2004F, STA2005S, MAM2000W and concurrent registration for STA3041F. Recommended MAM2000W modules: MAM2011F - Linear Algebra (2LA), MAM 2010F - Advanced Calculus (2AC), MAM2012S - Differential Equations (2DE) and MAM2014S - Real Analysis (2RA). Note: A student may not register concurrently for STA3045F and CSC2001F.","This course is a third-year module for students studying Actuarial Science or Mathematical Statistics, though not a requirement for a major in Mathematical Statistics. The course begins by giving a brief introduction to copulas and extreme value theory, together with some applications to risk management. The rest of the course gives a theoretical overview of stochastic processes, with the models covered spanning both discrete and continuous time as well as discrete and continuous state- space. Though the emphasis is on the theoretical properties of the models, the application of the methods to real-world problems is also explored at length. Topics covered: copulas, an introduction to extreme value theory, homogenous and non-homogeneous continuous-time Markov chains, random walks, probability theory, martingales, Brownian motion, and diffusion processes.","Five lectures per week, Monday - Friday, 2nd period. COMMERCE 291","Satisfactory attendance of lectures, tutorials, practicals and tests and completion of assignments and/or class exercises as set out in course outline. Class record of at least 35%.","Class record 30% and a 3-hour exam counting 70%. Weights will be adjusted in the case of missed assessments, as detailed in the course outline.",THEORY,291
2025,COM,Statistical Sciences,STA3047S,INTRODUCTION TO MACHINE LEARNING,6,7,Dr E Pienaar,"STA2004F & STA2005S and MAM2000W strongly recommended. Recommended MAM2000W modules: 2LA - LINEAR ALGEBRA, 2AC - ADVANCED CALCULUS, 2DE - DIFFERENTIAL EQUATIONS, 2RA - REAL ANALYSIS. Registered for a BCom or BBusScience degree in Actuarial Science. Co-requisites: STA3048S","Machine learning: Topics covered include: A basic introduction to statistical learning paradigms, applications of regression and classification trees, and a primer on feedforward neural networks and backpropagation.",,"Satisfactory attendance of lectures, tutorials, practicals and tests and completion of assignments and/or class exercises as set out in course outline.",A computer based exam.,A student cannot obtain credits for both STA3043S and (STA3047S+STA3048S),292
2025,COM,Statistical Sciences,STA3048S,STATISTICAL MODELLING & BAYESIAN ANALYSIS,30,7,Dr E Pienaar,"STA2004F & STA2005S and MAM200W strongly recommended. Recommended MAM2000W modules: 2LA - LINEAR ALGEBRA, 2AC - ADVANCED CALCULUS, 2DE - DIFFERENTIAL EQUATIONS, 2RA - REAL ANALYSIS. Registered for a BCom or BBusScience degree in Actuarial Science. Co-requisites: STA3047S","This course forms part of the third-year major in Mathematical Statistics. It consists of three modules: The first, Generalised Linear Models, introduces students to the theory and application of fitting linear models to various types of response variables with different underlying distributions. Subsequently, elementary concepts and methods in machine learning within the framework of statistical learning are explored. Finally, the Introduction to Bayesian Analysis module is dedicated to the Bayesian paradigm of statistical inference, analysis, and risk theory. The contents of the respective modules are outlined as follows: Generalized linear models: Topics covered include: The exponential family of distributions, the GLM formulation, estimation and inference, models for continuous responses with skew distributions, logistic regression, log-linear models and Poisson regression. Introduction to Bayesian Analysis: Topics covered include: use of Bayes’ theorem; Bayesian statistical analysis for Bernoulli and normal sampling; empirical Bayes and credibility theory; loss and extreme value distributions; Monte Carlo methods.",,"Satisfactory attendance of lectures, tutorials, practicals and tests and completion of assignments and/or class exercises as set out in course outline. Class record of at least 35%.","Class record 30% and a 3-hour exam counting 70%. Weights will be adjusted in the case of missed assessments, as detailed in the course outline.",A student cannot obtain credits for both STA3043S and (STA3047S+STA3048S),292
