year,course_code,fees_title,fee_zar,standard_code,source_page
2025,AAE2001F,SPECIAL STUDY MODULE,7420,True,64
2025,AAE2001S,SPECIAL STUDY MODULE,7420,True,64
2025,AAE4003F,MULTIDIMENSIONL NATURE OF PAIN,13180,True,64
2025,AAE4004F,NEUROANAT & NEUROPHYS OF N&P,7930,True,64
2025,AAE4005F,ASSESSMNT & MEASUREMNT OF PAIN,7930,True,64
2025,AAE4005S,ASSESSMNT & MEASUREMNT OF PAIN,7930,True,64
2025,AAE4006S,COMPREHENSIVE PAIN MGT,15810,True,64
2025,AAE4007S,PAIN MGT IN COMPLEX COND,7930,True,64
2025,AAE4008F,PRINCIPLES EVID-BASED PRAC,7070,True,64
2025,AAE4009F,SUCCEEDING IN PG STUDIES,5280,True,64
2025,AAE4102X,ANAESTHESIA PT I,11600,True,64
2025,AAE4103X,ANAESTHESIA PT EXT CREDIT,2440,True,64
2025,AAE4202X,ANAESTHESIA PT I,11600,True,64
2025,AAE4203X,ANAESTHESIA PT EXT CREDIT,2440,True,64
2025,AAE4302X,ANAESTHESIA PT I,11600,True,64
2025,AAE4303X,ANAESTHESIA PT EXT CREDIT,2440,True,64
2025,AAE4402X,ANAESTHESIA PT I,11600,True,64
2025,AAE4403X,ANAESTHESIA PT EXT CREDIT,2440,True,64
2025,AAE4502X,ANAESTHESIA PT I,11600,True,64
2025,AAE4503X,ANAESTHESIA PT EXT CREDIT,2440,True,64
2025,AAE5001W,ANAESTHESIA EXT CREDIT,19770,True,64
2025,AAE5002W,PAIN NEUROSCIENCE (AAE) DISS,43030,True,64
2025,AAE5100X,ANAESTHESIA PART II EXTERNAL,4850,True,64
2025,AAE5200X,ANAESTHESIA PART II EXTERNAL,4850,True,64
2025,AAE5300X,ANAESTHESIA PART II EXTERNAL,4850,True,65
2025,AAE5400X,ANAESTHESIA PART II EXTERNAL,4850,True,65
2025,AAE5500X,ANAESTHESIA PART II EXTERNAL,4850,True,65
2025,AAE6002W,PHD PAIN NEUROSCIENCE (AAE),27170,True,65
2025,AAE6100X,ANAESTHESIA PART II,6660,True,65
2025,AAE6200X,ANAESTHESIA PART II,6660,True,65
2025,AAE6300X,ANAESTHESIA PART II,6660,True,65
2025,AAE6400X,ANAESTHESIA PART II,6660,True,65
2025,AAE6500X,ANAESTHESIA PART II,6660,True,65
2025,AAE7000W,ANAESTHESIA THESIS,27170,True,65
2025,AAE7001W,MD ANAESTHESIA,27170,True,65
2025,AAE7002W,ANAESTHESIA MIN DISS (60 CRED),3520,True,65
2025,AAE7003W,MMED ANAESTHESIA PT,19850,True,65
2025,AAE7004W,MMED ANAESTHESIA PT 2,19850,True,65
2025,AAE7005W,MPHIL CRITICAL CARE PT,19100,True,65
2025,AAE7006W,CRITICAL CARE M/DISS (60 CRED),8670,True,65
2025,ACC1006F,FINANCIAL ACCOUNTING,10440,True,65
2025,ACC1011N,FINANCIAL REPORTING I,600,True,65
2025,ACC1011S,FINANCIAL REPORTING I,10440,True,65
2025,ACC1015F,BUSINESS ACUMEN FOR ACCOUNTANT,8710,True,65
2025,ACC1015S,BUSINESS ACUMEN FOR ACCOUNTANT,8710,True,65
2025,ACC1021F,ACCOUNTING FOR BUSINESS I,10440,True,65
2025,ACC1022Z,ACCOUNTING FOR BUSINESS II,5220,True,65
2025,ACC1106F,FINANCIAL ACCOUNTING,10440,True,65
2025,ACC1111N,FINANCIAL REPORTING I,600,True,65
2025,ACC1111S,FINANCIAL REPORTING I,10440,True,65
2025,ACC2012N,FINANCIAL REPORTING II,600,True,65
2025,ACC2012W,FINANCIAL REPORTING II,20730,True,65
2025,ACC2018H,GOV AUDIT & ASSURANCE I,10440,True,65
2025,ACC2018N,GOV AUDIT & ASSURANCE I,600,True,65
2025,ACC2022H,MANAGEMENT ACCOUNTING I,10440,True,65
2025,ACC2022N,MANAGEMENT ACCOUNTING I,600,True,65
2025,ACC2023H,TAXATION I,10440,True,65
2025,ACC2023N,TAXATION I,600,True,65
2025,ACC2042H,MANACC FOR NON-SPECIALISTS,10440,True,65
2025,ACC3001F,BAG I,10440,True,65
2025,ACC3002S,BAG II,10440,True,65
2025,ACC3004N,TAXATION II,600,True,65
2025,ACC3004W,TAXATION II,20730,True,65
2025,ACC3009N,FINANCIAL REPORTING III,600,True,65
2025,ACC3009W,FINANCIAL REPORTING III,20730,True,65
2025,ACC3020N,CORPORATE REPORTING,600,True,65
2025,ACC3020W,FINANCIAL REPORT & ANALYSIS,20730,True,65
2025,ACC3022N,GOV AUDIT & ASSURANCE II,600,True,65
2025,ACC3022W,GOV AUDIT & ASSURANCE II,20730,True,65
2025,ACC3023N,MANAGEMENT ACCOUNTING,600,True,65
2025,ACC3023W,MANAGEMENT ACCOUNTING II,20730,True,65
2025,ACC4002W,TAXATION III,17800,True,65
2025,ACC4020W,MANAGERIAL ACC & FINANCE 2,20730,True,65
2025,ACC4023W,FINANCIAL REPORTING IV,22000,True,65
2025,ACC4025W,CORP GOVERNANCE III,18400,True,65
2025,ACC4050W,TOPICS IN ACC & RES REPORT,16270,True,65
2025,ACC5000W,MASTERS IN ACCOUNTING,27870,True,65
2025,ACC5020Z,CORPORATE FINANCIAL ANALYSIS,15090,True,65
2025,ACC5022Z,FIN REP ANAL&GOV:RES,19670,True,65
2025,ACC5023Z,FINANCIAL & EXTERNAL REPORTING,15090,True,65
2025,ACC5025Z,CORP GOVERN & RISK MANAGEMENT,15090,True,65
2025,ACC5050W,MINOR DISSERTATION ACCOUNTING,16880,True,65
2025,ACC6000W,PHD IN ACCOUNTING,27170,True,66
2025,AFS1100S,UNDERSTANDING GENDER,9440,True,66
2025,AFS2100F,GENDER SEXUALITY POLITICS,12580,True,66
2025,AFS2100P,GENDER SEXUALITY POLITICS,12580,True,66
2025,AFS2102S,GENDER & POLITICS OF DEVPT,12580,True,66
2025,AFS3100F,THEORIES POLITICS AND ACTION,12580,True,66
2025,AFS3101S,POLITICS OF GENDERED KNOWLEDGE,12580,True,66
2025,AFS4100W,RESEARCH ESSAY/PROJECT,11200,True,66
2025,AFS4101F,GENDER AND VIOLENCE,11200,True,66
2025,AFS4102W,GENDER ANALYSIS & RES DESIGN,11200,True,66
2025,AFS4103S,DEVELOPMNT/CONFLICT/POL CHANGE,11200,True,66
2025,AFS4106F,INTRO TO GENDER/TRANSFORMATION,11200,True,66
2025,AFS4108F,GENDER SEXUALITY AND ISLAM,11200,True,66
2025,AFS4111S,RACE IN SA UNIVERSITIES,11200,True,66
2025,AFS4112S,GENDER LAND & SPATIAL JUSTICE,11200,True,66
2025,AFS5100W,MASTERS IN GENDER STUDIES,37780,True,66
2025,AFS5103S,DEVELOPMENT CONFLICT POLITICS,12640,True,66
2025,AFS5104F,CONTEMPORARY AFRICAN FEMINISM,12640,True,66
2025,AFS5105W,THEORY IN FEMINIST RESEARCH,25130,True,66
2025,AFS5106W,MINOR DISSERTATION,23010,True,66
2025,AFS5107H,DIRECTED READING,5850,True,66
2025,AFS5108F,GENDER SEXUALITY AND ISLAM,12640,True,66
2025,AFS5109S,THE POLITICS OF QUEER,12640,True,66
2025,AFS5112S,GENDER LAND & SPATIAL JUSTICE,12640,True,66
2025,AFS6100W,PHD IN GENDER STUDIES,27170,True,66
2025,AFS9001Z,POSTDOC FELLOW (GENDER STUD),0,True,66
2025,AGE1002S,THE HUMAN PLANET,10370,True,66
2025,AGE1005L,DECOLONISING SCIENCE IN SA,10370,True,66
2025,AGE2011S,HUMAN EVOLUTION,13670,True,66
2025,AGE2012F,THE FIRST PEOPLE,13670,True,66
2025,AGE3006H,DIRECTED READING & RESEARCH,18830,True,66
2025,AGE3011F,ROOTS OF RECENT AFR IDENTITIES,20550,True,66
2025,AGE3012S,ARCHAEOLOGIES OF DOMINANCE,20550,True,66
2025,AGE3013H,ARCHAEOLOGY IN PRACTICE,20550,True,66
2025,AGE4000W,ARCHAEOLOGY HONOURS,74450,True,66
2025,AGE4001W,ARCHAEOL & ENV SCI HONOURS,74450,True,66
2025,AGE5000W,ARCHAEOLOGY DISSERTATION,37780,True,66
2025,AGE6000W,ARCHAEOLOGY THESIS,27170,True,66
2025,AHS1003F,SPEECH AND HEARING SCIENCES,8560,True,66
2025,AHS1025S,EARLY INTERVENTION,4430,True,66
2025,AHS1032S,OCC PERSPCTV ON HLTH & WELLBNG,9790,True,66
2025,AHS1033F,MOVEMENT SCIENCE I,7090,True,66
2025,AHS1034S,INTRO TO APPLIED PHYSIOTHERAPY,7090,True,66
2025,AHS1035F,HUMAN OCCUPATION & DEVELOPMNT,9790,True,66
2025,AHS1042F,HUMAN COMMUNICATION DEVELOPMNT,7090,True,66
2025,AHS1045S,BASIS OF HEARING & BALANCE,8640,True,66
2025,AHS1051W,INCL DEVELOPMNT & AGENCY,4330,True,66
2025,AHS1054W,SA SIGN LANGUAGE,4430,True,66
2025,AHS1060F,DIMCS PT I,2050,True,66
2025,AHS1060S,DIMCS PT I,2050,True,66
2025,AHS1061F,DIMCS PT II,2330,True,66
2025,AHS1061S,DIMCS PT II,2330,True,66
2025,AHS1062F,PROMOTING HEALTHY LIFESTYLES,2890,True,66
2025,AHS1062S,PROMOTING HEALTHY LIFESTYLES,2890,True,66
2025,AHS1063F,HWFA PT I,4330,True,66
2025,AHS1063S,HWFA PT I,4330,True,66
2025,AHS1064F,HWFA PTII,4320,True,66
2025,AHS1064S,HWFA PTII,4320,True,66
2025,AHS1065F,IDA,4330,True,66
2025,AHS1065S,IDA,4330,True,67
2025,AHS1066F,WIPL I,7200,True,67
2025,AHS1066S,WIPL I,7200,True,67
2025,AHS1067F,WIPL II,7200,True,67
2025,AHS1067S,WIPL II,7200,True,67
2025,AHS2002W,CLINICAL SCIENCES I,7180,True,67
2025,AHS2043W,OCCUPATIONAL THERAPY II,24680,True,67
2025,AHS2046F,DIAGNOSTIC AUDIOLOGY,9390,True,67
2025,AHS2047S,PAEDIATRIC REHAB AUDIOLOGY,9090,True,67
2025,AHS2050H,CLINICAL PHYSIOTHERAPY I,16520,True,67
2025,AHS2052H,MOVEMENT SCIENCE II,16560,True,67
2025,AHS2053H,APPLIED PHYSIOTHERAPY,12920,True,67
2025,AHS2054F,SPECIAL STUDY MODULE,7420,True,67
2025,AHS2054S,SPECIAL STUDY MODULE,7420,True,67
2025,AHS2106F,CHILD LANGUAGE,8490,True,67
2025,AHS2107F,CHILD SPEECH,7290,True,67
2025,AHS2108W,CLINICAL SPEECH THERAPY,9680,True,67
2025,AHS2109S,SCHOOL-BASED INTERVENTIONS,8490,True,67
2025,AHS2110W,CLINICAL AUDIOLOGY,12470,True,67
2025,AHS2111S,DIAGNOSTIC AUD IN SPECIAL POPS,7810,True,67
2025,AHS3004W,CLINICAL SCIENCES II,7180,True,67
2025,AHS3005W,CLINICAL SPEECH THERAPY II,17660,True,67
2025,AHS3008H,CLINICAL AUDIOLOGY II,18870,True,67
2025,AHS3008W,CLINICAL AUDIOLOGY II,17660,True,67
2025,AHS3062F,REHABILITATION TECHNOLOGY,13880,True,67
2025,AHS3065S,ADULT REHABILITATIVE AUDIOLOGY,11370,True,67
2025,AHS3069W,CLINICAL PHYSIOTHERAPY II,24870,True,67
2025,AHS3070H,BECOMING A REHAB PROFESSNL I,9820,True,67
2025,AHS3071F,ACQUIRED NEUROGEN LANG DISORD,12950,True,67
2025,AHS3072S,PAED MOTOR SP DIS & DYSPHAGIA,12940,True,67
2025,AHS3073F,ADULT DYSPHAGIA & MOTOR SPEECH,12950,True,67
2025,AHS3075F,OAES & ELECTROPHYSIOLOGY,13880,True,67
2025,AHS3075S,OAES & ELECTROPHYSIOLOGY,13880,True,67
2025,AHS3076H,MOVEMENT SCIENCE III,11850,True,67
2025,AHS3077H,APPLIED PHYSIOTHERAPY II,9710,True,67
2025,AHS3078H,RESEARCH METHODS & BIOSTATS I,9970,True,67
2025,AHS3102F,CHILD LANGUAGE II,8470,True,67
2025,AHS3102S,CHILD LANGUAGE II,8850,True,67
2025,AHS3103F,VOICE,8850,True,67
2025,AHS3103S,VOICE,8470,True,67
2025,AHS3104S,VESTIBULAR MANAGEMENT,9450,True,67
2025,AHS3105F,PUBLIC HEALTH AUDIOLOGY,9480,True,67
2025,AHS3107W,OT THEORY & PRAC IN PHYS HLTH,14350,True,67
2025,AHS3108W,OT THEORY& PRAC IN MENTAL HLTH,14270,True,67
2025,AHS3113W,FOUNDATION THEORY FOR OT PRC I,14270,True,67
2025,AHS4000W,RESEARCH REPORT,21320,True,67
2025,AHS4005F,CLINICAL SPEECH THERAPY 3A,30590,True,67
2025,AHS4005H,CLINICAL SPEECH THERAPY IIIA,31980,True,67
2025,AHS4006H,CLINICAL SPEECH THERAPY IIIB,31980,True,67
2025,AHS4006S,CLINICAL SPEECH THERAPY 3B,30590,True,67
2025,AHS4008F,CLINICAL AUDIOLOGY 3A,30590,True,67
2025,AHS4008H,CLINICAL AUDIOLOGY IIIA,31980,True,67
2025,AHS4009H,CLINICAL AUDIOLOGY IIIB,31980,True,67
2025,AHS4009S,CLINICAL AUDIOLOGY 3B,30590,True,67
2025,AHS4049H,FUNDAMNTLS OF NURSING MNGMNT,10510,True,67
2025,AHS4060S,FINANCIAL MNGT IN HEALTH SERV,7730,True,67
2025,AHS4065W,CLINICAL PHYSIOTHERAPY III,47350,True,67
2025,AHS4065X,CLINICAL PHYSIOTHERAPY IIIA,30440,True,67
2025,AHS4066F,BECOMING A REHAB PROF II,12920,True,67
2025,AHS4066H,BECOMING A REHAB PROF II,12920,True,68
2025,AHS4066S,BECOMING A REHAB PROF II,12920,True,68
2025,AHS4067F,SEMINARS IN COMMUNICATION SCIENCES,2750,True,68
2025,AHS4067S,SEMINARS IN COMM SCIENCES,2870,True,68
2025,AHS4070H,HEALTHCARE & NURSING MNGMNT,10510,True,68
2025,AHS4071F,APPLIED PHYSIOTHERAPY III,12920,True,68
2025,AHS4071H,APPLIED PHYSIOTHERAPY III,10080,True,68
2025,AHS4071S,APPLIED PHYSIOTHERAPY III,12920,True,68
2025,AHS4072H,RESEARCH METHODS & BIOSTATS II,9600,True,68
2025,AHS4089F,INTRO: DISABILITY AS DIVERSITY,15340,True,68
2025,AHS4091F,DEVELOP CRIT RESEARCH LITERACY,15920,True,68
2025,AHS4091W,DEVELOP CRIT RESEARCH LITERACY,15230,True,68
2025,AHS4117S,CRIT PRIOR DISABIL & DEVELOPMN,15300,True,68
2025,AHS4118S,MONITOR DISABILITY IN SOCIETY,11970,True,68
2025,AHS4119W,OT RESEARCH & PRACTICE MANAGEM,31980,True,68
2025,AHS4120W,FOUNDATN THEORY FOR OT PRAC II,29590,True,68
2025,AHS4121W,OCC THER PRAC & SERVICE LEARNG,29590,True,68
2025,AHS4122W,PROFESSNL DEVELOPMENT STUDIES,8570,True,68
2025,AHS4122X,OT PRAC & SERV LEARN ADJUST,19730,True,68
2025,AHS4123X,OT PRAC & SERV LEARN ADJUST 2,9880,True,68
2025,AHS4124W,PRINCIPLES OF MIDWIFERY,21420,True,68
2025,AHS4125W,MIDWIFERY PRACTICE,21420,True,68
2025,AHS4128W,PRACTICE OF NURSING CHILDREN,21420,True,68
2025,AHS4129F,CLIN SCIENCES FOR CHILD NURS,10780,True,68
2025,AHS4130W,PRINC CRIT CARE NURS OF CHILDR,21420,True,68
2025,AHS4131W,PRAC OF CRIT CARE NURS CHILDR,21420,True,68
2025,AHS4132F,CLIN SCI CRIT CARE NURS GEN,10510,True,68
2025,AHS4133W,CRIT CARE NURS GEN PRAC A,16500,True,68
2025,AHS4134W,CRIT CARE NURS GEN PRAC B,16500,True,68
2025,AHS4135W,NEONATAL CRIT CARE NUR PRAC A,16500,True,68
2025,AHS4136W,NEONATAL CRIT CARE NUR PRAC B,16500,True,68
2025,AHS4144W,PRINCPLES OF NEPH NURSING,21420,True,68
2025,AHS4145W,NEPHROLOGY NURSING PRACTICE,21420,True,68
2025,AHS4146F,CLIN SCI FOR NEUROSCI NURSING,10510,True,68
2025,AHS4147W,NEUROSCIENCE NURS PRAC A,16500,True,68
2025,AHS4148W,NEUROSCIENCE NURS PRAC B,16500,True,68
2025,AHS4149F,CLIN SCI FOR OPHTHALMIC NURS,10510,True,68
2025,AHS4150W,OPHTHALMIC NURS PRAC A,16500,True,68
2025,AHS4151W,OPHTHALMIC NURS PRAC B,16500,True,68
2025,AHS4157W,PRINCIPLES OF NURSING CHILDREN,21420,True,68
2025,AHS4158W,CLIN MGT IN PAED PHYSIOTHERAPY,44500,True,68
2025,AHS4163S,DISABILITY STUDIES IN ED,15340,True,68
2025,AHS4165W,RES-BASED EVID FOR NURS CHILDR,12860,True,68
2025,AHS4166W,RES-BASED EVID FOR MIDWIFERY,12860,True,68
2025,AHS4167W,RES-BASED EVID CRIT ILL CHILD,12860,True,68
2025,AHS4168W,RES-BASED EVID FOR NEPH NURS,12860,True,68
2025,AHS4170W,FSP,12870,True,68
2025,AHS4171W,LQ&SM,8570,True,68
2025,AHS4172W,LQ&CN,8570,True,68
2025,AHS4173W,LQ&SCCCN,8570,True,68
2025,AHS4174W,LQ&SNN,8570,True,68
2025,AHS4175W,PRINC OF OPHTHAL NURS,21430,True,68
2025,AHS4176W,LQ&ON,8570,True,68
2025,AHS4177W,OPHTHAL NURS PRACT,21430,True,68
2025,AHS4178W,LQ&S IN CC ADULT NURSING,8570,True,68
2025,AHS4179W,PRINC OF CC ADULT NURS,21430,True,68
2025,AHS4180W,CC ADULT NURS PRACT,21430,True,68
2025,AHS4184S,APPLIED PHYSIOTHERAPY III,7040,True,68
2025,AHS4185S,BECOMING A REHAB PROF II,7040,True,68
2025,AHS5000W,AUDIOLOGY DISSERTATION,43030,True,69
2025,AHS5001W,SPEECH-LANG PATH DISSERTATION,43030,True,69
2025,AHS5007W,NURSING DISSERTATION,43030,True,69
2025,AHS5011W,OCC THER MIN DISS (90 CRED),38470,True,69
2025,AHS5014F,RESEARCH METHODS,7110,True,69
2025,AHS5015F,HUMAN OCCUP: THEORY & CRITIQUE,7110,True,69
2025,AHS5015H,HUMAN OCCUPATION I,6810,True,69
2025,AHS5016F,OCC THERAPY: IDENTITIES & PRAC,7110,True,69
2025,AHS5016S,HUMAN OCCUPATION II,6810,True,69
2025,AHS5018F,RESEARCH METHODS II,6810,True,69
2025,AHS5018S,RESEARCH METHODS II,7110,True,69
2025,AHS5019W,PHYSIOTHERAPY DISSERTATION,43030,True,69
2025,AHS5022F,THEORETICAL FOUND OF NURS PRAC,19810,True,69
2025,AHS5022S,THEORETICAL FOUND OF NURS PRAC,19810,True,69
2025,AHS5024W,NURSING MINOR DISS (90 CRED),38470,True,69
2025,AHS5027W,OCCUP THERAPY DISSERTATION,43030,True,69
2025,AHS5031W,DISABIL STUD MIN DISS (60 CRD),38470,True,69
2025,AHS5032H,RESEARCH METHODOLOGY,5240,True,69
2025,AHS5033W,EXERCISE & SPORTS PHYSIO,15500,True,69
2025,AHS5034W,EXERC&SPRTPHYSIO M/D (60 CRED),25680,True,69
2025,AHS5044S,OCCUP THER IN PRIM HLTH CARE,7110,True,69
2025,AHS5045S,OCCUP-BASED COM DEV PRACTICE,7110,True,69
2025,AHS5046W,INDEPENDENT STUDY PROJECT,19300,True,69
2025,AHS5047W,CLINICAL LEADERSHIP,18820,True,69
2025,AHS5048W,ADVANCED NURSE PRACTICE B,18820,True,69
2025,AHS5049W,ADVNCD CHILD NURSE PRACTICE A,16500,True,69
2025,AHS5050W,CLINICAL RESEARCH,14170,True,69
2025,AHS5051W,RESEARCH METHODOLOGY II,5240,True,69
2025,AHS5052W,MGT EXER- & SPORTS-REL COND,5240,True,69
2025,AHS6000W,OCCUPATIONAL THERAPY THESIS,27170,True,69
2025,AHS6001W,PHYSIOTHERAPY THESIS,27170,True,69
2025,AHS6007W,DISABIL STUDIES DISSERTATION,43030,True,69
2025,AHS7000W,AUDIOLOGY THESIS,27170,True,69
2025,AHS7001W,SPEECH-LANG PATHOLOGY THESIS,27170,True,69
2025,AHS7002W,NURSING THESIS,27170,True,69
2025,AHS7006W,DISABILITY STUDIES THESIS,27170,True,69
2025,ANS1400F,WORDS DEEDS BONES & THINGS,9440,True,69
2025,ANS1401S,INTRODUCTION TO ANTHROPOLOGY,9440,True,69
2025,ANS1403S,INTRO TO ANTHROPOLOGY +,0,True,69
2025,ANS2400Z,ANTHROPOLOGICAL FIELDWORK,2410,True,69
2025,ANS2401F,INTRO TO MEDICAL ANTHROPOLOGY,12580,True,69
2025,ANS2401L,INTRO TO MEDICAL ANTHROPOLOGY,12580,True,69
2025,ANS2402S,ANTHROPOLOGY OF POWER & WEALTH,12580,True,69
2025,ANS3400F,THE CHALLENGE OF CULTURE,12580,True,69
2025,ANS3401S,ANTHROPOL THROUGH ETHNOGRAPHY,12580,True,69
2025,ANS4400W,RESEARCH ESSAY/PROJECT,11200,True,69
2025,ANS4401F,ETHNOGRAPHIC RESEARCH METHODS,11200,True,69
2025,ANS4402S,THINKING ANTHROPOLOGICALLY,11200,True,69
2025,ANS4404F,SPECIAL TOPICS IN ANTHROPOLOGY,11200,True,69
2025,ANS4404S,SPECIAL TOPICS IN ANTHROPOLOGY,11200,True,69
2025,ANS4405S,MULTIMODAL & VISUAL ANTHRO,11200,True,69
2025,ANS4407F,MEDICAL ANTHROPOLOGIES,11200,True,69
2025,ANS4502S,EARTH POLITICS,11200,True,69
2025,ANS5400W,MASTERS IN SOCIAL ANTHROPOLOGY,37780,True,69
2025,ANS5401W,MINOR DISSERTATION,23010,True,69
2025,ANS5403F,FURTHER SPECIAL TOPICS ANTHRO,12640,True,69
2025,ANS5404S,FURTHER SPECIAL TOPICS ANTHROP,12640,True,69
2025,ANS5405F,MEDICAL ANTHROPOLOGIES,12640,True,69
2025,ANS5407S,ANTHROPOLOGY/CONTEMP THEORY,12640,True,69
2025,ANS5409F,ETHNOGRAPHIC PROBLEMATIQUES,12640,True,70
2025,ANS5410F,ETHNOGRAPHIC RES METHODS,12640,True,70
2025,ANS5414F,RESEARCHING THE ANTHROPOCENE,12640,True,70
2025,ANS5417S,WATER SOCIETY ECOLOGY,12640,True,70
2025,ANS5418F,DISABILITY AND DEBILITY,12640,True,70
2025,ANS5419S,FOOD GENDER AND HEALTH,12640,True,70
2025,ANS5500W,MINOR DISSERTATION IN EHS,23010,True,70
2025,ANS5502S,EARTH POLITICS,12640,True,70
2025,ANS6400W,PHD IN SOCIAL ANTHROPOLOGY,27170,True,70
2025,ANS6500W,PHD ENVIRONMENTAL HUMANITIES,27170,True,70
2025,ANS9002Z,POSTDOC FELLOW (SOC ANTHROP),1,True,70
2025,APG1003W,TECHNOLOGY I,14610,True,70
2025,APG1004F,HISTORY & THEORY OF ARCH I,6930,True,70
2025,APG1004S,HISTORY & THEORY OF ARCH I,6930,True,70
2025,APG1005F,HISTORY & THEORY OF ARCH II,6930,True,70
2025,APG1005S,HISTORY & THEORY OF ARCH II,6930,True,70
2025,APG1016H,GEOMATICS I,10250,True,70
2025,APG1020W,DESIGN & THEORY STUDIO I,43580,True,70
2025,APG1021W,REPRESENTATION I,14610,True,70
2025,APG1022X,PRACTICAL TRAINING GEOMATICS,0,True,70
2025,APG1023S,SURVEYING & GIS FOR ENGINEERS,8180,True,70
2025,APG2000F,HISTORY & THEORY OF ARCH III,4660,True,70
2025,APG2003S,HISTORY & THEORY OF ARCH IV,4660,True,70
2025,APG2009F,THEORY OF STRUCTURES III,3530,True,70
2025,APG2011S,THEORY OF STRUCTURES IV,3530,True,70
2025,APG2014S,GEOMATICS II,14570,True,70
2025,APG2015F,GEOGRAPHIC INFORMATION SYST I,14570,True,70
2025,APG2019X,PRACTICAL TRAINING I,0,True,70
2025,APG2021W,TECHNOLOGY II,14610,True,70
2025,APG2026F,CONSTRUCT SURVEYING,9120,True,70
2025,APG2026S,CONSTRUCT SURVEYING,9120,True,70
2025,APG2027X,WORK EXPERIENCE,0,True,70
2025,APG2038W,ENVIRONMENT & SERVICES II,6930,True,70
2025,APG2039W,DESIGN & THEORY STUDIO II,44820,True,70
2025,APG2040F,SURVEYING,10910,True,70
2025,APG2041S,APPLIED SURVEYING AND GISC,9070,True,70
2025,APG3000F,HISTORY & THEORY OF ARCH V,4660,True,70
2025,APG3001S,HISTORY & THEORY OF ARCH VI,4660,True,70
2025,APG3012S,GEOMATICS III,14570,True,70
2025,APG3013F,NUMERICAL METHODS IN GEOMATICS,9770,True,70
2025,APG3015X,PRACTICAL TRAINING II,0,True,70
2025,APG3016C,SURVEYING II,6870,True,70
2025,APG3017D,SURVEYING III,6870,True,70
2025,APG3023W,TECHNOLOGY III,14610,True,70
2025,APG3027Z,CADASTRAL SURVEYING & REG PRO,15270,True,70
2025,APG3028X,INDEPENDENT RESEARCH,0,True,70
2025,APG3033W,LAND AND CADASTRAL SURVEY LAW,9120,True,70
2025,APG3034W,ENVIRONMENT & SERVICES III,3580,True,70
2025,APG3035F,THEORY OF STRUCTURES V,3580,True,70
2025,APG3036F,MANAGEMENT PRACTICE & LAW,6930,True,70
2025,APG3037W,DESIGN & THEORY STUDIO III,48430,True,70
2025,APG3038F,PROFESSIONAL COMMUNICATION,8020,True,70
2025,APG3039B,SPATIAL DATA INFRASTRUCTURES,7330,True,70
2025,APG3040C,ADVANCED SPATIAL DATA ANALYSIS,7330,True,70
2025,APG4001S,GEODESY,13620,True,70
2025,APG4002Z,LAND USE PLNNG & TOWNSHIP DES,9770,True,70
2025,APG4003Z,GEOMATICS PROJECT,25210,True,70
2025,APG4005F,ENGINEERING SURVEYING & ADJUST,10580,True,70
2025,APG4007F,INTRODUCTORY GIS,14080,True,70
2025,APG4009F,COMPUTING FOR GIS,10580,True,71
2025,APG4010X,GEOINFORMATICS CAMP,5640,True,71
2025,APG4011F,GEOMATICS IV,14080,True,71
2025,APG4012B,SPATIAL DATA INFRASTRUCTURES,7060,True,71
2025,APG4012S,GEOMATCS MANAGEMENT& PROFESSIO,14570,True,71
2025,APG4013C,ADVANCED SPATIAL DATA ANALYSIS,7060,True,71
2025,APG4014C,REMOTE SENSING FOR GISC,7060,True,71
2025,APG4018X,GEOGRAPHIC INFO SYSTEMS CAMP,2750,True,71
2025,APG4020F,PLANNING THEORY & PRACTICE,4740,True,71
2025,APG4021F,URBAN INFRASTRUCTURE,7060,True,71
2025,APG4022F,PLANNING PROJECT A,18520,True,71
2025,APG4023S,LOCAL ECONOMIC DEVELOPMENT,7060,True,71
2025,APG4025S,REGULATORY & LEGAL FRAMEWORK,7060,True,71
2025,APG4026S,PLANNING PROJECT B,18520,True,71
2025,APG4028F,ASPECTS OF CITY DESIGN,7060,True,71
2025,APG4029F,NATURAL SYSTEMS,7060,True,71
2025,APG4030Z,HAT LANDSCAPE ARCH A,6340,True,71
2025,APG4032Z,CONSTRUCTING LANDSCAPE SYSTEMS,6580,True,71
2025,APG4035Z,PLANNING TECHNIQUES I,7060,True,71
2025,APG4036Z,LANDSCAPE ARCH. STUDIO I,18520,True,71
2025,APG4038S,PLANNING TECHNIQUES II,2440,True,71
2025,APG4039F,CRITICAL THEORY AND THE CITY,6590,True,71
2025,APG4041S,ADVANCED BUILDING TECHNOLOGY,6590,True,71
2025,APG4042F,ARCH DESIGN STUDIO I,20470,True,71
2025,APG4043S,ARCH DESIGN STUDIO II,20470,True,71
2025,APG4044F,PROFESSIONAL PRACTICE,6590,True,71
2025,APG4047Z,PLANTS & DESIGN,6580,True,71
2025,APG4048S,CRITICAL RESEARCH METHODS,7160,True,71
2025,APG4049S,HISTORY AND THEORY I,6340,True,71
2025,APG4050W,GEO-INFORMATICS PROJECT,25210,True,71
2025,APG4052F,URBAN DESIGN REPRESENTATION,7060,True,71
2025,APG4053Z,LANDSCAPE ARCHITECTURE PRACTIC,7060,True,71
2025,APG4054Z,LANDSCAPE SYSTEMS ANALYSIS,11610,True,71
2025,APG4059F,ADVANCED LA THEORY SEMINAR,6580,True,71
2025,APG4060Z,LA BRIDGING,8920,True,71
2025,APG4108F,THE URBAN EVERYDAY,13370,True,71
2025,APG4109F,URBAN THEORY,13370,True,71
2025,APG5000W,MASTERS DISSERTATION GEOMATICS,41420,True,71
2025,APG5020F,REGIONAL PLANNING PROJECT,18520,True,71
2025,APG5023F,REGIONAL PLANNING THEORY,11610,True,71
2025,APG5024F,PLANNING TECHNIQUES III,4450,True,71
2025,APG5025F,LANDSCAPE ARCHITECTURE II,6580,True,71
2025,APG5025Z,LANDSCAPE ARCHITECTURE II,6580,True,71
2025,APG5026S,DISSERTATION TECHNOLOGY,6580,True,71
2025,APG5026Z,DISSERTATION TECHNOLOGY,6580,True,71
2025,APG5029Z,LANDSCAPE STUDIO IV,10430,True,71
2025,APG5051Z,MCRP MINOR DISSERTATION,24900,True,71
2025,APG5052Z,MLA DESIGN DISSERTATION,20730,True,71
2025,APG5071S,RESEARCH PROJECT,17850,True,71
2025,APG5074F,CONSERVATION IN CONTEXTS,11370,True,71
2025,APG5077F,CONSERVATION + DEV IN PRACTICE,11370,True,71
2025,APG5078Z,RESEARCH METHODOLOGIES,11370,True,71
2025,APG5079W,DESIGN DISSERTATION,56800,True,71
2025,APG5080F,INTRO TO CONSERVATION,11490,True,71
2025,APG5081S,HERITAGE RESOURCES,11490,True,71
2025,APG5082F,URBAN DESIGN THEORY I,7060,True,71
2025,APG5083F,URBAN DESIGN STUDIO,7050,True,71
2025,APG5084W,RES METHODS FOR URBAN DESIGN,11610,True,71
2025,APG5084Z,RES METHODS FOR URBAN DESIGN,11610,True,71
2025,APG5085S,URBAN DESIGN THEORY II,11610,True,72
2025,APG5086Z,URBAN DESIGN RESEARCH PROJECT,12460,True,72
2025,APG5087Z,LANDSCAPE RESEARCH METHODOLOGY,11610,True,72
2025,APG5088Z,THEORY AND TECHNOLOGY STUDIES,34520,True,72
2025,APG5089S,CURATING URBAN REGULATION,13370,True,72
2025,APG5090W,CITY RESEARCH STUDIO,13370,True,72
2025,APG5103Z,SUSTAINABLE URBAN TRANSITIONS,11490,True,72
2025,APG5104Z,SUSTAINABLE INFRASTRUCTURE,11490,True,72
2025,APG5105Z,URBAN FINANCE,11490,True,72
2025,APG5106Z,ADAPTIVE URBAN MANAGEMENT,11490,True,72
2025,APG5107Z,CLIMATE CHANGE AND THE CITY,11490,True,72
2025,APG5108F,THE URBAN EVERYDAY,13370,True,72
2025,APG5109F,URBAN THEORY,13370,True,72
2025,APG5110Z,SPATIAL JUSTICE,11490,True,72
2025,APG5111Z,URBAN FOOD SYSTEMS GOVERNANCE,11490,True,72
2025,APG5112Z,URBAN HEALTH,11490,True,72
2025,APG5113Z,CREATIVE CITIES,11490,True,72
2025,APG5114Z,DIGITAL CITIES,11490,True,72
2025,APG5116Z,ASSESSING URBAN PRACTICE,14370,True,72
2025,APG6000W,PHD IN GEOMATICS,27170,True,72
2025,APG7000W,MASTERS ARCH & PLANNING DISS,40770,True,72
2025,APG8000W,PHD IN ARCH & PLANNING,27170,True,72
2025,APG9004Z,APG POSTDOCTORAL FELLOW,1,True,72
2025,ASL1201S,REPRESENTATIONS OF AFRICA,9440,True,72
2025,ASL1202S,REPRESENTATIONS OF AFRICA +,0,True,72
2025,ASL1203S,WRITING ACROSS BORDERS,9440,True,72
2025,ASL1300F,INTRO TO LANGUAGE STUDIES,9440,True,72
2025,ASL1301S,SOCIOLINGUISTICS,9440,True,72
2025,ASL1302S,LINGUISTICS FOUNDATION,9440,True,72
2025,ASL1303F,SOCIOLINGUISTICS FOUNDATION,9440,True,72
2025,ASL1304F,INTRO TO LANGUAGE STUDIES +,0,True,72
2025,ASL1305S,SOCIOLINGUISTICS +,0,True,72
2025,ASL2200S,CULTURE ID & GLBLSN IN AFRICA,12580,True,72
2025,ASL2202F,AFRICAN POLITICAL THOUGHT,12580,True,72
2025,ASL2203F,AFRICAN POLITICAL THOUGHT +,0,True,72
2025,ASL2300F,MEANING & STRUCTURE A,12580,True,72
2025,ASL2301S,MEANING & STRUCTURE B,12580,True,72
2025,ASL3200F,POLITICAL ECONOMY OF AFRICA,12580,True,72
2025,ASL3201S,LANGUAGE POWER AND FREEDOM,12580,True,72
2025,ASL3300F,LANGUAGE A,12580,True,72
2025,ASL3301S,LANGUAGE B,12580,True,72
2025,ASL4200W,RESEARCH ESSAY/PROJECT,11200,True,72
2025,ASL4201F,DEBATES IN AFRICAN STUDIES,11200,True,72
2025,ASL4203F,PUBLIC CULTURE IN AFRICA,11200,True,72
2025,ASL4205S,THE AFRICAN STUDIES ARCHIVE,11200,True,72
2025,ASL4206S,DECOLONIAL THEORY,11200,True,72
2025,ASL4207F,RETHINKING AFRICAS DEVPT,11200,True,72
2025,ASL4209F,LAND & AGRARIAN QUESTION,11200,True,72
2025,ASL4210S,PAN-AFRICANISM & REG INTEGRATN,11200,True,72
2025,ASL4211F,PROBLEMAT THE STUDY OF AFRICA,11200,True,72
2025,ASL4300W,RESEARCH ESSAY/PROJECT,11200,True,72
2025,ASL4304S,SPECIAL TOPIC: READING COURSE,11200,True,72
2025,ASL4320S,LANGUAGE AND RACE,11200,True,72
2025,ASL4321F,RESEARCH METHODOLOGY,11200,True,72
2025,ASL4322S,RESEARCH METHODOLOGY II,11200,True,72
2025,ASL4325F,ENDANGERMENT AND ACTIVISM,11200,True,72
2025,ASL5200W,MASTERS IN AFRICAN STUDIES,37780,True,72
2025,ASL5201W,MINOR DISSERTATION,23010,True,72
2025,ASL5202F,PROBLEMATISING STUDY OF AFRICA,12640,True,72
2025,ASL5203S,CRITICAL ISSUES IN HERITAGE ST,12640,True,73
2025,ASL5204F,LAND & AGRARIAN QUESTION,12640,True,73
2025,ASL5205F,RETHINKING AFRICAS DEVPT,12640,True,73
2025,ASL5206S,PAN-AFRICANISM & REGIONAL INT,12640,True,73
2025,ASL5207F,PUBLIC CULTURE IN AFRICA,12650,True,73
2025,ASL5208S,THE AFRICAN STUDIES ARCHIVE,12650,True,73
2025,ASL5209F,DEBATES IN AFRICAN STUDIES,12640,True,73
2025,ASL5300W,MASTERS IN LINGUISTICS,37780,True,73
2025,ASL5301W,MINOR DISSERTATION,23010,True,73
2025,ASL5320S,LANGUAGE AND RACE,12650,True,73
2025,ASL5322S,RESEARCH METHODOLOGY II,12650,True,73
2025,ASL5325F,ENDANGERMENT AND ACTIVISM,12650,True,73
2025,ASL6200W,PHD IN AFRICAN STUDIES,27170,True,73
2025,ASL6300W,PHD IN LINGUISTICS,27170,True,73
2025,ASL9000Z,POSTDOC FELLOW (AFRICAN STUD),1,True,73
2025,ASL9003Z,POSTDOC FELLOW (LINGUISTICS),1,True,73
2025,AST1000S,INTRODUCTION TO ASTRONOMY,10370,True,73
2025,AST2002H,ASTROPHYSICS,13670,True,73
2025,AST2003H,ASTRONOMICAL TECHNIQUES,13670,True,73
2025,AST3002F,STELLAR ASTROPHYSICS,20550,True,73
2025,AST3003S,GALACTIC & EXTRAGALACTIC ASTRO,20550,True,73
2025,AST4007W,ASTRO & SPACE SCI HONOURS,74450,True,73
2025,AST4010W,ASTRO&SPACE SC HONOURS COURSE,59590,True,73
2025,AST4011W,ASTRO&SPACE SC HONOURS PROJECT,14950,True,73
2025,AST5000W,ASTRONOMY DISSERTATION,37780,True,73
2025,AST5001W,MSC ASTRO & SPACE SCI (DISS),37780,True,73
2025,AST5003F,ASTRO & SPACE SCI COURSEWORK,36980,True,73
2025,AST5004Z,DATA SCIENCE FOR ASTRONOMY,10070,True,73
2025,AST5005W,DATA SCI MINOR DISSERTATION,37800,True,73
2025,AST6000W,ASTRONOMY THESIS,27170,True,73
2025,BIO1000F,CELL BIOLOGY,10370,True,73
2025,BIO1000H,CELL BIOLOGY,10370,True,73
2025,BIO1004S,BIOLOGICAL DIVERSITY,10370,True,73
2025,BIO2014F,PRINCIPLES ECOLOGY EVOLUTION,13670,True,73
2025,BIO2015S,VERTEBRATE BIOLOGY,13670,True,73
2025,BIO2016S,INVERTEBRATE BIOLOGY,13670,True,73
2025,BIO2017F,PLANT BIOLOGY,13670,True,73
2025,BIO3002F,MARINE ECOLOGY,20550,True,73
2025,BIO3013F,GLOBAL CHANGE ECOLOGY,20550,True,73
2025,BIO3014S,CONSERVATION:GENES BIODIVERS,20550,True,73
2025,BIO3017S,MARINE RESOURCES,20550,True,73
2025,BIO3018F,ECOLOGY & EVOLUTION,20550,True,73
2025,BIO3019S,QUANTITATIVE BIOLOGY,20550,True,73
2025,BIO4000W,BIOLOGICAL SCIENCES HONOURS,74450,True,73
2025,BIO4001W,MARINE BIOLOGY HONOURS,74450,True,73
2025,BIO4006Z,MODULES IN BIOLOGY HONOURS,9320,True,73
2025,BIO4007Z,MODULES IN BIOLOGY HONOURS 2,9320,True,73
2025,BIO5007H,CONSERVATION BIO COURSEWORK,36980,True,73
2025,BIO5008W,CONSERVATION BIO MINOR DISS,37780,True,73
2025,BIO5009W,CONSERVATION BIO DISSERTATION,37780,True,73
2025,BIO5010W,BIOLOGICAL SCIENCES DISSERTATI,37780,True,73
2025,BIO5013F,FUNDAMENTALS OF OCEAN SCIENCES,12140,True,73
2025,BIO5014F,APPLIED MARINE BIOLOGY,20560,True,73
2025,BIO5015W,OCEAN SCI MINOR DISSERTATION,37800,True,73
2025,BIO6001W,ZOOLOGY THESIS,27170,True,73
2025,BIO6002W,CONSERVATION BIOLOGY THESIS,27170,True,73
2025,BIO6003W,BIOLOGICAL SCIENCES THESIS,27170,True,73
2025,BUS1003H,INTRO TO ACTUARIAL SCIENCE,10440,True,73
2025,BUS1004F,INTRO STRATEGY & MARKETING,10440,True,73
2025,BUS1007S,INTRO TO ORG PSYCHOLOGY,10440,True,74
2025,BUS1036F,EVIDENCE-BASED MANAGEMENT,10440,True,74
2025,BUS1036S,EVIDENCE-BASED MANAGEMENT,10440,True,74
2025,BUS2010F,MARKETING I,10440,True,74
2025,BUS2010S,MARKETING I,10440,True,74
2025,BUS2016H,FINANCIAL MATHEMATICS,11380,True,74
2025,BUS2023S,ORGANISATIONAL BEHAVIOUR,10440,True,74
2025,BUS2024F,PSYCHOLOGY OF HRM,10440,True,74
2025,BUS2033F,PROFESSIONAL COMMUNICATION,10440,True,74
2025,BUS2033S,PROFESSIONAL COMMUNICATION,10440,True,74
2025,BUS3003F,DESIGN RES .CONTEMP WORKPLACE,10440,True,74
2025,BUS3004S,RESEARCH IN OP,10440,True,74
2025,BUS3008W,MARKETING RESEARCH I,10440,True,74
2025,BUS3018F,ACTUARIAL SCIENCE II MODELS,11780,True,74
2025,BUS3024S,ACT SCI II CONTINGENCIES,11660,True,74
2025,BUS3038S,INTRO TO PROJECT MANAGEMENT,10440,True,74
2025,BUS3039F,PEOPLE MANAGEMENT,10440,True,74
2025,BUS3039S,PEOPLE MANAGEMENT,10440,True,74
2025,BUS3041F,MARKETING IIA,10440,True,74
2025,BUS3043S,MARKETING IIB,10440,True,74
2025,BUS3095S,SOCIAL IMPACT ENTERPRISE,7390,True,74
2025,BUS4000T,INTRODUCTION TO APPLIED MANAGE,8920,True,74
2025,BUS4000W,INTRODUCTION TO APPLIED MANAGE,8920,True,74
2025,BUS4006W,ORG PSYCH HONS COURSEWORK,62700,True,74
2025,BUS4016S,INTEGRATED MARKETING COMMUNI,7390,True,74
2025,BUS4017S,CONSUMER BEHAVIOUR,7390,True,74
2025,BUS4018S,RETAIL & SERVICE MARKETING,7390,True,74
2025,BUS4019S,STRATEGIC AND INT MARKETING,7390,True,74
2025,BUS4026W,MARKETING III,53470,True,74
2025,BUS4027W,ACTUARIAL SCIENCE III: ASSETS,25370,True,74
2025,BUS4028F,ACT SC III: FIN ECONOMICS,12390,True,74
2025,BUS4029H,ACTUARIAL RESEARCH PROJECT,18670,True,74
2025,BUS4030H,ORG PSY RESEARCH PAPER,13790,True,74
2025,BUS4034S,PROFESSIONAL COMMUNICATION,12000,True,74
2025,BUS4035Q,INTRO TO SPORT MANAGEMENT,7390,True,74
2025,BUS4039R,SPORT MANAGEMENT IN PRACTICE,7390,True,74
2025,BUS4040R,SCIENCE OF SPORT,7390,True,74
2025,BUS4041R,SPORTS ADMIN & BUS,7390,True,74
2025,BUS4049W,ORGANISATIONAL PROJECT,14550,True,74
2025,BUS4050H,STRATEGIC THINKING,10880,True,74
2025,BUS4052H,MARKETING RESEARCH PROJECT,18670,True,74
2025,BUS4053H,QUANT FINANCE RES PROJECT,18670,True,74
2025,BUS4058F,STRATEGIC MARKET MANAGEMENT,9390,True,74
2025,BUS4074S,ELECTRONIC MARKETING,7390,True,74
2025,BUS4075S,MANAGEMENT THEORY IN PRACTICE,7390,True,74
2025,BUS4078F,ENTREPRENEURIAL STRATEGIES,7390,True,74
2025,BUS4087S,QUANT FIN: SELECTED TOPICS,10440,True,74
2025,BUS4090F,CREATIVITY IN BUSINESS,7390,True,74
2025,BUS4091F,ORGANISATION & MANAGEMENT,7390,True,74
2025,BUS4092S,RES METHODS FOR APPLIED MANAGE,9390,True,74
2025,BUS4094Q,EVENTS MANAGEMENT,7390,True,74
2025,BUS4094S,EVENTS MANAGEMENT,7390,True,74
2025,BUS4104F,BUS/CORP COMMUNICATION,7390,True,74
2025,BUS4105F,INTERCULTURAL COMM & DIVERSITY,7390,True,74
2025,BUS4106F,TEAM COMMUNICATION & MGT,7390,True,74
2025,BUS4107S,PERSUASION & MULTIMODALITY,7390,True,74
2025,BUS4108S,CAMPAIGN COMM & REPUTATION MAN,7390,True,74
2025,BUS4109W,ADVANCED STRATEGIC MARKETING,53470,True,74
2025,BUS4110F,MARKETING RESEARCH METHODS,9390,True,74
2025,BUS4111H,MARKETING RESEARCH REPORT,14680,True,75
2025,BUS4112Q,SPECIALISED TOPICS IN SPORTS M,8610,True,75
2025,BUS4112R,SPECIALISED TOPICS IN SPORTS M,8610,True,75
2025,BUS4113Q,RESEARCH PROJECT IN SPORTS MAN,8610,True,75
2025,BUS4113R,RESEARCH PROJECT IN SPORTS MAN,8610,True,75
2025,BUS4129H,HONOURS RESEARCH PROJECT,18670,True,75
2025,BUS4153H,HONOURS RESEARCH PROJECT,18670,True,75
2025,BUS5000W,MASTERS IN BUSINESS SCIENCE,26560,True,75
2025,BUS5002W,MASTERS DISSERTATION IN BUSSCI,13790,True,75
2025,BUS5003W,PEOPLE MANAGEMENT I,28600,True,75
2025,BUS5004W,PEOPLE MANAGEMENT II,28600,True,75
2025,BUS5018F,LIFE INSURANCE,20730,True,75
2025,BUS5033W,ORG PSYCHOLOGY MASTERS (CRSWK),57090,True,75
2025,BUS5034H,ORG PSYCHOLOGY MASTERS (DISS),16170,True,75
2025,BUS5035S,SPECIALIST FINANCE-INVESTMNT A,20730,True,75
2025,BUS5037W,PROG EVAL CW 2,28270,True,75
2025,BUS5040S,GENERAL INSURANCE,20730,True,75
2025,BUS5042F,HEALTH SOC&EMP BEN,20730,True,75
2025,BUS5049W,ORG PSY INTERNSHIP,1690,True,75
2025,BUS5050H,PROG EVAL DISSERTATION I,8110,True,75
2025,BUS5051W,PEOPLE MAN I RESEARCH TASK,8110,True,75
2025,BUS5052W,PEOPLE MAN II RESEARCH TASK,8110,True,75
2025,BUS5053W,MASTERS IN APPLIED MANAGEMENT,26560,True,75
2025,BUS5056W,PROG EVAL CW,28270,True,75
2025,BUS5150H,PROG EVAL DISSERTATION II,8110,True,75
2025,BUS6000W,PHD IN BUSINESS SCIENCE,27170,True,75
2025,BUS6001W,PHD PROGRAMME EVALUATION,27170,True,75
2025,CEM1000W,CHEMISTRY 000,20550,True,75
2025,CEM1008F,CHEMISTRY FOR ENGINEERS,10370,True,75
2025,CEM1009H,CHEMISTRY 009,10370,True,75
2025,CEM1010H,CHEMISTRY 00,10370,True,75
2025,CEM1011F,CHEMISTRY FOR MEDICAL STUDENTS,10370,True,75
2025,CEM2005W,INTERMEDIATE CHEMISTRY,27300,True,75
2025,CEM3005W,CHEMISTRY 3005,40950,True,75
2025,CEM4000W,CHEMISTRY HONOURS,74450,True,75
2025,CEM5000W,CHEMISTRY DISSERTATION,37780,True,75
2025,CEM5002W,COMPUTATIONAL SCI DISSERTATION,37780,True,75
2025,CEM5004W,TERTIARY CHEM EDUC DISSERTATIO,37780,True,75
2025,CEM6000W,CHEMISTRY THESIS,27170,True,75
2025,CEM6001W,TERTIARY CHEMISTRY EDUC THESIS,27170,True,75
2025,CEM6002W,COMPUTATIONAL SCI THESIS,27170,True,75
2025,CHE1001Z,INTRO TO CHEMICAL ENGINEERING,12520,True,75
2025,CHE1005W,CHEMICAL ENGINEERING I,26670,True,75
2025,CHE2000X,FIELD TRIP,9560,True,75
2025,CHE2005W,CHEMICAL ENGINEERING II,41300,True,75
2025,CHE2006S,INTRO TO BIOTECHNOLOGY,13670,True,75
2025,CHE3000X,PRACTICAL TRAINING,0,True,75
2025,CHE3006F,CHEMICAL ENGINEERING III,34260,True,75
2025,CHE3007S,DATA SCIENCE SYSTEM DYNAMICS,13980,True,75
2025,CHE3008S,UNIT OPERATION DESIGN&PROJECT,10190,True,75
2025,CHE3009P,UNIT OPERATION DESIGN&PROJECT,7650,True,75
2025,CHE3009Z,UNIT OPERATION DESIGN&PROJECT,7650,True,75
2025,CHE3067S,CATALYTIC CONVERTORS,9900,True,75
2025,CHE3068S,BIOPROCESS ENGINEERING,9900,True,75
2025,CHE3069S,MINERAL PROCESSING,9900,True,75
2025,CHE3070S,NUMERICAL SIMULATION,9900,True,75
2025,CHE4036Z,CHEMICAL ENGINEERING DESIGN,22720,True,75
2025,CHE4045Z,CHEMICAL ENGINEERING RESEARCH,29930,True,75
2025,CHE4048F,BUSINESS SOCIETY & ENVIRONMENT,11370,True,75
2025,CHE4049F,PROCESS SYNTH & EQUIP DESIGN,12670,True,76
2025,CHE4054Z,ENVIRONMENTAL STEWARDSHIP,10100,True,76
2025,CHE4055X,SUSTAINABLE PRACTICE,0,True,76
2025,CHE4056Z,SUSTAINABLE MINERALS,8750,True,76
2025,CHE4057F,INDUSTRIAL ECOLOGY,4660,True,76
2025,CHE4058Z,LIFE CYCLE ASSESSMENT,4660,True,76
2025,CHE4067F,HETEROGENEOUS CATALYSIS,9900,True,76
2025,CHE4068F,BIOPROCESS ENGINEERING DESIGN,9900,True,76
2025,CHE4069F,MINERAL & METAL PROCESSING II,9900,True,76
2025,CHE4070F,NUMERICAL OPTIMISATION,9900,True,76
2025,CHE4071Z,SSEP,9900,True,76
2025,CHE4072F,RENEWABLE ENERGY,9900,True,76
2025,CHE5000W,CHEMICAL ENG DISSERTATION,41420,True,76
2025,CHE5002Z,CHEMICAL ENG PART DISSERT,37720,True,76
2025,CHE5047Z,INTRO TO MOLECULAR MODELING,4590,True,76
2025,CHE5051Z,MICROBIAL PHYSIOLOGY & DYNAMIC,4590,True,76
2025,CHE5054Z,BIOTECHNOLOGY LABORATORY,2400,True,76
2025,CHE5055F,RESEARCH COMM & METHODOLOGY,8920,True,76
2025,CHE5055S,RESEARCH COMM & METHODOLOGY,8920,True,76
2025,CHE5055Z,RESEARCH COMM & METHODOLOGY,8920,True,76
2025,CHE5069Z,SEPARATIONS & THERMODYNAMICS,4590,True,76
2025,CHE5070Z,ADV BIOPROCESS ENGINEERING,8920,True,76
2025,CHE5082Z,DISSERTATION PREPARATION,10260,True,76
2025,CHE5086Z,ELECTROCHEM CHARACT TECHNIQUES,2400,True,76
2025,CHE5087Z,RESEARCH METHODOLOGY,9800,True,76
2025,CHE5088Z,PRACTICAL ASPECTS OF CATALYSIS,4660,True,76
2025,CHE5089Z,CATALYST CHARACTERIZATION,7340,True,76
2025,CHE5090Z,ENERGY FUNDAMENTALS,9460,True,76
2025,CHE5091Z,ENERGY AND CLIMATE POLICY,9460,True,76
2025,CHE6000W,PHD IN CHEMICAL ENG,27170,True,76
2025,CHE9004Z,POSTDOCTORAL FELLOW,1,True,76
2025,CHM2001F,SPECIAL STUDY MODULE,7420,True,76
2025,CHM2001S,SPECIAL STUDY MODULE,7420,True,76
2025,CHM4000F,COMMUNITY EYE HEALTH,15930,True,76
2025,CHM4001F,HLTH PROM&HR DEV FOR VIS 2020,7730,True,76
2025,CHM4002F,MANAGEMENT FOR EYE CARE,15930,True,76
2025,CHM4003W,IMPLEMENTATION FOR EYE CARE,19850,True,76
2025,CHM4028Q,EYE CARE & HEALTH SYSTEMS,8020,True,76
2025,CHM5001W,MSC(MED) SURGERY,43030,True,76
2025,CHM5002W,UROLOGY DISSERTATION,43030,True,76
2025,CHM5004W,TRAUMA EXT CREDIT,5070,True,76
2025,CHM5005W,ORTHOPAEDIC SURGERY EXT CREDIT,5070,True,76
2025,CHM5011W,SURGERY EXT CRED,19770,True,76
2025,CHM5103X,SURGERY,20080,True,76
2025,CHM5104X,TRAUMA,5070,True,76
2025,CHM5105X,ORTHOPAEDIC SURGERY,5070,True,76
2025,CHM5107X,NEURO AND NEURO SURG,10080,True,76
2025,CHM5108X,OPHTHALMOLOGY,5070,True,76
2025,CHM5109X,OTORHINOLARYNGOLOGY,5070,True,76
2025,CHM5110X,UROLOGY,5070,True,76
2025,CHM5111X,SURGERY EXT CRED,19770,True,76
2025,CHM5203X,SURGERY,20080,True,76
2025,CHM5204X,TRAUMA,5070,True,76
2025,CHM5205X,ORTHOPAEDIC SURGERY,5070,True,76
2025,CHM5207X,NEURO AND NEURO SURG,10080,True,76
2025,CHM5208X,OPHTHALMOLOGY,5070,True,76
2025,CHM5209X,OTORHINOLARYNGOLOGY,5070,True,76
2025,CHM5210X,UROLOGY,5070,True,76
2025,CHM5211X,SURGERY EXT CRED,19770,True,76
2025,CHM5303X,SURGERY,20080,True,77
2025,CHM5304X,TRAUMA,5070,True,77
2025,CHM5305X,ORTHOPAEDIC SURGERY,5070,True,77
2025,CHM5307X,NEURO AND NEURO SURG,10080,True,77
2025,CHM5308X,OPHTHALMOLOGY,5070,True,77
2025,CHM5309X,OTORHINOLARYNGOLOGY,5070,True,77
2025,CHM5310X,UROLOGY,5070,True,77
2025,CHM5311X,SURGERY EXT CRED,19770,True,77
2025,CHM5403X,SURGERY,20080,True,77
2025,CHM5404X,TRAUMA,5070,True,77
2025,CHM5405X,ORTHOPAEDIC SURGERY,5070,True,77
2025,CHM5407X,NEURO AND NEURO SURG,10080,True,77
2025,CHM5408X,OPHTHALMOLOGY,5070,True,77
2025,CHM5409X,OTORHINOLARYNGOLOGY,5070,True,77
2025,CHM5410X,UROLOGY,5070,True,77
2025,CHM5411X,SURGERY EXT CRED,19770,True,77
2025,CHM5503X,SURGERY,20080,True,77
2025,CHM5504X,TRAUMA,5070,True,77
2025,CHM5505X,ORTHOPAEDIC SURGERY,5070,True,77
2025,CHM5507X,NEURO AND NEURO SURG,10080,True,77
2025,CHM5508X,OPHTHALMOLOGY,5070,True,77
2025,CHM5509X,OTORHINOLARYNGOLOGY,5070,True,77
2025,CHM5510X,UROLOGY,5070,True,77
2025,CHM5511X,SURGERY EXT CRED,19770,True,77
2025,CHM6003W,MPHIL GASTROENTEROLOGY PT,19100,True,77
2025,CHM6004W,GASTROENTEROL M/DISS (60 CRED),7390,True,77
2025,CHM6011W,BASIC PREHOSPITAL MEDIC RESCUE,10550,True,77
2025,CHM6021W,BIOMATERIALS DISSERTATION,43030,True,77
2025,CHM6022F,COMMUNITY EYE HEALTH I,6260,True,77
2025,CHM6023F,COMMUNITY EYE HEALTH II,6260,True,77
2025,CHM6024W,CARDIOVASC BIOMECH DISS,37780,True,77
2025,CHM6036W,ANAT & PHYS PAED NEUROSURG,23530,True,77
2025,CHM6037W,MGT CLIN COND PAED NEUROSURG,21180,True,77
2025,CHM6038W,SURG & CRITCARE MGT PAED NEURO,18820,True,77
2025,CHM6045F,FUND GLOB SURG,6260,True,77
2025,CHM6046S,PROJECT MANAGEMENT ESSENTIALS,6260,True,77
2025,CHM6048S,GLOBAL SURGERY SYSTEMS,6260,True,77
2025,CHM6100X,SURGERY (INCL ALLIED DISC),22630,True,77
2025,CHM6200X,SURGERY (INCL ALLIED DISC),22630,True,77
2025,CHM6300X,SURGERY (INCL ALLIED DISC),22630,True,77
2025,CHM6400X,SURGERY (INCL ALLIED DISC),22630,True,77
2025,CHM6500X,SURGERY (INCL ALLIED DISC),22630,True,77
2025,CHM7001W,SURGERY THESIS,27170,True,77
2025,CHM7002W,MD SURGERY,27170,True,77
2025,CHM7004W,MMED IN GENERAL SURGERY PART,19850,True,77
2025,CHM7005W,PLASTIC&RECONSTRCT SURG THESIS,27170,True,77
2025,CHM7008W,MMED IN GENERAL SURGERY PT 2B,19850,True,77
2025,CHM7009W,GENERAL SURGERY MINOR DISS,3520,True,77
2025,CHM7010W,MMED SURGICAL DISC PT 2A,19850,True,77
2025,CHM7012W,MMED PLAST&RECON SURG PT 2B,19850,True,77
2025,CHM7013W,PLAST&RECONSURG MIN DISS (60),3520,True,77
2025,CHM7016W,CARDIOTHORACIC SURGERY DISS,43030,True,77
2025,CHM7017W,CARDIOTHORACIC SURGERY THESIS,27170,True,77
2025,CHM7018W,MD CARDIOTHORACIC SURGERY,27170,True,77
2025,CHM7019W,MMED CARDIOTHOR SURG PT 2B,19850,True,77
2025,CHM7020W,CARDIOTHOR SURG MIN DISS (60),3520,True,77
2025,CHM7024W,NEUROSURGERY THESIS,27170,True,77
2025,CHM7025W,MD NEUROSURGERY,27170,True,77
2025,CHM7026W,MMED NEUROSURGERY PT 2B,19850,True,77
2025,CHM7027W,NEUROSURGERY MIN DISS (60),3520,True,78
2025,CHM7030W,MMED OPHTHALMOLOGY PT 2,19850,True,78
2025,CHM7031W,OPHTHALMOLOGY MIN DISS (60),3520,True,78
2025,CHM7032W,MMED OPHTHALMOLOGY PT,19850,True,78
2025,CHM7033W,ORTHOPAED SURG THESIS,27170,True,78
2025,CHM7034W,MD ORTHOPAEDIC SURGERY,27170,True,78
2025,CHM7035W,MMED ORTHOPAED SURG PT 2B,19850,True,78
2025,CHM7036W,ORTHOPAED SURG MIN DISS (60),3520,True,78
2025,CHM7037W,OTORHINOLARYNGOLOGY DISS,43030,True,78
2025,CHM7038W,OTORHINOLARYGOLOGY THESIS,27170,True,78
2025,CHM7039W,MD OTORHINOLARYNGOLOGY,27170,True,78
2025,CHM7040W,MMED OTORHINOLARYNGOL PT 2,19850,True,78
2025,CHM7041W,OTORHINOLARYNGOL MIN DISS (60),3520,True,78
2025,CHM7042W,UROLOGY THESIS,27170,True,78
2025,CHM7043W,MD UROLOGY,27170,True,78
2025,CHM7044W,MMED UROLOGY PT 2B,19850,True,78
2025,CHM7045W,UROLOGY MINOR DISS (60 CRED),3520,True,78
2025,CHM7046W,PLASTRECON&MAX-FACSURG THESIS,27170,True,78
2025,CHM7047W,MD PLASTIC REC & MAX-FAC SURG,27170,True,78
2025,CHM7050W,OPHTHALMOLOGY THESIS,27170,True,78
2025,CHM7051W,MD OPHTHALMOLOGY,27170,True,78
2025,CHM7052W,MPHIL VASCULAR SURGERY PT,19100,True,78
2025,CHM7053W,VASCULAR SURG M/DISS (60 CRED),8670,True,78
2025,CHM7055W,EMERGENCY MEDICINE DISS,43030,True,78
2025,CHM7059W,MMED PAEDIATRIC SURGERY PT,19850,True,78
2025,CHM7060W,MMED PAEDIATRIC SURGERY PT 2,19850,True,78
2025,CHM7061W,PAED SURG MIN DISS (60 CRED),3520,True,78
2025,CHM7062W,NEUROSCIENCE (SURG) DISS,43030,True,78
2025,CHM7063W,NEUROSCI (SURG) THESIS,27170,True,78
2025,CHM7064W,EMERGENCY MEDICINE THESIS,27170,True,78
2025,CHM7065W,BIOMATERIALS THESIS,27170,True,78
2025,CHM7066W,CARDIOVASCBIOMECHANICS THESIS,27170,True,78
2025,CHM7067W,MPHIL CLIN PAED SURGERY PT,17390,True,78
2025,CHM7068W,CLINPAEDSURG M/DISS (60 CRED),7890,True,78
2025,CHM7069W,MMED OPHTHALMOLOGY PT 2A,19850,True,78
2025,CHM7070W,MPHIL TRAUMA SURGERY PT,19100,True,78
2025,CHM7071W,TRAUMA SURG M/DISS (60 CRED),8670,True,78
2025,CHM7072W,MMED IN ORL PT,19850,True,78
2025,CHM7073W,MUSCULOSKELETAL SCIENCE DISS,43030,True,78
2025,CHM7074W,TRAUMA SCIENCE DISSERTATION,43030,True,78
2025,CHM7075W,INFECTION MGT DISSERTATION,43030,True,78
2025,CHM7076W,SPORTS INJURIES DISSERTATION,43030,True,78
2025,CHM7077W,GLOBAL SURGERY DISSERTATION,43030,True,78
2025,CHM7078W,GLOBAL SURGERY THESIS (SURGERY,27170,True,78
2025,CHM7079W,DSC MED IN NEUROSURGERY,27170,True,78
2025,CHM9000Z,POSTDOCTORAL FELLOW,1,True,78
2025,CIV1005W,INTRODUCTION TO ENGINEERING,15410,True,78
2025,CIV1006S,BUILDING SCIENCE I,9120,True,78
2025,CIV1007S,ENGINEERING MECHANICS,9120,True,78
2025,CIV1008F,ENGINEERING,7410,True,78
2025,CIV1009F,DRAWING,4920,True,78
2025,CIV1010A,ENVIRONMETAL CHEMISTRY,4920,True,78
2025,CIV1011S,MECHANICS,8180,True,78
2025,CIV1012S,ENGINEERING 2,4920,True,78
2025,CIV1013S,ENVIRONMENTAL CHEMISTRY,7720,True,78
2025,CIV1014Z,WATER CHALLENGE SCENARIO,2580,True,78
2025,CIV2011F,MECHANICS OF MATERIALS,9120,True,78
2025,CIV2020X,PRACTICAL EXPERIENCE,0,True,78
2025,CIV2039S,GEOTECHNICAL ENGINEERING I,9120,True,78
2025,CIV2040S,FLUID MECHANICS,4660,True,79
2025,CIV2041S,STRUCTURAL ANALYSIS I,9120,True,79
2025,CIV2042F,CONSTRUCTION MATERIALS,9120,True,79
2025,CIV3042F,GEOTECHNICAL ENGINEERING II,9120,True,79
2025,CIV3043F,HYDRAULIC ENGINEERING,9120,True,79
2025,CIV3044F,ENGINEERING HYDROLOGY,4590,True,79
2025,CIV3045S,TRANSPORTATION PLANNING,9120,True,79
2025,CIV3046S,WATER TREATMENT,6920,True,79
2025,CIV3047S,URBAN WATER SERVICES,6920,True,79
2025,CIV3048F,STRUCTURAL ANALYSIS II,9120,True,79
2025,CIV3049S,STRUCTURAL DESIGN I,9120,True,79
2025,CIV4035C,DESIGN PROJECT,15230,True,79
2025,CIV4041F,PROFESSIONAL PRACTICE,9120,True,79
2025,CIV4042F,WASTEWATER TREATMENT,9120,True,79
2025,CIV4044F,RESEARCH PROJECT,30210,True,79
2025,CIV4044S,RESEARCH PROJECT,30210,True,79
2025,CIV4045F,STRUCTURAL DESIGN II,10910,True,79
2025,CIV4046F,TRANSPORTATION ENGINEERING,10910,True,79
2025,CIV5000W,CIVIL ENGINEERING DISSERT,41420,True,79
2025,CIV5000Z,MSC CIVIL ENGINEERING PART DIS,37720,True,79
2025,CIV5006Z,ADV STRUCTURAL CONCRETE ENG,8920,True,79
2025,CIV5017Z,MINOR DISSERTATION,17870,True,79
2025,CIV5032Z,INTR TO WASTEWATER TREATMENT,2360,True,79
2025,CIV5035Z,MANAGMNT OF TRANSPORT SUPP & D,15100,True,79
2025,CIV5036Z,LOCAL AREA TRANSP PLAN MAN &,15100,True,79
2025,CIV5037Z,MINOR DISSERTATION,17870,True,79
2025,CIV5038Z,INTEGRATED LAND USE TRANSPORT,15100,True,79
2025,CIV5039Z,NON-MOTORISED TRANSPORTATION,15100,True,79
2025,CIV5040W,MASTERS DISSERT:TRANSPORT STUD,41420,True,79
2025,CIV5046Z,SEPARAT IN WATER & WATER TREAT,4590,True,79
2025,CIV5047Z,SEWAGE SLUDGE TREATMENT,4590,True,79
2025,CIV5048Z,DESIGN OF BIO NUTR REMOVAL SYS,15100,True,79
2025,CIV5049Z,MDLG & SIM OF WSTWTR TRTMT PLT,7340,True,79
2025,CIV5050Z,INTEGR WSTWTR TRTMT PLNT DESGN,15100,True,79
2025,CIV5052Z,AQUATIC CHEMISTRY,7730,True,79
2025,CIV5067Z,ADVANCED INFRASTRUCTURE MNGMNT,15100,True,79
2025,CIV5070Z,PUBLIC TRANSPORT POLICY&REGULA,15100,True,79
2025,CIV5071Z,PUBLIC TRANSPORT DESIGN& MANAG,15100,True,79
2025,CIV5073W,TRANSPORT PLANNING PROJECT,18830,True,79
2025,CIV5100Z,PLATE AND SHELL STRUCTURES,8920,True,79
2025,CIV5108Z,ADV MECH OF MATERIALS,9120,True,79
2025,CIV5109Z,DISSERTATION PREPARATION,10260,True,79
2025,CIV5110Z,LABORATORY & FIELD TECHNIQUES,8920,True,79
2025,CIV5111Z,GROUND IMPROVEMENT TECHNIQUES,8920,True,79
2025,CIV5112Z,STAB&DESIGNOF STEEL STRUCTURES,8920,True,79
2025,CIV5113Z,STRUCTURAL DYNAMICS WITH APPL,8920,True,79
2025,CIV5114Z,FOUNDATION DESIGN,8920,True,79
2025,CIV5115Z,BRIDGE MANAGEMENT & MAINTENANC,15100,True,79
2025,CIV5118Z,SAFETY OF SPECIAL STRUCTURES,15100,True,79
2025,CIV5122Z,ADVANCED SOIL MECHANICS,9120,True,79
2025,CIV5124Z,GEOSYNTHETICS ENGINEERING,8920,True,79
2025,CIV5127Z,CHOICE MODELLING AND DESIGN,15100,True,79
2025,CIV5129W,GEOTECHNICAL ENG PROJECT,13440,True,79
2025,CIV5131Z,RESEARCH METHODOLOGY,8920,True,79
2025,CIV5132Z,TRSNPT DEMAND ANAL & PROJ ASSM,15100,True,79
2025,CIV5133Z,TRANSPORT MODELLING,15100,True,79
2025,CIV5134W,MASTERS DISSERT: TRANSPORT STU,37720,True,79
2025,CIV5135W,TRANSPORT METHODS PROJECT,18830,True,79
2025,CIV5136Z,CIMME PROJECT,13440,True,79
2025,CIV5137Z,MSEM PROJECT,13440,True,80
2025,CIV5138Z,ADV CONCRETE TECH & SLD,15100,True,80
2025,CIV5139Z,CONCRETE REPAIR,15100,True,80
2025,CIV5140Z,CONCRETE STRENGTHENING,15100,True,80
2025,CIV5141Z,STEEL REPAIR,15100,True,80
2025,CIV5142Z,FINITE ELEMENT MODELLING,8920,True,80
2025,CIV5143Z,ROCK MECHANICS,8920,True,80
2025,CIV5144Z,INTRODUCTION TO WWT,5800,True,80
2025,CIV5145Z,MWE PROJECT,13440,True,80
2025,CIV5147Z,METHODOLOGIES IN ENG ED,8440,True,80
2025,CIV5148W,DISSERTATION ENG ED,37720,True,80
2025,CIV5149Z,SLOPE STABILITY/EARTH SUPPORTS,15100,True,80
2025,CIV5150Z,SOIL MODELLING,10370,True,80
2025,CIV5151Z,CONCRETE NDT,5800,True,80
2025,CIV5152Z,SPECIAL TOPICS IN IM,5560,True,80
2025,CIV5153Z,GROUNDWATER,15110,True,80
2025,CIV5154Z,ENVIRONMENTAL MEASUREMENT,9560,True,80
2025,CIV5155Z,INNOVATIVE DESIGN ENGINEERS,7180,True,80
2025,CIV5156Z,INTEGRATED WTP DESIGN,15820,True,80
2025,CIV5157Z,NON-SEWERED SANITATION SYSTEMS,7930,True,80
2025,CIV5158Z,URBAN HYDROLOGY,15100,True,80
2025,CIV5159Z,WATER TREATMENT PROCESSES,15820,True,80
2025,CIV5160Z,WATER TREATMENT TECHNOLOGIES,15820,True,80
2025,CIV5161Z,INTRO TO ENTREPRENEURSHIP,8060,True,80
2025,CIV5162Z,TAILINGS STORAGE ENGINEERING,15100,True,80
2025,CIV5163Z,DIGITAL TWINS AND BIM,15100,True,80
2025,CIV5164Z,BIG DATA AND TRANSPORT,15100,True,80
2025,CIV5165Z,TRANSPORT SYSTEMS SIMULATION,15100,True,80
2025,CIV5166S,SUSTAINABLE WATER MANAGEMENT,15820,True,80
2025,CIV6000W,PHD CIVIL ENGINEERING DISSERT,27170,True,80
2025,CIV6001W,THESIS ENGINEERING ED,27170,True,80
2025,CIV9000Z,INTERNATIONAL AFFILIATE 2 MTH,7700,True,80
2025,CIV9001Z,INTERNATIONAL AFFILIATE2-4 MTH,14460,True,80
2025,CIV9004Z,POSTDOCTORAL FELLOW,1,True,80
2025,CML1001F,BUSINESS LAW I,9540,True,82
2025,CML1001P,BUSINESS LAW I,9540,True,82
2025,CML1004S,BUSINESS LAW I,9540,True,82
2025,CML2001F,COMPANY LAW,9540,True,82
2025,CML2001P,COMPANY LAW,9540,True,82
2025,CML2005F,LABOUR LAW,9540,True,82
2025,CML2010P,BUSINESS LAW II,7940,True,82
2025,CML2010Z,BUSINESS LAW II,7940,True,82
2025,CML3001W,CORPORATION LAW,17180,True,82
2025,CML4004S,LABOUR LAW,8640,True,82
2025,CML4006W,COMMERCIAL TRANSACTIONS LAW,17180,True,82
2025,CML4504S,TRADE MARKS & UNLAWFUL COMP,4960,True,82
2025,CML4506F,FUNDAMNTL PRINCIPLES TAX LAW,4960,True,82
2025,CML4507S,STATUTORY TAX LAW OF ENTITIES,4960,True,82
2025,CML4510F,CYBERLAW,4960,True,82
2025,CML4602S,COMPETITION LAW,4960,True,82
2025,CML4603S,BANKING LAW,4960,True,82
2025,CML4606H,MOOT CAPUT,4960,True,82
2025,CML4607F,LAW FOR ENGINEERS,5230,True,82
2025,CML4629S,LAW & REG INTEG IN AFRICA,4960,True,82
2025,CML4631S,MEDIATION,23630,True,82
2025,CML4641S,COMMERCIAL ARBITRATION,23630,True,82
2025,CML4671F,NEGOTIATION,23630,True,82
2025,CML5600W,MASTERS IN COMMERCIAL LAW,22460,True,82
2025,CML5601F,ADVANCED COMPANY LAW,23630,True,82
2025,CML5601X,ADV COMPANY LAW - RES TASK,2650,True,82
2025,CML5606W,MASTERS IN COMMERCIAL LAW DISS,11890,True,82
2025,CML5611W,MASTERS IN TAX LAW DISS,11890,True,82
2025,CML5613S,COLLECTIVE LABOUR LAW,23630,True,82
2025,CML5613X,COLLEC LABOUR LAW - RES TASK,2650,True,82
2025,CML5614W,MASTERS IN LABOUR LAW DISS,11890,True,82
2025,CML5616W,MASTERS IN SHIPPING LAW DISS,11890,True,82
2025,CML5619F,LAW OF INTERNATIONAL TRADE,23630,True,82
2025,CML5619X,LAW OF INT TRADE - RES TASK,2650,True,82
2025,CML5625F,MARITIME LAW,23630,True,82
2025,CML5625X,MARITIME LAW - RESEARCH TASK,2650,True,82
2025,CML5626S,CARRIAGE OF GOODS BY SEA,23630,True,83
2025,CML5626X,CARRIAGE OF GOODS - RES TASK,2650,True,83
2025,CML5631S,MEDIATION,23630,True,83
2025,CML5631X,MEDIATION - RESEARCH TASK,2650,True,83
2025,CML5632W,MASTERS IN DISPUTE RES,11890,True,83
2025,CML5641S,COMMERCIAL ARBITRATION,23630,True,83
2025,CML5641X,COMM ARBITRATION - RES TASK,2650,True,83
2025,CML5651F,INDIVIDUAL EMPLOYMENT LAW,23630,True,83
2025,CML5651X,INDIV EMPLOY LAW - RES TASK,2650,True,83
2025,CML5654S,COMPETITION LAW,23630,True,83
2025,CML5654X,COMPETITION LAW - RES TASK,2650,True,83
2025,CML5657F,ELEC INTELLECTUAL PROPERTY LAW,23630,True,83
2025,CML5657X,ELEC IP LAW - RESEARCH TASK,2650,True,83
2025,CML5658S,ELECTRONIC TRANSACTIONS LAW,23630,True,83
2025,CML5658X,ELEC TRANSACT LAW - RES TASK,2650,True,83
2025,CML5661S,SPECIFIC TAX LAW PROVISIONS,23630,True,83
2025,CML5661X,SPECIFIC TAX LAW PROVISIONS RT,2650,True,83
2025,CML5664F,LAW AND REGIONAL INTEGRATION,23630,True,83
2025,CML5664X,LAW & REG AFRICA INT - RES TSK,2650,True,83
2025,CML5665S,TAX POLICY FOR DEVELOPMENT,23630,True,83
2025,CML5665X,TAX POLICY - RESEARCH TASK,2650,True,83
2025,CML5666F,COMPARATIVE BUSINESS LAW,23630,True,83
2025,CML5666X,COMP BIZ LAW RESEARCH TASK,2650,True,83
2025,CML5668F,GENERAL TAX LAW PROVISIONS,22600,True,83
2025,CML5668X,GENERAL TAX LAW PROV RT,2390,True,83
2025,CML5669F,TAX TREATY LAW,22600,True,83
2025,CML5669X,TAX TREATY LAW RT,2390,True,83
2025,CML5671F,NEGOTIATION,23630,True,83
2025,CML5671X,NEGOTIATION - RESEARCH TASK,2650,True,83
2025,CML5672S,CORPORATE FINANCING,23630,True,83
2025,CML5672X,CORPORATE FINANCING - RES TASK,2650,True,83
2025,CML5673S,INTL COMMERCIAL TRANS LAW,23630,True,83
2025,CML5673X,INT COMM TRANS LAW - RES TASK,2650,True,83
2025,CML5674W,MASTERS IN INT TRADE LAW DISS,11890,True,83
2025,CML5676S,WORKPLACE DISC & EQUALITY LAW,23630,True,83
2025,CML5676X,WORK DISC & EQU LAW- RES TASK,2650,True,83
2025,CML5678F,PRINCIPLES OF IP LAW,23630,True,83
2025,CML5678X,PRINCIPLES OF IP LAW - RES TSK,2650,True,83
2025,CML5680S,ADVANCED INTELLECTUAL PROPERTY,23630,True,83
2025,CML5680X,ADV IP LAW - RESEARCH TASK,2650,True,83
2025,CML5681W,MASTERS IN INT PROP LAW DISS,11890,True,83
2025,CML5687S,CHINESE LAW AND INVESTMENTS,23630,True,83
2025,CML5687X,CHIN LAW & INV IN AFRICA - RES,2650,True,83
2025,CML5688W,MASTERS IN COMP LAW DISS,11890,True,83
2025,CML5691S,IP DEVELOPMENT AND INNOVATION,23630,True,83
2025,CML5691X,IP LAW DEV & INNOV - RES TASK,2650,True,83
2025,CML5692F,GOVERNING COMPANY RELATIONS,23630,True,83
2025,CML5692X,CO LAW CORP GOV - RES TASK,2650,True,83
2025,CML5694W,MASTERS IN INTL TAXATION DISS,11890,True,83
2025,CML5695F,BANKING REGULATION,23630,True,83
2025,CML5695X,BANK REGULATION RESEARCH TASK,2650,True,83
2025,CML5696S,LAW OF BANKING,23630,True,83
2025,CML5696X,LAW OF BANKING RESEARCH TASK,2650,True,83
2025,CML5697X,INTL. TAX I RESEARCH TASK,5000,True,83
2025,CML5698X,INTL. TAX II RESEARCH TASK,5000,True,83
2025,CML6700W,PHD IN COMMERCIAL LAW,27170,True,83
2025,CON1004W,CONSTRUCTION TECHNOLOGY I,18040,True,83
2025,CON1007X,PRACTICAL TRAINING,0,True,83
2025,CON1010S,CONSTRUCTION INFO SYSTEMS,4910,True,83
2025,CON1021F,PROPERTY AND PLANNING I,9120,True,84
2025,CON1022F,BUILDING CONSTRUCTION I,9120,True,84
2025,CON1023S,BUILDING CONSTRUCTION II,9120,True,84
2025,CON1024S,PROPERTY ECONOMICS I,9120,True,84
2025,CON1025S,PROPERTY AND TECHNOLOGY,9120,True,84
2025,CON2006W,CONSTRUCTION TECHNOLOGY II,18040,True,84
2025,CON2013X,PRACTICAL TRAINING,0,True,84
2025,CON2020S,CONSTRUCTION MANAGEMENT I,7290,True,84
2025,CON2026S,PROJECT MANAGEMENT,9120,True,84
2025,CON2032S,PROPERTY INVEST & FINANCE I,9150,True,84
2025,CON2033F,REAL PROPERTY LAW I,9150,True,84
2025,CON2034S,PROFESS. IN THE BUILT ENVIR.,6610,True,84
2025,CON2035S,PROPERTY AND PLANNING II,9150,True,84
2025,CON2036F,PROPERTY VALUATION I,9150,True,84
2025,CON2037W,MSUREMENT&DESIGN APPRAISAL A,11400,True,84
2025,CON3012W,CONSTRUCTION TECHNOLOGY III,18040,True,84
2025,CON3023X,PRACTICAL TRAINING,0,True,84
2025,CON3030F,CONSTRUCTION COSTING,7290,True,84
2025,CON3031W,MEASUMNT & DESIGN APPRAISAL II,18040,True,84
2025,CON3032W,APPLIED CONTRACT LAW I,6870,True,84
2025,CON3033S,PROPERTY STUDIES I,9120,True,84
2025,CON3038W,CONSTRUCTION MANAGEMENT II,18040,True,84
2025,CON3043W,COST ENGINEERING,9120,True,84
2025,CON3046S,PROPERTY MANAGEMENT,9150,True,84
2025,CON3047F,PROPERTY INVEST. & FINANCE II,9150,True,84
2025,CON3048F,PROPERTY DEVELOPMENT I,9150,True,84
2025,CON3050F,PROPERTY AND CONTRACT LAW,9150,True,84
2025,CON3051F,PROPERTY VALUATION II,9150,True,84
2025,CON3052S,PROPERTY ECONOMICS II,9150,True,84
2025,CON3053S,PROPERTY AND ENVIRONMENT,9150,True,84
2025,CON3054S,PROPERTY DEVELOPMENT II,9150,True,84
2025,CON4030F,PROPERTY STUDIES II,8820,True,84
2025,CON4032S,MEASUMNT& DESIGN APPRAISAL III,6590,True,84
2025,CON4033W,APPLIED CONTRACT LAW II,8820,True,84
2025,CON4034W,PROFESSIONAL PRACTICE,11850,True,84
2025,CON4035X,PRACTICAL TRAINING,1,True,84
2025,CON4037S,CIVIL ENGINEERING MEASUREMENT,7090,True,84
2025,CON4038F,ADV CONSTRUCTION MANAGEMENT,8820,True,84
2025,CON4039S,INTEGRATED MANAGEMENT PROJECT,8820,True,84
2025,CON4047W,RESEARCH REPORT,18800,True,84
2025,CON4049S,CONSTRUCTION INNOVATION,8820,True,84
2025,CON4051F,ADV. PROPERT. INV. & FIN.,7430,True,84
2025,CON4052F,ADV. PROPERT. & FAC. MGT,7430,True,84
2025,CON4053S,APPLIED PROPERTY LAW,7430,True,84
2025,CON4054S,ADVANCED PROPERTY VALUATION,7430,True,84
2025,CON4055S,ADVANCED PROPERTY DEVELOPMENT,7430,True,84
2025,CON4056F,HOUSING MKT. POLICY & PRACTICE,7430,True,84
2025,CON5006Z,PROPERTY DEVELOPMENT,15100,True,84
2025,CON5007Z,PROPERTY LAW,15100,True,84
2025,CON5008Z,URBAN LAND ECONOMICS,15100,True,84
2025,CON5009Z,PROPERTY FINANCE,15100,True,84
2025,CON5010Z,MINOR DISSERTATION,17870,True,84
2025,CON5014Z,PROJ MGMT & SYSTEMS THEORY,15100,True,84
2025,CON5016Z,PROJ PLAN & IMPLEMENTATION,15100,True,84
2025,CON5018Z,HRM & COMMUNICATION,15100,True,84
2025,CON5021Z,PROPERTY PORTFOLIO MANAGEMENT,15100,True,84
2025,CON5022Z,TOTAL QUALITY MANAGEMENT,15100,True,84
2025,CON5023Z,RESEARCH REPORT PROJECT MGMT,17870,True,84
2025,CON5024W,CEM DISSERTATION,41420,True,84
2025,CON5029Z,PROJECT RISK MANAGEMENT,15100,True,85
2025,CON5030Z,PROJECT FINANCE & PROCUREMENT,15100,True,85
2025,CON5043Z,PROP VALUATION THEORY & PRAC,15100,True,85
2025,CON5044Z,ADVANCED PROPERTY VALUATION,15100,True,85
2025,CON5046Z,RESEARCH METHODOLOGY,15100,True,85
2025,CON6009W,PHD IN CONSTR ECO & MAN,27170,True,85
2025,CON9004Z,POSTDOCTORAL FELLOW,1,True,85
2025,CSC1010H,COMPUTER SCIENCE 00,10140,True,85
2025,CSC1011H,COMPUTER SCIENCE 0,10140,True,85
2025,CSC1015F,COMPUTER SCIENCE 05,10140,True,85
2025,CSC1015S,COMPUTER SCIENCE 05,10140,True,85
2025,CSC1016S,COMPUTER SCIENCE 06,10140,True,85
2025,CSC1017F,INTRODUCTION TO PROGRAMMING,9020,True,85
2025,CSC1019F,PROGRAMMING FOR ENGINEERS,6790,True,85
2025,CSC2001F,COMPUTER SCIENCE 200,13410,True,85
2025,CSC2002S,COMPUTER SCIENCE 2002,13410,True,85
2025,CSC2004Z,PROGRAMMING ASSESSMENT,1,True,85
2025,CSC2005F,RESEARCH IN COMPUTER SCIENCE,13410,True,85
2025,CSC2005S,RESEARCH IN COMPUTER SCIENCE,13410,True,85
2025,CSC2041F,AI: KNOWLEDGE REPRESENTATION,13410,True,85
2025,CSC2042S,AI: MACHINE LEARNING,13410,True,85
2025,CSC3002F,COMPUTER SCIENCE 3002,20140,True,85
2025,CSC3003S,COMPUTER SCIENCE 3003,20140,True,85
2025,CSC3022F,C++ AND MACHINE LEARNING,20140,True,85
2025,CSC4002W,PROJECT,27850,True,85
2025,CSC4007Z,HONOURS MODULE IN COMPUTER SCI,5590,True,85
2025,CSC4010Z,ADVANCED TOPICS CSC HONOURS 2,5590,True,85
2025,CSC4013Z,VISUALISATION,5590,True,85
2025,CSC4019Z,RESEARCH & INNOVATION,7430,True,85
2025,CSC4020Z,FUNCTIONAL PROGRAMMING,5590,True,85
2025,CSC4021Z,COMPILERS,5590,True,85
2025,CSC4023Z,BIG DATA,5590,True,85
2025,CSC4024Z,HUMAN COMPUTER INTERACTION,5590,True,85
2025,CSC4025Z,ARTIFICIAL INTELLIGENCE,5590,True,85
2025,CSC4026Z,NETWORK SECURITY,5590,True,85
2025,CSC4027Z,COMPUTER GAME DESIGN,5590,True,85
2025,CSC4028Z,HIGH-PERFORMANCE COMPUTING,5590,True,85
2025,CSC4029Z,COMPUTER GRAPHICS,5590,True,85
2025,CSC5000W,COMPUTER SCIENCE DISSERTATION,37780,True,85
2025,CSC5002W,COMPUTER SCIENCE MINOR DISS,37780,True,85
2025,CSC5004W,IT MINOR DISS,37780,True,85
2025,CSC5007Z,DATABASE SYSTEMS,9380,True,85
2025,CSC5008Z,DATA VISUALISATION,10070,True,85
2025,CSC5009W,DATA SCI MINOR DISSERTATION,37800,True,85
2025,CSC5010Z,MIT: COMPUTER NETWORKS,9380,True,85
2025,CSC5011Z,MIT: PYTHON PROGRAM,9380,True,85
2025,CSC5012Z,MIT:HUMAN COMPUTER INTERACTION,9380,True,85
2025,CSC5017Z,MIT: RESEARCH METHODS,9380,True,85
2025,CSC5020Z,RESEARCH METHODS,14970,True,85
2025,CSC5021Z,COMPUTATIONAL GEOMETRY,9980,True,86
2025,CSC5022Z,DISTRIBUTED SCIENTIFIC COMP,9980,True,86
2025,CSC5023Z,META-HEURISTICS,9980,True,86
2025,CSC5024Z,INFORMATION RETRIEVAL,9980,True,86
2025,CSC5025Z,INTELLIGENT SYSTEMS,9980,True,86
2025,CSC5026Z,ICT FOR DEVELOPMENT,9980,True,86
2025,CSC5027Z,LOGICS FOR AI,9980,True,86
2025,CSC5028Z,ONTOLOGY ENGINEERING,9980,True,86
2025,CSC5029Z,IMAGE PROC AND COMP VISION,9980,True,86
2025,CSC5030Z,ADV TOPICS MASTERS,9980,True,86
2025,CSC5031Z,ADV TOPICS MASTERS 2,9980,True,86
2025,CSC5032Z,NETWORKS & INTERNET SYSTEMS,9980,True,86
2025,CSC5033Z,HUMAN COMPUTER INTERACTION,9980,True,86
2025,CSC5034Z,MACHINE LEARNING,9980,True,86
2025,CSC5035Z,NLP,9980,True,86
2025,CSC5036Z,VIRTUAL REALITY,9980,True,86
2025,CSC5037W,AI MINOR DISSERTATION,37800,True,86
2025,CSC5038Z,ARTIFICIAL LIFE,9980,True,86
2025,CSC5039Z,NON-MONOTONIC REASONING,9980,True,86
2025,CSC5040Z,DESIGN THINKING,9980,True,86
2025,CSC5041W,HCI MINOR DISSERTATION,37800,True,86
2025,CSC5042Z,NATURAL LANGUAGE GENERATION,9980,True,86
2025,CSC5043W,NEUROSCIENCE MINOR DISS,25190,True,86
2025,CSC6000W,COMPUTER SCIENCE THESIS,27170,True,86
2025,DOC1103H,SKILLS FOR COMMERCE,1290,True,87
2025,DOC5000Z,DISSERTATION,18050,True,87
2025,DOH1002F,WRITING IN THE HUMANITIES,9440,True,87
2025,DOH1005F,WRITING IN THE PERFORMING ARTS,9440,True,87
2025,DOH1009S,CONCEPTS IN SOCIAL SCIENCE,9440,True,87
2025,DOH1010S,TEXTS IN THE HUMANITIES,9440,True,87
2025,DOH1017S,ORGANISATIONAL PSYCHOLOGY +,0,True,87
2025,DOH2001F,ST SEMESTER EXCHANGE,34840,True,87
2025,DOH2001S,2ND SEMESTER EXCHANGE,34840,True,87
2025,DOH2004W,MATHEMATICS FOR EDUCATORS,0,True,87
2025,DOH5000F,SEMESTER EXCHANGE,12640,True,87
2025,DOH5000S,SEMESTER EXCHANGE,12640,True,87
2025,DOH5000Z,ST SEMESTER EXCHANGE,12640,True,87
2025,DOH5001F,SEMESTER EXCHANGE,12640,True,87
2025,DOH5001S,SEMESTER EXCHANGE,12640,True,87
2025,DOH5001Z,2ND SEMESTER EXCHANGE,12640,True,87
2025,DOH5101F,RESEARCH METHODS B,6010,True,87
2025,DOH9005Z,FOREIGN ELECTIVE (2 MONTHS),7700,True,87
2025,DOH9006Z,FOREIGN ELECTIVE (2-4 MONTHS),14460,True,87
2025,DOH9009Z,POSTDOCTORAL FELLOWSHIP,1,True,87
2025,DOL3000X,MOOT COMPETITION,4960,True,87
2025,DOL3001X,COMMUNITY SERVICE,2440,True,87
2025,DOL4000H,IAM,2800,True,87
2025,DOL4500F,LEGAL PRACTICE,4960,True,87
2025,DOL4500S,LEGAL PRACTICE,4960,True,87
2025,DOL5000F,FIRST SEMESTER EXCHANGE,46470,True,87
2025,DOL5000S,SECOND SEMESTER EXCHANGE,46470,True,87
2025,DOL5000W,LLM FULL EXCHANGE,106240,True,87
2025,DOL9006Z,FOREIGN ELECTIVE ( 2 MONTHS),7700,True,88
2025,DOL9007Z,FOREIGN ELECTIVE (2-4 MONTHS),14460,True,88
2025,DOL9008Z,FOREIGN ELECTIVE (4-6 MONTHS),21270,True,88
2025,DOL9009Z,FOREIGN ELECTIVE (6-2 MONTHS),28340,True,88
2025,DOM9002Z,MEDICAL ELEC (2 MNTHS OR LESS),7540,True,88
2025,DOM9003Z,MEDICAL ELECTIVE (3 MONTHS),13380,True,88
2025,DOM9006Z,MEDICAL ELECTIVE (4-6 MONTHS),20930,True,88
2025,DOM9007Z,MEDICAL ELECTIVE (6-2 MONTHS),27880,True,88
2025,DSC2001F,FIRST SEMESTER EXCHANGE,40530,True,88
2025,DSC2001S,SECOND SEMESTER EXCHANGE,40530,True,88
2025,DSC9006Z,OCCASIONAL RESEARCH 2 MONTHS,7700,True,88
2025,DSC9007Z,OCCASIONAL RESEARCH 2-4 MONTHS,14450,True,88
2025,DSC9008Z,OCCASIONAL RESEARCH 4-6 MONTHS,21260,True,88
2025,DSC9009Z,OCCASIONAL RESEARCH 6-2 MONTH,28340,True,88
2025,DSC9010C,INTERNATIONAL AFFILIATE 2 MONT,7700,True,88
2025,DSC9011C,INTERNATIONAL AFFILIATE 2-4 MO,14450,True,88
2025,DSC9012C,INTERNATIONAL AFFILIATE 4-6 MO,21260,True,88
2025,DSC9013C,INTERNATIONAL AFFILIATE 6-12 M,28340,True,88
2025,ECO1006F,ECONOMICS FOR NON-SPECIALISTS,10440,True,88
2025,ECO1007S,ECONOMICS FOR ENGINEERS,10440,True,88
2025,ECO1008F,MICROECONOMICS FOR THE BUILT ENVIRONMENT,10440,True,88
2025,ECO1008S,MICROECONOMICS FOR THE BUILT ENVIRONMENT,10440,True,88
2025,ECO1009F,MICROECONOMICS FOR THE BUILT ENVIRONMENT,10440,True,88
2025,ECO1009S,MICROECONOMICS FOR THE BUILT ENVIRONMENT,10440,True,88
2025,ECO1010F,MICROECONOMICS,10440,True,88
2025,ECO1010S,MICROECONOMICS,10440,True,88
2025,ECO1011F,MACROECONOMICS,10440,True,88
2025,ECO1011S,MACROECONOMICS,10440,True,88
2025,ECO1110F,MICROECONOMICS,10440,True,88
2025,ECO1110S,MICROECONOMICS,10440,True,88
2025,ECO2003F,MICROECONOMICS II,10440,True,88
2025,ECO2003L,MICROECONOMICS II,10440,True,88
2025,ECO2003P,MICROECONOMICS II,10440,True,88
2025,ECO2004L,MACROECONOMICS II,10440,True,88
2025,ECO2004P,MACROECONOMICS II,10440,True,88
2025,ECO2004S,MACROECONOMICS II,10440,True,88
2025,ECO2007S,COOPERATION AND COMPETITION,10440,True,88
2025,ECO2008S,DEVELOPMENT ECONOMICS,10440,True,88
2025,ECO3009F,NATURAL RESOURCE ECONOMICS,10440,True,88
2025,ECO3016F,HISTORY OF ECONOMIC THOUGHT,10440,True,88
2025,ECO3020F,ADV MACRO & MICRO ECONOMICS,10440,True,88
2025,ECO3020N,ADV MACRO & MICRO ECO ENT EXAM,600,True,88
2025,ECO3021N,QUANT METHODS IN ECOS ENT EXAM,600,True,88
2025,ECO3021S,QUANTITATIVE METHODS IN ECON,10440,True,88
2025,ECO3022S,ADVANCED LABOUR ECONOMICS,10440,True,88
2025,ECO3023S,PUBLIC ECONOMICS,10440,True,88
2025,ECO3024F,INTERNATIONAL TRADE & FINANCE,10440,True,88
2025,ECO3025S,APPL. INTERN. TRADE BARGAINING,10440,True,88
2025,ECO4006F,MACROECONOMICS,10440,True,88
2025,ECO4007F,MICROECONOMICS,10440,True,88
2025,ECO4008N,MATHS FOR FINANCIAL ECONOMICS,600,True,88
2025,ECO4009N,STATISTICS FOR FINANCIAL ECO,600,True,88
2025,ECO4010N,MICRO & MACRO ECONOMICS,600,True,88
2025,ECO4011N,PRINCIPLES OF ACCOUNTING,600,True,88
2025,ECO4012N,PRINCIPLES OF CORP FINANCE,600,True,88
2025,ECO4013S,INTERNATIONAL FINANCE,10440,True,88
2025,ECO4016F,ECONOMETRICS,10440,True,88
2025,ECO4020S,ECONOMIC CHALLENGES IN AFRICA,10440,True,88
2025,ECO4021W,RESEARCH & WRITING I,15650,True,88
2025,ECO4026S,ECONOMY & ITS FIN. MARKETS,10440,True,89
2025,ECO4027S,THE ANALYSIS OF SURVEY DATA,10440,True,89
2025,ECO4028S,POLICY ANALYSIS,10440,True,89
2025,ECO4029S,EXPERIMENTS IN ECONOMICS,10440,True,89
2025,ECO4032S,ECOS OF INDUS. REGUL. & FIRMS,10440,True,89
2025,ECO4051S,DEVELOPMENT ECONOMICS,10440,True,89
2025,ECO4052S,ENVIRONMENTAL ECONOMICS,10440,True,89
2025,ECO4053S,FINANCIAL ECONOMICS,10440,True,89
2025,ECO4100Z,SECURITY LEGISLATION,10440,True,89
2025,ECO4101Z,CORPORATE FINANCE/EQUITY VAL,10440,True,89
2025,ECO4102Z,INVESTMENT DECISION THEORY,10440,True,89
2025,ECO4103Z,FIXED INCOME SECURITY ANALYSIS,10440,True,89
2025,ECO4104Z,APP ECO MODEL & ECONOMETRICS,10440,True,89
2025,ECO4105Z,ECONOMICS,10440,True,89
2025,ECO4106Z,HONOURS LONG ESSAY,15650,True,89
2025,ECO4108Z,FUTURES OPTIONS DERIVATIVES,10440,True,89
2025,ECO4109Z,ACCOUNTING FOR PORTFOLIO MANAG,10440,True,89
2025,ECO4112F,MATHS AND STATS FOR ECONOMISTS,10440,True,89
2025,ECO4113S,LABOUR ECONOMICS,10440,True,89
2025,ECO4114S,THE ECONOMICS OF CONFLICT,10440,True,89
2025,ECO4120Z,SECURITY LEGISLATION,10440,True,89
2025,ECO4121Z,CORP FINANCE/EQUITY VALUATION,10440,True,89
2025,ECO4122Z,INVESTMENT DECISION THEORY,10440,True,89
2025,ECO4123Z,FIXED INCOME SECURITY ANALYSIS,10440,True,89
2025,ECO4124Z,APP ECO MODEL & ECONOMETRICS,10440,True,89
2025,ECO4125Z,ECONOMICS,10440,True,89
2025,ECO4126Z,HONOURS LONG PAPER,15650,True,89
2025,ECO4128Z,FUTURES OPTIONS DERIVATIVES,10440,True,89
2025,ECO4129Z,ACC FOR PORTFOLIO MANAGERS,10440,True,89
2025,ECO4131S,DIGITAL ECONOMICS,10440,True,89
2025,ECO4132S,ECONOMICS OF INEQUALITY,10440,True,89
2025,ECO4200S,TIME SERIES ECONOMETRICS,10440,True,89
2025,ECO5000W,MASTERS IN ECON FULL DISS,40840,True,89
2025,ECO5003F,GOVERNANCE & GROWTH,10440,True,89
2025,ECO5011F,QUANTITATIVE METHODS OF ECO,10440,True,89
2025,ECO5014W,MASTERS BY DISS IN FIN TECH,20420,True,89
2025,ECO5016W,MINOR DISSERTATION IN FINTECH,20870,True,89
2025,ECO5020F,ADVANCED MICRO ECONOMICS,10440,True,89
2025,ECO5021F,ADVANCED MACROECONOMICS,10440,True,89
2025,ECO5023W,MINOR DISSERTATION,20870,True,89
2025,ECO5024W,MINOR DISSERTATION,39680,True,89
2025,ECO5025S,RESEARCH SKILLS IN ECONOMICS,3710,True,89
2025,ECO5030S,ECO GROWTH:THEORY & EVIDENCE,10440,True,89
2025,ECO5037S,FINTECH AND CRYPTOCURRENCIES,13860,True,89
2025,ECO5040S,FINANCIAL SOFTWARE ENGINEERING,15580,True,89
2025,ECO5046F,ADVANCED ECONOMETRICS,10440,True,89
2025,ECO5050S,INTERNATIONAL FINANCE,10440,True,89
2025,ECO5052S,NATURAL RESOURCE ECONOMICS,10440,True,89
2025,ECO5057S,LABOUR ECONOMICS,10440,True,89
2025,ECO5062S,APPLIED INTERNATIONAL TRADE,10440,True,89
2025,ECO5064S,BEHAVIOURAL ECONOMICS,10440,True,89
2025,ECO5066W,MASTERS IN ECON HALF DISS,13790,True,89
2025,ECO5069S,APPLIED TIME SERIES ANALYSIS,10440,True,89
2025,ECO5070S,MICROECONOMETRICS,10440,True,89
2025,ECO5073S,PROBLEMS OF GLOBALISATION,10440,True,89
2025,ECO5074F,RESEARCH & POLICY TOOLS,10440,True,89
2025,ECO5075S,MACROECONOMICS POLICY ANALYSIS,10440,True,89
2025,ECO5076S,DEVELOPMENT MICROECONOMICS,9930,True,89
2025,ECO5077S,INDUSTRIAL ORGANIZATION,10440,True,89
2025,ECO6000W,PHD IN ECONOMICS,27170,True,90
2025,ECO6007F,MICROECONOMICS II,10440,True,90
2025,ECO9000Z,POSTDOCTORAL FELLOW,1,True,90
2025,EDN1032F,DESIGN AND FACILITATE,17230,True,90
2025,EDN2507W,NUMBER SP,7020,True,90
2025,EDN2508W,ALGEBRA SP,7020,True,90
2025,EDN2509W,EUCLIDEAN GEOM & MEASURE SP,7020,True,90
2025,EDN2510W,DATA HANDLING & STATISTICS SP,7020,True,90
2025,EDN2511W,MATHEMATICS ASSESSMENT SP,2400,True,90
2025,EDN2512W,CURR RESEARCH IN MATH ED SP,2400,True,90
2025,EDN2513W,MATHEMATICS PRACTICUM SP,2400,True,90
2025,EDN2514W,NATURAL SCIENCES INSTRUCT SP,1230,True,90
2025,EDN2515W,MATTER AND MATERIALS SP,7020,True,90
2025,EDN2516W,ENERGY AND CHANGE SP,7020,True,90
2025,EDN2517W,LIFE AND LIVING SP,7020,True,90
2025,EDN2518W,EARTH AND BEYOND SP,7020,True,90
2025,EDN2519W,NATURAL SCIENCES PRAC WORK SP,1230,True,90
2025,EDN2520W,NATURAL SCIENCES PRACTICUM SP,2400,True,90
2025,EDN2521W,BEGINNING KNOWLEDGE FP,5780,True,90
2025,EDN2522W,ENGLISH CLASSROOM PROFICIENCY,2160,True,90
2025,EDN2523W,ENGLISH ST ADD LANGUAGE FP,3560,True,90
2025,EDN2524W,FIRST LANGUAGE & LITERACY FP,3560,True,90
2025,EDN2525W,LEARNING IN THE FP,3560,True,90
2025,EDN2526W,NUMBER & ALGEBRA FP,7200,True,90
2025,EDN2527W,SPACE/MEASURE/DATA HANDLING FP,7200,True,90
2025,EDN2528W,TEACHERS AS READERS & WRITERS,2400,True,90
2025,EDN2529W,TEACHING IN THE FP,3560,True,90
2025,EDN2530W,CURRICULUM & ASSESSMENT IP,2660,True,90
2025,EDN2531W,ENGLISH ST ADD LANGUAGE IP,4780,True,90
2025,EDN2532W,TEACHING LANGUAGE IP,4780,True,90
2025,EDN2533W,LEARNING & TEACHING IP,2660,True,90
2025,EDN2534W,NUMBER & ALGEBRA IP,6340,True,90
2025,EDN2535W,SPACE/MEASURE/DATA HANDLING IP,8640,True,90
2025,EDN3200W,EDUCATION,18220,True,90
2025,EDN3206W,SCHOOL EXPERIENCE SP AND FET,14190,True,90
2025,EDN3208W,LOLT - ENGLISH,0,True,90
2025,EDN3214W,LOLT - AFRIKAANS,0,True,90
2025,EDN3222W,ACCOUNTING SP & FET,11780,True,90
2025,EDN3223W,AFRIKAANS SP AND FET,11780,True,90
2025,EDN3224W,VISUAL ARTS SP AND FET,11780,True,90
2025,EDN3225W,DANCE STUDIES FET,11780,True,90
2025,EDN3226W,DESIGN STUDIES FET,11780,True,90
2025,EDN3227W,DRAMATIC ARTS FET,11780,True,90
2025,EDN3228W,ECONOMICS SP AND FET,11780,True,90
2025,EDN3229W,ENGLISH SP AND FET,11780,True,90
2025,EDN3231W,FRENCH SP AND FET,11780,True,90
2025,EDN3232W,GEOGRAPHY SP AND FET,11780,True,90
2025,EDN3235W,HISTORY SP AND FET,11780,True,90
2025,EDN3238W,LIFE SCIENCES FET,11780,True,90
2025,EDN3239W,LIFESKILLS SP AND FET,11780,True,90
2025,EDN3240W,MATHEMATICS SP AND FET,11780,True,90
2025,EDN3241W,MUSIC CHOIR TRAINING SP & FET,11780,True,90
2025,EDN3242W,MUSIC THEORY & HIST SP & FET,11780,True,90
2025,EDN3243W,NATURAL SCIENCES SP,11780,True,90
2025,EDN3244W,PHYSICAL SCIENCES FET,11780,True,90
2025,EDN3247W,XHOSA SP AND FET,11780,True,90
2025,EDN3248W,MATHEMATICS SP & MATHS LIT FET,11780,True,90
2025,EDN3250W,PHYSICAL EDUCATION SP & FET,11780,True,90
2025,EDN3701S,POLICY AND DEVELOPMENT,12580,True,90
2025,EDN3703F,LEADERSHIP AND MANAGEMENT,12580,True,91
2025,EDN3704W,PROFESSIONAL PORTFOLIO,13790,True,91
2025,EDN3705W,LEADING TEACHING & LEARNING,7890,True,91
2025,EDN3706W,EXTRA-CURRICULAR ACTIVITIES,3970,True,91
2025,EDN3707W,LEADING PEOPLE & CHANGE,7890,True,91
2025,EDN3709W,LEADING THE ORGANISATION,7890,True,91
2025,EDN3710W,SCHOOL SYSTEMS,7890,True,91
2025,EDN4200W,RES IN SCHOOL SUBJECT CONTENT,12080,True,91
2025,EDN4500W,EMERGING TECH IN EDUCATION,12080,True,91
2025,EDN4501W,ONLINE LEARNING DESIGN,12080,True,91
2025,EDN4502W,RES & EVAL OF EMERGING TECH,12080,True,91
2025,EDN4503W,LEARN TEACH & EMERGING TECH,12080,True,91
2025,EDN4504F,LEARNING & TEACHING IN HE,12080,True,91
2025,EDN4505S,ASSESSMENT & EVALUATION IN HE,12070,True,91
2025,EDN4506F,SA EDUCATION IN CONTEXT,12080,True,91
2025,EDN4506S,SA EDUCATION IN CONTEXT,12080,True,91
2025,EDN4507S,LEARNING AND TEACHING,12080,True,91
2025,EDN4508W,DOING RESEARCH IN EDUCATION,12080,True,91
2025,EDN4509W,RESEARCHING PRAC IN EDUCATION,12080,True,91
2025,EDN4510F,HIGHER ED CURR & COURSE DESIGN,12080,True,91
2025,EDN4511F,LEARNING AT WORK,12080,True,91
2025,EDN4512F,CURRICULUM: TH RES & PRAC,12080,True,91
2025,EDN4513F,HISTORY ED: THEORY RES PRAC,12080,True,91
2025,EDN4514F,LANG/LIT: THEORY RES PRAC,12080,True,91
2025,EDN4515F,KNOWLEDGE PRAC MATHS ED,12080,True,91
2025,EDN4516F,KNOWLEDGE PRACTICE SCIENCE ED,12080,True,91
2025,EDN4517F,EDUCATIONAL MGT & LEADERSHIP,12080,True,91
2025,EDN4520F,ED PSYCH IN SA SCHOOL CONTEXT,12080,True,91
2025,EDN5001W,MASTER OF EDUCATION,37780,True,91
2025,EDN5012F,PSYCHOLOGY & PEDAGOGY,12640,True,91
2025,EDN5013S,DEVELOPMENTAL LEARNING,12640,True,91
2025,EDN5500W,MINOR DISSERTATION,23010,True,91
2025,EDN5501F,ADVANCED RESEARCH DESIGN,12640,True,91
2025,EDN5501S,ADVANCED RESEARCH DESIGN,12640,True,91
2025,EDN5502F,KEY TRADITIONS IN ADULT ED RES,12640,True,91
2025,EDN5503S,ADULT LEARNING FOR SOC CHANGE,12640,True,91
2025,EDN5505S,CHANGING FRAMEWORKS,12640,True,91
2025,EDN5506F,CURRICULUM THEORY & RESEARCH,12640,True,91
2025,EDN5507F,EMERGING TECH & ED PRACTICES,12640,True,91
2025,EDN5508F,RESEARCH IN EDUCATION TECH,12640,True,91
2025,EDN5509S,LEARNING WITH TECHNOLOGIES,12640,True,91
2025,EDN5510S,RESEARCH DESIGN & METHODOLOGY,12640,True,91
2025,EDN5511F,RESEARCHING IN HIGHER ED,12640,True,91
2025,EDN5514S,KNOWLEDGE & CURRICULUM IN HE,12640,True,91
2025,EDN5515F,THINKING CLASSROOMS & COMM,12640,True,91
2025,EDN5517F,LANG & LIT IN THEORY & PRAC,12640,True,91
2025,EDN5518F,LANG IN MULTILINGUAL SCHOOLS,12640,True,91
2025,EDN5519S,EARLY LITERACY IN SCHOOL &HOME,12640,True,91
2025,EDN5520S,ACADEMIC LITERACIES,12640,True,91
2025,EDN5522F,RES MATHS ED: CURRICULUM,12640,True,91
2025,EDN5523S,RES MATHS ED:TEACHING/LEARNING,12640,True,91
2025,EDN5529F,LEARNING SCIENCE ED & TEACHING,12640,True,91
2025,EDN5530S,CONTEMP ISSUES IN SCIENCE ED,12640,True,91
2025,EDN6200W,PHD IN EDUCATION,27170,True,91
2025,EEE1000X,PRACTICAL TRAINING,1,True,91
2025,EEE1006F,INTRO ELECTRONIC ENGINEERING,8480,True,91
2025,EEE1007S,INTRO ELECTRICAL ENGINEERING,8480,True,91
2025,EEE2041F,INTRO TO ELECTRICAL ENG,8020,True,91
2025,EEE2042S,INTRODUCTION TO ELECTRONICS,6870,True,91
2025,EEE2044S,INTRODUCTION TO POWER ENG,9770,True,92
2025,EEE2045F,ANALOGUE ELECTRONICS,9770,True,92
2025,EEE2046F,EMBEDDED SYSTEMS I,10520,True,92
2025,EEE2046S,EMBEDDED SYSTEMS I,10520,True,92
2025,EEE2047S,SIGNALS AND SYSTEMS I,9770,True,92
2025,EEE2048F,PROF COMM FOR ELEC ENG,4660,True,92
2025,EEE2050F,EMBEDDED SYSTEMS I FOR CSC,11120,True,92
2025,EEE3000X,PRACTICAL TRAINING,1,True,92
2025,EEE3088F,DESIGN PRINCIPLES,5240,True,92
2025,EEE3089F,ELECTROMAGNETIC ENGINEERING,9770,True,92
2025,EEE3090F,ELECTRONIC DEVICES & CIRCUITS,9770,True,92
2025,EEE3091F,ENERGY CONVERSION I,9770,True,92
2025,EEE3092F,SIGNALS & SYSTEMS II,9770,True,92
2025,EEE3093S,COMMUNICATION AND NETWORK ENG,9770,True,92
2025,EEE3094S,CONTROL SYSTEMS ENGINEERING,9770,True,92
2025,EEE3095S,EMBEDDED SYSTEMS II SCIENCE,11890,True,92
2025,EEE3096S,EMBEDDED SYSTEMS II,11280,True,92
2025,EEE3097S,ENGINEERING DESIGN: ECE,5510,True,92
2025,EEE3098S,ENGINEERING DESIGN: EE,5510,True,92
2025,EEE3099S,ENGINEERING DESIGN: ME,5510,True,92
2025,EEE3100S,ENERGY SYSTEMS AND GRIDS I,9770,True,92
2025,EEE4022F,RESEARCH PROJECT,25210,True,92
2025,EEE4022S,RESEARCH PROJECT,25210,True,92
2025,EEE4105C,RF & MICROWAVE DEVICES & CIRCU,4660,True,92
2025,EEE4113F,ENGINEERING SYSTEMS DESIGN,9770,True,92
2025,EEE4114F,DIGITAL SIGNAL PROCESSING,9770,True,92
2025,EEE4115F,TRANSMISSION & DISTRIBUTIONS,10370,True,92
2025,EEE4116F,POWER SYST. ANAL OPER & CONTR,10370,True,92
2025,EEE4117F,ENERGY CONVERSION II,10370,True,92
2025,EEE4118F,CONTROL AND INSTRUMENTATION,10370,True,92
2025,EEE4119F,MECHATRONICS,10370,True,92
2025,EEE4120F,DIGITAL SYSTEMS,10370,True,92
2025,EEE4121F,MOBILE AND WIRELESS NETWORKS,10370,True,92
2025,EEE4122C,COMMUNICATION ENGINEERING,4660,True,92
2025,EEE4123C,ELECTRICAL MACHINES AND DRIVES,4660,True,92
2025,EEE4124C,IMPACT OF ENGINEERING,4670,True,92
2025,EEE4125C,NVPPP,10370,True,92
2025,EEE4126F,ENERGY SYSTEMS & GRIDS II,10370,True,92
2025,EEE5000W,FULL DISSERTATION: MSC(ENG),41420,True,92
2025,EEE5002W,PARTIAL DISSERTATION MSC(ENG),37720,True,92
2025,EEE5004Z,MINOR DISSERTATION MENG,17870,True,92
2025,EEE5032Z,DIGITAL COMMUNICATIONS,11100,True,92
2025,EEE5103Z,DISSERTATION PREPARATION,10260,True,92
2025,EEE5105Z,FUNDAMENTALS RADAR SIGNAL & DP,11100,True,92
2025,EEE5108Z,ADVANCED ENGINEERING MATHS,11100,True,92
2025,EEE5111Z,HIGH RESOLUTION &IMAGING RADAR,11100,True,92
2025,EEE5117Z,SPECIAL TOPICS IN RADAR D,5600,True,92
2025,EEE5118Z,SPECIAL TOPICS IN RADAR E,5600,True,92
2025,EEE5119Z,INTRO TO RADAR SYSTEMS,11100,True,92
2025,EEE5120Z,INTRO TO ELECTRONIC DEFENCE,11100,True,92
2025,EEE5121Z,MICROWAVE COMPONENTS& ANTENNAS,11100,True,92
2025,EEE5131Z,MICROWAVE FILTERS,11100,True,92
2025,EEE5132Z,SPECIAL TOPIC IN RADAR F,11100,True,92
2025,EEE5135Z,INFORMATION THEORY,11100,True,92
2025,EEE5136Z,STATISTICAL SIGNAL THEORY,11100,True,92
2025,EEE5138Z,BROADBAND COMM NETWORKS,11100,True,92
2025,EEE5139Z,WIRELESS DATA NETWORK CONVERGE,11100,True,92
2025,EEE5140Z,SOFTWARE DEFINED RADIO,11120,True,92
2025,EEE5145W,MINOR DISSERTATION: MPHIL,23130,True,92
2025,EEE5146W,PARTIAL DISSERTATION: MPHIL,37720,True,93
2025,EEE5148Z,THEORY IN ENG ED,8440,True,93
2025,EEE5149W,DISSERTATION ENG ED,37720,True,93
2025,EEE5150Z,ADVANCED TOPICS IN TELECOM,11100,True,93
2025,EEE6000W,PHD IN ELECTRICAL ENG,27170,True,93
2025,EEE6001W,THESIS ENGINEERING ED,27170,True,93
2025,EEE9010Z,POSTDOCTORAL FELLOW,1,True,93
2025,EGS1005F,CREATING SUSTAINABLE IMPACT,10370,True,94
2025,EGS1007S,HUMAN & PHYSICAL SYSTEMS,10370,True,94
2025,EGS2013F,THE PHYSICAL ENVIRONMENT,13670,True,94
2025,EGS2015S,SOCIETY & SPACE,13670,True,94
2025,EGS3012S,ATMOSPHERIC SCIENCE,20550,True,94
2025,EGS3021F,SUSTAINABILITY & ENVIRONMENT,20550,True,94
2025,EGS3022S,GEOGRAPHIC THOUGHT,20550,True,94
2025,EGS3023F,ANTHROPOCENE ENVIRONMENTS,20550,True,94
2025,EGS4001W,ATMOSPHERIC SCIENCE HONOURS,74450,True,94
2025,EGS4004W,ENVIRO & GEOG SCI HONOURS,74450,True,94
2025,EGS4021X,RES PROJECT IN EGS (BA HONS),18760,True,94
2025,EGS4023F,RES METHODS FOR NATURAL SCIENT,15020,True,94
2025,EGS4024F,MGING COMPLEX HUMAN ECO SYS,15020,True,94
2025,EGS4024S,MGING COMPLEX HUMAN ECO SYS,15020,True,94
2025,EGS4030F,CLIMATE MODELLING,15020,True,94
2025,EGS4030S,CLIMATE MODELLING,15020,True,94
2025,EGS4031F,INTRO CLIMATE & DEVELOPMENT,15020,True,94
2025,EGS4031S,INTRO CLIMATE & DEVELOPMENT,15020,True,94
2025,EGS4032F,ADAPTATION & MITIGATION,15020,True,94
2025,EGS4032S,ADAPTATION & MITIGATION,15020,True,94
2025,EGS4033F,GEOG OF DEVPT & THE ENVIRON,15020,True,94
2025,EGS4034F,INTERROGATING SA LANDSCAPES,15020,True,94
2025,EGS4038F,CLIMATE CHNGE & PREDICTABILITY,15020,True,94
2025,EGS4038S,CLIMATE CHNGE & PREDICTABILITY,15020,True,94
2025,EGS4039F,URBAN FOOD SECURITY,15020,True,94
2025,EGS4039S,URBAN FOOD SECURITY,15020,True,94
2025,EGS4040F,SPEC TOP IN HUM/ENV INTERACT,15020,True,94
2025,EGS4040S,SPEC TOP IN HUM/ENV INTERACT,15020,True,94
2025,EGS4041F,APPR & ISSUE IN PHYS & ENV SCI,15020,True,94
2025,EGS4041S,APPR & ISSUE IN PHYS & ENV SCI,15020,True,94
2025,EGS4043F,CLIMATE CHANGE ADAPTATION,15020,True,94
2025,EGS4043S,CLIMATE CHANGE ADAPTATION,15020,True,94
2025,EGS4044F,URBAN ECOLOGY,15020,True,94
2025,EGS4044S,URBAN ECOLOGY,15020,True,94
2025,EGS4045F,GEOMORPHOLOGY,15020,True,94
2025,EGS4045S,GEOMORPHOLOGY,15020,True,94
2025,EGS4046F,WATER RESOURCE MANAGEMENT,15020,True,94
2025,EGS4047F,POLICY AND GOVERNANCE,15020,True,94
2025,EGS4047S,POLICY AND GOVERNANCE,15020,True,94
2025,EGS4048F,DISASTER RISK SCIENCE,15020,True,94
2025,EGS4048S,DISASTER RISK SCIENCE,15020,True,95
2025,EGS4051F,ENVIRONMENTAL SCIENCE METHODS,15020,True,95
2025,EGS4056F,IMAGINING SOUTHERN CITIES,15020,True,95
2025,EGS4056S,IMAGINING SOUTHERN CITIES,15020,True,95
2025,EGS4057F,URBAN POLITICAL ECOLOGY,15020,True,95
2025,EGS4057S,URBAN POLITICAL ECOLOGY,15020,True,95
2025,EGS4058F,BIO-ECONOMY,15020,True,95
2025,EGS4058S,BIO-ECONOMY,15020,True,95
2025,EGS4059F,ENVIRONMENTAL GOVERNANCE,15020,True,95
2025,EGS4059S,ENVIRONMENTAL GOVERNANCE,15020,True,95
2025,EGS4066F,GEOGRAPHIES OF SEXUALITIES,15020,True,95
2025,EGS4066S,GEOGRAPHIES OF SEXUALITIES,15020,True,95
2025,EGS4067F,AIR QUALITY,15020,True,95
2025,EGS4067S,AIR QUALITY,15020,True,95
2025,EGS4068F,DISASTER RISK SCIENCE,13700,True,95
2025,EGS4068S,DISASTER RISK SCIENCE,13700,True,95
2025,EGS5000W,ENVIRO & GEOG SCI DISSERTATION,37780,True,95
2025,EGS5003W,ENVIRO & GEOG SCI DISSERTATION,37780,True,95
2025,EGS5008H,ENVIRO & SUSTAIN COURSEWORK,73910,True,95
2025,EGS5009W,ENVIRO & SUSTAIN MINOR DISS,37780,True,95
2025,EGS5023F,RES METHODS FOR NATURAL SCIENT,9300,True,95
2025,EGS5023S,RES METHODS FOR NATURAL SCIENT,9300,True,95
2025,EGS5024F,MGING COMPLEX HUM ECO SYSTEMS,9300,True,95
2025,EGS5024S,MGING COMPLEX HUM ECO SYSTEMS,9300,True,95
2025,EGS5029H,CLIMATE CHANGE MINOR DISS,37780,True,95
2025,EGS5030F,CLIMATE MODELLING,9300,True,95
2025,EGS5030S,CLIMATE MODELLING,9300,True,95
2025,EGS5031F,INTRO TO CLIMATE CHANGE,9300,True,95
2025,EGS5032F,CLIMATE CHANGE ADAPTATION,9300,True,95
2025,EGS5032S,CLIMATE CHANGE ADAPTATION,9300,True,95
2025,EGS5038F,CLIMATE CHNGE & PREDICTABILITY,9300,True,95
2025,EGS5039F,URBAN FOOD SECURITY,9300,True,95
2025,EGS5039S,URBAN FOOD SECURITY,9300,True,95
2025,EGS5040F,SPEC TOP IN HUM/ENV INTERACT,9300,True,95
2025,EGS5040S,SPEC TOP IN HUM/ENV INTERACT,9300,True,95
2025,EGS5041F,APPR & ISSUE IN PHYS & ENV SCI,9300,True,95
2025,EGS5041S,APPR & ISSUE IN PHYS & ENV SCI,9300,True,95
2025,EGS5043F,CLIMATE CHANGE ADAPTATION,9300,True,95
2025,EGS5043S,CLIMATE CHANGE ADAPTATION,9300,True,95
2025,EGS5044F,URBAN ECOLOGY,9300,True,95
2025,EGS5044S,URBAN ECOLOGY,9300,True,95
2025,EGS5045F,GEOMORPHOLOGY,9300,True,95
2025,EGS5045S,GEOMORPHOLOGY,9300,True,95
2025,EGS5046F,WATER RESOURCE MANAGEMENT,9300,True,95
2025,EGS5047F,POLICY AND GOVERNANCE,9300,True,95
2025,EGS5047S,POLICY AND GOVERNANCE,9300,True,95
2025,EGS5052W,OCEAN SCI MINOR DISSERTATION,37780,True,95
2025,EGS5056F,IMAGINING SOUTHERN CITIES,9300,True,95
2025,EGS5056S,IMAGINING SOUTHERN CITIES,9300,True,95
2025,EGS5057F,URBAN POLITICAL ECOLOGY,9300,True,95
2025,EGS5057S,URBAN POLITICAL ECOLOGY,9300,True,95
2025,EGS5058F,BIO-ECONOMY,9300,True,95
2025,EGS5058S,BIO-ECONOMY,9300,True,95
2025,EGS5059F,ENVIRONMENTAL GOVERNANCE,9300,True,95
2025,EGS5059S,ENVIRONMENTAL GOVERNANCE,9300,True,95
2025,EGS5061W,URBAN STUDIES MINOR DISSERTATI,37780,True,95
2025,EGS5064W,JUSTICE&INEQUALITY MINOR DISS,37780,True,95
2025,EGS5066F,GEOGRAPHIES OF SEXUALITIES,9300,True,95
2025,EGS5066S,GEOGRAPHIES OF SEXUALITIES,9300,True,95
2025,EGS5067F,AIR QUALITY,9300,True,96
2025,EGS5067S,AIR QUALITY,9300,True,96
2025,EGS5068F,DISASTER RISK SCIENCE,9300,True,96
2025,EGS5068S,DISASTER RISK SCIENCE,9300,True,96
2025,EGS6002W,ENVIRO & GEOG SCI THESIS,27170,True,96
2025,EGS6003W,ENVIRO & GEOG SCI THESIS,27170,True,96
2025,ELL1010S,IMAGE VOICE WORD +,0,True,97
2025,ELL1013F,LITERATURE: HOW AND WHY?,9440,True,97
2025,ELL1016S,IMAGE VOICE WORD,9440,True,97
2025,ELL2000F,CULTURES OF EMPIRE,12580,True,97
2025,ELL2001S,LITERATURE AND MEMORY,12580,True,97
2025,ELL2016F,CULTURES OF EMPIRE +,0,True,97
2025,ELL2017S,LITERATURE & MEMORY +,0,True,97
2025,ELL3000F,MANIFESTOS AND MODERNITIES,12580,True,97
2025,ELL3001S,LITERARY STUDIES,12580,True,98
2025,ELL4001H,RESEARCH ESSAY / PROJECT,11200,True,98
2025,ELL4035F,DEBATES IN WORLD LITERATURE,11200,True,98
2025,ELL4036S,LI CITIES/CITIES OF LIT,11200,True,98
2025,ELL4061F,THEORY IN PRACTICE,11200,True,98
2025,ELL4062F,LITERARY CRIT & THE ARCHIVE,11200,True,98
2025,ELL4062S,LITERARY CRIT & THE ARCHIVE,11200,True,98
2025,ELL4063H,DIRECTED READING IN ENGLISH,11200,True,98
2025,ELL4066F,GENDER & LITERATURE,11200,True,98
2025,ELL4074S,MODERN AFRICAN LITERATURE,11200,True,98
2025,ELL4075S,MEMORY TRAUMA & LIM OF LANG,11200,True,98
2025,ELL4076S,WRITING WORKSHOP: THE ESSAY,11200,True,98
2025,ELL4077F,WAYWARD EXPERIMENTS,11200,True,98
2025,ELL4078S,AFRICAN GENDER AND SEXUALITIES,11200,True,98
2025,ELL4079F,EARLY MODERN RACECRAFT,11200,True,98
2025,ELL4080F,BLACK AESTHETICS/DEEP OCEAN,11200,True,98
2025,ELL5000W,MAST IN ENG LIT STUDIES RES,37780,True,98
2025,ELL5001W,MINOR DISSERTATION,23010,True,98
2025,ELL5033H,DIRECTED READING PROJECT,12640,True,98
2025,ELL5040S,MEMORY TRAUMA & LIM OF LANG,12640,True,98
2025,ELL5042F,EARTH ECOLOGY HUMANITIES,14270,True,98
2025,ELL5043F,DEBATES IN WORLD LITERATURE,12640,True,98
2025,ELL5044S,LIT CITIES/CITIES OF LIT,12640,True,98
2025,ELL5045S,RESEARCH METHODS,12640,True,98
2025,ELL5046S,WRITING WORKSHOP: THE ESSAY,12640,True,98
2025,ELL5047F,GLOBAL SOUTH LITERARY THEORY,12640,True,98
2025,ELL5066F,GENDER & LITERATURE,12640,True,98
2025,ELL5074S,MODERN AFRICAN LITERATURE,12640,True,98
2025,ELL5077F,WAYWARD EXPERIMENTS,12640,True,98
2025,ELL5078S,AFRICAN GENDER AND SEXUALITIES,12640,True,98
2025,ELL5079F,EARLY MODERN RACECRAFT,12640,True,98
2025,ELL5080F,BLACK AESTHETICS/DEEP OCEAN,12640,True,98
2025,ELL6000W,PHD IN ENGLISH LITERARY STUD,27170,True,98
2025,ELL9000Z,POSTDOCTORAL FELLOW,1,True,98
2025,END1019L,SOCIAL INFRASTRUCTURES,10370,True,98
2025,END1023S,CITIZEN PROFESSIONALS IN EBE,10370,True,98
2025,END2000S,2ND SEMESTER EXCHANGE,45330,True,98
2025,END5044F,PROF COMMUNIC STUDIES POSTGRAD,15100,True,98
2025,END5044Z,PROF COMMUNIC STUDIES POSTGRAD,15100,True,98
2025,END5050X,MASTERS PAPER REQUIREMENT,1,True,98
2025,END5069W,MINOR DISSERTATION CLIMATE,36380,True,98
2025,END5128W,MINOR DISS: URBAN STUDIES,36380,True,98
2025,END5129S,SUSTAINABLE WATER MANAGEMENT,15100,True,98
2025,FAM1000S,ANALYSING FILM AND TV,9440,True,98
2025,FAM1001F,MEDIA AND SOCIETY,9440,True,98
2025,FAM1001P,MEDIA AND SOCIETY,9440,True,98
2025,FAM1010S,ANALYSING FILM AND TV +,0,True,98
2025,FAM2000F,WRITING & EDITING IN THE MEDIA,12580,True,98
2025,FAM2003P,MEDIA POWER AND CULTURE,12580,True,98
2025,FAM2003S,MEDIA POWER AND CULTURE,12580,True,98
2025,FAM2004S,CINEMA HISTORIES & MOVEMENTS,12580,True,98
2025,FAM2013F,INTRODUCTION TO SCREEN GENRES,12580,True,98
2025,FAM2014S,SCREEN PRODUCTION I,17320,True,98
2025,FAM2015F,WRITING & EDITING IN MEDIA +,0,True,98
2025,FAM2016S,MEDIA POWER AND CULTURE +,0,True,98
2025,FAM2017S,MULTIMEDIA PRODUCTION I,12580,True,98
2025,FAM3000F,THE MEDIA IN SOUTH AFRICA,12580,True,98
2025,FAM3001S,ADVANCED MEDIA STUDIES,12580,True,98
2025,FAM3003S,ADVANCED FILM STUDIES,12580,True,98
2025,FAM3005F,FILM IN AFRICA,12580,True,99
2025,FAM3016F,SCREEN PRODUCTION II,17320,True,99
2025,FAM3017S,SENIOR RESEARCH PROJECT SCREEN,17320,True,99
2025,FAM3018F,MULTIMEDIA PRODUCTION II,12580,True,99
2025,FAM3019S,MULTIMEDIA PRODUCTION III,12580,True,99
2025,FAM4000W,DOCUMENTARY PRODUCTION,24790,True,99
2025,FAM4001W,RESEARCH ESSAY FAM,11200,True,99
2025,FAM4004S,GENDER RACE & POPULAR CULTURE,11200,True,99
2025,FAM4007F,NARRATIVE JOURNALISM,11200,True,99
2025,FAM4008F,MEDIA THEORY & MEDIA RESEARCH,11200,True,99
2025,FAM4009W,MEDIA RESEARCH PROJECT,11200,True,99
2025,FAM4010F,MEDIA & BRAND MANAGEMENT,11200,True,99
2025,FAM4011F,MEDIA INTERNSHIP,11200,True,99
2025,FAM4011S,MEDIA INTERNSHIP,11200,True,99
2025,FAM4012H,MEDIA CREATIVE PRODUCTION,11200,True,99
2025,FAM4013F,POLITICAL COMMUNICATION,11200,True,99
2025,FAM4014S,POLITICAL JOURNALISM,11200,True,99
2025,FAM4018S,CRISIS COMMUNICATION IN AFRICA,11200,True,99
2025,FAM4033S,WRITING FOR TV: HONOURS,11200,True,99
2025,FAM4034S,THEORIES & FORMS OF ADAPTATION,11200,True,99
2025,FAM4036S,FILM AND ENVIRONMENT,11200,True,99
2025,FAM4037F,APPROACHES TO FILM & TV,11200,True,99
2025,FAM4038F,AUTHORSHIP IN CINEMA,11200,True,99
2025,FAM4039F,DOCUMENTARY FILM,11200,True,99
2025,FAM4040F,WRITING FOR FILM,11200,True,99
2025,FAM4041S,MEDIA AND THE PUBLIC DOMAIN,11200,True,99
2025,FAM4042S,MEDIA DEVPT & THE ENVIRONMENT,11200,True,99
2025,FAM4043S,DIGITAL METHODS FOR RESEARCH,11200,True,99
2025,FAM5000W,MASTERS IN FILM STUDIES,37780,True,99
2025,FAM5002W,MASTERS IN MEDIA STUDIES,37780,True,99
2025,FAM5006W,MINOR DISSERTATION,23010,True,99
2025,FAM5011S,MEDIA AND THE PUBLIC DOMAIN,12640,True,99
2025,FAM5012W,MEDIA CREATIVE PRODUCTION,23010,True,99
2025,FAM5013F,ADV MEDIA METHODOLOGY,12640,True,99
2025,FAM5014S,MEDIA DEVPT & THE ENVIRONMENT,12640,True,99
2025,FAM5015W,MAKING CRITICAL DOCUMENTARY,25320,True,99
2025,FAM5017F,POLITICAL COMMUNICATION,12640,True,99
2025,FAM5018S,POLITICAL JOURNALISM,12640,True,99
2025,FAM5019F,MEDIA INTERNSHIP,12640,True,99
2025,FAM5020S,ADVANCED BRAND MANAGMENT,12640,True,99
2025,FAM5038S,DIGITAL METHODS SOC MED RES,12640,True,99
2025,FAM5039F,APPROACHES TO AFRICAN CINEMA,12640,True,99
2025,FAM5045F,DOCUMENTARY FILM,12640,True,99
2025,FAM5046S,FILM AND ENVIRONMENT,12640,True,99
2025,FAM5047S,CONTEMP MOVING IMAGE THEORIES,12640,True,99
2025,FAM6001W,PHD IN FILM STUDIES,27170,True,99
2025,FAM6002W,PHD IN MEDIA STUDIES,27170,True,99
2025,FCE2000W,BECOMING A DOCTOR PART A,24590,True,99
2025,FCE2003F,SPECIAL STUDY MODULE,7420,True,99
2025,FCE2003S,SPECIAL STUDY MODULE,7420,True,99
2025,FCE3000F,BECOMING A DOCTOR: PART IIA,19640,True,99
2025,FCE4004F,PRINCIPLES OF FAMILY MEDICINE,8020,True,100
2025,FCE4005F,EVIDENCE-BASED MEDICINE,6550,True,100
2025,FCE4005S,EVIDENCE-BASED MEDICINE,6550,True,100
2025,FCE4006S,CLINICAL MEDICINE (A),10510,True,100
2025,FCE4007F,PROFESSIONAL PRACTICE,6070,True,100
2025,FCE4007S,PROFESSIONAL PRACTICE,6070,True,100
2025,FCE4011S,CLINICAL MEDICINE (B),8980,True,100
2025,FCE4016Q,INTRO TO POSTGRAD STUDIES,5280,True,100
2025,FCE4017Q,RESEARCH LITERACY,7730,True,100
2025,FCE4017R,RESEARCH LITERACY,7730,True,100
2025,FCE4018F,CONCEPTS OF EMERGENCY CARE,11040,True,100
2025,FCE4018Q,CONCEPTS OF EMERGENCY CARE,11040,True,100
2025,FCE4019Q,ADULT EMERGENCY CARE,15430,True,100
2025,FCE4019R,ADULT EMERGENCY CARE,15430,True,100
2025,FCE4020Q,CHILD HEALTH FOR EMERG CARE,15430,True,100
2025,FCE4020R,CHILD HEALTH FOR EMERG CARE,15430,True,100
2025,FCE4021Q,LEADERSHIP & PATIENT SAFETY,7730,True,100
2025,FCE4021R,LEADERSHIP & PATIENT SAFETY,7730,True,100
2025,FCE4028F,FAM & COMM ORIENTED PRIM CARE,10510,True,100
2025,FCE4028S,FAM & COMM ORIENTED PRIM CARE,10510,True,100
2025,FCE4029H,PREV & PROM OF CHRONIC ILLNESS,10510,True,100
2025,FCE4030S,CLINICAL PALLIATIVE CARE,32050,True,100
2025,FCE4032F,PALLIATIVE CARE PRINCIPLES,32050,True,100
2025,FCE4032H,PALLIATIVE CARE PRINCIPLES,32050,True,100
2025,FCE4054S,INTEGRATED ASSESSMENT,740,True,100
2025,FCE6000W,FAMILY MED & PALLIATIVE MED,11430,True,100
2025,FCE6005F,CLINICAL RESEARCH METHODS I,6490,True,100
2025,FCE6006F,CLINICAL RESEARCH METHODS II,6490,True,100
2025,FCE6006S,CLINICAL RESEARCH METHODS II,6490,True,100
2025,FCE6007F,CLINICAL EMERGENCY CARE I,6490,True,100
2025,FCE6008F,CLINICAL EMERGENCY CARE II,6490,True,100
2025,FCE6008S,CLINICAL EMERGENCY CARE II,6490,True,100
2025,FCE6009S,HEALTHCARE SYSTEMS,6490,True,100
2025,FCE6010F,RESUSCITATION & CRITICAL CARE,6490,True,100
2025,FCE6010S,RESUSCITATION & CRITICAL CARE,6490,True,100
2025,FCE6012F,DISASTER MEDICINE,9630,True,100
2025,FCE6012S,DISASTER MEDICINE,9630,True,100
2025,FCE6013S,ED & TRAINING IN EMERG CARE,6490,True,100
2025,FCE6016W,EMERGENCY MED MINOR DISS,25680,True,100
2025,FCE6018W,GLOBAL EMERGENCY CARE,12950,True,100
2025,FCE6019W,EMERG CARE MINOR DISS (90),38470,True,100
2025,FCE6028S,MGT & LDRSHIP IN HEALTHCARE,6480,True,100
2025,FCE6029S,DISASTER MED RESPONSE TRAIN,10690,True,100
2025,FCE6030F,AMBULATORY CARE & TRAVEL MED,6490,True,100
2025,FCE6030S,AMBULATORY CARE & TRAVEL MED,6490,True,100
2025,FCE6030W,AMBULATORY CARE AND TRAVEL MEDICINE,37780,True,100
2025,FCE6031F,PATIENT SAFETY & FLOW,6490,True,100
2025,FCE6031S,PATIENT SAFETY & FLOW,6490,True,100
2025,FCE6032F,CONTINUOUS QUALITY IMPROVEMENT,6490,True,100
2025,FCE6032S,CONTINUOUS QUALITY IMPROVEMENT,6490,True,100
2025,FCE6042F,EVENT AND EXPEDITION MEDICINE,6490,True,100
2025,FCE6042S,EVENT AND EXPEDITION MEDICINE,6490,True,100
2025,FCE6043F,PRACTICING DISASTER PLANS,3060,True,100
2025,FCE6043S,PRACTICING DISASTER PLANS,3060,True,100
2025,FCE6044F,WRITING DISASTER PLANS,3480,True,100
2025,FCE6044S,WRITING DISASTER PLANS,3480,True,100
2025,FCE6100X,FAMILY MED & PALLIATIVE MED,11430,True,100
2025,FCE6101X,PRIMARY HEALTH CARE ELECTIVE,2910,True,100
2025,FCE6105X,SHORT ELECTIVE,1510,True,100
2025,FCE6200X,FAMILY MED & PALLIATIVE MED,11430,True,101
2025,FCE6201X,PRIMARY HEALTH CARE ELECTIVE,2910,True,101
2025,FCE6205X,SHORT ELECTIVE,1510,True,101
2025,FCE6300X,FAMILY MED & PALLIATIVE MED,11430,True,101
2025,FCE6301X,PRIMARY HEALTH CARE ELECTIVE,2910,True,101
2025,FCE6305X,SHORT ELECTIVE,1510,True,101
2025,FCE6400X,FAMILY MED & PALLIATIVE MED,11430,True,101
2025,FCE6401X,PRIMARY HEALTH CARE ELECTIVE,2910,True,101
2025,FCE6405X,SHORT ELECTIVE,1510,True,101
2025,FCE6500X,FAMILY MED & PALLIATIVE MED,11430,True,101
2025,FCE6501X,PRIMARY HEALTH CARE ELECTIVE,2910,True,101
2025,FCE6505X,SHORT ELECTIVE,1510,True,101
2025,FCE7015W,PHD SPORTS & EXERCISE MED,27170,True,101
2025,FCE7048W,PALLIATIVE MED MINOR DISS (90),38470,True,101
2025,FCE7051W,PHD FAMILY MEDICINE,27170,True,101
2025,FCE7055W,MSCMED BY DISSERTATION,43030,True,101
2025,FCE7056W,MMED EMERGENCY MEDICINE PT,19850,True,101
2025,FCE7057W,MMED EMERGENCY MEDICINE PT 2,19850,True,101
2025,FCE7058W,MMED EMERG MED MINOR DISS,3520,True,101
2025,FCE7064W,PHD EMERGENCY MEDICINE,27170,True,101
2025,FCE7072W,MMED FAMILY MEDICINE PT,19850,True,101
2025,FCE7073W,MMED FAMILY MEDICINE PT 2,19850,True,101
2025,FCE7074W,FAMILY MEDICINE MINOR DISS,3520,True,101
2025,FCE7080H,RESEARCH METHODS,38470,True,101
2025,FIN1001W,STUDIOWORK I,33440,True,101
2025,FIN1005W,FINE ART FOUNDATION COURSE,22410,True,101
2025,FIN1006F,INTRODUCTION TO AFRICAN ART,9440,True,101
2025,FIN1009S,APPROACHES TO ART HISTORY,9440,True,101
2025,FIN2011F,PAINTING 2 (SSA),7510,True,101
2025,FIN2011S,PAINTING 2 (SSA),7510,True,101
2025,FIN2011W,PAINTING 2,14930,True,101
2025,FIN2012W,SCULPTURE 2,14930,True,101
2025,FIN2013F,PHOTOGRAPHY 2 (SSA),7510,True,101
2025,FIN2013S,PHOTOGRAPHY 2 (SSA),7510,True,101
2025,FIN2013W,PHOTOGRAPHY 2,14930,True,101
2025,FIN2024F,PRINTMEDIA 2 (SSA),7510,True,101
2025,FIN2024S,PRINTMEDIA 2 (SSA),7510,True,101
2025,FIN2024W,PRINTMEDIA 2,14930,True,101
2025,FIN2026F,CORE PRACTICE 2 (SSA),7510,True,101
2025,FIN2026S,CORE PRACTICE 2 (SSA),7510,True,101
2025,FIN2026W,CORE PRACTICE 2,14930,True,101
2025,FIN2028S,DISCURSIVE STRATEGIES,12580,True,101
2025,FIN2029F,ENVISIONING THE BODY,12580,True,101
2025,FIN3011W,PAINTING 3,33440,True,101
2025,FIN3012W,SCULPTURE 3,36270,True,101
2025,FIN3013W,PHOTOGRAPHY 3,33440,True,101
2025,FIN3024W,PRINTMEDIA 3,33440,True,101
2025,FIN3026F,NEW ART: NEW PERSPECTIVES,12580,True,101
2025,FIN3027S,CRITICAL CURATORIAL PRAXES,12580,True,101
2025,FIN3028F,RACE GENDER & DECOLONIAL PRAX,12580,True,101
2025,FIN3029S,BORDERS & SOC JUSTICE IN ARTS,12580,True,101
2025,FIN3030W,STUDIOWORK 3 ELECTIVES,14930,True,101
2025,FIN4012W,THEORY AND PRACTICE OF ART,25170,True,101
2025,FIN4015W,FINE ART 4,66880,True,101
2025,FIN4050W,RESEARCH ESSAY/PROJECT,11200,True,101
2025,FIN4051S,ART CRITICISM & AESTHETIC,11200,True,101
2025,FIN4052F,POLITICS & ETHICS OF COLLECTNG,11200,True,101
2025,FIN4053S,STUDIES IN HISTORIOG OF ART,11200,True,101
2025,FIN4054F,CRIT ISSUES CONTEMPORARY ART,11200,True,101
2025,FIN4055S,ART HISTORY READING COURSE,11200,True,102
2025,FIN4056F,CRITICAL THINKING: CURATORSHIP,11200,True,102
2025,FIN4059F,WORKING WITH COLLECTIONS,11200,True,102
2025,FIN4060S,VIRTUAL DISPLAY,11200,True,102
2025,FIN4061S,LOCAL ISSUES IN CURATORSHIP,11200,True,102
2025,FIN5002W,MASTER OF PHIL IN FINE ART,37780,True,102
2025,FIN5003W,MASTER OF ART IN FINE ART,37780,True,102
2025,FIN5004W,MASTER OF FINE ART,37780,True,102
2025,FIN5006W,MA (CPCS),37780,True,102
2025,FIN5008W,POSTGRAD DIP IN FINE ART,69130,True,102
2025,FIN5050W,MINOR DISSERTATION,23010,True,102
2025,FIN5053W,MA IN ART HISTORICAL STUDIES,37780,True,102
2025,FIN6000W,PHD IN FINE ART,27170,True,102
2025,FIN6001W,PHD IN ART HISTORICAL STUDIES,27170,True,102
2025,FTX1005F,MANAGERIAL FINANCE,10440,True,102
2025,FTX1005S,MANAGERIAL FINANCE,10440,True,102
2025,FTX2000S,PERSONAL FINANCIAL MANAGMT,10440,True,102
2025,FTX2020F,BUSINESS FINANCE,10440,True,102
2025,FTX2024F,FINANCIAL MANAGEMENT,10440,True,102
2025,FTX2024S,FINANCIAL MANAGEMENT,10440,True,102
2025,FTX3044F,INVEST MAN A,10440,True,102
2025,FTX3045S,INVEST MAN B,10440,True,102
2025,FTX4010F,ADVANCED TAXATION I,39900,True,102
2025,FTX4035W,TAXATION TECH REPORT,16270,True,102
2025,FTX4036F,RESEARCH METHODS IN TAXATION,600,True,102
2025,FTX4036S,RESEARCH METHODS IN TAXATION,600,True,102
2025,FTX4037S,ADVANCED TAXATION II,39900,True,102
2025,FTX4051H,FINANCE RESEARCH PROJECT,20730,True,102
2025,FTX4052H,FINANCE HONOURS RES PROJECT,20730,True,102
2025,FTX4056S,APPLIED INVESTMENTS,10440,True,102
2025,FTX4057F,APPLIED CORPORATE FINANCE,10440,True,102
2025,FTX4058Z,QUANT. METHODS FOR FINANCE,5280,True,102
2025,FTX4059Z,FINANCIAL MODELLING,5280,True,102
2025,FTX4086F,ALTERNATIVE INVESTMENTS,10440,True,102
2025,FTX4087S,BANKING AND TREASURY MGT,10440,True,102
2025,FTX4088Z,MATHEMATICAL COMPUTING SKILLS,5280,True,102
2025,FTX4089F,INTRO TO FINANCIAL ENGINEERING,5280,True,102
2025,FTX4090Z,QUANTITATIVE FINANCE SKILLS,5280,True,102
2025,FTX5000W,MASTERS IN FINANCE,27870,True,102
2025,FTX5003W,MINOR DISSERTATION IN FINANCE,29240,True,102
2025,FTX5004W,MASTERS BY DISS IN QUANT FIN,26560,True,102
2025,FTX5005W,TAXATION MASTERS DISSERTATION,26560,True,102
2025,FTX5010S,RISK MANAGEMENT GOVERNANCE,17310,True,102
2025,FTX5011W,RISK MGT QUANT MODELLING,25940,True,102
2025,FTX5012W,RISK MANAGEMENT RESEARCH,34570,True,102
2025,FTX5013W,RISK MANAGEMENT MARKETS,25940,True,102
2025,FTX5028W,TOPICS IN FINANCIAL MANAGE,29240,True,102
2025,FTX5029W,MINI DISS IN FINANCIAL MNGMT,16270,True,102
2025,FTX5030W,TAXATION COURSEWORK,79590,True,102
2025,FTX5031W,TAXATION MINOR DISS 90 CREDITS,29240,True,102
2025,FTX5032W,TAX MINOR DISS 60 CREDITS,29240,True,102
2025,FTX5033S,INTERNATIONAL TAX II,39900,True,102
2025,FTX5034F,INTERNATIONAL TAX I,39900,True,102
2025,FTX5042W,CORPORATE FIN & VALUATIONS,47210,True,102
2025,FTX5043F,CAPITAL MRKTS & FIN INSTRUMENT,23700,True,102
2025,FTX5044H,EMPIRICAL FINANCE,29240,True,102
2025,FTX5045W,CAPITAL MARKETS RESEARCH RPT,5800,True,102
2025,FTX5046W,CORP VAL RESEARCH REPORT,9900,True,102
2025,FTX5047W,RISK RESEARCH REPORT,5800,True,102
2025,FTX5052W,DISSERTATION,13790,True,103
2025,FTX5055H,FINANCIAL INSTRUMENTS & RISK,17310,True,103
2025,FTX5056F,COMPUTATIONAL FINANCE I,8700,True,103
2025,FTX5057S,COMPUTATIONAL FINANCE 2,17310,True,103
2025,FTX5058F,STOCHASTIC FINANCE I,17310,True,103
2025,FTX5059S,STOCHASTIC FINANCE 2,8700,True,103
2025,FTX5060W,FINANCIAL ENGINEERING RESEARCH,25940,True,103
2025,FTX6000W,PHD IN FINANCE,27170,True,103
2025,FTX6001W,PHD IN TAXATION,27170,True,103
2025,FTX6002W,PHD IN QUANTITATIVE FINANCE,27170,True,103
2025,GEO1006S,MINERALS ROCKS & STRUCTURE,10370,True,103
2025,GEO1008F,INTRO GEOLOGY FOR ENGINEERS,10370,True,103
2025,GEO1009F,GEOSYSTEMS: EARTH & ENVIRO SCI,10370,True,103
2025,GEO2001F,MINERAL CRYSTALL &PETROGRAPHY,13670,True,103
2025,GEO2004S,PHYSICAL GEOLOGY,13670,True,103
2025,GEO2005X,GEOLOGICAL FIELDWORK & MAPPING,6960,True,103
2025,GEO2006S,MINERALOGY FOR ENGINEERS,13670,True,103
2025,GEO3001S,STRATIGRAPHY & ECONOMIC GEOL,20550,True,103
2025,GEO3005F,PETROLOGY & STRUCTURAL GEOLOGY,20550,True,103
2025,GEO4000W,GEOLOGY HONOURS,74450,True,103
2025,GEO4001W,GEOCHEMISTRY HONOURS,74450,True,103
2025,GEO5000W,GEOLOGY DISSERTATION,37780,True,103
2025,GEO5003W,GEOCHEMISTRY DISSERTATION,37780,True,103
2025,GEO5004Z,PAST CLIMATE CHANGE,6140,True,103
2025,GEO5005H,CLIMATE CHANGE MINOR DISS,37780,True,103
2025,GEO6000W,GEOLOGY THESIS,27170,True,103
2025,GEO6001W,GEOCHEMISTRY THESIS,27170,True,103
2025,GPP4000W,RESEARCH AND POLICY NUMERACY,10580,True,103
2025,GPP4001W,PUB LEAD & GOV,17990,True,103
2025,GPP4002W,ASSESS IMPACT OF POL,12700,True,103
2025,GPP4003W,TOPICS IN DEVELOPMENT POLICY,15870,True,103
2025,GPP4004W,PRACTICE OF POL IMPLEMENTATION,17990,True,103
2025,GPP4006F,PRACTICE STRAT POL MAKING DEV,17990,True,103
2025,GPP4008F,INTRO TO AFRICAN ECON DEV,10580,True,103
2025,GPP5001F,STRAT POL FOR DEV -ANAL & PRAC,22120,True,103
2025,GPP5002S,POLICY IMPLEMENTATION,22120,True,103
2025,GPP5003W,PUBLIC LEADERSHIP AND GOVERNAN,22120,True,103
2025,GPP5004W,DISCOURSES IN DEVELOPMENT,22120,True,103
2025,GPP5005W,MINOR DISSERTATION 60 CREDIT,22120,True,103
2025,GPP5007F,GLOBAL LEADERSHIP PRIORTIES,22120,True,103
2025,GPP5008W,TOPICS IN AFRICAN ECONOMIC DEV,11060,True,103
2025,GPP5009W,RES DESIGN & PROPOSAL DEV,22120,True,103
2025,GPP5010W,RESEARCH PROJECT,22120,True,103
2025,GPP5011S,POLICY MAKING & IMPLEMENTATION,13270,True,103
2025,GPP5016H,RESEARCH DESIGN & QUAL METHODS,7280,True,103
2025,GPP6000W,THESIS IN DEVT. POL. & PRAC.,29600,True,103
2025,GSB4621V,VBLS,33310,True,103
2025,GSB4621Z,VBLS,33310,True,103
2025,GSB4622V,BUSINESS ACUMEN,33310,True,103
2025,GSB4622Z,BUSINESS ACUMEN,33310,True,103
2025,GSB4624V,EMERG MKTS & MGERIAL CONTEXT,33310,True,103
2025,GSB4624Z,EMERG MKTS & MGERIAL CONTEXT,33310,True,103
2025,GSB4625V,ACTION LEARNING REPORT,14290,True,103
2025,GSB4625Z,ACTION LEARNING REPORT,14290,True,103
2025,GSB4801Z,BANKING AND FINANCE IN EM,30220,True,103
2025,GSB4802Z,RISK MANAGEMENT IN DFIS,30220,True,103
2025,GSB4803Z,ENVIRONMENTAL FINANCE,30220,True,103
2025,GSB4804Z,PUBLIC PRIVATE PARTNERSHIPS,30220,True,103
2025,GSB4805Z,TRADE FINANCE,30220,True,103
2025,GSB5001F,DESIGNING SUSTAIN BUS MODELS,103840,True,104
2025,GSB5002Z,MANAGING FOR SOCIETAL VALUE,103840,True,104
2025,GSB5003S,RES REP EXEC MANAGMENT,22400,True,104
2025,GSB5006W,DISSERTATION,14190,True,104
2025,GSB5007X,SYSTEMIC EXECUTIVE PRACTICE,85190,True,104
2025,GSB5008X,MANAGING FOR SHAREHOLDER VALUE,85190,True,104
2025,GSB5009X,MANAGING FOR CUSTOMER VALUE,85190,True,104
2025,GSB5010F,SOCIAL FINANCE,0,True,104
2025,GSB5014X,VENTURE SCALE,0,True,104
2025,GSB5015X,VENTURE LAUNCH,0,True,104
2025,GSB5016F,BUSINESS ANALYSIS PROJECT,83990,True,104
2025,GSB5017F,CORPORATE INTERNSHIP,0,True,104
2025,GSB5017S,CORPORATE INTERNSHIP,0,True,104
2025,GSB5018F,GLOBAL LEADERSHIP,28800,True,104
2025,GSB5019S,BUS DEV DOING BUS IN AFRICA,44440,True,104
2025,GSB5020S,BUSINESS COMMUNICATION SKILLS,9600,True,104
2025,GSB5021S,GLOBAL STRATEGY,36000,True,104
2025,GSB5022S,GLOBAL CITIZENSHIP,7200,True,104
2025,GSB5023S,MERGERS AND ACQUISITIONS,0,True,104
2025,GSB5024X,CEMS SEMESTER TWO,127190,True,104
2025,GSB5025X,CEMS BLOCK SEMINAR,44440,True,104
2025,GSB5026X,PEDBIA,0,True,104
2025,GSB5027X,CEMS SEMESTER ONE,45600,True,104
2025,GSB5028S,RESEARCH METHODS,24000,True,104
2025,GSB5029X,DISSERTATION,25350,True,104
2025,GSB5030X,BUSINESS SKILLS SEMINAR,7200,True,104
2025,GSB5032X,INTERNATIONAL MARKETING MANT,0,True,104
2025,GSB5033X,NEGOTIATION FOR INTL MANAGERS,0,True,104
2025,GSB5034X,CHANGE MAN IN DIVERSE CONTEXTS,0,True,104
2025,GSB5037X,TOPICS IN SUSTAINABILITY,0,True,104
2025,GSB5038X,VALUE THROUGH LEAN THINKING,0,True,104
2025,GSB5039Z,FINANCIAL ANALYSIS FOR IMS,0,True,104
2025,GSB5040Z,SUSTAINABILITY IN GVCS,0,True,104
2025,GSB5041X,BUS AND LEAD IN GLOBAL CONTEXT,108330,True,104
2025,GSB5042X,MANAGING COMPLEX ORGANISATIONS,108330,True,104
2025,GSB5043X,STRATEGIC DECISION-MAKING,108330,True,104
2025,GSB5044X,RESEARCH REPORT,19870,True,104
2025,GSB5051X,BUS AND LEAD IN GLOBAL CONTEXT,108330,True,104
2025,GSB5052X,MANAGING COMPLEX ORGANISATIONS,108330,True,104
2025,GSB5053X,STRATEGIC DECISION-MAKING,108330,True,104
2025,GSB5054X,RESEARCH REPORT,19870,True,104
2025,GSB5060X,CHANGE MANAGEMENT,0,True,104
2025,GSB5061X,DIGITAL MARKET-MAKING,0,True,104
2025,GSB5062X,E-MARKETING,0,True,104
2025,GSB5063X,STRATEGIC MARKETING,0,True,104
2025,GSB5064X,EMERGING MARKET ECONOMIC DEV,0,True,104
2025,GSB5065X,BRANDING IN EMERGING MARKETS,0,True,104
2025,GSB5066X,ADVANCED CORPORATE FINANCE,0,True,104
2025,GSB5067X,ADVANCED LEADERSHIP,0,True,104
2025,GSB5068X,COACHING,0,True,104
2025,GSB5069X,COMPANY VALUATIONS,0,True,104
2025,GSB5070X,DOING BUSINESS IN ASIA & CHINA,0,True,104
2025,GSB5071X,GLOBAL SUPPLY CHAIN MANAGEMENT,0,True,104
2025,GSB5072X,MANAGEMENT CONTROL SYSTEMS,0,True,104
2025,GSB5073X,NEGOTIATION TO CREATE VALUE,0,True,104
2025,GSB5074X,PLANNING NEW VENTURES,0,True,104
2025,GSB5075X,MARKETING METRICS,0,True,104
2025,GSB5076X,PROJECT MANAGEMENT,0,True,104
2025,GSB5077X,APPLIED SRI,0,True,104
2025,GSB5078X,MANAGEMENT CONSULTING,0,True,105
2025,GSB5079X,STRATEGIC BRAND BUILDING,0,True,105
2025,GSB5080X,SOCIAL INNOVATION LABORATORY,0,True,105
2025,GSB5081X,BUS DEVPT EMERGING MARKETS,0,True,105
2025,GSB5082X,STRATEGIC TRENDS,0,True,105
2025,GSB5083X,DOING BUSINESS IN AFRICA,0,True,105
2025,GSB5084X,LEAN THINKING & OP EXCELLENCE,0,True,105
2025,GSB5100Z,MICRO-ENTERPRISE FINANCE,21750,True,105
2025,GSB5102Z,PROJECT FINANCE,21750,True,105
2025,GSB5103Z,INT FINANCE FOR DEVELOPMENT,21750,True,105
2025,GSB5104Z,QUANTS IN DEVELOPMENT FINANCE,21750,True,105
2025,GSB5105Z,ISSUES IN DEVELOPMENT FINANCE,21750,True,105
2025,GSB5106Z,RESPONSIBLE INVESTMENT,21750,True,105
2025,GSB5107Z,PUBLIC SECTOR FINANCE,21750,True,105
2025,GSB5108F,FINANCIAL RISK MANAGEMENT,8460,True,105
2025,GSB5109Z,SOVEREIGN DEBT MANAGEMENT,8460,True,105
2025,GSB5113F,INTERNATIONAL TRADE POLICIES,8460,True,105
2025,GSB5114F,CORPORATE FINANCE & INVESTMENT,8460,True,105
2025,GSB5115Z,RESEARCH METHODS,21750,True,105
2025,GSB5117W,MINOR DISSERTATION,21620,True,105
2025,GSB5119F,CLIMATE FINANCE,8460,True,105
2025,GSB5120F,AGRIBUSINESS FINANCE,8460,True,105
2025,GSB5302X,IMPACT IN SYSTEMS,26160,True,105
2025,GSB5303X,RM IN INCLUSIVE INNOVATION,65400,True,105
2025,GSB5304Z,SOURCES AND SCHOLARSHIP,39240,True,105
2025,GSB5305X,SELF AND LEADERSHIP,26160,True,105
2025,GSB5306W,MINOR DISSERTATION,14190,True,105
2025,GSB5506S,INTEGRATED REPORTING,0,True,105
2025,GSB5508F,INNOVATIVE FINANCE,21750,True,105
2025,GSB5509F,HOUSING FINANCE,8460,True,105
2025,GSB6000W,PHD IN BUSINESS ADMINISTRATION,27170,True,105
2025,GSB6001H,DOCTORAL RESEARCH DESIGN,4360,True,105
2025,HSE1001F,FUNDAMENTALS OF HEALTH SCI,42310,True,105
2025,HSE1001S,FUNDAMENTALS OF HEALTH SCI,42310,True,105
2025,HSE2000W,BADR CLINICAL SKILLS,11430,True,105
2025,HSE2001F,SPECIAL STUDY MODULE,7420,True,105
2025,HSE2001S,SPECIAL STUDY MODULE,7420,True,105
2025,HSE3000F,BADR CLINICAL SKILLS IIC,12380,True,105
2025,HSE3000S,BADR CLINICAL SKILLS IIC,12380,True,105
2025,HSE4000F,TECH & LEARN THEORIES IN HPE,15290,True,105
2025,HSE4001F,LEARNING & TEACHING PRACTICE,15290,True,105
2025,HSE4002S,ASSESSMENT IN HPE,15290,True,105
2025,HSE4003S,CURRICULUM DEV & COURSE DESIGN,15290,True,105
2025,HSE4004F,INTEGRATED ASSESSMENT,740,True,105
2025,HSE4004S,INTEGRATED ASSESSMENT,740,True,105
2025,HSE4005S,ACADEMIC LITERACY FOR HPE,15290,True,105
2025,HSE4006S,TECHNOL-ASSIST TEACH & LEARN,15290,True,105
2025,HSE4013S,RESEARCH METHODS- HPE,15290,True,105
2025,HSE5000W,HEALTH SCI EDUCATION DISS,43030,True,105
2025,HSE6000W,HEALTH SCI EDUCATION THESIS,27170,True,105
2025,HSE6004W,EXIT EXAM PROCEDURAL COMP,2630,True,105
2025,HST1013F,CONNECTIONS & INTERRUPTIONS,9440,True,105
2025,HST1014S,EMPIRES & MODERNITIES,9440,True,105
2025,HST1015F,CONNECTIONS & INTERRUPTIONS +,0,True,105
2025,HST2034L,AFRICA: COLONIAL & POST-COL,12580,True,105
2025,HST2034P,AFRICA: COLONIAL & POST-COL,12580,True,105
2025,HST2039S,AFRICA SINCE 800,12580,True,105
2025,HST2040F,HISTORICAL METHODS,12580,True,105
2025,HST2041F,HISTORICAL METHODS +,0,True,105
2025,HST2042F,CONFLICT AND CONQUEST,12580,True,106
2025,HST2047S,GENDER AND HISTORY,12580,True,106
2025,HST3037S,MEMORY IDENTITY AND HISTORY,12580,True,106
2025,HST3043F,DEBATES IN AFRICAN HISTORY,12580,True,106
2025,HST3045S,AFRICAN ECONOMIC HISTORY,12580,True,106
2025,HST3046S,SUBJECTS TO CITIZENS?,12580,True,106
2025,HST4001H,RESEARCH ESSAY/PROJECT,11200,True,106
2025,HST4021H,ADV HIST METHODS APPROACHES,11200,True,106
2025,HST4026F,SPECIAL TOPICS: HIST STUDIES,11200,True,106
2025,HST4032S,ADDITIONAL TOPIC HIST. STUDIES,11200,True,106
2025,HST4041F,HISTORIES OF LAND & LABOUR,11200,True,106
2025,HST4042F,MEDICINE HEALTH AND HEALING,11200,True,106
2025,HST4043S,WRITING AND HISTORY,11200,True,106
2025,HST4055S,RACISM COLONIALISM & GENOCIDE,11200,True,106
2025,HST4063F,INDIAN OCEAN WORLD DEBATES,11200,True,106
2025,HST4064F,MATERIALITY AND POWER,11200,True,106
2025,HST5004H,HISTORICAL RESEARCH,12640,True,106
2025,HST5007W,MASTERS IN HISTORICAL STUDIES,37780,True,106
2025,HST5011W,MINOR DISSERTATION,23010,True,106
2025,HST5041F,HISTORIES OF LAND & LABOUR,12640,True,106
2025,HST5042F,MEDICINE HEALTH AND HEALING,12640,True,106
2025,HST5043S,WRITING AND HISTORY,12640,True,106
2025,HST5046F,MATERIALITY AND POWER,12640,True,106
2025,HST5055S,RACISM COLONIALISM & GENOCIDE,12640,True,106
2025,HST5060F,HISTORY IN PUBLIC LIFE,12640,True,106
2025,HST5061H,HISTORICAL METHODS,12640,True,106
2025,HST5063F,INDIAN OCEAN WORLD DEBATES,12640,True,106
2025,HST6002W,PHD IN HISTORICAL STUDIES,27170,True,106
2025,HST9000Z,POSTDOCTORAL FELLOW,1,True,106
2025,HUB1006F,INTRO TO INTEGR HLTH SCI PT,28680,True,106
2025,HUB1014S,ANATOMY FOR COMM SCIENCES,9790,True,106
2025,HUB1019F,ANATOMY & PHYSIOLOGY IA,11280,True,106
2025,HUB1020S,ANATOMY & PHYSIOLOGY IB,9790,True,106
2025,HUB1022F,BIOSCIENCES FOR PHYSIO IA,5090,True,106
2025,HUB1023S,BIOSCIENCES FOR PHYSIO IB,5520,True,106
2025,HUB2005F,INTRO TO MEDICAL ENGINEERING,4430,True,106
2025,HUB2015W,ANATOMY & PHYSIOLOGY II HRS,23690,True,106
2025,HUB2017F,INTEGRATED HEALTH SYSTEMS PART IA,40210,True,106
2025,HUB2017H,INTEGRATED HLTH SYSTEMS PT IA,42020,True,106
2025,HUB2019F,INTEGR ANAT & PHYSIOL SCI PT A,13670,True,106
2025,HUB2020F,SPECIAL STUDY MODULE,7420,True,106
2025,HUB2020S,SPECIAL STUDY MODULE,7420,True,106
2025,HUB2021S,INTEG ANAT & PHYSIOL SCI PT B,13670,True,106
2025,HUB2022F,ANAT FOR BIOMED ENGINEERS,10560,True,106
2025,HUB2023W,BIOSCIENCES FOR PHYSIO II,5520,True,106
2025,HUB2025F,PHYSIOLOGY FOR BME,6860,True,106
2025,HUB3006F,APPLIED HUMAN BIOLOGY,20550,True,106
2025,HUB3007S,HUMAN NEUROSCIENCES,20790,True,106
2025,HUB4000W,MEDICAL CELL BIOLOGY HONOURS,75230,True,106
2025,HUB4007F,BIOMECH OF MUSCULOSKELETAL SYS,8260,True,106
2025,HUB4027F,HEALTHCARE TECHNOLOGY ASSESSMENT,6830,True,106
2025,HUB4027H,HLTHCARE TECHNOL ASSESSMNT,7150,True,106
2025,HUB4027S,HLTHCARE TECHNOL ASSESSMNT,6830,True,106
2025,HUB4027W,HLTHCARE TECHNOL ASSESSMNT,7150,True,106
2025,HUB4028F,INTRODUCTION TO HEALTHCARE TECHNOLOGY,6830,True,106
2025,HUB4028H,INTRO TO HEALTHCARE TECHNOLOGY,7150,True,106
2025,HUB4028S,INTRO TO HEALTHCARE TECHNOLOGY,6830,True,106
2025,HUB4028W,HTM PLANNING & ACQUISITION,7150,True,106
2025,HUB4030F,HEALTHCARE PROJECT MANAGEMENT,6830,True,106
2025,HUB4030H,HEALTHCARE PROJECT MANAGEMENT,7150,True,107
2025,HUB4030S,HEALTHCARE PROJECT MANAGEMENT,6830,True,107
2025,HUB4030W,HEALTHCARE PROJECT MANAGEMENT,7150,True,107
2025,HUB4032H,PROJECT HLTHCARE TECHN MGMNT,7390,True,107
2025,HUB4032W,PROJECT HLTHCARE TECHN MGMNT,7390,True,107
2025,HUB4033F,CLINICAL ENGINEERING PRACTICE,6830,True,107
2025,HUB4033H,CLINICAL ENGINEERING PRACTICE,6830,True,107
2025,HUB4033S,CLINICAL ENGINEERING PRACTICE,7150,True,107
2025,HUB4040W,HONS IN NEUROSCI & PHYSIOLOGY,75230,True,107
2025,HUB4041W,EXERCISE SCIENCE HONOURS,75230,True,107
2025,HUB4045F,INTRO:MED IMAG&IMAGE PROCESS,8260,True,107
2025,HUB4063W,FOOD SERVICE MNGMNT INTERNSHIP,14300,True,107
2025,HUB4064W,RESEARCH PROJECT,14300,True,107
2025,HUB4065W,MED DEVICES & INSTRUM OVERVIEW,7150,True,107
2025,HUB4066H,HLTHCARE TECH INNOV & ENTREP,7150,True,107
2025,HUB4066W,HLTHCARE TECH INNOV & ENTREP,7150,True,107
2025,HUB4068W,ASSET MAN OF HLTHCARE TCH&INFR,7110,True,107
2025,HUB4069F,HEALTHCARE TECHNOLOGY ENG,6830,True,107
2025,HUB4069H,HEALTHCARE TECHNOLOGY ENG,7150,True,107
2025,HUB4069S,HEALTHCARE TECHNOLOGY ENGINEERING,7150,True,107
2025,HUB4070W,HOSPITAL ENGINEERING PRACTICE,7150,True,107
2025,HUB4071F,APPLIED ELECTROPHYSIOLOGY,7520,True,107
2025,HUB4071S,APPLIED ELECTROPHYSIOLOGY,7520,True,107
2025,HUB4072F,HIGH PERFORMANCE ATHLETE,6560,True,107
2025,HUB4075W,BIOMEDICAL ENGINEERING OVERVW,5530,True,107
2025,HUB4077W,APPLIED ANATOMY COURSEWORK,56580,True,107
2025,HUB4078W,APPLIED ANATOMY RES PROJECT,18870,True,107
2025,HUB4079W,BIOKINETICS COURSEWORK,56580,True,107
2025,HUB4080W,BIOKINETICS RESEARCH PROJECT,18870,True,107
2025,HUB4081W,BIOLOGICAL ANTHROPOLOGY CRSEWK,56580,True,107
2025,HUB4082W,BIO ANTHROPOLOGY RESEARCH PROJ,18870,True,107
2025,HUB4083W,MEDICAL CELL BIOLOGY COURSEWK,56580,True,107
2025,HUB4084W,MED CELL BIOLOGY RESEARCH PROJ,18870,True,107
2025,HUB4085W,EXERCISE SCIENCE COURSEWORK,56580,True,107
2025,HUB4086W,EXERCISE SCI RESEARCH PROJECT,18870,True,107
2025,HUB4087W,NEUROSCI & PHYSIOLOGY C/W,56580,True,107
2025,HUB4088W,NEUROSCI & PHYSIOL RES PROJ,18870,True,107
2025,HUB4089H,TELEMEDICINE AND MHEALTH,7150,True,107
2025,HUB4090W,HEALTH INFORMATION SYSTEMS,7150,True,107
2025,HUB4095F,ANATOMY FOR BME,6590,True,107
2025,HUB5001W,BIOMEDICAL SCIENCE DISS,40010,True,107
2025,HUB5002W,MSCMED BIOMED ENG BY DISS,43030,True,107
2025,HUB5003W,MPHIL BIOMED ENG BY DISS,40010,True,107
2025,HUB5004W,PHYSIOLOGY DISSERTATION,43030,True,107
2025,HUB5005W,EXERCISE SCIENCE DISSERTATION,43030,True,107
2025,HUB5006W,MPHIL SPORTS MEDICINE PT A,25680,True,107
2025,HUB5007W,SPORT&EXERCMED M/D (60 CRED),25680,True,107
2025,HUB5010W,EXERCISE PHYSIOLOGY,20690,True,107
2025,HUB5012W,EXERC&SPRTPHYSIO M/D (60 CRED),25680,True,107
2025,HUB5014W,DIETETICS DISSERTATION,43030,True,107
2025,HUB5015W,NUTRITION DISSERTATION,43030,True,107
2025,HUB5016F,PHYSICAL ACTIVITY & EPIDEMOLGY,6560,True,107
2025,HUB5017F,RES METH & STATS PHYS ACTIVITY,6560,True,107
2025,HUB5017W,RES METH & STATS PHYS ACTIVTY,6560,True,107
2025,HUB5018F,BIOKINETICS IN THE WORKPLACE,6560,True,107
2025,HUB5018S,BIOKINETICS IN THE WORKPLACE,6280,True,107
2025,HUB5020S,ADV STRNGTH &COND ATHL PERFOM,6560,True,107
2025,HUB5021S,BIOKINETICS & NEUROMUSC DISORD,6560,True,107
2025,HUB5022S,NUTRITION & ERGOGENIC AIDS,6560,True,107
2025,HUB5023S,ADV CLIN EXERCISE PHYSIOLOGY,6560,True,108
2025,HUB5024W,BIOKINETICS MIN DISS (60 CRED),25680,True,108
2025,HUB5025W,MPHIL SPORT & EXERCISE MED B,17180,True,108
2025,HUB5026W,MPHIL SPORT & EXERCISE MED C,17180,True,108
2025,HUB5029W,HLTH INNOV MIN DISS (60 CRED),25670,True,108
2025,HUB5030W,MSC(MED) MECHANOBIOLOGY,43030,True,108
2025,HUB5031F,HEALTH INNOVATION & DESIGN (A),9920,True,108
2025,HUB5032S,HEALTH INNOVATION & DESIGN (B),9920,True,108
2025,HUB5033F,HEALTH INNOV ENTREPRENEURSHIP,5680,True,108
2025,HUB5034W,MEDICAL CELL BIOLOGY DISS,43030,True,108
2025,HUB5035W,BIOL ANTHRO DISS,43030,True,108
2025,HUB6000W,BIOMEDICAL ENGINEERING THESIS,27170,True,108
2025,HUB6001W,PHYSIOLOGY THESIS,27170,True,108
2025,HUB6005W,NEUROSCIENCE (PHYSIOL) DISS,43030,True,108
2025,HUB6007W,BIOMEDICAL ENG M/DISS (90),38470,True,108
2025,HUB6008W,PHD MECHANOBIOLOGY,27170,True,108
2025,HUB6009F,MEDICAL DEVICE DESIGN PT I,9990,True,108
2025,HUB6010S,MED DEVICE DESIGN PT II,12530,True,108
2025,HUB6011W,HEALTHCARE TECH MGT DISS,37780,True,108
2025,HUB6012W,BIOL ANTHRO THESIS,27170,True,108
2025,HUB6013W,MED CELL BIOLOGY THESIS,27170,True,108
2025,HUB6014F,FORENSIC ANTHRO & ANAT,9600,True,108
2025,HUB6014S,FORENSIC ANTHRO & ANAT,9600,True,108
2025,HUB6015W,BIOMEDFORENSCI M/D (60 CRED),25680,True,108
2025,HUB7000W,ANATOMY DISSERTATION,43030,True,108
2025,HUB7001W,ANATOMY & CELL BIOLOGY THESIS,27170,True,108
2025,HUB7002W,MD ANATOMY,27170,True,108
2025,HUB7003W,CELL BIOLOGY DISSERTATION,43030,True,108
2025,HUB7004W,MD BIOMEDICAL ENGINEERING,27170,True,108
2025,HUB7006W,EXERCISE SCIENCE THESIS,27170,True,108
2025,HUB7007W,NUTRITION THESIS,27170,True,108
2025,HUB7008W,DIETETICS THESIS,27170,True,108
2025,HUB7010W,NEUROSCIENCE (PHYSIOL) THESIS,27170,True,108
2025,HUB7011W,ANATOMY THESIS,27170,True,108
2025,HUB7012W,CELL BIOLOGY THESIS,27170,True,108
2025,HUB7013W,HEALTH INNOVATION THESIS,27170,True,108
2025,HUB7014W,HEALTHCARE TECH MNGT THESIS,27170,True,108
2025,HUB7015W,PHD SPORTS & EXCERCISE MED,27170,True,108
2025,HUB9000Z,POSTDOCTORAL FELLOW,1,True,108
2025,IBS1007S,INTRO TO INTEGR HLTH SCI PT 2,29330,True,108
2025,IBS2001F,SPECIAL STUDY MODULE,7420,True,108
2025,IBS2001S,SPECIAL STUDY MODULE,7420,True,108
2025,IBS3020W,MOLECULAR MEDICINE,37780,True,108
2025,IBS4006W,BIOINFORMATICS COURSEWORK,56580,True,108
2025,IBS4007W,BIOINFORMATICS RESEARCH PROJ,18870,True,108
2025,IBS4008W,MED BIOCHEMISTRY COURSEWORK,56580,True,108
2025,IBS4009W,MED BIOCHEM RESEARCH PROJECT,18870,True,108
2025,IBS5000W,MEDICAL BIOCHEMISTRY DISS,43030,True,108
2025,IBS5001W,BIOINFORMATICS DISSERTATION,43030,True,108
2025,IBS5003W,CHEMICAL BIOLOGY DISS,43030,True,108
2025,IBS5004Z,BIOINFORMATICS,12520,True,108
2025,IBS5005W,DATA SCI MINOR DISSERTATION,38470,True,108
2025,IBS6000W,MEDICAL BIOCHEMISTRY THESIS,27170,True,108
2025,IBS6001W,BIOINFORMATICS THESIS,27170,True,108
2025,IBS6002W,CHEMICAL BIOLOGY THESIS,27170,True,108
2025,IBS9000Z,POSTDOCTORAL FELLOW,1,True,108
2025,INF1002F,FOUNDATIONS OF INFORMATION SYS,10440,True,108
2025,INF1002S,FOUNDATIONS OF INFORMATION SYS,10440,True,108
2025,INF1003F,COMMERCIAL PROGRAMMING,10440,True,108
2025,INF1003N,COMMERCIAL PROGRAMMING,600,True,109
2025,INF1102F,FOUNDATIONS OF INFORMATION SYS,10440,True,109
2025,INF1102S,FOUNDATIONS OF INFORMATION SYS,10440,True,109
2025,INF2004F,I.T. IN BUSINESS,10440,True,109
2025,INF2006F,BUSINESS INTELLIGENCE ANALYSIS,3040,True,109
2025,INF2007F,APPLYING DATABASE PRINCIPLES,7500,True,109
2025,INF2008F,DATABASE SYSTEMS,10440,True,109
2025,INF2009F,SYSTEMS ANALYSIS,10440,True,109
2025,INF2010S,I.T. ARCHITECTURE,10440,True,109
2025,INF2011N,SYSTEMS DESIGN & DEVELOPMENT,600,True,109
2025,INF2011S,SYSTEMS DESIGN & DEVELOPMENT,10440,True,109
2025,INF3003W,SYSTEMS DEVELOPMENT PROJECT I,31150,True,109
2025,INF3011F,I.T. PROJECT MANAGEMENT,10440,True,109
2025,INF3011N,I.T. PROJECT MANAGEMENT,600,True,109
2025,INF3012N,BPM & ENTERPRISE SYSTEMS,600,True,109
2025,INF3012S,BPM & ENTERPRISE SYSTEMS,10440,True,109
2025,INF3014F,ELECTRONIC COMMERCE,10440,True,109
2025,INF3014N,ELECTRONIC COMMERCE,600,True,109
2025,INF4001N,SPECIAL PROJECTS IS,600,True,109
2025,INF4012W,ENTERPRISE SYSTEMS & BPM,66910,True,109
2025,INF4015W,INFORMATION SYSTEMS CW,66910,True,109
2025,INF4017H,INFORMATION SYSTEMS PROJECT,10440,True,109
2025,INF4018W,BUSINESS AND SYSTEMS ANALYSIS,66910,True,109
2025,INF4019W,CYBERSECURITY,66910,True,109
2025,INF4024W,IS RESEARCH PROJECT,28650,True,109
2025,INF4025S,INFORMATION SYSTEMS MANAGEMENT,11590,True,109
2025,INF4026F,APPLICATION & TECHNICAL DEV.,11590,True,109
2025,INF4027W,SYSTEM DEVELOPMENT PROJECT II,23110,True,109
2025,INF5000W,IS MASTERS: DISSERTATION ONLY,26560,True,109
2025,INF5004W,INFO SYSTEMS MASTERS CW,66910,True,109
2025,INF5005W,INFO SYSTEMS MASTERS DISSERT,13790,True,109
2025,INF5006H,FINANCIAL SYSTEMS DESIGN,8700,True,109
2025,INF5007Z,SIPP,9380,True,109
2025,INF5008Z,SYSTEMS SECURITY,9380,True,109
2025,INF5009Z,SOFTWARE ENGINEERING,9380,True,109
2025,INF5010W,MIT:RESEARCH,37780,True,109
2025,INF6000W,INFORMATION SYSTEMS THESIS,27170,True,109
2025,INF6001W,RESEARCH METHODS IN INF SYS,25870,True,109
2025,INF9000Z,POSTDOCTORAL FELLOW,1,True,109
2025,LIS1000S,SOCIAL INFORMATICS,10370,True,109
2025,LIS4050W,RES METHODS & USER STUDIES,11200,True,109
2025,LIS4051W,INFORMATION RESOURCES,11200,True,109
2025,LIS4052W,RESOURCE PLANNING & USE,11200,True,109
2025,LIS4053W,RESOURCE DESCRIPTION & COMMUN,11200,True,109
2025,LIS4054W,KNOWLEDGE ORG & MANAGEMENT,11200,True,109
2025,LIS5000W,MASTERS IN LIS,37780,True,109
2025,LIS5025F,PRINCIPLES OF DIGITAL CURATION,25130,True,109
2025,LIS5026F,CURATING IN CONTEXT,11540,True,109
2025,LIS5026S,CURATING IN CONTEXT,11540,True,109
2025,LIS5027S,CURATION DIG MEDIA & FORMATS,12610,True,109
2025,LIS5028S,INFO ARCHITECTURE & METADATA,12610,True,109
2025,LIS5029S,RESEARCH DATA MANAGEMENT,12610,True,109
2025,LIS5030S,TECH ENABLERS FOR DIG CURATION,12610,True,109
2025,LIS5031W,MINOR DISSERTATION,23010,True,109
2025,LIS5032F,LIS LEADERSHIP AND MANAGEMENT,25130,True,109
2025,LIS5033F,RESEARCH LIBRARIANSHIP,25130,True,109
2025,LIS5033S,RESEARCH LIBRARIANSHIP,25130,True,109
2025,LIS5034F,INTERNSHIP,25130,True,109
2025,LIS5034S,INTERNSHIP,25130,True,109
2025,LIS5035S,DIGITAL CURATION,25130,True,110
2025,LIS5036S,TEACH & LEARN FOR LIS PROFESS,25130,True,110
2025,LIS6020W,PHD LIBRARY & INF STUDIES,27170,True,110
2025,LIS9000Z,POSTDOCTORAL FELLOW,1,True,110
2025,MAM1004F,MATHEMATICS 004,10370,True,110
2025,MAM1004S,MATHEMATICS 004,10370,True,110
2025,MAM1005H,MATHEMATICS 005,10370,True,110
2025,MAM1006H,MATHEMATICS 006,10370,True,110
2025,MAM1008S,INTRO TO DISCRETE MATHS,10370,True,110
2025,MAM1010F,MATHEMATICS 00,10370,True,110
2025,MAM1010S,MATHEMATICS 00,10370,True,110
2025,MAM1012F,MATHEMATICS 02,10370,True,110
2025,MAM1012S,MATHEMATICS 02,10370,True,110
2025,MAM1013F,LAW THAT COUNTS,10370,True,110
2025,MAM1014F,QUANT LITERACY FOR HUMANITIES,10370,True,110
2025,MAM1015S,INTRODUCTORY MATHEMATICS,10370,True,110
2025,MAM1016S,QUANT LITERACY FOR SOC SCI,10370,True,110
2025,MAM1019H,FUNDAMENTALS OF MATHEMATICS,10370,True,110
2025,MAM1020F,MATHEMATICS A FOR ENGINEERS,10370,True,110
2025,MAM1020S,MATHEMATICS A FOR ENGINEERS,10370,True,110
2025,MAM1021F,MATHEMATICS B FOR ENGINEERS,10370,True,110
2025,MAM1021S,MATHEMATICS B FOR ENGINEERS,10370,True,110
2025,MAM1022F,NUMBERS IN THE HUMANITIES,10370,True,110
2025,MAM1023F,MATHS A ENGINEERS EXTENDED,10370,True,110
2025,MAM1023S,MATHS A ENGINEERS EXTENDED,10370,True,110
2025,MAM1024F,MATHS B ENGINEERS EXTENDED,10370,True,110
2025,MAM1024S,MATHS B ENGINEERS EXTENDED,10370,True,110
2025,MAM1031F,MATHEMATICS 03,10370,True,110
2025,MAM1032S,MATHEMATICS 032,10370,True,110
2025,MAM1033F,MATHEMATICS 033,10370,True,110
2025,MAM1034S,MATHEMATICS 034,10370,True,110
2025,MAM1043H,MODELLING & APPLIED COMPUTING,10370,True,110
2025,MAM1044H,DYNAMICS,10370,True,110
2025,MAM1110F,MATHEMATICS 0 FOR CADP,10370,True,110
2025,MAM1110H,MATHEMATICS 00,10370,True,110
2025,MAM1112S,MATHEMATICS 2 FOR CADP,10370,True,111
2025,MAM2010F,ADVANCED CALCULUS (2AC),6860,True,111
2025,MAM2011F,LINEAR ALGEBRA (2LA),6860,True,111
2025,MAM2012S,DIFFERENTIAL EQUATIONS (2DE),6860,True,111
2025,MAM2013S,INTRODUCTORY ALGEBRA (2IA),6860,True,111
2025,MAM2014S,REAL ANALYSIS (2RA),6860,True,111
2025,MAM2040F,DIFFERENTIAL EQUATIONS (2OD),6860,True,111
2025,MAM2041F,NUMERICAL ANALYSIS (2NA),6860,True,111
2025,MAM2042S,NON-LINEAR DYNAMICS (2ND),6860,True,111
2025,MAM2043S,BOUNDARY-VALUE PROBLEMS (2BP),6860,True,111
2025,MAM2083F,VECTOR CALCULUS FOR ENGINEERS,9120,True,111
2025,MAM2083S,VECTOR CALCULUS FOR ENGINEERS,9120,True,111
2025,MAM2084F,LINEAR ALG & DE FOR ENGINEERS,9120,True,111
2025,MAM2084S,LINEAR ALG & DE FOR ENGINEERS,9120,True,111
2025,MAM2085F,VECTOR CALCULUS FOR ASPECT,9120,True,111
2025,MAM2085S,VECTOR CALCULUS FOR ASPECT,9120,True,111
2025,MAM3006Z,PROJECT IN MATHEMATICS,0,True,111
2025,MAM3010F,METRIC SPACES (3MS),10260,True,111
2025,MAM3011F,MODERN ABSTRACT ALGEBRA (3AL),10260,True,111
2025,MAM3012F,DISCRETE MATHEMATICS (3DM),10260,True,111
2025,MAM3012S,DISCRETE MATHEMATICS (3DM),10260,True,111
2025,MAM3013S,TOPICS IN ALGEBRA (3TA),10260,True,111
2025,MAM3014S,TOPICS IN ANALYSIS (3TN),10260,True,111
2025,MAM3015F,COMPLEX ANALYSIS (3CA),10260,True,111
2025,MAM3015S,COMPLEX ANALYSIS (3CA),10260,True,111
2025,MAM3042F,ADV. NUMERICAL METHODS (3AN),10260,True,111
2025,MAM3042S,ADV. NUMERICAL METHODS (3AN),10260,True,111
2025,MAM3043F,MATHEMATICAL PHYSICS (3MP),10260,True,111
2025,MAM3043S,MATHEMATICAL PHYSICS (3MP),10260,True,111
2025,MAM3044F,COMPLEX VARIABLES (3CV),10260,True,111
2025,MAM3044S,COMPLEX VARIABLES (3CV),10260,True,111
2025,MAM3045F,GENERAL RELATIVITY (3GR),10260,True,111
2025,MAM3045S,GENERAL RELATIVITY (3GR),10260,True,111
2025,MAM3046F,FLUID DYNAMICS (3FD),10260,True,111
2025,MAM3046S,FLUID DYNAMICS (3FD),10260,True,111
2025,MAM3055Z,PROJECT IN APPLIED MATHEMATICS,0,True,111
2025,MAM4013W,MATHEMATICS HONOURS COURSEWORK,55560,True,111
2025,MAM4014W,MATHEMATICS HONOURS PROJECT,18530,True,111
2025,MAM4015W,COURSEWORK,55560,True,111
2025,MAM4016W,PROJECT,18530,True,111
2025,MAM4019Z,TOPICS IN MATHS HONOURS A,9290,True,111
2025,MAM4020Z,TOPICS IN MATHS HONOURS B,9290,True,111
2025,MAM4100W,MATHS HONOURS (EXTENDED),37050,True,111
2025,MAM4101W,APPLIED MATHS HONS (EXTENDED),37050,True,111
2025,MAM4110W,MATHS HONOURS (EXTENDED2),18530,True,111
2025,MAM4111W,APPLIED MATHS HONS (EXTENDED2),18530,True,111
2025,MAM5000W,MATHEMATICS DISSERTATION,37780,True,111
2025,MAM5001W,APPLIED MATHS DISSERTATION,37780,True,111
2025,MAM5005W,ASTRO & SPACE SCI MINOR DISS,37780,True,111
2025,MAM5017S,MACHINE LEARNING,10070,True,111
2025,MAM5018W,NEUROSCIENCE MINOR DISS,25190,True,111
2025,MAM5019W,TERTIARY MATH EDUCATION DISS,37780,True,111
2025,MAM6000W,MATHEMATICS THESIS,27170,True,111
2025,MAM6001W,APPLIED MATHEMATICS THESIS,27170,True,111
2025,MAM6002W,TERTIARY MATH EDUCATION THESIS,27170,True,111
2025,MCB2020F,BIOLOGICAL INFO TRANSFER,13670,True,111
2025,MCB2021F,MOLECULAR BIOSCIENCE,13670,True,111
2025,MCB2022S,METABOLISM & BIOENGINEERING,13670,True,111
2025,MCB2023S,FUNCTIONAL GENETICS,13670,True,111
2025,MCB3012Z,MCB RESEARCH PROJECT,0,True,112
2025,MCB3023S,MOLECULAR EVOL GENETICS & DEV,20550,True,112
2025,MCB3024S,DEFENCE & DISEASE,20550,True,112
2025,MCB3025F,STRUCTURAL & CHEMICAL BIOLOGY,20550,True,112
2025,MCB3026F,MOLECULAR GENETICS & GENOMICS,20550,True,112
2025,MCB4002W,MOLECULAR&CELL BIO HONOURS,74450,True,112
2025,MCB5005W,MOLECULAR&CELL BIO DISSERTATIO,37780,True,112
2025,MCB6002W,MOLECULAR&CELL BIO THESIS,27170,True,112
2025,MDN2001F,SPECIAL STUDY MODULES,7420,True,112
2025,MDN2001S,SPECIAL STUDY MODULES,7420,True,112
2025,MDN3001S,INTRO TO CLINICAL PRACTICE,39790,True,112
2025,MDN3003W,INTRO TO CLINICAL PRACTICE II,5920,True,112
2025,MDN3005W,SCIENTIF PRINC OF COSM FORM,14440,True,112
2025,MDN3006W,COSMETIC FORMULATION TECHNOL,14440,True,112
2025,MDN3007W,HAIR & SKIN BIOL FOR COSM FORM,14440,True,112
2025,MDN3008W,COSMETIC CLAIMS REGUL ETHICS,7230,True,112
2025,MDN3009W,PROF COM & PROJECT MGT COSM SC,7230,True,112
2025,MDN3010W,INSERVICE TRAINING,0,True,112
2025,MDN4011W,MEDICINE (WARD CARE),34690,True,112
2025,MDN4017W,MEDICINE EXT CREDIT,40530,True,112
2025,MDN4030Q,CLIN MGT OF HIV IN A PHC SETT,12220,True,112
2025,MDN4031Q,CLIN MGT TB IN A PHC SETTING,12220,True,112
2025,MDN4032R,TB-HIV CO-INFECTION,18820,True,112
2025,MDN4033R,OPERATIONAL RESEARCH,17810,True,112
2025,MDN4034F,BIOSTATISTICS,6200,True,112
2025,MDN4035F,INTEGRATED ASSESSMENT I,1060,True,112
2025,MDN4036S,INTEGRATED ASSESSMENT II,1060,True,112
2025,MDN4037W,CLIN MNGMNT IN HEPATOLOGY,61460,True,112
2025,MDN4038W,ESSAY:TRANS&TRANSL OFKNOWLEDGE,10260,True,112
2025,MDN4040W,CLINICAL PHARMACOLOGY CRSEWORK,56580,True,112
2025,MDN4041W,CLINICAL PHARM RESEARCH PROJ,18870,True,112
2025,MDN4101X,MEDICINE: AMBULATORY CARE,11590,True,112
2025,MDN4111X,MEDICINE (WARD CARE),23140,True,112
2025,MDN4115X,PHARMACOLOGY & THERAPEUTICS,11600,True,112
2025,MDN4117X,MEDICINE EXT CREDIT,40530,True,112
2025,MDN4201X,MEDICINE: AMBULATORY CARE,11590,True,112
2025,MDN4211X,MEDICINE (WARD CARE),23140,True,112
2025,MDN4215X,PHARMACOLOGY & THERAPEUTICS,11600,True,112
2025,MDN4217X,MEDICINE EXT CREDIT,41870,True,112
2025,MDN4301X,MEDICINE: AMBULATORY CARE,11590,True,112
2025,MDN4311X,MEDICINE (WARD CARE),23140,True,112
2025,MDN4315X,PHARMACOLOGY & THERAPEUTICS,11600,True,112
2025,MDN4317X,MEDICINE EXT CREDIT,43190,True,112
2025,MDN4401X,MEDICINE: AMBULATORY CARE,11590,True,112
2025,MDN4411X,MEDICINE (WARD CARE),23140,True,112
2025,MDN4415X,PHARMACOLOGY & THERAPEUTICS,11600,True,112
2025,MDN4417X,MEDICINE EXT CREDIT,44540,True,112
2025,MDN4501X,MEDICINE: AMBULATORY CARE,11590,True,113
2025,MDN4511X,MEDICINE (WARD CARE),23140,True,113
2025,MDN4515X,PHARMACOLOGY & THERAPEUTICS,11600,True,113
2025,MDN4517X,MEDICINE EXT CREDIT,45880,True,113
2025,MDN5007W,MSC (MED) NEUROSCIENCE,43030,True,113
2025,MDN5100X,MEDICINE EXT,19770,True,113
2025,MDN5103X,PHARMACOLOGY & THERAPEUTICS,9570,True,113
2025,MDN5105X,DERMATOLOGY,5070,True,113
2025,MDN5106X,RHEUMATOLOGY,5070,True,113
2025,MDN5200X,MEDICINE EXT,19770,True,113
2025,MDN5203X,PHARMACOLOGY & THERAPEUTICS,9570,True,113
2025,MDN5205X,DERMATOLOGY,5070,True,113
2025,MDN5206X,RHEUMATOLOGY,5070,True,113
2025,MDN5300X,MEDICINE EXT,19770,True,113
2025,MDN5303X,PHARMACOLOGY & THERAPEUTICS,9570,True,113
2025,MDN5305X,DERMATOLOGY,5070,True,113
2025,MDN5306X,RHEUMATOLOGY,5070,True,113
2025,MDN5400X,MEDICINE EXT,19770,True,113
2025,MDN5403X,PHARMACOLOGY & THERAPEUTICS,9570,True,113
2025,MDN5405X,DERMATOLOGY,5070,True,113
2025,MDN5406X,RHEUMATOLOGY,5070,True,113
2025,MDN5500X,MEDICINE EXT,19770,True,113
2025,MDN5503X,PHARMACOLOGY & THERAPEUTICS,9570,True,113
2025,MDN5505X,DERMATOLOGY,5070,True,113
2025,MDN5506X,RHEUMATOLOGY,5070,True,113
2025,MDN6006W,TRICHOLOGY & COSM SCI DISS,43030,True,113
2025,MDN6007W,NEPHROLOGY DISSERTATION,43030,True,113
2025,MDN6008F,SYSTEMATIC REVIEW METHODS,5680,True,113
2025,MDN6009W,PHD NEUROSCIENCE (MED),27170,True,113
2025,MDN6100X,MEDICINE (INCL ALLIED DISCIP),23330,True,113
2025,MDN6200X,MEDICINE (INCL ALLIED DISCIP),23330,True,113
2025,MDN6300X,MEDICINE (INCL ALLIED DISCIP),23330,True,113
2025,MDN6400X,MEDICINE (INCL ALLIED DISCIP),23330,True,113
2025,MDN6500X,MEDICINE (INCL ALLIED DISCIP),23330,True,113
2025,MDN7000W,MEDICINE DISSERTATION,43030,True,113
2025,MDN7001W,MEDICINE THESIS,27170,True,113
2025,MDN7002W,MD MEDICINE,27170,True,113
2025,MDN7005W,MMED MEDICINE PT,19850,True,113
2025,MDN7006W,MMED MEDICINE PT 2,19850,True,113
2025,MDN7007W,MEDICINE MINOR DISS (60 CRED),3520,True,113
2025,MDN7015W,MPHIL PULMONOLOGY PT,19100,True,113
2025,MDN7017W,MPHIL CARDIOLOGY PT,19100,True,113
2025,MDN7018W,MPHIL RHEUMATOLOGY PT,19100,True,113
2025,MDN7020W,MPHIL NEPHROLOGY PT,19100,True,113
2025,MDN7021W,MPHIL ENDOCRINOLOGY PT,19100,True,113
2025,MDN7022W,MPHIL GASTROENTEROLOGY PT,19100,True,113
2025,MDN7023W,PHD DERMATOLOGY,27170,True,113
2025,MDN7024W,MD DERMATOLOGY,27170,True,113
2025,MDN7025W,DERMATOLOGY MIN DISS (60 CRED),3520,True,113
2025,MDN7026W,MMED DERMATOLOGY PT,19850,True,113
2025,MDN7027W,MMED DERMATOLOGY PT 2,19850,True,113
2025,MDN7028W,MMED NEUROLOGY PT,19850,True,113
2025,MDN7029W,MMED NEUROLOGY PT 2,19850,True,113
2025,MDN7030W,NEUROLOGY MIN DISS (60 CRED),3520,True,113
2025,MDN7031W,CLINICAL PHARMACOLOGY DISS,43030,True,113
2025,MDN7032W,CLINICAL PHARMACOLOGY THESIS,27170,True,113
2025,MDN7033W,MD PHARMACOLOGY,27170,True,113
2025,MDN7034W,MMED CLINICAL PHARM PT,19850,True,113
2025,MDN7035W,MMED CLIN PHARM PT 2,19850,True,113
2025,MDN7036W,CLIN PHARM MIN DISS (60 CRED),3520,True,114
2025,MDN7037W,PULMONOLOGY MIN DISS (60 CRED),8670,True,114
2025,MDN7038W,CARDIOLOGY MIN DISS (60 CRED),8670,True,114
2025,MDN7039W,RHEUMATOLOGY M/DISS (60 CRED),8670,True,114
2025,MDN7040W,NEPHROLOGY MIN DISS (60 CRED),8670,True,114
2025,MDN7041W,ENDOCRINOLOGY M/DISS (60 CRED),8670,True,114
2025,MDN7042W,MPHIL GASTROENTEROLOGY PT 2,8670,True,114
2025,MDN7043W,MPHIL GERIATRIC MEDICINE PT,19100,True,114
2025,MDN7044W,GERIATRIC MED M/DISS (60 CRED),8670,True,114
2025,MDN7049W,DSCMED GASTROENTEROLOGY,27170,True,114
2025,MDN7050W,MPHIL INFEC DIS & HIV MED PT,19100,True,114
2025,MDN7051W,INFECDIS&HIVMED M/D (60 CRED),8670,True,114
2025,MDN7053W,MPHIL ALLERGOLOGY (ADULT) PT,19100,True,114
2025,MDN7054W,ALLERGOLOGY M/DISS (60 CRED),8670,True,114
2025,MDN7055W,DERMATOLOGY THESIS,27170,True,114
2025,MDN7056W,MPHIL ADV HEPAT&TRANSPLANT PT,19100,True,114
2025,MDN7057W,ADVHEPAT&TRANSPLANT M/D (60),8670,True,114
2025,MDN7058S,DRUG DEVELOPMENT,8630,True,114
2025,MDN7059S,DRUG ASSAYS,12870,True,114
2025,MDN7060F,PHARMACOMETRICS,12870,True,114
2025,MDN7061F,PK-PD PRINCIPLES,4360,True,114
2025,MDN7062W,CLINICAL PHARM MINOR DISS,38470,True,114
2025,MDN7063W,DSC MED IN HIV & TUBERCULOSIS,27170,True,114
2025,MDN7064W,NEPHROLOGY THESIS,27170,True,114
2025,MDN7065W,CLINICAL HAEMATOLOGY MINOR DIS,8670,True,114
2025,MDN7066W,MMED MEDICAL GENETICS PT,19850,True,114
2025,MDN7067W,MMED MEDICAL GENETICS PT 2,19850,True,114
2025,MDN7068W,MED GENETICS MIN DISS (60 CRD),3520,True,114
2025,MDN7069W,MPHIL CLINICAL HAEMATOLOGY PT,19100,True,114
2025,MDN7070W,TRICHOLOGY THESIS,27170,True,114
2025,MDN9000Z,POSTDOCTORAL FELLOW,1,True,114
2025,MEC1000X,PRACTICAL EXPERIENCE I,0,True,114
2025,MEC1003F,ENGINEERING DRAWING,5240,True,114
2025,MEC1005W,INTRO MECHANICAL ENGINEERING,15420,True,114
2025,MEC1007F,INTRO ENGINEERING DRAWING,5220,True,114
2025,MEC1008S,INTRO TO MECH DESIGN,5220,True,114
2025,MEC1009F,INTRO TO ENGINEERING MECHANICS,10140,True,114
2025,MEC1009S,INTRO TO ENGINEERING MECHANICS,10140,True,114
2025,MEC1010F,INTRO ENGINEERING DRAWING A,5220,True,114
2025,MEC1011S,INTRODUCTION TO DESIGN,5220,True,114
2025,MEC2000X,PRACTICAL TRAINING II,0,True,114
2025,MEC2045S,APPLIED ENGINEERING MECHANICS,10370,True,114
2025,MEC2046F,MATERIALS SCIENCE,7790,True,114
2025,MEC2047F,ENGINEERING DYNAMICS,10370,True,114
2025,MEC2047S,ENGINEERING DYNAMICS,10370,True,114
2025,MEC2048S,MECHANICAL ENGINEERING DESIGN,10370,True,114
2025,MEC2049F,SOLID MECHANICS,10370,True,114
2025,MEC2050S,THERMOFLUIDS,10370,True,114
2025,MEC3060F,MATERIALS UNDER STRESS,5240,True,114
2025,MEC3074F,MEASUREMENTS AND ACTUATORS,5310,True,114
2025,MEC3075F,COMPUTER METHODS FOR MECH ENG,7790,True,114
2025,MEC3076F,STRESS ANALYSIS AND MATERIALS,10370,True,114
2025,MEC3077F,THERMOFLUIDS II,10370,True,114
2025,MEC3078S,MECHANICS OF MACHINES,5310,True,114
2025,MEC3079S,CONTROL SYSTEMS,7790,True,114
2025,MEC3080S,THERMOFLUIDS III,10370,True,114
2025,MEC3081S,MANUFACTURING SCIENCES,7790,True,114
2025,MEC3082S,MACHINE ELEMENT DESIGN,10370,True,114
2025,MEC3083W,ENGINEER IN SOCIETY,10370,True,114
2025,MEC4047F,MECHANICAL VIBRATIONS,7790,True,115
2025,MEC4088Z,MANUFACTURING WITH MATERIALS,7790,True,115
2025,MEC4091Z,HONOURS RESEARCH PROJECT,29160,True,115
2025,MEC4096Z,MANUFACT & PROPS OF COMPOSITES,6490,True,115
2025,MEC4097Z,MANUFACT & PROPS OF CERAMICS,4400,True,115
2025,MEC4098Z,PROPS & MFG METALLIC MATERIALS,8630,True,115
2025,MEC4099Z,PHASE TRANSFORMATION MATERIALS,4590,True,115
2025,MEC4100Z,POLYMERIC MATERIALS,6490,True,115
2025,MEC4108S,SYSTEM DESIGN,7790,True,115
2025,MEC4114Z,EXPERIMENTAL TECHNIQUES,8630,True,115
2025,MEC4115Z,OVERVIEW POWER PLANT INDUSTRY,9120,True,115
2025,MEC4116Z,POWER PLANT SYSTEMS ANALYSIS,9120,True,115
2025,MEC4117Z,BOILERS: PROCESSES AND CONTROL,9120,True,115
2025,MEC4118Z,SYSTEMS ENGINEERING,9120,True,115
2025,MEC4119Z,BEHAVIOUR OF MATERIALS,9120,True,115
2025,MEC4120Z,TECHNICAL LEADERSHIP,9120,True,115
2025,MEC4122Z,TURBINE PLANT ENG,9120,True,115
2025,MEC4123F,ENGINEER IN BUSINESS,10380,True,115
2025,MEC4124W,ENGINEERING PRODUCT DESIGN,14250,True,115
2025,MEC4125F,THERMOFLUIDS IV,12950,True,115
2025,MEC4126F,INTEGRATING EMBEDDED SYSTEMS,10380,True,115
2025,MEC4127F,MECHATRONIC SYSTEMS,10380,True,115
2025,MEC4128S,FINAL-YEAR ENGINEERING PROJECT,12950,True,115
2025,MEC4129Z,POWER INDUSTRY ENGINEERING I,9150,True,115
2025,MEC4130Z,POWER INDUSTRY ENGINEERING II,9150,True,115
2025,MEC4131Z,POWER SYSTEM FLEXIBLE OPS,9150,True,115
2025,MEC4133Z,ENG. PERFORMANCE OF MATERIALS,6490,True,115
2025,MEC4134Z,EXP. TECH. FOR MAT. CHARACTER.,6490,True,115
2025,MEC4135Z,EXP. TECH. FOR MECH. TESTING,6490,True,115
2025,MEC4136Z,FUNCTIONAL & CONTEMPORARY MAT.,6490,True,115
2025,MEC4137Z,MIC. & PHASE TRANS. IN METALS,6490,True,115
2025,MEC5000W,MSC MECHANICAL ENG DISSERT,41420,True,115
2025,MEC5010Z,MSC MECHANICAL ENG PART DISS,37720,True,115
2025,MEC5024S,STRUCTURAL IMPACT,6760,True,115
2025,MEC5047W,MASTERS DISSERTATION,41390,True,115
2025,MEC5060W,MSC SUSTAINABLE ENGY ENG DISS,41420,True,115
2025,MEC5063Z,INTRO TO FINITE ELEMENTS,6760,True,115
2025,MEC5064Z,FINITE ELEMENT ANALYSIS,8920,True,115
2025,MEC5066Z,CONTINUUM MECHANICS,6760,True,115
2025,MEC5067Z,NONLINEAR MATERIAL BEHAVIOUR,6760,True,115
2025,MEC5068Z,COMPUTATIONAL & APPLIED MECH,6760,True,115
2025,MEC5069Z,COMPUTATIONAL FLUID DYNAMICS,6760,True,115
2025,MEC5070W,MSC MATERIALS ENG DISSERTATION,41420,True,115
2025,MEC5071Z,MSC MATERIALS ENG DISSERTATION,37720,True,115
2025,MEC5092Z,MSC ENGY & DEVELMNT STUD DISS,37720,True,115
2025,MEC5093W,ENGY & DEVELMNT STUD DISS,41420,True,115
2025,MEC5095Z,ENG MGMT RESEARCH REPORT,22100,True,115
2025,MEC5097Z,DISSERTATION PREPARATION,10260,True,115
2025,MEC5102Z,KNOWLEDGE & PRACTICE IN ENGED,8440,True,115
2025,MEC5103W,DISSERTATION ENG ED,37720,True,115
2025,MEC5104Z,ENG ED DISSERTATION,41420,True,115
2025,MEC6000W,PHD IN MECHANICAL ENG,27170,True,115
2025,MEC6002W,PHD IN ENG MANAGEMENT,27170,True,115
2025,MEC6003W,PHD SUSTAIN ENRGY ENG THESIS,27170,True,115
2025,MEC6004W,PHD IN MATERIALS ENG,27170,True,115
2025,MEC6005W,PHD ENERGY & DEV STUD THESIS,27170,True,115
2025,MEC6006W,PHD ENG EDUCATION THESIS,27170,True,115
2025,MEC9004Z,POSTDOCTORAL FELLOW,1,True,115
2025,MUZ1201F,AFRICAN INSTRUMENT B (SSA),7690,True,115
2025,MUZ1201H,AFRICAN INSTRUMENT B,15320,True,116
2025,MUZ1201S,AFRICAN INSTRUMENT B SSA,7690,True,116
2025,MUZ1203H,AFRICAN INSTRUMENT D,6160,True,116
2025,MUZ1204H,BASS GUITAR B,15320,True,116
2025,MUZ1205H,BASS GUITAR D,6160,True,116
2025,MUZ1207H,BASSOON B,15320,True,116
2025,MUZ1209H,BASSOON D,6160,True,116
2025,MUZ1211H,CELLO B,15320,True,116
2025,MUZ1213H,CELLO D,6160,True,116
2025,MUZ1215H,CLARINET B,15320,True,116
2025,MUZ1217H,CLARINET D,6160,True,116
2025,MUZ1219H,CONDUCTING B,15320,True,116
2025,MUZ1220H,CONDUCTING D,6160,True,116
2025,MUZ1223H,DOUBLE BASS B,15320,True,116
2025,MUZ1225H,DOUBLE BASS D,6160,True,116
2025,MUZ1226H,DRUM SET B,15320,True,116
2025,MUZ1227H,DRUM SET D,6160,True,116
2025,MUZ1229H,EUPHONIUM B,15320,True,116
2025,MUZ1231H,EUPHONIUM D,6160,True,116
2025,MUZ1233H,FLUTE B,15320,True,116
2025,MUZ1235H,FLUTE D,6160,True,116
2025,MUZ1237H,GUITAR B,15320,True,116
2025,MUZ1239H,GUITAR D,6160,True,116
2025,MUZ1241H,HARP B,15320,True,116
2025,MUZ1243H,HARP D,6160,True,116
2025,MUZ1245H,HARPSICHORD B,15320,True,116
2025,MUZ1247H,HARPSICHORD D,6160,True,116
2025,MUZ1249H,HORN B,15320,True,116
2025,MUZ1251H,HORN D,6160,True,116
2025,MUZ1252H,JAZZ GUITAR B,15320,True,116
2025,MUZ1253H,JAZZ GUITAR D,6160,True,116
2025,MUZ1254H,JAZZ PIANO B,15320,True,116
2025,MUZ1255H,JAZZ PIANO D,3100,True,116
2025,MUZ1257H,OBOE B,15320,True,116
2025,MUZ1259H,OBOE D,6160,True,116
2025,MUZ1261H,ORGAN B,15320,True,116
2025,MUZ1263H,ORGAN D,6160,True,116
2025,MUZ1265H,PERCUSSION B,15320,True,116
2025,MUZ1267H,PERCUSSION D,6160,True,116
2025,MUZ1269H,PIANO B,15320,True,116
2025,MUZ1271H,PIANO D,6160,True,116
2025,MUZ1274H,RECORDER B,15320,True,116
2025,MUZ1276H,RECORDER D,6160,True,116
2025,MUZ1278H,SAXOPHONE B,15320,True,116
2025,MUZ1280H,SAXOPHONE D,6160,True,116
2025,MUZ1281H,SECONDARY PIANO,3100,True,116
2025,MUZ1283H,SINGING B,15320,True,116
2025,MUZ1285H,SINGING D,6160,True,116
2025,MUZ1287H,TROMBONE B,15320,True,116
2025,MUZ1289H,TROMBONE D,6160,True,116
2025,MUZ1291H,TRUMPET B,15320,True,116
2025,MUZ1293H,TRUMPET D,6160,True,116
2025,MUZ1294H,TUBA B,15320,True,116
2025,MUZ1296H,TUBA D,6160,True,116
2025,MUZ1298H,VIOLA B,15320,True,116
2025,MUZ1300H,VIOLA D,6160,True,116
2025,MUZ1302H,VIOLIN B,15320,True,116
2025,MUZ1304H,VIOLIN D,6160,True,116
2025,MUZ1305H,VOCAL STUDIES,15320,True,116
2025,MUZ1306H,JAZZ SINGING B,15320,True,117
2025,MUZ1307H,JAZZ SINGING D,6160,True,117
2025,MUZ1309H,ACCORDION B,15320,True,117
2025,MUZ1320F,ACCOMPANYING I (SSA),3100,True,117
2025,MUZ1320H,ACCOMPANYING I,6160,True,117
2025,MUZ1322F,AFRICAN MUSIC I,9220,True,117
2025,MUZ1323F,AFRICAN MUSIC ENSEMBLE I (SSA),3100,True,117
2025,MUZ1323H,AFRICAN MUSIC ENSEMBLE I,6160,True,117
2025,MUZ1323S,AFRICAN MUSIC ENSEMBLE I (SSA),3100,True,117
2025,MUZ1324H,AURAL I,7690,True,117
2025,MUZ1325H,AURAL INTRODUCTORY,7690,True,117
2025,MUZ1333H,ENSEMBLE,6160,True,117
2025,MUZ1335H,FIGURED BASS AND SCORE READING,4670,True,117
2025,MUZ1337H,FOUNDATION MUSIC THEORY,9230,True,117
2025,MUZ1338S,MUSIC IN SOCIETY,9230,True,117
2025,MUZ1339H,JAZZ IN CONTEXT I,9220,True,117
2025,MUZ1340H,MUSIC HIST & SOC I,9220,True,117
2025,MUZ1342H,JAZZ ENSEMBLE I,6160,True,117
2025,MUZ1343H,JAZZ IMPROVISATION I,9220,True,117
2025,MUZ1350H,MUSIC THEORY I,11250,True,117
2025,MUZ1351H,MUSIC THEORY AND ANALYSIS I,11250,True,117
2025,MUZ1363H,THEORY OF JAZZ I,10750,True,117
2025,MUZ1366H,WORLD MUSIC ENSEMBLE I,6160,True,117
2025,MUZ1367F,WORLDS OF MUSIC I,9220,True,117
2025,MUZ1368H,ENSEMBLE ADDITIONAL I,6160,True,117
2025,MUZ1369H,JAZZ ENSEMBLE ADDITIONAL I,6160,True,117
2025,MUZ1374H,SECONDARY MARIMBA I,3100,True,117
2025,MUZ1375H,AFRICAN MUSIC THEORY I,10750,True,117
2025,MUZ1377H,LYRIC DICTION I,9230,True,117
2025,MUZ1379H,JAZZ EAR TRAINING I,7690,True,117
2025,MUZ1380H,AFRICAN AURAL I,7690,True,117
2025,MUZ1381H,MUSIC TECHNOLOGY A,9230,True,117
2025,MUZ1385W,JAZZ FUNDAMENTALS,9230,True,117
2025,MUZ1386H,CLASSICAL SAXOPHONE B,15320,True,117
2025,MUZ1388H,CLASSICAL SAXOPHONE D,6160,True,117
2025,MUZ1389H,JAZZ BASS B,15320,True,117
2025,MUZ1390H,JAZZ BASS D,6160,True,117
2025,MUZ1391H,JAZZ CLARINET B,6160,True,117
2025,MUZ1392H,JAZZ CLARINET D,6160,True,117
2025,MUZ1393H,JAZZ FLUTE B,15320,True,117
2025,MUZ1394H,JAZZ FLUTE D,6160,True,117
2025,MUZ1395H,JAZZ TROMBONE B,15320,True,117
2025,MUZ1396H,JAZZ TROMBONE D,6160,True,117
2025,MUZ1397H,JAZZ TRUMPET B,15320,True,117
2025,MUZ1398H,JAZZ TRUMPET D,6160,True,117
2025,MUZ1403H,WORLD MUSIC INSTRUMENT I,15320,True,117
2025,MUZ1404H,OPERA TRAINING I,6160,True,117
2025,MUZ1405H,JAZZ VOCAL TECHNIQUES,3100,True,117
2025,MUZ2200H,AFRICAN INSTRUMENT A2,18390,True,117
2025,MUZ2201F,AFRICAN INSTRUMENT B2 (SSA),7690,True,117
2025,MUZ2201H,AFRICAN INSTRUMENT B2,15320,True,117
2025,MUZ2201S,AFRICAN INSTRUMENT B2 (SSA),7690,True,117
2025,MUZ2202H,AFRICAN INSTRUMENT C2,12240,True,117
2025,MUZ2203H,AFRICAN INSTRUMENT D2,11390,True,117
2025,MUZ2204H,BASS GUITAR B2,15320,True,117
2025,MUZ2205H,BASS GUITAR D2,11390,True,117
2025,MUZ2206H,BASSOON A2,18390,True,117
2025,MUZ2207H,BASSOON B2,15320,True,117
2025,MUZ2208H,BASSOON C2,12240,True,117
2025,MUZ2209H,BASSOON D2,11390,True,118
2025,MUZ2210H,CELLO A2,18390,True,118
2025,MUZ2211H,CELLO B2,15320,True,118
2025,MUZ2212H,CELLO C2,12240,True,118
2025,MUZ2213H,CELLO D2,11390,True,118
2025,MUZ2214H,CLARINET A2,18390,True,118
2025,MUZ2215H,CLARINET B2,15320,True,118
2025,MUZ2216H,CLARINET C2,12240,True,118
2025,MUZ2217H,CLARINET D2,11390,True,118
2025,MUZ2218H,CONDUCTING A2,18390,True,118
2025,MUZ2219H,CONDUCTING B2,15320,True,118
2025,MUZ2220H,CONDUCTING D2,11390,True,118
2025,MUZ2222H,DOUBLE BASS A2,18390,True,118
2025,MUZ2223H,DOUBLE BASS B2,15320,True,118
2025,MUZ2224H,DOUBLE BASS C2,12240,True,118
2025,MUZ2225H,DOUBLE BASS D2,11390,True,118
2025,MUZ2226H,DRUM SET B2,15320,True,118
2025,MUZ2227H,DRUM SET D2,11390,True,118
2025,MUZ2228H,EUPHONIUM A2,18390,True,118
2025,MUZ2229H,EUPHONIUM B2,15320,True,118
2025,MUZ2230H,EUPHONIUM C2,12240,True,118
2025,MUZ2231H,EUPHONIUM D2,11390,True,118
2025,MUZ2232H,FLUTE A2,18390,True,118
2025,MUZ2233H,FLUTE B2,15320,True,118
2025,MUZ2234H,FLUTE C2,12240,True,118
2025,MUZ2235H,FLUTE D2,11390,True,118
2025,MUZ2236H,GUITAR A2,18390,True,118
2025,MUZ2237H,GUITAR B2,15320,True,118
2025,MUZ2238H,GUITAR C2,12240,True,118
2025,MUZ2239H,GUITAR D2,11390,True,118
2025,MUZ2240H,HARP A2,18390,True,118
2025,MUZ2241H,HARP B2,15320,True,118
2025,MUZ2242H,HARP C2,12240,True,118
2025,MUZ2243H,HARP D2,11390,True,118
2025,MUZ2244H,HARPSICHORD A2,18390,True,118
2025,MUZ2245H,HARPSICHORD B2,15320,True,118
2025,MUZ2246H,HARPSICHORD C2,12240,True,118
2025,MUZ2247H,HARPSICHORD D2,11390,True,118
2025,MUZ2248H,HORN A2,18390,True,118
2025,MUZ2249H,HORN B2,15320,True,118
2025,MUZ2250H,HORN C2,12240,True,118
2025,MUZ2251H,HORN D2,11390,True,118
2025,MUZ2252H,JAZZ GUITAR B2,15320,True,118
2025,MUZ2253H,JAZZ GUITAR D2,11390,True,118
2025,MUZ2254H,JAZZ PIANO B2,15320,True,118
2025,MUZ2255H,JAZZ PIANO D2,3150,True,118
2025,MUZ2256H,OBOE A2,18390,True,118
2025,MUZ2257H,OBOE B2,15320,True,118
2025,MUZ2258H,OBOE C2,12240,True,118
2025,MUZ2259H,OBOE D2,11390,True,118
2025,MUZ2260H,ORGAN A2,18390,True,118
2025,MUZ2261H,ORGAN B2,15320,True,118
2025,MUZ2262H,ORGAN C2,12240,True,118
2025,MUZ2263H,ORGAN D2,11390,True,118
2025,MUZ2264H,PERCUSSION A2,18390,True,118
2025,MUZ2265H,PERCUSSION B2,15320,True,118
2025,MUZ2266H,PERCUSSION C2,12240,True,118
2025,MUZ2267H,PERCUSSION D2,11390,True,118
2025,MUZ2268H,PIANO A2,18390,True,118
2025,MUZ2269H,PIANO B2,15320,True,119
2025,MUZ2270H,PIANO C2,12240,True,119
2025,MUZ2271H,PIANO D2,11390,True,119
2025,MUZ2273H,RECORDER A2,18390,True,119
2025,MUZ2274H,RECORDER B2,15320,True,119
2025,MUZ2275H,RECORDER C2,12240,True,119
2025,MUZ2276H,RECORDER D2,11390,True,119
2025,MUZ2278H,SAXOPHONE B2,15320,True,119
2025,MUZ2280H,SAXOPHONE D2,11390,True,119
2025,MUZ2281H,SECONDARY PIANO 2,3100,True,119
2025,MUZ2282H,SINGING A2,18390,True,119
2025,MUZ2283H,SINGING B2,15320,True,119
2025,MUZ2284H,SINGING C2,12240,True,119
2025,MUZ2285H,SINGING D2,11390,True,119
2025,MUZ2286H,TROMBONE A2,18390,True,119
2025,MUZ2287H,TROMBONE B2,15320,True,119
2025,MUZ2288H,TROMBONE C2,12240,True,119
2025,MUZ2289H,TROMBONE D2,11390,True,119
2025,MUZ2290H,TRUMPET A2,18390,True,119
2025,MUZ2291H,TRUMPET B2,15320,True,119
2025,MUZ2292H,TRUMPET C2,12240,True,119
2025,MUZ2293H,TRUMPET D2,11390,True,119
2025,MUZ2294H,TUBA B2,15320,True,119
2025,MUZ2295H,TUBA C2,12240,True,119
2025,MUZ2296H,TUBA D2,11390,True,119
2025,MUZ2297H,VIOLA A2,18390,True,119
2025,MUZ2298H,VIOLA B2,15320,True,119
2025,MUZ2299H,VIOLA C2,12240,True,119
2025,MUZ2300H,VIOLA D2,11390,True,119
2025,MUZ2301H,VIOLIN A2,18390,True,119
2025,MUZ2302H,VIOLIN B2,15320,True,119
2025,MUZ2303H,VIOLIN C2,12240,True,119
2025,MUZ2304H,VIOLIN D2,11390,True,119
2025,MUZ2305H,VOCAL STUDIES 2,11700,True,119
2025,MUZ2306H,JAZZ SINGING B2,15320,True,119
2025,MUZ2307H,JAZZ SINGING D2,11390,True,119
2025,MUZ2308H,ACCORDION A2,18390,True,119
2025,MUZ2309H,ACCORDION B2,15320,True,119
2025,MUZ2320H,ACCOMPANYING II,4670,True,119
2025,MUZ2322S,AFRICAN MUSIC II,10750,True,119
2025,MUZ2323H,AFRICAN MUSIC ENSEMBLE II,6160,True,119
2025,MUZ2324H,AURAL II,7690,True,119
2025,MUZ2328H,CHAMBER MUSIC I,10750,True,119
2025,MUZ2330H,COMPOSITION I,9220,True,119
2025,MUZ2333H,ENSEMBLE II,4670,True,119
2025,MUZ2339H,JAZZ IN CONTEXT II,10750,True,119
2025,MUZ2340H,MUSIC HIST & SOC II,10750,True,119
2025,MUZ2342H,JAZZ ENSEMBLE II,6160,True,119
2025,MUZ2343H,JAZZ IMPROVISATION II,12270,True,119
2025,MUZ2346H,REP & APPLIED REP STUDIES II,9330,True,119
2025,MUZ2349H,MUSIC EDUCATION I,10750,True,119
2025,MUZ2350H,MUSIC THEORY II,11390,True,119
2025,MUZ2351H,MUSIC THEORY AND ANALYSIS II,12240,True,119
2025,MUZ2356H,REP AND APPLIED REP STUDIES I,9330,True,119
2025,MUZ2363H,THEORY OF JAZZ II,12240,True,119
2025,MUZ2365H,TEACHING METHOD & REPERTOIRE I,4670,True,119
2025,MUZ2366H,WORLD MUSIC ENSEMBLE II,6160,True,119
2025,MUZ2367S,WORLDS OF MUSIC II,10750,True,119
2025,MUZ2368H,ENSEMBLE ADDITIONAL II,4670,True,119
2025,MUZ2369H,JAZZ ENSEMBLE ADDITIONAL II,6160,True,120
2025,MUZ2372H,MUSIC TECHNOLOGY IIA,10750,True,120
2025,MUZ2373H,MUSIC TECHNOLOGY IIB,10750,True,120
2025,MUZ2374H,SECONDARY MARIMBA II,3150,True,120
2025,MUZ2375H,AFRICAN MUSIC THEORY II,12240,True,120
2025,MUZ2377H,LYRIC DICTION II,11390,True,120
2025,MUZ2379H,JAZZ EAR TRAINING II,9220,True,120
2025,MUZ2380H,AFRICAN AURAL II,7690,True,120
2025,MUZ2385H,CLASSICAL SAXOPHONE A2,18390,True,120
2025,MUZ2386H,CLASSICAL SAXOPHONE B2,15320,True,120
2025,MUZ2387H,CLASSICAL SAXOPHONE C2,12240,True,120
2025,MUZ2388H,CLASSICAL SAXOPHONE D2,11390,True,120
2025,MUZ2389H,JAZZ BASS B2,15320,True,120
2025,MUZ2390H,JAZZ BASS D2,11390,True,120
2025,MUZ2391H,JAZZ CLARINET B2,15320,True,120
2025,MUZ2392H,JAZZ CLARINET D2,11390,True,120
2025,MUZ2393H,JAZZ FLUTE B2,15320,True,120
2025,MUZ2394H,JAZZ FLUTE D2,11390,True,120
2025,MUZ2395H,JAZZ TROMBONE B2,15320,True,120
2025,MUZ2396H,JAZZ TROMBONE D2,11390,True,120
2025,MUZ2397H,JAZZ TRUMPET B2,15320,True,120
2025,MUZ2398H,JAZZ TRUMPET D2,11390,True,120
2025,MUZ2402H,TUBA A2,18390,True,120
2025,MUZ2403H,WORLD MUSIC INSTRUMENT II,18390,True,120
2025,MUZ2404H,OPERA TRAINING II,10750,True,120
2025,MUZ3200H,AFRICAN INSTRUMENT A3,24490,True,120
2025,MUZ3201H,AFRICAN INSTRUMENT B3,18390,True,120
2025,MUZ3202H,AFRICAN INSTRUMENT C3,12240,True,120
2025,MUZ3203H,AFRICAN INSTRUMENT D3,12270,True,120
2025,MUZ3204H,BASS GUITAR B3,18390,True,120
2025,MUZ3205H,BASS GUITAR D3,12270,True,120
2025,MUZ3206H,BASSOON A3,24490,True,120
2025,MUZ3207H,BASSOON B3,18390,True,120
2025,MUZ3208H,BASSOON C3,12240,True,120
2025,MUZ3209H,BASSOON D3,12270,True,120
2025,MUZ3210H,CELLO A3,24490,True,120
2025,MUZ3211H,CELLO B3,18390,True,120
2025,MUZ3212H,CELLO C3,12240,True,120
2025,MUZ3213H,CELLO D3,12270,True,120
2025,MUZ3214H,CLARINET A3,24490,True,120
2025,MUZ3215H,CLARINET B3,18390,True,120
2025,MUZ3216H,CLARINET C3,12240,True,120
2025,MUZ3217H,CLARINET D3,12270,True,120
2025,MUZ3218H,CONDUCTING A3,24490,True,120
2025,MUZ3219H,CONDUCTING B3,18390,True,120
2025,MUZ3220H,CONDUCTING D3,12280,True,120
2025,MUZ3222H,DOUBLE BASS A3,24490,True,120
2025,MUZ3223H,DOUBLE BASS B3,18390,True,120
2025,MUZ3224H,DOUBLE BASS C3,12240,True,120
2025,MUZ3225H,DOUBLE BASS D3,12270,True,120
2025,MUZ3226H,DRUM SET B3,18390,True,120
2025,MUZ3227H,DRUM SET D3,12270,True,120
2025,MUZ3228H,EUPHONIUM A3,24490,True,120
2025,MUZ3229H,EUPHONIUM B3,18390,True,120
2025,MUZ3230H,EUPHONIUM C3,12240,True,120
2025,MUZ3231H,EUPHONIUM D3,12270,True,120
2025,MUZ3232H,FLUTE A3,24490,True,120
2025,MUZ3233H,FLUTE B3,18390,True,120
2025,MUZ3234H,FLUTE C3,12240,True,120
2025,MUZ3235H,FLUTE D3,12270,True,121
2025,MUZ3236H,GUITAR A3,24490,True,121
2025,MUZ3237H,GUITAR B3,18390,True,121
2025,MUZ3238H,GUITAR C3,12240,True,121
2025,MUZ3239H,GUITAR D3,12270,True,121
2025,MUZ3240H,HARP A3,24490,True,121
2025,MUZ3241H,HARP B3,18390,True,121
2025,MUZ3242H,HARP C3,12240,True,121
2025,MUZ3243H,HARP D3,12270,True,121
2025,MUZ3244H,HARPSICHORD A3,24490,True,121
2025,MUZ3245H,HARPSICHORD B3,18390,True,121
2025,MUZ3246H,HARPSICHORD C3,12240,True,121
2025,MUZ3247H,HARPSICHORD D3,12270,True,121
2025,MUZ3248H,HORN A3,24490,True,121
2025,MUZ3249H,HORN B3,18390,True,121
2025,MUZ3250H,HORN C3,12240,True,121
2025,MUZ3251H,HORN D3,12270,True,121
2025,MUZ3252H,JAZZ GUITAR B3,18390,True,121
2025,MUZ3253H,JAZZ GUITAR D3,12270,True,121
2025,MUZ3254H,JAZZ PIANO B3,18390,True,121
2025,MUZ3256H,OBOE A3,24490,True,121
2025,MUZ3257H,OBOE B3,18390,True,121
2025,MUZ3258H,OBOE C3,12240,True,121
2025,MUZ3259H,OBOE D3,12270,True,121
2025,MUZ3260H,ORGAN A3,24490,True,121
2025,MUZ3261H,ORGAN B3,18390,True,121
2025,MUZ3262H,ORGAN C3,12240,True,121
2025,MUZ3263H,ORGAN D3,12270,True,121
2025,MUZ3264H,PERCUSSION A3,24490,True,121
2025,MUZ3265H,PERCUSSION B3,18390,True,121
2025,MUZ3266H,PERCUSSION C3,12240,True,121
2025,MUZ3267H,PERCUSSION D3,12270,True,121
2025,MUZ3268H,PIANO A3,24490,True,121
2025,MUZ3269H,PIANO B3,18390,True,121
2025,MUZ3270H,PIANO C3,12240,True,121
2025,MUZ3271H,PIANO D3,12270,True,121
2025,MUZ3273H,RECORDER A3,24490,True,121
2025,MUZ3274H,RECORDER B3,18390,True,121
2025,MUZ3275H,RECORDER C3,12240,True,121
2025,MUZ3276H,RECORDER D3,12270,True,121
2025,MUZ3278H,SAXOPHONE B3,18390,True,121
2025,MUZ3280H,SAXOPHONE D3,12270,True,121
2025,MUZ3282H,SINGING A3,24490,True,121
2025,MUZ3283H,SINGING B3,18390,True,121
2025,MUZ3284H,SINGING C3,12240,True,121
2025,MUZ3285H,SINGING D3,12270,True,121
2025,MUZ3286H,TROMBONE A3,24490,True,121
2025,MUZ3287H,TROMBONE B3,18390,True,121
2025,MUZ3288H,TROMBONE C3,12240,True,121
2025,MUZ3289H,TROMBONE D3,12270,True,121
2025,MUZ3290H,TRUMPET A3,24490,True,121
2025,MUZ3291H,TRUMPET B3,18390,True,121
2025,MUZ3292H,TRUMPET C3,12240,True,121
2025,MUZ3293H,TRUMPET D3,12270,True,121
2025,MUZ3294H,TUBA B3,18390,True,121
2025,MUZ3295H,TUBA C3,12240,True,121
2025,MUZ3296H,TUBA D3,12270,True,121
2025,MUZ3297H,VIOLA A3,24490,True,121
2025,MUZ3298H,VIOLA B3,18390,True,121
2025,MUZ3299H,VIOLA C3,12240,True,122
2025,MUZ3300H,VIOLA D3,12270,True,122
2025,MUZ3301H,VIOLIN A3,24490,True,122
2025,MUZ3302H,VIOLIN B3,18390,True,122
2025,MUZ3303H,VIOLIN C3,12240,True,122
2025,MUZ3304H,VIOLIN D3,12270,True,122
2025,MUZ3305H,VOCAL STUDIES 3,11700,True,122
2025,MUZ3306H,JAZZ SINGING B3,18390,True,122
2025,MUZ3307H,JAZZ SINGING D3,12270,True,122
2025,MUZ3308H,ACCORDION A3,24490,True,122
2025,MUZ3309H,ACCORDION B3,18390,True,122
2025,MUZ3320H,ACCOMPANYING III,4670,True,122
2025,MUZ3323H,AFRICAN MUSIC ENSEMBLE III,9230,True,122
2025,MUZ3324F,ADV TOP IN AFRI & WORLD MUS 3,12240,True,122
2025,MUZ3328H,CHAMBER MUSIC II,18390,True,122
2025,MUZ3330H,COMPOSITION II,12240,True,122
2025,MUZ3333H,ENSEMBLE III,4670,True,122
2025,MUZ3333S,ENSEMBLE III (SSA),2340,True,122
2025,MUZ3339H,JAZZ IN CONTEXT III,13990,True,122
2025,MUZ3340H,MUSIC IN HISTORY & SOCIETY III,12270,True,122
2025,MUZ3342H,JAZZ ENSEMBLE III,6160,True,122
2025,MUZ3343H,JAZZ IMPROVISATION III,18390,True,122
2025,MUZ3349H,MUSIC EDUCATION II,12240,True,122
2025,MUZ3351H,MUSIC THEORY AND ANALYSIS III,13780,True,122
2025,MUZ3355H,ORCHESTRATION I,9220,True,122
2025,MUZ3360H,TEACHING METHOD,5050,True,122
2025,MUZ3365H,TEACHING METHOD &REPERTOIRE II,4670,True,122
2025,MUZ3366H,WORLD MUSIC ENSEMBLE III,6160,True,122
2025,MUZ3368H,ENSEMBLE ADDITIONAL III,4670,True,122
2025,MUZ3369H,JAZZ ENSEMBLE ADDITIONAL III,6160,True,122
2025,MUZ3371H,MUSIC TECHNOLOGY IIIA,12240,True,122
2025,MUZ3372H,MUSIC TECHNOLOGY IIIB,7520,True,122
2025,MUZ3375H,AFRICAN MUSIC THEORY III,13780,True,122
2025,MUZ3377H,LYRIC DICTION III,11390,True,122
2025,MUZ3379H,JAZZ STYLES & ANALYSIS,12270,True,122
2025,MUZ3380H,JAZZ PEDAGOGY,6160,True,122
2025,MUZ3381H,JAZZ MASTERCLASS,12270,True,122
2025,MUZ3384H,JAZZ ARRANGING A,18390,True,122
2025,MUZ3385H,CLASSICAL SAXOPHONE A3,24350,True,122
2025,MUZ3386H,CLASSICAL SAXOPHONE B3,18390,True,122
2025,MUZ3387H,CLASSICAL SAXOPHONE C3,11940,True,122
2025,MUZ3388H,CLASSICAL SAXOPHONE D3,12270,True,122
2025,MUZ3389H,JAZZ BASS B3,18390,True,122
2025,MUZ3390H,JAZZ BASS D3,12270,True,122
2025,MUZ3391H,JAZZ CLARINET B3,18390,True,122
2025,MUZ3392H,JAZZ CLARINET D3,12270,True,122
2025,MUZ3393H,JAZZ FLUTE B3,18390,True,122
2025,MUZ3394H,JAZZ FLUTE D3,12270,True,122
2025,MUZ3395H,JAZZ TROMBONE B3,18390,True,122
2025,MUZ3396H,JAZZ TROMBONE D3,12270,True,122
2025,MUZ3397H,JAZZ TRUMPET B3,18390,True,122
2025,MUZ3398H,JAZZ TRUMPET D3,12270,True,122
2025,MUZ3402H,TUBA A3,24490,True,122
2025,MUZ3403H,WORLD MUSIC INSTRUMENT III,24490,True,122
2025,MUZ3404H,OPERA TRAINING III,24490,True,122
2025,MUZ3707H,ADVTRANS. MTDS (AFRICAN MUS),12530,True,122
2025,MUZ4022F,SELECTED TOPICS IN MUSICOL A,11200,True,122
2025,MUZ4022S,SELECTED TOPICS IN MUSICOL A,11200,True,122
2025,MUZ4025H,MAJOR RECITAL - HONOURS,24050,True,122
2025,MUZ4027H,MINOR RECITAL I - HONOURS,12090,True,123
2025,MUZ4028H,MINOR RECITAL II - HONOURS,12090,True,123
2025,MUZ4029H,MINOR RECITAL - JAZZ/AFRICAN,22240,True,123
2025,MUZ4030H,COMPOSITION MINOR PORTFOLIO,11200,True,123
2025,MUZ4031H,COMPOSITION (MAJOR) - HONOURS,44430,True,123
2025,MUZ4033H,RESEARCH ESSAY/PROJECT,11200,True,123
2025,MUZ4034H,ORCHESTRATION PORTFOLIO,11200,True,123
2025,MUZ4037H,SELECTED TOPICS B,11200,True,123
2025,MUZ4038F,SELECTED TOPICS C,11200,True,123
2025,MUZ4038S,SELECTED TOPICS C,11200,True,123
2025,MUZ4045F,MUSIC ANALYSIS D,11200,True,123
2025,MUZ4050H,INTERIM MAJOR RECITAL PGDIP,18160,True,123
2025,MUZ4051H,MINOR RECITAL II PGDIP,9150,True,123
2025,MUZ4052H,FINAL MAJOR RECITAL PGDIP,18160,True,123
2025,MUZ4053H,MINOR RECITAL I PG DIP,9150,True,123
2025,MUZ4054F,TOPICS IN MUSIC TECHNOLOGY,11200,True,123
2025,MUZ4054S,TOPICS IN MUSIC TECHNOLOGY,11200,True,123
2025,MUZ4055F,TOPICS IN HIST MUSICOLOGY A,11200,True,123
2025,MUZ4055S,TOPICS IN HIST MUSICOLOGY A,11200,True,123
2025,MUZ4200W,AFRICAN INSTRUMENT A4,30410,True,123
2025,MUZ4201W,AFRICAN INSTRUMENT B4,24350,True,123
2025,MUZ4202H,AFRICAN INSTRUMENT C4,11390,True,123
2025,MUZ4203H,AFRICAN INSTRUMENT D4,12270,True,123
2025,MUZ4204W,BASS GUITAR B4,24350,True,123
2025,MUZ4205H,BASS GUITAR D4,12270,True,123
2025,MUZ4206W,BASSOON A4,30410,True,123
2025,MUZ4207W,BASSOON B4,24350,True,123
2025,MUZ4208H,BASSOON C4,11390,True,123
2025,MUZ4209H,BASSOON D4,12270,True,123
2025,MUZ4210W,CELLO A4,30410,True,123
2025,MUZ4211W,CELLO B4,24350,True,123
2025,MUZ4212H,CELLO C4,11390,True,123
2025,MUZ4213H,CELLO D4,12270,True,123
2025,MUZ4214W,CLARINET A4,30410,True,123
2025,MUZ4215W,CLARINET B4,24350,True,123
2025,MUZ4216H,CLARINET C4,11390,True,123
2025,MUZ4217H,CLARINET D4,12270,True,123
2025,MUZ4218W,CONDUCTING A4,30410,True,123
2025,MUZ4219W,CONDUCTING B4,24350,True,123
2025,MUZ4220H,CONDUCTING D4,12270,True,123
2025,MUZ4222W,DOUBLE BASS A4,30410,True,123
2025,MUZ4223W,DOUBLE BASS B4,24350,True,123
2025,MUZ4224H,DOUBLE BASS C4,11390,True,123
2025,MUZ4225H,DOUBLE BASS D4,12270,True,123
2025,MUZ4226W,DRUM SET B4,24350,True,123
2025,MUZ4227H,DRUM SET D4,12270,True,123
2025,MUZ4228W,EUPHONIUM A4,30410,True,123
2025,MUZ4229W,EUPHONIUM B4,24350,True,123
2025,MUZ4230H,EUPHONIUM C4,11390,True,123
2025,MUZ4231H,EUPHONIUM D4,12270,True,123
2025,MUZ4232W,FLUTE A4,30410,True,123
2025,MUZ4233W,FLUTE B4,24350,True,123
2025,MUZ4234H,FLUTE C4,11390,True,123
2025,MUZ4235H,FLUTE D4,12270,True,123
2025,MUZ4236W,GUITAR A4,30410,True,123
2025,MUZ4237W,GUITAR B4,24350,True,123
2025,MUZ4238H,GUITAR C4,11390,True,123
2025,MUZ4239H,GUITAR D4,12270,True,123
2025,MUZ4240W,HARP A4,30410,True,123
2025,MUZ4241W,HARP B4,24350,True,124
2025,MUZ4242H,HARP C4,11390,True,124
2025,MUZ4243H,HARP D4,12270,True,124
2025,MUZ4244W,HARPSICHORD A4,30410,True,124
2025,MUZ4245W,HARPSICHORD B4,24350,True,124
2025,MUZ4246H,HARPSICHORD C4,11390,True,124
2025,MUZ4247H,HARPSICHORD D4,12270,True,124
2025,MUZ4248W,HORN A4,30410,True,124
2025,MUZ4249W,HORN B4,24350,True,124
2025,MUZ4250H,HORN C4,11390,True,124
2025,MUZ4251H,HORN D4,12270,True,124
2025,MUZ4252W,JAZZ GUITAR B4,24350,True,124
2025,MUZ4253H,JAZZ GUITAR D4,12270,True,124
2025,MUZ4254W,JAZZ PIANO B4,24350,True,124
2025,MUZ4255H,JAZZ PIANO D4,12270,True,124
2025,MUZ4256W,OBOE A4,30410,True,124
2025,MUZ4257W,OBOE B4,24350,True,124
2025,MUZ4258H,OBOE C4,11390,True,124
2025,MUZ4259H,OBOE D4,12270,True,124
2025,MUZ4260W,ORGAN A4,30410,True,124
2025,MUZ4261W,ORGAN B4,24350,True,124
2025,MUZ4262H,ORGAN C4,11390,True,124
2025,MUZ4263H,ORGAN D4,12270,True,124
2025,MUZ4264W,PERCUSSION A4,30410,True,124
2025,MUZ4265W,PERCUSSION B4,24350,True,124
2025,MUZ4266H,PERCUSSION C4,11390,True,124
2025,MUZ4267H,PERCUSSION D4,12270,True,124
2025,MUZ4268W,PIANO A4,30410,True,124
2025,MUZ4269W,PIANO B4,24350,True,124
2025,MUZ4270H,PIANO C4,11390,True,124
2025,MUZ4271H,PIANO D4,12270,True,124
2025,MUZ4273W,RECORDER A4,30410,True,124
2025,MUZ4274W,RECORDER B4,24350,True,124
2025,MUZ4275H,RECORDER C4,11390,True,124
2025,MUZ4276H,RECORDER D4,12270,True,124
2025,MUZ4278W,SAXOPHONE B4,24350,True,124
2025,MUZ4280H,SAXOPHONE D4,12270,True,124
2025,MUZ4282W,SINGING A4,30410,True,124
2025,MUZ4283W,SINGING B4,24350,True,124
2025,MUZ4284H,SINGING C4,11390,True,124
2025,MUZ4285H,SINGING D4,12270,True,124
2025,MUZ4286W,TROMBONE A4,30410,True,124
2025,MUZ4287W,TROMBONE B4,24350,True,124
2025,MUZ4288H,TROMBONE C4,11390,True,124
2025,MUZ4289H,TROMBONE D4,12270,True,124
2025,MUZ4290W,TRUMPET A4,30410,True,124
2025,MUZ4291W,TRUMPET B4,24350,True,124
2025,MUZ4292H,TRUMPET C4,11390,True,124
2025,MUZ4293H,TRUMPET D4,12270,True,124
2025,MUZ4294W,TUBA B4,24350,True,124
2025,MUZ4295H,TUBA C4,11390,True,124
2025,MUZ4296H,TUBA D4,12270,True,124
2025,MUZ4297W,VIOLA A4,30410,True,124
2025,MUZ4298W,VIOLA B4,24350,True,124
2025,MUZ4299H,VIOLA C4,11390,True,124
2025,MUZ4300H,VIOLA D4,12270,True,124
2025,MUZ4301W,VIOLIN A4,30410,True,124
2025,MUZ4302W,VIOLIN B4,24350,True,124
2025,MUZ4303H,VIOLIN C4,11390,True,124
2025,MUZ4304H,VIOLIN D4,12270,True,125
2025,MUZ4305W,VOCAL STUDIES 4,13990,True,125
2025,MUZ4306W,JAZZ SINGING B4,24350,True,125
2025,MUZ4307H,JAZZ SINGING D4,12270,True,125
2025,MUZ4308W,ACCORDION A4,30410,True,125
2025,MUZ4309W,ACCORDION B4,24350,True,125
2025,MUZ4323H,AFRICAN MUSIC ENSEMBLE IV,9230,True,125
2025,MUZ4324S,ADV TOP AFRICAN & WORLD MUS 4,18270,True,125
2025,MUZ4328H,CHAMBER MUSIC III,18390,True,125
2025,MUZ4330H,COMPOSITION III,12270,True,125
2025,MUZ4333H,ENSEMBLE IV,4670,True,125
2025,MUZ4340H,MUSIC IN HISTORY & SOCIETY IV,18390,True,125
2025,MUZ4342H,JAZZ ENSEMBLE IV,6160,True,125
2025,MUZ4351H,MUSIC THEORY AND ANALYSIS IV,18270,True,125
2025,MUZ4355H,ORCHESTRATION II,12240,True,125
2025,MUZ4368H,ENSEMBLE ADDITIONAL IV,4670,True,125
2025,MUZ4369H,JAZZ ENSEMBLE ADDITIONAL IV,12240,True,125
2025,MUZ4371H,MUSIC TECHNOLOGY IV,36510,True,125
2025,MUZ4372W,MUSICOLOGY,15310,True,125
2025,MUZ4382W,JAZZ IMPROVISATION IV,24350,True,125
2025,MUZ4384H,JAZZ ARRANGING B,24350,True,125
2025,MUZ4385W,CLASSICAL SAXOPHONE A4,30410,True,125
2025,MUZ4386W,CLASSICAL SAXOPHONE B4,24350,True,125
2025,MUZ4387H,CLASSICAL SAXOPHONE C4,11390,True,125
2025,MUZ4388H,CLASSICAL SAXOPHONE D4,11390,True,125
2025,MUZ4389W,JAZZ BASS B4,24350,True,125
2025,MUZ4390H,JAZZ BASS D4,12270,True,125
2025,MUZ4391W,JAZZ CLARINET B4,24350,True,125
2025,MUZ4392H,JAZZ CLARINET D4,12270,True,125
2025,MUZ4394H,JAZZ FLUTE D4,12270,True,125
2025,MUZ4394W,JAZZ FLUTE B4,24350,True,125
2025,MUZ4395W,JAZZ TROMBONE B4,24350,True,125
2025,MUZ4396H,JAZZ TROMBONE D4,12270,True,125
2025,MUZ4397W,JAZZ TRUMPET B4,24350,True,125
2025,MUZ4398H,JAZZ TRUMPET D4,12270,True,125
2025,MUZ4402H,TUBA A4,30410,True,125
2025,MUZ4404H,OPERA TRAINING IV,30410,True,125
2025,MUZ5003W,INTERIM MAJOR RECITAL (MMUS),18160,True,125
2025,MUZ5004W,MINOR RECITAL I (MMUS),9150,True,125
2025,MUZ5005W,MINOR RECITAL II (MMUS),9150,True,125
2025,MUZ5006W,FINAL MAJOR RECITAL (MMUS),18160,True,125
2025,MUZ5008W,MASTERS IN MUSIC,37780,True,125
2025,MUZ5013W,COMPOSITION 50% - MASTERS,50230,True,125
2025,MUZ5023F,ADVANCED MUSIC ANALYSIS A,12640,True,125
2025,MUZ5023S,ADVANCED MUSIC ANALYSIS A,12640,True,125
2025,MUZ5055F,TOPICS IN HIST MUSICOLOGY B,12640,True,125
2025,MUZ5055S,TOPICS IN HIST MUSICOLOGY B,12640,True,125
2025,MUZ5056F,TOPICS IN HIST MUSCICOLOGY C,12640,True,125
2025,MUZ5057W,MINOR DISSERTATION/PROJE,23010,True,125
2025,MUZ5058F,TOPICS IN MUSICOLOGY A,12640,True,125
2025,MUZ5058S,TOPICS IN MUSICOLOGY A,12640,True,125
2025,MUZ5059F,TOPICS IN MUSICOLOGY B,12640,True,125
2025,MUZ5059S,TOPICS IN MUSICOLOGY B,12640,True,125
2025,MUZ5060S,SELECTED TOPICS MUSICOLOGY C,12640,True,125
2025,MUZ5061F,ETHNOGRAPHIC METHODS,12640,True,125
2025,MUZ5062F,TOPICS IN ETHNOMUSICOLOGY,12640,True,125
2025,MUZ5062S,TOPICS IN ETHNOMUSICOLOGY,12640,True,125
2025,MUZ5063H,MUSICOLOGY D,12640,True,125
2025,MUZ5064F,ELECTROACOUSTIC MUSIC ANALYSIS,12640,True,125
2025,MUZ5064S,ELECTROACOUSTIC MUSIC ANALYSIS,12640,True,126
2025,MUZ6000W,PHD IN MUSIC,27170,True,126
2025,MUZ9000Z,POSTDOCTORAL FELLOW,0,True,126
2025,OBS2001F,SPECIAL STUDY MODULES,7420,True,126
2025,OBS2001S,SPECIAL STUDY MODULES,7420,True,126
2025,OBS4006W,OBSTETRICS EXT CREDIT,18160,True,126
2025,OBS4103X,OBSTETRICS,17390,True,126
2025,OBS4106X,OBSTETRICS EXT CREDIT,18160,True,126
2025,OBS4203X,OBSTETRICS,17390,True,126
2025,OBS4206X,OBSTETRICS EXT CREDIT,18160,True,126
2025,OBS4303X,OBSTETRICS,17390,True,126
2025,OBS4306X,OBSTETRICS EXT CREDIT,18160,True,126
2025,OBS4403X,OBSTETRICS,17390,True,126
2025,OBS4406X,OBSTETRICS EXT CREDIT,18160,True,126
2025,OBS4503X,OBSTETRICS,17390,True,126
2025,OBS4506X,OBSTETRICS EXT CREDIT,18160,True,126
2025,OBS5001W,OBSTETRICS & GYNAECOLOGY DISS,43030,True,126
2025,OBS5006W,GYNAECOLOGY EXTERNAL CREDIT,9660,True,126
2025,OBS5007W,OBSTETRICS FOR EXTERNAL CREDIT,9660,True,126
2025,OBS5105X,GYNAECOLOGY,10080,True,126
2025,OBS5106X,GYNAECOLOGY EXTERNAL CREDIT,9660,True,126
2025,OBS5107X,OBSTETRICS EXT CRED,9660,True,126
2025,OBS5205X,GYNAECOLOGY,10080,True,126
2025,OBS5206X,GYNAECOLOGY EXTERNAL CREDIT,9660,True,126
2025,OBS5207X,OBSTETRICS EXT CRED,9660,True,126
2025,OBS5305X,GYNAECOLOGY,10080,True,126
2025,OBS5306X,GYNAECOLOGY EXTERNAL CREDIT,9660,True,126
2025,OBS5307X,OBSTETRICS EXT CRED,9660,True,126
2025,OBS5405X,GYNAECOLOGY,10080,True,126
2025,OBS5406X,GYNAECOLOGY EXTERNAL CREDIT,9660,True,126
2025,OBS5407X,OBSTETRICS EXT CRED,9660,True,126
2025,OBS5505X,GYNAECOLOGY,10080,True,126
2025,OBS5506X,GYNAECOLOGY EXTERNAL CREDIT,9660,True,126
2025,OBS5507X,OBSTETRICS EXT CRED,9660,True,126
2025,OBS6100X,OBSTETRICS & GYNAECOLOGY,22630,True,126
2025,OBS6200X,OBSTETRICS & GYNAECOLOGY,22630,True,126
2025,OBS6300X,OBSTETRICS & GYNAECOLOGY,22630,True,126
2025,OBS6400X,OBSTETRICS & GYNAECOLOGY,22630,True,126
2025,OBS6500X,OBSTETRICS & GYNAECOLOGY,22630,True,126
2025,OBS7001W,OBS & GYNAE THESIS,27170,True,126
2025,OBS7002W,MD OBSTETRICS & GYNAECOLOGY,27170,True,126
2025,OBS7006W,MMED OBSTETS & GYNAE PT 2,19850,True,126
2025,OBS7007W,OBS&GYNAE MIN DISS (60 CRED),3520,True,126
2025,OBS7008W,MPHIL REPRODUCTIVE MED PT,19100,True,126
2025,OBS7009W,REPRODUCTIVE MED M/DISS (60),8670,True,126
2025,OBS7010W,MPHIL GYNAECOL ONCOLOGY PT,19100,True,126
2025,OBS7011W,GYNAECOL ONCOLOGY M/DISS (60),8670,True,126
2025,OBS7013W,MPHIL MATERN & FETAL MED PT,19100,True,126
2025,OBS7014W,MATERN & FETAL MED M/DISS (60),8670,True,126
2025,OBS7015W,MMED O&G PT B,13260,True,126
2025,OBS7016W,MMED O&G PT A,6690,True,126
2025,OBS7017W,MPHIL IN UROGYNAE PART,19100,True,126
2025,OBS7018W,UROGYNAE MIN DISS (60 CRED),8670,True,126
2025,PBL2000F,CONSTITUTIONAL LAW (PART A),9540,True,126
2025,PBL2000W,CONSTITUTIONAL LAW,19040,True,126
2025,PBL2800F,CRIME & DEVIANCE IN SA CITIES,9540,True,126
2025,PBL3001F,INTERNATIONAL LAW,9540,True,126
2025,PBL3801F,CRIMINAL LAW (PART A),9540,True,126
2025,PBL3801W,CRIMINAL LAW,17180,True,126
2025,PBL4001W,ADMINISTRATIVE LAW,17180,True,127
2025,PBL4401H,INDEPENDENT RESEARCH OPTION,4960,True,127
2025,PBL4402H,INDEPENDENT RESEARCH OPTION,4960,True,127
2025,PBL4501F,CRIMINOLOGY: SELECTED ISSUES,4960,True,127
2025,PBL4502F,ENVIRONMENTAL LAW,4960,True,127
2025,PBL4504F,INTERNAT CRIM LAW AND AFRICA,4960,True,127
2025,PBL4506F,REFUGEE AND IMMIGRATION LAW,4960,True,127
2025,PBL4601S,CONSTITUTIONAL LITIGATION,4960,True,127
2025,PBL4602F,CRIM JUSTICE & CONSTITUTION,4960,True,127
2025,PBL4604F,SOC JUSTICE & THE CONSTITUTION,4960,True,127
2025,PBL4605F,WOMEN AND LAW,4960,True,127
2025,PBL4606H,MOOT CAPUT,4960,True,127
2025,PBL4607F,INTERNATIONAL LAW OF THE SEA,23630,True,127
2025,PBL4615F,INTERNATIONAL LAW,23630,True,127
2025,PBL4618S,DISPUTES AND USE OF FORCE,23630,True,127
2025,PBL4619S,INTERNATIONAL ENVIRO LAW,23630,True,127
2025,PBL4623F,GOVERN UNDER CONSTITUTION,23630,True,127
2025,PBL4631F,INT. PROTECTION OF HUMAN RIGHT,23630,True,127
2025,PBL4640F,PRINCIPLES OF ENVIRO LAW,23630,True,127
2025,PBL4641F,LAND USE PLANNING LAW,23630,True,127
2025,PBL4642S,NATURAL RESOURCES LAW,23630,True,127
2025,PBL4643S,POLLUTION LAW,23630,True,127
2025,PBL4658S,ADMIN JUSTICE & OPEN GOVT,23630,True,127
2025,PBL4661F,JUD SKILLS & PRAC JURISPRUD,23630,True,127
2025,PBL4662S,JUDGE IN A CONSTIT DEMOC,23630,True,127
2025,PBL4663S,PRAC APPROACH EVIDENCE LAW,23630,True,127
2025,PBL4664F,PRACTICAL COURT PROCESSES,23630,True,127
2025,PBL4666S,RESEARCH PAPER IN JUD STUDIES,23630,True,127
2025,PBL4667S,LAW & TECH FOR JUD OFFICERS,23630,True,127
2025,PBL4668S,INSTRUM CRTS & CASES FOR JO,23630,True,127
2025,PBL4801F,LAW OF EVIDENCE,8640,True,127
2025,PBL4802F,CRIMINAL PROCEDURE,8640,True,127
2025,PBL4804F,CRIME AND CRIMINOLOGY,19050,True,127
2025,PBL4806H,HONOURS RESEARCH PAPER,8470,True,127
2025,PBL4807S,THE CRIMINAL JUSTICE ECOSYSTEM,19050,True,127
2025,PBL4809S,CRIME AND SOCIAL CONTROL,19050,True,127
2025,PBL4810F,RESEARCH METHODS - CRIMINOLOGY,19050,True,127
2025,PBL5045S,ENVIRONM LAW FOR NON-LAWYERS,9280,True,127
2025,PBL5600W,MASTERS IN PUBLIC LAW,22460,True,127
2025,PBL5601W,MASTERS IN PUBLIC LAW DISS,11890,True,127
2025,PBL5602F,INTERNATIONAL LAW OF THE SEA,23630,True,127
2025,PBL5602W,MASTERS IN CONSTIT & ADMIN LAW,11890,True,127
2025,PBL5602X,INT LAW OF THE SEA - RES TASK,2650,True,127
2025,PBL5615F,INTL LAW IN THEORY & PRACTICE,23630,True,127
2025,PBL5618S,LAW ON DISPUTES USE OF FORCE,23630,True,127
2025,PBL5619S,INTERNATL ENVIRONMENTAL LAW,23630,True,127
2025,PBL5619X,INT ENV LAW - RESEARCH TASK,2650,True,127
2025,PBL5623F,GOVERNING UNDER CONSTITUTION,23630,True,127
2025,PBL5624W,MASTERS IN MAR & ENV LAW DISS,11890,True,127
2025,PBL5626W,MASTERS IN HUM RIGHTS LAW DISS,11890,True,127
2025,PBL5627W,MASTERS IN INT PUB LAW DISS,11890,True,127
2025,PBL5628F,INT RGTS OF THE CHILD,23630,True,127
2025,PBL5631F,INT PROTECTION OF HUMAN RIGHTS,23630,True,127
2025,PBL5640F,PRINCIPLES OF ENVIRON LAW,23630,True,127
2025,PBL5640X,PRINC OF ENV LAW - RES TASK,2650,True,127
2025,PBL5641F,LAND USE PLANNING LAW,23630,True,127
2025,PBL5641X,LAND USE PLAN LAW - RES TASK,2650,True,127
2025,PBL5642S,NATURAL RESOURCES LAW,23630,True,127
2025,PBL5642X,NAT RES LAW - RES TASK,2650,True,127
2025,PBL5643S,POLLUTION LAW,23630,True,128
2025,PBL5643X,POLLUTION LAW - RESEARCH TASK,2650,True,128
2025,PBL5644S,SEXUAL OFFENCES AND THE LAW,23630,True,128
2025,PBL5651S,INT PROT WOMENS HUMAN RIGHTS,23630,True,128
2025,PBL5653F,REFUGEE LAW & HUMAN RIGHTS,23630,True,128
2025,PBL5654W,MASTERS IN ENV LAW DISS,11890,True,128
2025,PBL5658S,ADMIN JUSTICE & OPEN GOVT,23630,True,128
2025,PBL5658X,ADM JUST & OPEN GOV - RES TASK,2500,True,128
2025,PBL5659S,HUM RTS LEG PLUR REL & CULT,23630,True,128
2025,PBL5661S,LITIGATING SA BILL OF RIGHTS,23630,True,128
2025,PBL5800W,MASTERS IN CRIMINOLOGY,22460,True,128
2025,PBL5802W,MASTERS IN CRIMINAL JUSTICE,11890,True,128
2025,PBL5809W,MASTERS IN CRIMINAL JUSTICE,22460,True,128
2025,PBL5815S,PUNISHMENT & HUMAN RIGHTS,23630,True,128
2025,PBL5820F,THEORIES OF CRIME & SOC ORDER,23630,True,128
2025,PBL5822S,VICTIMS & VICTIMOLOGY,23630,True,128
2025,PBL5844S,POLICE AND POLICING,23630,True,128
2025,PBL5847S,FORENSICS AND THE LAW,23630,True,128
2025,PBL5848F,LAW AND SOCIETY IN AFRICA,23630,True,128
2025,PBL5849F,LAW IN ACTION,23630,True,128
2025,PBL5850W,MASTERS IN CRIM LAW & SOC DIS,11890,True,128
2025,PBL5851S,CRIMINAL PROCESS,23630,True,128
2025,PBL6700W,PHD IN PUBLIC LAW,27170,True,128
2025,PBL6701W,LLD IN PUBLIC LAW (THESIS),27170,True,128
2025,PBL6702W,LLD IN PUB LAW (PBL WK),27170,True,128
2025,PBL6703W,PHD IN CRIMINAL JUSTICE,27170,True,128
2025,PBL6704W,PHD IN CRIMINOLOGY,27170,True,128
2025,PED2001F,SPECIAL STUDY MODULE,7420,True,128
2025,PED2001S,SPECIAL STUDY MODULE,7420,True,128
2025,PED4002F,EPIDEMIOLOGY,4400,True,128
2025,PED4003F,LEADERSHIP AND MANAGEMENT,6090,True,128
2025,PED4003S,LEADERSHIP AND MANAGEMENT,6090,True,128
2025,PED4005S,CHILD HEALTH POLICIES,4400,True,128
2025,PED4006F,OPTIMISING CARE,5990,True,128
2025,PED4008F,ADVOCACY & CHILDRENS RIGHTS,4400,True,128
2025,PED4009S,HEALTH INFORMATION SYSTEMS,4400,True,128
2025,PED4010F,COMMUNICATION ED & TRAINING,4400,True,128
2025,PED4010S,COMMUNICATION EDUC & TRAINING,4400,True,128
2025,PED4011S,LEADERSHIP & MANAGEMENT,4400,True,128
2025,PED4017F,HEALTH & DEVELOPMENT,5260,True,128
2025,PED4017W,NEONATOLOGY EXT CREDIT,5820,True,128
2025,PED4018F,EPIDEMIOLOGY,6080,True,128
2025,PED4019F,INFO EDUC & COMMUNICATION,6080,True,128
2025,PED4020S,FOUNDATIONS OF MAT & CHLD HLTH,5270,True,128
2025,PED4021F,PRIORITIES IN MATRNL&CHLD HLTH,8630,True,128
2025,PED4022S,PSYCHOSOCIAL CONTEXT OF MCH,5270,True,128
2025,PED4025W,INTRO TO MATERNAL & CHILD HLTH,5260,True,128
2025,PED4026W,MATERNAL MENTAL HEALTH,5260,True,128
2025,PED4028S,PGDIP MCH INTEG ASSESSMENT,740,True,128
2025,PED4029F,ORG & ACADEMIC COMMUNICATION,5260,True,128
2025,PED4029S,ORG & ACADEMIC COMMUNICATION,5260,True,128
2025,PED4030F,ORG & MGT OF HEALTH SERVICES,6080,True,128
2025,PED4030S,ORG & MGT OF HEALTH SERVICES,6080,True,128
2025,PED4031W,CLIN MNGT IN PAED HAEM & ONCOL,44500,True,128
2025,PED4032W,ESS: TRANSIT&TRANSLAT OF KNOWL,14900,True,128
2025,PED4033W,CLIN MNGT IN NEONATOLOGY,44500,True,128
2025,PED4034W,CLIN MNGT IN PAED CARDIOLOGY,19800,True,128
2025,PED4035W,PAEDIATRIC ECHOCARDIOGRAPHY,24740,True,128
2025,PED4036W,CLIN MNGT OF PAED DIABETES,44500,True,128
2025,PED4037W,CLIN MNGT OF PAED EPILEPSY,44500,True,129
2025,PED4038W,CLIN MNGT IN PAED GASTROENT,44500,True,129
2025,PED4039W,CLIN MNGT IN DEVELOPMENT PAEDS,44500,True,129
2025,PED4040W,CLIN MNGT IN PAED EMRGNCY CARE,44500,True,129
2025,PED4041W,CLIN MGT IN PAED CRIT CARE,44500,True,129
2025,PED4042W,CLIN MNGT OF PAED RHEUMATOLOGY,44500,True,129
2025,PED4043W,CLIN MNGT IN PAED PULMONOLOGY,44500,True,129
2025,PED4044W,CLIN MNGT IN PAED NEPHROLOGY,44500,True,129
2025,PED4045S,PAEDIATRIC PALLIATIVE CARE,32050,True,129
2025,PED4046F,PRINCIPLES OF PAED PALL CARE,32050,True,129
2025,PED4049F,EPI AND RES APPRAISAL,5020,True,129
2025,PED4049S,EPI AND RES APPRAISAL,5020,True,129
2025,PED4051F,EXP LEARNING,6530,True,129
2025,PED4051T,EXP LEARNING,6530,True,129
2025,PED4052S,QUALITY IMPROVEMENT,6530,True,129
2025,PED4052T,QUALITY IMPROVEMENT,6530,True,129
2025,PED4062F,ADOLESCENT HEALTH CARE,4170,True,129
2025,PED4063F,CHILD MENTAL HEALTH,4170,True,129
2025,PED4064F,CHILD PALLIATIVE CARE,4400,True,129
2025,PED4065F,CHILD PROTECTION,4170,True,129
2025,PED4116X,NEONATOLOGY,5820,True,129
2025,PED4117X,NEONATOLOGY EXT CREDIT,5820,True,129
2025,PED4149X,CHILD HEALTH,5810,True,129
2025,PED4216X,NEONATOLOGY,5820,True,129
2025,PED4249X,CHILD HEALTH,5810,True,129
2025,PED4316X,NEONATOLOGY,5820,True,129
2025,PED4349X,CHILD HEALTH,5810,True,129
2025,PED4416X,NEONATOLOGY,5820,True,129
2025,PED4417X,NEONATOLOGY EXT CREDIT,5820,True,129
2025,PED4449X,CHILD HEALTH,5810,True,129
2025,PED4516X,NEONATOLOGY,5820,True,129
2025,PED4517X,NEONATOLOGY EXT CREDIT,5820,True,129
2025,PED4549X,CHILD HEALTH,5810,True,129
2025,PED5002F,INTRO TO CLINICAL RESEARCH,10210,True,129
2025,PED5004W,GEN CARE OF THE CHILD EXT CRED,19290,True,129
2025,PED5005S,RES METH F HLTH PROFESSIONAL I,4360,True,129
2025,PED5006F,PROCESS OF CLINICAL TRIALS,3530,True,129
2025,PED5006W,PAEDIATRIC MEDICINE,13730,True,129
2025,PED5007F,PARTNERSHIPS W HUMAN SUBJECTS,3530,True,129
2025,PED5008S,GOOD CLINICAL PRACTICE,4360,True,129
2025,PED5009S,INTRO TO CLIN RESRCH MONITORNG,3530,True,129
2025,PED5010S,MONITORING CLINICAL TRIALS,3530,True,129
2025,PED5011S,MPHIL MCH INTEGRTD FINAL ASSMN,740,True,129
2025,PED5012W,MATRN&CHILDHLTH M/DISS (60CRD),25680,True,129
2025,PED5013F,RES METH F HLTH PROFS II,4360,True,129
2025,PED5015H,BIOSTATISTICS,6260,True,129
2025,PED5016S,MCAH,6260,True,129
2025,PED5017H,IEAC COURSE,5220,True,129
2025,PED5018F,MCAH PRIORITIES,10410,True,129
2025,PED5018S,MCAH PRIORITIES,10410,True,129
2025,PED5025F,EPIDEMIOLOGY,7290,True,129
2025,PED5026S,HEALTH INFORM & SURVEIL,7290,True,129
2025,PED5027S,MANAGEMENT AND LEADERSHIP,7290,True,129
2025,PED5028F,PHC RIGHTS & ADVOCACY,6260,True,129
2025,PED5104X,GEN CARE OF THE CHILD EXT CRED,19290,True,129
2025,PED5105X,PAEDIATRIC SURGERY,5020,True,129
2025,PED5106X,PAEDIATRIC MEDICINE,15070,True,129
2025,PED5204X,GEN CARE OF THE CHILD EXT CRED,19290,True,129
2025,PED5205X,PAEDIATRIC SURGERY,5020,True,129
2025,PED5206X,PAEDIATRIC MEDICINE,15070,True,130
2025,PED5304X,GEN CARE OF THE CHILD EXT CRED,19290,True,130
2025,PED5305X,PAEDIATRIC SURGERY,5020,True,130
2025,PED5306X,PAEDIATRIC MEDICINE,15070,True,130
2025,PED5404X,GEN CARE OF THE CHILD EXT CRED,19290,True,130
2025,PED5405X,PAEDIATRIC SURGERY,5020,True,130
2025,PED5406X,PAEDIATRIC MEDICINE,15070,True,130
2025,PED5504X,GEN CARE OF THE CHILD EXT CRED,19290,True,130
2025,PED5505X,PAEDIATRIC SURGERY,5020,True,130
2025,PED5506X,PAEDIATRIC MEDICINE,15070,True,130
2025,PED6100X,PAEDIATRICS AND CHILD HEALTH,15230,True,130
2025,PED6104X,NEONATAL MEDICINE,7660,True,130
2025,PED6200X,PAEDIATRICS AND CHILD HEALTH,15230,True,130
2025,PED6204X,NEONATAL MEDICINE,7660,True,130
2025,PED6300X,PAEDIATRICS AND CHILD HEALTH,15230,True,130
2025,PED6304X,NEONATAL MEDICINE,7660,True,130
2025,PED6400X,PAEDIATRICS AND CHILD HEALTH,15230,True,130
2025,PED6404X,NEONATAL MEDICINE,7660,True,130
2025,PED6500X,PAEDIATRICS AND CHILD HEALTH,15230,True,130
2025,PED6504X,NEONATAL MEDICINE,7660,True,130
2025,PED7000W,PAEDIATRICS DISSERTATION,40010,True,130
2025,PED7001W,PAEDIATRICS THESIS,27170,True,130
2025,PED7002W,MD PAEDIATRICS,27170,True,130
2025,PED7004W,MMED PAEDIATRICS PT,19850,True,130
2025,PED7006W,MMED PAEDIATRICS PT 2,19850,True,130
2025,PED7007W,PAEDIATRICS MIN DISS (60 CRED),3520,True,130
2025,PED7009W,MPHIL PAED NEPHROLOGY PT,17390,True,130
2025,PED7010W,MPHIL NEONATOLOGY PT,19100,True,130
2025,PED7011W,MPHIL PAED ONCOLOGY PT,19100,True,130
2025,PED7012W,MPHIL PAED CARDIOLOGY PT,19100,True,130
2025,PED7019W,PAED NEPHROLOGY M/DISS (60),8670,True,130
2025,PED7020W,NEONATOLOGY M/DISS (60 CRED),8670,True,130
2025,PED7021W,PAED ONCOLOGY M/DISS (60 CRED),8670,True,130
2025,PED7022W,PAED CARDIOLOGY M/DISS (60),8670,True,130
2025,PED7023W,MPHIL PAED ENDOCRIN PT,19100,True,130
2025,PED7024W,PAED ENDOCRIN M/DISS (60),8670,True,130
2025,PED7025W,MPHIL PAED NEUROLOGY PT,19100,True,130
2025,PED7026W,PAED NEUROLOGY M/DISS (60),8670,True,130
2025,PED7027W,MPHIL PAED CRITICAL CARE PT,19100,True,130
2025,PED7028W,PAED CRITICAL CARE M/D (60),8670,True,130
2025,PED7029W,MPHIL DEVELPMNTL PAEDS PT,19100,True,130
2025,PED7030W,DEVELOPMENTL PAEDS M/D (60),8670,True,130
2025,PED7031W,MPHIL MATNL&CHILD HLTH BY DISS,43030,True,130
2025,PED7032W,MATERNAL & CHILD HEALTH THESIS,27170,True,130
2025,PED7033W,MPHIL PAED INFEC DISEAS PT,19100,True,130
2025,PED7034W,PAED INFEC DISEAS M/D (60),8670,True,130
2025,PED7035W,MPHIL PAED PULMONOLOGY PT,19100,True,130
2025,PED7036W,PAED PULMONOLOGY,8670,True,130
2025,PED7037W,HEALTH COMMUNICATION THESIS,27170,True,130
2025,PED7038W,CLIN SCI & IMMUNOLOGY THESIS,27170,True,130
2025,PED7039W,MPHIL PAED GASTRO PT,19100,True,130
2025,PED7040W,PAED GASTRO M/DISS (60),8670,True,130
2025,PED7041W,MPHIL PAED RHEUM PT,19100,True,130
2025,PED7042W,PAED RHEUM M/DISS (60),8670,True,130
2025,PED7043W,MPHIL ALLERGOLOGY (PAED) PT,19100,True,130
2025,PED7044W,PAED ALLERGOLOGY M/DISS (60),8670,True,130
2025,PED7045W,MSC(MED) PAED NEUROSCIENCE,40010,True,130
2025,PED7046W,PHD PAED (NEUROSCIENCE),27170,True,130
2025,PHI1010S,ETHICS,9440,True,131
2025,PHI1011S,ETHICS +,0,True,131
2025,PHI1024F,INTRODUCTION TO PHILOSOPHY,9440,True,131
2025,PHI1025F,CRITICAL THINKING,9440,True,131
2025,PHI2012F,PHILOSOPHY OF PSYCH & MIND,12580,True,131
2025,PHI2016S,PHILOSOPHY OF ART & LITERATURE,12580,True,131
2025,PHI2037F,APPLIED ETHICS,12580,True,131
2025,PHI2040S,PHILOSOPHY OF SCIENCE,12580,True,131
2025,PHI2041S,GREAT PHILOSOPHERS,12580,True,131
2025,PHI2042F,POLITICAL PHILOSOPHY,12580,True,131
2025,PHI2043F,BUSINESS ETHICS,10160,True,131
2025,PHI2043L,BUSINESS ETHICS,10160,True,131
2025,PHI2043P,BUSINESS ETHICS,10160,True,131
2025,PHI2043S,BUSINESS ETHICS,10160,True,131
2025,PHI2044F,PHILOSOPHY OF MATHEMATICS,12580,True,131
2025,PHI2045S,PHILOSOPHY OF RACE,12580,True,131
2025,PHI3023F,LOGIC AND LANGUAGE,12580,True,131
2025,PHI3024S,METAPHYSICS & EPISTEMOLOGY,12580,True,132
2025,PHI4004H,PHILOSOPHICAL TEXTS,11200,True,132
2025,PHI4010S,FORMAL LOGIC,11200,True,132
2025,PHI4015F,TOPICS IN THEORETICAL PHIL,11200,True,132
2025,PHI4017F,AESTHETICS,11200,True,132
2025,PHI4017S,AESTHETICS,11200,True,132
2025,PHI4018F,PHILOSOPHY OF SCIENCE,11200,True,132
2025,PHI4019W,RESEARCH ESSAY/PROJECT,11200,True,132
2025,PHI4021F,TOPICS: RATIONAL DECSIONMAKING,11200,True,132
2025,PHI4022S,MORAL PHILOSOPHY,11200,True,132
2025,PHI4023S,HISTORY OF PHILOSOPHY,11200,True,132
2025,PHI4024F,PPE TEXTS,5630,True,132
2025,PHI4024S,PPE TEXTS,5630,True,132
2025,PHI5000W,MASTERS IN PHILOSOPHY,37780,True,132
2025,PHI5001W,MASTERS COURSEWORK,50230,True,132
2025,PHI5002W,MINOR DISSERTATION,23010,True,132
2025,PHI5005S,FORMAL LOGIC,12640,True,132
2025,PHI5006H,PHILOSOPHICAL TEXTS,12640,True,132
2025,PHI5007F,PHILOSOPHY OF SCIENCE,12640,True,132
2025,PHI5008S,MORAL PHILOSOPHY,12640,True,132
2025,PHI5009F,RATIONAL DECISION MAKING,12640,True,132
2025,PHI5010S,TOPICS IN THEORETICAL PHIL,12640,True,132
2025,PHI5017F,AESTHETICS,12640,True,132
2025,PHI5023S,HISTORY OF PHILOSOPHY,12640,True,132
2025,PHI6000W,PHD IN PHILOSOPHY,27170,True,132
2025,PHY1004W,MATTER AND INTERACTIONS,20550,True,132
2025,PHY1012F,PHYSICS A FOR ENGINEERS,10740,True,132
2025,PHY1012S,PHYSICS A FOR ENGINEERS,10740,True,132
2025,PHY1013F,PHYSICS B FOR ENGINEERS,10740,True,132
2025,PHY1013S,PHYSICS B FOR ENGINEERS,10740,True,132
2025,PHY1014F,PHYSICS A FOR ASPECT,10740,True,132
2025,PHY1014S,PHYSICS A FOR ASPECT,10740,True,132
2025,PHY1015F,PHYSICS B FOR ASPECT,10740,True,132
2025,PHY1015S,PHYSICS B FOR ASPECT,10740,True,132
2025,PHY1023H,PRINCIPLES OF PHYSICS A,10880,True,132
2025,PHY1025F,PHYSICS 025,10370,True,132
2025,PHY1031F,GENERAL PHYSICS A,10880,True,132
2025,PHY1032S,GENERAL PHYSICS B,10880,True,132
2025,PHY2004W,INTERMEDIATE PHYSICS,27300,True,132
2025,PHY2010S,ELECTROMAGNETISM FOR ENGINEERS,13670,True,132
2025,PHY3004W,ADVANCED PHYSICS,40950,True,132
2025,PHY4000W,PHYSICS HONOURS,74450,True,132
2025,PHY5000W,PHYSICS DISSERTATION,37780,True,132
2025,PHY5001W,THEORETICAL PHYSICS DISSERTATI,37780,True,132
2025,PHY5003W,ASTRO & SPACE SCI MINOR DISS,37780,True,132
2025,PHY5006W,TERT PHYSICS EDUC DISSERTATION,37780,True,132
2025,PHY5007Z,PARTICLE PHYSICS COMPUTING,10070,True,132
2025,PHY5008W,DATA SCI MINOR DISSERTATIO,37800,True,132
2025,PHY5009W,NEUROSCIENCE MINOR DISS,25190,True,132
2025,PHY6000W,PHYSICS THESIS,27170,True,132
2025,PHY6001W,TERTIARY PHYSICS EDUC THESIS,27170,True,132
2025,POL1004F,INTRODUCTION TO POLITICS,9440,True,132
2025,POL1004L,INTRODUCTION TO POLITICS,9440,True,132
2025,POL1005P,INTRODUCTION TO POLITICS B,9440,True,132
2025,POL1005S,INTRODUCTION TO POLITICS B,9440,True,132
2025,POL1010S,INTRODUCTION TO POLITICS B+,9440,True,132
2025,POL2002F,POLITICAL THEORY,12580,True,132
2025,POL2038F,COMPARATIVE POLITICS,12580,True,132
2025,POL2039F,INTERNAT POLITICAL ECONOMY,12580,True,132
2025,POL2042S,COMPARATIVE PUB ADMIN,12580,True,133
2025,POL2043S,SOUTH AFRICAN POLITICS,12580,True,133
2025,POL3029F,POL OF AFRICA & THE GLOBAL S,12580,True,133
2025,POL3030F,CONFLICT IN WORLD POLITICS,12580,True,133
2025,POL3037F,SA PUBLIC POLICY ANALYSIS,12580,True,133
2025,POL3038S,URBAN POLITICS AND ADMIN,12580,True,133
2025,POL3045S,GLOBAL GOVERNANCE,12580,True,133
2025,POL3046S,SOUTH AFRICA POLITICAL THOUGHT,12580,True,133
2025,POL4007H,RESEARCH PROJECT,11200,True,133
2025,POL4059F,AFRICAN POLITICAL THEORY,11200,True,133
2025,POL4060S,COMPARATIVE POLITICS,11200,True,133
2025,POL4061F,GLOBAL POLITICS,11200,True,133
2025,POL4062F,RESEARCH METHODS IN POLITICS,11200,True,133
2025,POL5000W,MASTERS IN POLITICAL STUDIES,37780,True,133
2025,POL5001F,COMPARATIVE POLITICS,12640,True,133
2025,POL5005H,INTERNSHIP COMPONENT 2,12640,True,133
2025,POL5006F,PUBLIC MANAGEMENT,12640,True,133
2025,POL5007S,POLICY IMPLEMENTATION & EVAL,12640,True,133
2025,POL5008F,THEORIES OF INTERNAT RELATIONS,12640,True,133
2025,POL5010W,MINOR DISSERTATION,23010,True,133
2025,POL5030F,DISCOURSE TEXTUALITY & IDEOL,12640,True,133
2025,POL5032S,INTERNATIONAL POL ECONOMY,12640,True,133
2025,POL5040F,COMP TRANSITIONAL JUSTICE,12640,True,133
2025,POL5042S,INTERNATIONAL MEDIATION,12640,True,133
2025,POL5044F,SOUTH AFRICAN POLITICS,12640,True,133
2025,POL5045F,THIRD WORLD POLITICS,12640,True,133
2025,POL5047S,ADV FOREIGN POLICY ANALYSIS,12640,True,133
2025,POL5048F,GLOBAL POLITICAL THOUGHT,12640,True,133
2025,POL5052F,PUBLIC POLICY,12640,True,133
2025,POL5053S,COMPARATIVE LOCAL GOVERNMENT,12640,True,133
2025,POL5056F,GENDER PEACE & JUSTICE,12640,True,133
2025,POL5058S,TRANSNATIONAL FEMINISMS,12640,True,133
2025,POL6000W,PHD IN POLITICAL STUDIES,27170,True,133
2025,POL6001W,PHD IN PUBLIC ADMINISTRATION,27170,True,133
2025,POL9000Z,POSTDOCTORAL FELLOW,1,True,133
2025,PPH1001F,BECOMING A PROFESSIONAL,12380,True,133
2025,PPH1002S,BECOMING A HEALTH PROFESSIONAL,12560,True,133
2025,PPH2002F,SPECIAL STUDY MODULE,7420,True,133
2025,PPH2002S,SPECIAL STUDY MODULE,7420,True,133
2025,PPH4018F,INTRODUCTION TO HEALTH ECONOMI,7700,True,133
2025,PPH4019F,ECONOMICS OF HEALTH SYSTEMS,7700,True,133
2025,PPH4019S,ECONOMIC EVAULATION,7360,True,133
2025,PPH4020F,MICROECONOMICS FOR THE HEALTH SECTOR,7360,True,133
2025,PPH4020S,PRIORITY SETTING & HTA,6240,True,133
2025,PPH4021S,KEY FEATURES OF ECON EVAL,6240,True,133
2025,PPH4022F,ECON EVAL: HLTHCARE DEC-MAKING,6240,True,133
2025,PPH4022S,ECON EVAL: HLTHCARE DEC-MAKING,6240,True,133
2025,PPH4023F,STRATEGIC PURCHASING I,6240,True,133
2025,PPH4024S,STRATEGIC PURCHASING 2,6240,True,133
2025,PPH4025S,STRENGTHENING PROGRESS,6240,True,133
2025,PPH4033F,PESTICIDE RISK MANAGEMENT,10210,True,133
2025,PPH4033S,PESTICIDE RISK MANAGEMENT,10210,True,133
2025,PPH4034S,PESTICIDE TOXICOLOGY,10210,True,133
2025,PPH4035F,MANAGEMT OF ENVIRONMENTAL RISK,10210,True,133
2025,PPH4035F,PESTICIDE ECOTOXICOLOGY,10210,True,133
2025,PPH4035S,PESTICIDE ECOTOXICOLOGY,10210,True,133
2025,PPH4040F,CONTAIN&CONTAM SITE MNGM,10210,True,133
2025,PPH4040S,CONTAIN&CONTAM SITE MNGM,10210,True,133
2025,PPH4041F,CHEMICAL CONVENTIONS,10210,True,133
2025,PPH4041S,INTERNATIONAL CHEMICALS MNGT,10210,True,134
2025,PPH4042F,PUBLIC HEALTH & PESTICIDES,10210,True,134
2025,PPH4042S,PESTICIDES & INTEGRATED VCTR,10210,True,134
2025,PPH4051F,ALTERN & RISK REDUCTION STRATE,10210,True,134
2025,PPH4051S,ALTERN & RISK REDUCTION STRATE,10210,True,134
2025,PPH4054S,INTEGRATED ASSESSMENT,600,True,134
2025,PPH4057S,CRIT HEALTH MGT PRACTICES,13180,True,134
2025,PPH4058Z,LEADING HEALTH SYS IMPROVEMENT,13180,True,134
2025,PPH4059Z,HEALTH SYS INTERVENTN PROJ (B),23690,True,134
2025,PPH4060F,WORKING IN COMPLEX HEALTH SYST,13180,True,134
2025,PPH4060S,WORKING IN COMPLEX HEALTH SYST,12610,True,134
2025,PPH4062X,HEALTH SYS INTERVENTN PROJ (A),2660,True,134
2025,PPH4067Z,MODELLING IN ECON EVALUATION,6240,True,134
2025,PPH4068Z,ANALYSING UHC,6240,True,134
2025,PPH4069W,INTEGRATED OH PRACTICE,20370,True,134
2025,PPH4070F,OH SERVICES MANAGEMENT,10210,True,134
2025,PPH4071S,OCCUPATIONAL MEDICINE,20370,True,134
2025,PPH4072F,OH RISK ASSESSMENT,20370,True,134
2025,PPH4156X,HEALTH IN CONTEXT,23150,True,134
2025,PPH4256X,HEALTH IN CONTEXT,23150,True,134
2025,PPH4356X,HEALTH IN CONTEXT,23150,True,134
2025,PPH4456X,HEALTH IN CONTEXT,23150,True,134
2025,PPH4556X,HEALTH IN CONTEXT,23150,True,134
2025,PPH6004W,PUBLIC HEALTH DISSERTATION,37780,True,134
2025,PPH6005Y,SHORT ELECTIVE,10550,True,134
2025,PPH6030W,MPHIL PALL MED BY DISS,37780,True,134
2025,PPH6032Q,RESEARCH LITERACY,6260,True,134
2025,PPH6032R,RESEARCH LITERACIES,6260,True,134
2025,PPH6033Q,COMMUNICATION AND POLICY BRIEF,6260,True,134
2025,PPH6033R,COMMUNICATION AND POLICY BRIEF,6260,True,134
2025,PPH6034Q,SITUATIONAL ANALYSIS,15630,True,134
2025,PPH6034R,SITUATIONAL ANALYSIS,15630,True,134
2025,PPH6035Q,CHEMICAL RISK MANAGEMENT,6260,True,134
2025,PPH6035R,CHEMICAL RISK MANAGEMENT,6260,True,134
2025,PPH6036Q,CHEMICAL RISK ASSESSMENT,6260,True,134
2025,PPH6036R,CHEMICAL RISK ASSESSMENT,6260,True,134
2025,PPH6037Q,PROF MASTERS PROJECT,21880,True,134
2025,PPH6037R,PROF MASTERS PROJECT,21880,True,134
2025,PPH6038S,HEALTH PROMOTION,6260,True,134
2025,PPH7008W,PG DIP OCCUPATIONAL HEALTH,40740,True,134
2025,PPH7015W,MPH MINOR DISS (60 CRED),25680,True,134
2025,PPH7016F,PUBLIC HEALTH AND SOCIETY,6260,True,134
2025,PPH7018F,INTRODUCTION TO EPIDEMIOLOGY,6260,True,134
2025,PPH7021F,BIOSTATISTICS I,6260,True,134
2025,PPH7022S,EVIDENCE-BASED HEALTH CARE,6260,True,134
2025,PPH7029F,ADVANCED EPIDEMIOLOGY,6260,True,134
2025,PPH7033W,MMED PUBLIC HEALTH PT,19850,True,134
2025,PPH7034W,MMED PUBLIC HEALTH PT 2,19850,True,134
2025,PPH7035W,PUBL HLTH MED M/DISS (60CRED),3520,True,134
2025,PPH7039F,THEORY&APPL ECONEVAL IN HLTH,6260,True,134
2025,PPH7041S,HEALTH POLICY AND PLANNING,6260,True,134
2025,PPH7048W,PALL MED MIN DISS (90 CRED),38470,True,134
2025,PPH7050F,EQUITY AND EFFICIENCY FOR UHC,6260,True,134
2025,PPH7051W,FAMILY MEDICINE THESIS,27170,True,134
2025,PPH7053S,PUBLIC HEALTH & HUMAN RIGHTS,6260,True,134
2025,PPH7054S,GENDER & SEXUAL & REP HEALTH,6260,True,134
2025,PPH7055W,PUBLIC HEALTH THESIS,27170,True,134
2025,PPH7056W,MMED OCCUP MEDICINE PT,19850,True,134
2025,PPH7057W,MMED OCCUP MEDICINE PT 2,19850,True,135
2025,PPH7058W,OCCUP MED MIN DISS (60 CRED),3520,True,135
2025,PPH7059W,MPHIL OCCUP HEALTH PT,37780,True,135
2025,PPH7060W,OCCUP HLTH MIN DISS (60 CRED),25680,True,135
2025,PPH7061W,MSCMED PUBLIC HEALTH,40010,True,135
2025,PPH7063S,EPIDEMIOL OF INFECT DISEASES,6260,True,135
2025,PPH7065S,EPIDEMIOL OF NON-COMM DISEASES,6260,True,135
2025,PPH7070S,QUANTITATIVE RESEARCH METHODS,6260,True,135
2025,PPH7071F,QUALITATIVE RESEARCH METHODS,6260,True,135
2025,PPH7072W,MMED FAMILY MEDICINE PT,19850,True,135
2025,PPH7074W,FAMILY MED MIN DISS (60 CRED),14030,True,135
2025,PPH7077S,ECONOMICS OF HEALTH SYSTEMS,6260,True,135
2025,PPH7080H,RESEARCH METHODS,38470,True,135
2025,PPH7087W,MPH HEALTH ECONOMICS DISS,42310,True,135
2025,PPH7089F,PUBLIC HEALTH PRACTICUM,6260,True,135
2025,PPH7089S,PUBLIC HEALTH PRACTICUM,6260,True,135
2025,PPH7090S,SEMINARS IN EPI & BIOSTATS,6260,True,135
2025,PPH7092S,BIOSTATISTICS II,6260,True,135
2025,PPH7093F,INTRO TO HEALTH SYSTEMS,6260,True,135
2025,PPH7094S,HEALTH SYSTEMS RESEARCH & EVAL,6260,True,135
2025,PPH7095F,BIOSTATISTICS III,6260,True,135
2025,PPH7096F,CANCER PREVENTION AND CONTROL,5680,True,135
2025,PPH7097S,CLIM CHANGE POLLUTN & HEALTH,6260,True,135
2025,PRY2002W,PSYCH FOR OCCUPATIONAL THERAPY,9970,True,135
2025,PRY4003W,MENTAL HEALTH EPIDEMIOLOGY,11480,True,135
2025,PRY4004W,RES METH FOR PUBL MENTAL HLTH,11480,True,135
2025,PRY4005W,INTRO TO PUBLIC MENTAL HEALTH,11480,True,135
2025,PRY4006W,MENTAL HEALTH INTERVENTIONS,11480,True,135
2025,PRY4008W,EVIDENCE-BASED TREATM APPROACH,7790,True,135
2025,PRY4009F,SCREEN&ASSESM ADDICT DISORDERS,7790,True,135
2025,PRY4010S,CASE MANAGEMNT&SERVICE MONITOR,7790,True,135
2025,PRY4011F,MANAGING COOCCUR MENT DISORDER,7790,True,135
2025,PRY4012S,ETHICS & PROF DEVELOPMENT,7790,True,135
2025,PRY4013F,UNDERSTANDING ADDICT DISORDERS,7790,True,135
2025,PRY4015F,MAN CHILD&ADOL W ADDICT DISORD,7790,True,135
2025,PRY4016S,WRKING W FAM & SOCIAL NETWORKS,7790,True,135
2025,PRY4018F,INTRO PSYCHDNY CONCPTS PSYCHTH,12730,True,135
2025,PRY4018S,INTRO PSYCHDNY CONCPTS PSYCHTH,12730,True,135
2025,PRY4019F,BASIC THERAPEUTIC COMPETENCIES,17660,True,135
2025,PRY4019S,BASIC THERAPEUTIC COMPETENCIES,17660,True,135
2025,PRY4020F,INTRO TO COGN BEHAV THERAPY,12730,True,135
2025,PRY4020S,INTRO TO COGN BEHAV THERAPY,12730,True,135
2025,PRY4021F,ETHICAL PRACTICE PSYCHOTHERAPY,7730,True,135
2025,PRY4021S,ETHICAL PRACTICE PSYCHOTHERAPY,7730,True,135
2025,PRY4022F,EVIDENCE-BASED PRACTICE,12730,True,135
2025,PRY4022S,EVIDENCE-BASED PRACTICE,12730,True,135
2025,PRY4023F,INTEGRATED ASSESSMENT,740,True,135
2025,PRY4023S,INTEGRATED ASSESSMENT,740,True,135
2025,PRY4100X,CLINICAL PSYCHIATRY,17390,True,135
2025,PRY4101X,PSYCHIATRY EXT CREDIT,17390,True,135
2025,PRY4200X,CLINICAL PSYCHIATRY,17390,True,135
2025,PRY4201X,PSYCHIATRY EXT CREDIT,17390,True,135
2025,PRY4300X,CLINICAL PSYCHIATRY,17390,True,135
2025,PRY4301X,PSYCHIATRY EXT CREDIT,17390,True,135
2025,PRY4400X,CLINICAL PSYCHIATRY,17390,True,135
2025,PRY4500X,CLINICAL PSYCHIATRY,17390,True,135
2025,PRY5101X,PSYCHIATRY EXT CRED,14480,True,135
2025,PRY5201X,PSYCHIATRY EXT CRED,14480,True,135
2025,PRY6001W,PUBLMENTHLTH DISSERTATION,43030,True,135
2025,PRY6002F,ADVANCED MENTAL HEALTH RESRCH,10780,True,136
2025,PRY6100X,PSYCHIATRY AND MENTAL HEALTH,11430,True,136
2025,PRY6200X,PSYCHIATRY AND MENTAL HEALTH,11430,True,136
2025,PRY6300X,PSYCHIATRY AND MENTAL HEALTH,11430,True,136
2025,PRY6400X,PSYCHIATRY AND MENTAL HEALTH,11430,True,136
2025,PRY6500X,PSYCHIATRY AND MENTAL HEALTH,11430,True,136
2025,PRY7001W,PSYCHIATRY THESIS,27170,True,136
2025,PRY7002W,MD PSYCHIATRY,27170,True,136
2025,PRY7006W,MPHIL CHILD& ADOLES PSYCH PT,19100,True,136
2025,PRY7007W,MMED PSYCHIATRY PT,19850,True,136
2025,PRY7008W,MMED PSYCHIATRY PT 2,19850,True,136
2025,PRY7009W,PSYCHIATRY MIN DISS (60 CRED),3520,True,136
2025,PRY7010W,CHILD&ADOLSPSYCH M/DISS (60),8670,True,136
2025,PRY7011W,MSCMED PSYCHIATRY,43030,True,136
2025,PRY7013W,MPHIL FORENS MENTAL HLTH PT,56420,True,136
2025,PRY7014W,FORMENTALHLTH M/DISS (60 CRED),28250,True,136
2025,PRY7017W,ADDICMENTHLTH M/DISS (60 CRED),8670,True,136
2025,PRY7018W,MPHIL NEUROPSYCHIATRY PT,19100,True,136
2025,PRY7019W,NEUROPSYCHIATRY M/DISS (60),8670,True,136
2025,PRY7020W,MPHIL LIAISON MENTAL HLTH PT,17390,True,136
2025,PRY7022W,NEUROSCIENCE (PSYCH) DISS,43030,True,136
2025,PRY7023W,MPHIL INTELLECTUAL DISABIL PT,38470,True,136
2025,PRY7024W,INTELLDISABIL M/DISS (60CRD),38470,True,136
2025,PRY7026W,NEUROSCIENCE (PSYCHIAT) THESIS,27170,True,136
2025,PRY7027W,COUNSELL & PSYCH SERV DISS,37780,True,136
2025,PRY7028W,BEHAVIOURAL MEDICINE DISSERTAT,36250,True,136
2025,PRY9000Z,POSTDOCTORAL FELLOW,1,True,136
2025,PSY1004F,INTRO TO PSYCHOLOGY PART,9440,True,136
2025,PSY1005S,INTRO TO PSYCHOLOGY PART 2,9440,True,136
2025,PSY1006F,INTRO TO PSYCHOLOGY PART +,0,True,136
2025,PSY1007S,INTRO TO PSYCHOLOGY PART 2 +,0,True,136
2025,PSY2012F,RESEARCH IN PSYCHOLOGY I+,0,True,136
2025,PSY2013F,SOCIAL & DEVELOPMENTAL PSYCH,12580,True,136
2025,PSY2014S,COGNITIVE NEUROSC ABNORM PSYCH,12580,True,136
2025,PSY2015F,RESEARCH IN PSYCHOLOGY I,12580,True,136
2025,PSY3005F,CRITICAL PSYCHOLOGY,12580,True,136
2025,PSY3007S,RESEARCH IN PSYCHOLOGY II,12580,True,136
2025,PSY3009F,APPLIED COGNITIVE SCIENCE,12580,True,136
2025,PSY3010S,INTRO TO CLINICAL NEUROPSYCH,12580,True,136
2025,PSY3011S,CLINICAL PSYCHOLOGY II,12580,True,136
2025,PSY4025W,HONOURS COURSEWORK,44720,True,136
2025,PSY4026W,HONOURS RESEARCH PROJECT,11200,True,136
2025,PSY5002W,MASTERS IN CLIN PSYCH C/WORK,60110,True,136
2025,PSY5003W,MASTERS IN CLIN PSYCH DISS,23010,True,136
2025,PSY5011W,MASTERS IN PSYCHOLOGY,37780,True,136
2025,PSY5015W,MINOR DISSERTATION,23010,True,136
2025,PSY5019W,MINOR DISSERTATION,30530,True,136
2025,PSY5022F,INTRO TO NEUROPSYCHOLOGY,12640,True,136
2025,PSY5023S,NEUROPSYCHOLOGY DISORDERS,12640,True,136
2025,PSY5025W,CLINICAL PRACTICALS,12640,True,136
2025,PSY5026W,RESEARCH DESIGN,12640,True,136
2025,PSY5028W,CLINICAL NEUROANATOMY,12640,True,136
2025,PSY5029F,ETHICS,12640,True,136
2025,PSY5031H,RESEARCH COURSEWORK I,12640,True,136
2025,PSY5032H,RESEARCH COURSEWORK 2,12640,True,136
2025,PSY5033X,NEUROPSYCHOLOGY INTERNSHIP,0,True,136
2025,PSY6000W,PHD IN PSYCHOLOGY,27170,True,136
2025,PSY9000Z,POSTDOCTORAL FELLOW,1,True,136
2025,PTY2000S,INTEGRATED HEALTH SYSTEMS IB,35980,True,136
2025,PTY2001S,INTRO TO IDI,13670,True,137
2025,PTY3009F,INTEGRATED HLTH SYSTEMS PT II,45410,True,137
2025,PTY3010F,PATHOGENESIS AND TREATMENT,13670,True,137
2025,PTY4003W,HUMAN GENETICS COURSEWORK,56580,True,137
2025,PTY4004W,HUMAN GENETICS RESEARCH PROJ,18870,True,137
2025,PTY4005W,INFEC DISEASE & IMMUN CRSWK,56580,True,137
2025,PTY4006W,INFEC DISEASE & IMMUN RESPROJ,18870,True,137
2025,PTY4008S,MEDICINA FORENSIS,8570,True,137
2025,PTY4022W,FORENSIC ENTO RESEARCH,18870,True,137
2025,PTY4023W,FORENSIC ENTO COURSEWORK,56570,True,137
2025,PTY4024W,FORENSIC TOX RESEARCH,18870,True,137
2025,PTY4025W,FORENSIC TOX COURSEWORK,56570,True,137
2025,PTY4026W,BFS RESEARCH,18870,True,137
2025,PTY4027W,BFS COURSEWORK,56580,True,137
2025,PTY5000W,HUMAN GENETICS DISSERTATION,43030,True,137
2025,PTY5001W,GENETIC COUNSELLING M/DISS,25680,True,137
2025,PTY5002W,GENETIC COUNSELLING PRACTICE,31130,True,137
2025,PTY5003F,PRINCP OF GENETIC COUNSELL: CW,10550,True,137
2025,PTY5003S,PRINCP OF GENETIC COUNSELL: CW,10550,True,137
2025,PTY5004F,PRIN OF GENTC COUNS: APP LEARN,11690,True,137
2025,PTY5004S,PRIN OF GENTC COUNS: APP LEARN,11690,True,137
2025,PTY5005F,MEDICAL GENETICS I,12190,True,137
2025,PTY5005S,MEDICAL GENETICS I,12190,True,137
2025,PTY5006F,MEDICAL GENETICS II,12190,True,137
2025,PTY5006S,MEDICAL GENETICS II,12190,True,137
2025,PTY5008W,GENETIC COUNSELLING PRAC 2,15590,True,137
2025,PTY5009W,GENETIC COUNSELLING PRAC,15590,True,137
2025,PTY5112X,FORENSIC MEDICINE EXT CREDIT,4850,True,137
2025,PTY5212X,FORENSIC MEDICINE EXT CREDIT,4850,True,137
2025,PTY6000W,HUMAN GENETICS THESIS,27170,True,137
2025,PTY6001W,BASIC & APPL RESEARCH IMMUNOL,6490,True,137
2025,PTY6002W,BIOMEDFORENSCI M/D (60 CRED),25680,True,137
2025,PTY6004S,FORENSIC PATHOLOGY,10530,True,137
2025,PTY6005S,FORENSIC TOXICOLOGY,10530,True,137
2025,PTY6006F,MOLECULAR FORENSICS,10530,True,137
2025,PTY6007W,APPLIED FORENSIC SCIENCE,11200,True,137
2025,PTY6009W,GENETIC COUNSELLING THESIS,27170,True,137
2025,PTY6010F,FORENSIC STATISTICS,5680,True,137
2025,PTY6011S,FORENSIC RESEARCH METHODS,5680,True,137
2025,PTY6020W,FORENSIC GENETICS DISS,43030,True,137
2025,PTY6022W,MOLECULAR FORENSICS DISS,43030,True,137
2025,PTY6023W,FORENSIC ENTOMOLOGY DISS,43030,True,137
2025,PTY6024F,BIO-COMPUTING,10430,True,137
2025,PTY6025F,BIO-PROGRAMMING WITH PYTHON,10430,True,137
2025,PTY6026F,BIOMEDICAL DATA SCIENCE,10430,True,137
2025,PTY6027F,OMICS DATA MINING,7820,True,137
2025,PTY6028F,OMICS DATA GENERATION,7820,True,137
2025,PTY6029F,POPULATION GENOMICS,7820,True,137
2025,PTY6030S,ASSOCIATION STUDIES,7820,True,137
2025,PTY6031S,PHARMACOMICROBIOMICS,7820,True,137
2025,PTY6032S,OMICS FOR INDUSTRY,7820,True,137
2025,PTY6033F,COMPUTATIONAL PHYLOGENETICS,7820,True,137
2025,PTY6034W,BDS MINOR DISSERTATION,25680,True,137
2025,PTY6035W,BIOMED FOR SCI DISS,43030,True,137
2025,PTY6112X,FORENSIC MEDICINE,4090,True,137
2025,PTY6212X,FORENSIC MEDICINE,4090,True,137
2025,PTY6312X,FORENSIC MEDICINE,4090,True,137
2025,PTY6412X,FORENSIC MEDICINE,4090,True,137
2025,PTY6512X,FORENSIC MEDICINE,4090,True,137
2025,PTY7001W,MMED CLIN PATH PT B HAEM PATH,6060,True,138
2025,PTY7004W,MEDICAL VIROLOGY DISS,43030,True,138
2025,PTY7006W,MMED ANATOMCL PATH PT 2,19850,True,138
2025,PTY7007W,ANAT PATH MIN DISS (60 CRED),3520,True,138
2025,PTY7009W,ANATOMICAL PATHOLOGY DISS,43030,True,138
2025,PTY7010W,MMED ANATOMCL PATH PT,19850,True,138
2025,PTY7013W,CHEMICAL PATHOLOGY DISS,43030,True,138
2025,PTY7014W,CHEMICAL PATHOLOGY THESIS,27170,True,138
2025,PTY7015W,MMED CHEM PATH PT,19850,True,138
2025,PTY7016W,MMED CHEM PATH PT 2,19850,True,138
2025,PTY7017W,CHEM PATH MIN DISS (60 CRED),3520,True,138
2025,PTY7018W,MMED FORENSIC PATH PT 2,19850,True,138
2025,PTY7019W,FOREN PATH MIN DISS (60 CRED),3520,True,138
2025,PTY7020W,HAEMATOLOGY THESIS,27170,True,138
2025,PTY7021W,MMED HAEM PATH PT 2,19850,True,138
2025,PTY7022W,HAEMPATH MIN DISS (60 CRED),3520,True,138
2025,PTY7023W,HAEMATOLOGY DISS,43030,True,138
2025,PTY7025W,CLIN SCI & IMMUNOLOGY DISS,43030,True,138
2025,PTY7026W,CLIN SCI & IMMUNOLOGY THESIS,27170,True,138
2025,PTY7027W,MEDICAL MICROBIOLOGY DISS,43030,True,138
2025,PTY7028W,MEDICAL MICROBIOLOGY THESIS,27170,True,138
2025,PTY7029W,MMED MICRO PATH PT,19850,True,138
2025,PTY7030W,MMED MICRO PATH PT 2,19850,True,138
2025,PTY7031W,MICROBIO PATH MIN DISS (60 C),3520,True,138
2025,PTY7032W,MMED VIROLOGICAL PATH PT 2,19850,True,138
2025,PTY7033W,VIROL PATH MIN DISS (60 CRED),3520,True,138
2025,PTY7034W,MMED VIROLOGICAL PATH PT,19850,True,138
2025,PTY7035W,DSCMED MEDICAL VIROLOGY,27170,True,138
2025,PTY7036W,MEDICAL VIROLOGY THESIS,27170,True,138
2025,PTY7037W,FORENSIC PATHOLOGY THESIS,27170,True,138
2025,PTY7038W,FORENSIC TOXICOLOGY THESIS,27170,True,138
2025,PTY7039W,FORENSIC MEDICINE THESIS,27170,True,138
2025,PTY7042W,BIOMED FORENSIC SCIENCE THESIS,27170,True,138
2025,PTY7043W,MMED FORENSIC PATHOLOGY PART,19850,True,138
2025,PTY7045W,FORENSIC GENETICS THESIS,27170,True,138
2025,PTY7046W,FORENSIC ENTOMOLOGY THESIS,27170,True,138
2025,PTY9000Z,POSTDOCTORAL FELLOW,1,True,138
2025,PVL1003F,FOUNDATIONS OF SA LAW (PART A),9540,True,138
2025,PVL1003S,FOUNDATIONS OF SA LAW (PART B),9540,True,138
2025,PVL1003W,FOUNDATIONS OF SA LAW,19040,True,138
2025,PVL1004F,SA PRIVATE LAW: SYSCON,9540,True,138
2025,PVL1008H,LAW OF PERSONS AND FAMILY,9540,True,138
2025,PVL2002H,LAW OF PROPERTY,9540,True,138
2025,PVL2003H,LAW OF SUCCESSION,9540,True,138
2025,PVL3003F,LAW OF DELICT,8640,True,138
2025,PVL3003S,AFRICAN CUSTOMARY LAW,8640,True,138
2025,PVL3005W,LAW OF CONTRACT,17180,True,138
2025,PVL3006S,JURISPRUDENCE,8640,True,138
2025,PVL4008H,CIVIL PROCEDURE,8640,True,138
2025,PVL4401H,INDEPENDENT RESEARCH OPTION,4960,True,138
2025,PVL4504S,SOUTH AFRICAN MINERAL LAW,4960,True,138
2025,PVL4505F,THE LAW OF CESSION,4960,True,138
2025,PVL4507F,CONFLICT OF LAWS,4960,True,138
2025,PVL4511F,UNJUSTIFIED ENRICHMENT,4960,True,138
2025,PVL4512S,ADVANCED STUDIES IN ACL,4960,True,138
2025,PVL4601S,ADVANCED PROPERTY LAW,4960,True,138
2025,PVL4602S,CIVIL JUSTICE REFORM,4960,True,138
2025,PVL4603F,JURISPRUDENCE AND SA LAW,4960,True,138
2025,PVL4604S,RHETORIC LAW AND SOCIETY,4960,True,138
2025,PVL4606F,SPATIAL JUSTICE UBUNTU AND TH,4960,True,139
2025,PVL4608S,SA DELICT IN PERSPECTIVE,4960,True,139
2025,PVL4609H,MOOT CAPUT,4960,True,139
2025,PVL4624F,HUMAN RIGHTS AND PRIVATE LAW,23630,True,139
2025,PVL4625S,PROPERTY LAW,23630,True,139
2025,PVL4630F,COMPARATIVE MINERAL LAW,23630,True,139
2025,PVL4631S,EXTRACTIVE CONTRACTS,23630,True,139
2025,PVL4632F,OIL AND GAS LAW,23630,True,139
2025,PVL4633S,RESOURCE REVENUE LAW,23630,True,139
2025,PVL4636F,EXTRACTIVES IN TRANSITION,23630,True,139
2025,PVL5000X,PRIVATE LAW - RESEARCH TASK,2650,True,139
2025,PVL5606W,MASTERS IN PRIVATE LAW,22460,True,139
2025,PVL5607W,MASTERS IN RHETORIC STUDIES,22460,True,139
2025,PVL5624F,HUMAN RIGHTS AND PRIVATE LAW,11890,True,139
2025,PVL5624X,HUM RTS & PRIV LAW - RES TASK,2650,True,139
2025,PVL5625S,PROPERTY LAW AND CONSTITUTION,23630,True,139
2025,PVL5625X,PROPERTY IN CONST ORDER - RES,2650,True,139
2025,PVL5626S,HUMAN RIGHTS GENDER & FAMILY,23630,True,139
2025,PVL5626X,HUM RTS GEN & FAM - RES TASK,2650,True,139
2025,PVL5630F,COMPARATIVE MINERAL LAW IN AFR,23630,True,139
2025,PVL5630X,COMP MINERAL LAW AFR - RES TSK,2650,True,139
2025,PVL5631S,EXTRACTIVE CONTRACTS,23630,True,139
2025,PVL5631X,EXTRACTIVE CONTRACTS,2650,True,139
2025,PVL5632F,OIL AND GAS LAW,23630,True,139
2025,PVL5632X,OIL AND GAS LAW-RESEARCH TASK,2650,True,139
2025,PVL5633S,RESOURCE REVENUE LAW,23630,True,139
2025,PVL5633X,RESOURCE REVENUE LAW-RES TASK,2650,True,139
2025,PVL5634W,LLM MINERAL AND PETROLEUM,11890,True,139
2025,PVL5635F,LAW OF TRUSTS,23630,True,139
2025,PVL5635X,LAW OF TRUSTS – RESEARCH TASK,2650,True,139
2025,PVL5636F,EXTRACTIVES IN TRANSITION,23630,True,139
2025,PVL5636X,EXTRACTIVES IN TRANSITION TASK,2650,True,139
2025,PVL6700W,PHD IN PRIVATE LAW,27170,True,139
2025,PVL6701W,LLD IN PRIVATE LAW (THESIS),27170,True,139
2025,PVL6702W,LLD IN PRIVATE LAW (PBL WK),27170,True,139
2025,PVL6703W,PHD IN RHETORIC STUDIES,27170,True,139
2025,RAY4014W,PHYSICS OF RADIOLOGY,5850,True,139
2025,RAY4015W,PHYSICS OF NUCLEAR MEDICINE,5850,True,139
2025,RAY4016W,RADIOTHERAPY,5850,True,139
2025,RAY4017W,RADIATION PROTECT & DOSIMETRY,5850,True,139
2025,RAY4018W,TREATMENT PLANNING,5850,True,139
2025,RAY4019W,RADIOBIOLOGY,5850,True,139
2025,RAY4020W,HONS MED PHYS RESEARCH PROJECT,13490,True,139
2025,RAY4021W,RADIOBIOLOGY COURSEWORK,56580,True,139
2025,RAY4022W,RADIOBIOLOGY RESEARCH PROJECT,18870,True,139
2025,RAY4023W,PHYSICS EDUCATION,12330,True,139
2025,RAY4025W,MODERN PHYS FOR MED PHYSICISTS,11300,True,139
2025,RAY4026W,CLINICAL & ADVANCED TECHNIQUES,5850,True,139
2025,RAY4029W,SPEC MODALITIES IN PAED RADIOL,29670,True,139
2025,RAY5001W,MEDICAL PHYSICS DISS,43030,True,139
2025,RAY6000W,MEDICAL PHYSICS THESIS,27170,True,139
2025,RAY7000W,RADIOBIOLOGY DISS,43030,True,139
2025,RAY7001W,RADIOTHERAPY THESIS,27160,True,139
2025,RAY7002W,MD RADIOTHERAPY,27170,True,139
2025,RAY7009W,MMED RADIATION ONCOLOGY PT,19850,True,139
2025,RAY7010W,MMED RADIATION ONCOLOGY PT 2,19850,True,139
2025,RAY7011W,MMED RAD ONCOL MIN DISS,3520,True,139
2025,RAY7012W,MMED NUCLEAR MEDICINE PT,19850,True,139
2025,RAY7013W,MMED NUCLEAR MEDICINE PT 2,19850,True,139
2025,RAY7014W,MMED NUCL MED MIN DISS,3520,True,140
2025,RAY7015W,NUCLEAR MEDICINE THESIS,27170,True,140
2025,RAY7016W,MD NUCLEAR MEDICINE,27170,True,140
2025,RAY7017W,MMED DIAGN RADIOLOGY PT,19850,True,140
2025,RAY7018W,MD RADIOLOGY,27170,True,140
2025,RAY7019W,RADIOLOGY THESIS,27170,True,140
2025,RAY7020W,MMED DIAGN RADIOLOGY PT 2,19850,True,140
2025,RAY7021W,MMED DIAG RADIOL MIN DISS,3520,True,140
2025,REL1002F,RELIGIONS PAST AND PRESENT,9440,True,140
2025,REL1006S,JUDAISM CHRISTIANITY & ISLAM,9440,True,140
2025,REL1015F,RELIGIONS PAST AND PRESENT +,0,True,140
2025,REL1016S,JUDAISM CHRISTIANITY & ISLAM+,1,True,140
2025,REL1017S,AFRICAN RELIGIONS,9440,True,140
2025,REL2040F,RELIGION AND SOCIETY,12580,True,140
2025,REL2040L,RELIGION AND SOCIETY,12580,True,140
2025,REL2047F,RELIGION SEXUALITY AND GENDER,12580,True,140
2025,REL2047L,RELIGION SEXUALITY AND GENDER,12580,True,140
2025,REL2048P,PSYCHOLOGY OF RELIGION,12580,True,140
2025,REL2048S,PSYCHOLOGY OF RELIGION,12580,True,140
2025,REL2054F,RELIGION SEXUALITY & GENDER +,1,True,140
2025,REL3037F,RELIGION AND POLITICS,12580,True,140
2025,REL3042S,RELIGION AND MEDIA,12580,True,140
2025,REL4010F,STUDY OF RELIGIONS HONS,11200,True,140
2025,REL4011H,RESEARCH PROJECT / ESSAY,11200,True,140
2025,REL4012S,STUDY OF RELIGIONS 2 HONS,11200,True,140
2025,REL4046S,BUDDHISM IN CONTEMPORARY SOC,11200,True,140
2025,REL4049F,ISLAMIC STUDIES,11200,True,140
2025,REL4054S,RELIGION GENDER&SEXUALITY HONS,11200,True,140
2025,REL4110S,AFRICAN RELIGIOUS MOVEMENTS,11200,True,140
2025,REL4113F,ISSUES CONTEMP JEWISH THOUGHT,11200,True,140
2025,REL5000W,MASTERS STUDY OF RELIGIONS,37780,True,140
2025,REL5003W,MINOR DISSERTATION,23010,True,140
2025,REL5018S,RELIGION GENDER&SEXUALITY MAST,12640,True,140
2025,REL5110S,AFRICAN RELIGIOUS MOVEMENTS,12640,True,140
2025,REL5111F,READING RELIGIOUS TEXTS,12640,True,140
2025,REL5111S,READING RELIGIOUS TEXTS,12640,True,140
2025,REL5113F,ISSUES IN CONTEMP JEWISH THOUG,12640,True,140
2025,REL5114S,BUDDHISM IN CONTEMP SOCIETY,12640,True,140
2025,REL5115F,ISLAMIC STUDIES,12640,True,140
2025,REL5117F,STUDY OF RELIGIONS MAST,12640,True,140
2025,REL5118S,STUDY OF RELIGIONS 2 MAST,12640,True,140
2025,REL6000W,PHD STUDY OF RELIGIONS,27170,True,140
2025,REL9000Z,POSTDOCTORAL FELLOW,1,True,140
2025,SEA2004F,PRINCIPLES OF OCEANOGRAPHY,13670,True,141
2025,SEA2005S,MARINE SYSTEMS,13670,True,141
2025,SEA3004F,OCEAN & ATMOSPHERE DYNAMICS,20550,True,141
2025,SEA4001W,OCEAN & ATMOS SCI HONOURS,74450,True,141
2025,SEA5000W,OCEAN & ATMOS SCI DISSERTATION,37780,True,141
2025,SEA5001W,PHYS OCEANOGRAPHY DISSERTATION,37780,True,141
2025,SEA5011F,OPERATIONAL OCEANOGRAPHY,20560,True,141
2025,SEA5012W,OCEAN SCI MINOR DISSERTATION,37800,True,141
2025,SEA6000W,OCEAN & ATMOS SCI THESIS,27170,True,141
2025,SLL1002F,WORD POWER,9440,True,141
2025,SLL1002L,WORD POWER,9440,True,141
2025,SLL1002P,WORD POWER,9440,True,141
2025,SLL1002S,WORD POWER,9440,True,141
2025,SLL1016S,SOTHO ADDITIONAL A,9440,True,141
2025,SLL1017F,SWAHILI COMM A,9440,True,141
2025,SLL1017S,SWAHILI COMM A,9440,True,141
2025,SLL1018S,XHOSA ADDITIONAL A,9440,True,141
2025,SLL1022F,SESOTHO COMMUNICATION IA,9440,True,141
2025,SLL1023S,SESOTHO COMMUNICATION IB,9440,True,141
2025,SLL1028H,XHOSA FOR HRS,9440,True,141
2025,SLL1029F,CROSS-CULTURAL COMMUNICATION,9440,True,141
2025,SLL1029S,CROSS-CULTURAL COMMUNICATION,9440,True,141
2025,SLL1041S,BEGINNERS XHOSA FOR MBCHB,2370,True,141
2025,SLL1042F,AFRIKAANS INTENSIVE A,9440,True,141
2025,SLL1042S,AFRIKAANS INTENSIVE A,9440,True,141
2025,SLL1044S,BEGINNERS AFRIKAANS FOR MBCHB,2370,True,141
2025,SLL1048H,AFRIKAANS FOR HRS,9440,True,141
2025,SLL1050F,LATIN I A,9440,True,141
2025,SLL1051S,LATIN I B,9440,True,141
2025,SLL1052F,GREEK I A,9440,True,141
2025,SLL1053S,GREEK I B,9440,True,141
2025,SLL1054F,THE WORLD OF ODYSSEUS,9440,True,141
2025,SLL1057F,ANCIENT EGYPT,9440,True,141
2025,SLL1058F,INITIAL ARABIC A,9440,True,141
2025,SLL1059S,INITIAL ARABIC B,9440,True,141
2025,SLL1060F,FRENCH INTENSIVE A,9440,True,141
2025,SLL1060L,FRENCH INTENSIVE A,9440,True,141
2025,SLL1061S,FRENCH INTENSIVE B,9440,True,141
2025,SLL1062F,GERMAN STUDIES IA,9440,True,141
2025,SLL1062L,GERMAN STUDIES IA,9440,True,141
2025,SLL1063S,GERMAN STUDIES IB,9440,True,141
2025,SLL1064F,ITALIAN INTENSIVE A,9440,True,141
2025,SLL1065S,ITALIAN INTENSIVE B,9440,True,141
2025,SLL1068P,LATIN AMERICAN LIT,9440,True,141
2025,SLL1068S,LATIN AMERICAN LIT,9440,True,142
2025,SLL1069F,FRENCH COMMUNICATION,9440,True,142
2025,SLL1073F,INITIAL SPANISH A,9440,True,142
2025,SLL1074S,INITIAL SPANISH B,9440,True,142
2025,SLL1075F,INITIAL PORTUGUESE A,9440,True,142
2025,SLL1076S,INITIAL PORTUGUESE B,9440,True,142
2025,SLL1082F,HEBREW INTENSIVE A,9440,True,142
2025,SLL1083S,HEBREW INTENSIVE B,9440,True,142
2025,SLL1091H,FRENCH FOR MUSICIANS A,9440,True,142
2025,SLL1092H,GERMAN FOR MUSICIANS A,9440,True,142
2025,SLL1093H,ITALIAN FOR MUSICIANS A,9440,True,142
2025,SLL1094H,FRENCH FOR MUSICIANS B,9440,True,142
2025,SLL1095H,GERMAN FOR MUSICIANS B,9440,True,142
2025,SLL1096H,ITALIAN FOR MUSICIANS B,9440,True,142
2025,SLL1097S,INTRODUCING ANCIENT HISTORY,9440,True,142
2025,SLL1101F,XHOSA COMMUNICATION A,9440,True,142
2025,SLL1102S,XHOSA COMMUNICATION B,9440,True,142
2025,SLL1117F,SWAHILI COMMUNICATION B,9440,True,142
2025,SLL1117S,SWAHILI COMMUNICATION B,9440,True,142
2025,SLL1121F,CHINESE A,9440,True,142
2025,SLL1122S,CHINESE IB,9440,True,142
2025,SLL1131F,ISIXHOSA LANG & LIT IA,9440,True,142
2025,SLL1132S,ISIXHOSA LANG & LIT IB,9440,True,142
2025,SLL1136S,INTRO TO ROMAN LIT,9440,True,142
2025,SLL2002H,BECOMING A DOCTOR: PART IB,13970,True,142
2025,SLL2017F,SWAHILI IIA,12580,True,142
2025,SLL2025F,SESOTHO COMMUNICATION 2A,12580,True,142
2025,SLL2026S,SESOTHO COMMUNICATION 2B,12580,True,142
2025,SLL2040F,AFRIKAANS IIA,12580,True,142
2025,SLL2041S,AFRIKAANS IIB,12580,True,142
2025,SLL2050F,LATIN II A,12580,True,142
2025,SLL2051S,LATIN II B,12580,True,142
2025,SLL2052F,GREEK II A,12580,True,142
2025,SLL2053S,GREEK II B,12580,True,142
2025,SLL2056S,ROMAN SOCIETY AND LAW,12580,True,142
2025,SLL2058F,ANCIENT MYTHOLOGY,12580,True,142
2025,SLL2059F,ROME: LITERATURE & EMPIRE,12580,True,142
2025,SLL2060F,FRENCH LANG&LITERATURE IIA,12580,True,142
2025,SLL2061S,FRENCH LANG&LITERATURE IIB,12580,True,142
2025,SLL2062F,GERMAN STUDIES IIA,12580,True,142
2025,SLL2063S,GERMAN STUDIES IIB,12580,True,142
2025,SLL2064F,ITALIAN II A,12580,True,142
2025,SLL2065S,ITALIAN II B,12580,True,142
2025,SLL2073F,SPANISH IIA,12580,True,142
2025,SLL2074S,SPANISH IIB,12580,True,142
2025,SLL2075F,PORTUGUESE IIA,12580,True,142
2025,SLL2076S,PORTUGUESE IIB,12580,True,142
2025,SLL2080F,ARABIC IIA,12580,True,142
2025,SLL2081S,ARABIC IIB,12580,True,142
2025,SLL2082F,HEBREW LANG & LITERATURE IIA,12580,True,142
2025,SLL2083S,HEBREW LANG & LITERATURE IIB,12580,True,142
2025,SLL2090S,BLACK FRANCOPHONE THOUGHT,12580,True,142
2025,SLL2101F,XHOSA COMMUNICATION 2A,12580,True,142
2025,SLL2102S,XHOSA COMMUNICATION 2B,12580,True,142
2025,SLL2117S,SWAHILI IIB,12580,True,142
2025,SLL2121F,CHINESE IIA,12580,True,142
2025,SLL2122S,CHINESE IIB,12580,True,142
2025,SLL2131F,ISIXHOSA LANG & LIT IIA,12580,True,142
2025,SLL2132S,ISIXHOSA LANG & LIT IIB,12580,True,142
2025,SLL3002F,BECOMING A DOCTOR: PART 2B,12580,True,143
2025,SLL3040F,AFRIKAANS IIIA,12580,True,143
2025,SLL3041S,AFRIKAANS IIIB,12580,True,143
2025,SLL3050F,LATIN III A,12580,True,143
2025,SLL3051S,LATIN III B,12580,True,143
2025,SLL3052F,GREEK III A,12580,True,143
2025,SLL3053S,GREEK III B,12580,True,143
2025,SLL3056S,ROMAN SOCIETY AND LAW,12580,True,143
2025,SLL3059F,ROME: LITERATURE & EMPIRE,12580,True,143
2025,SLL3060F,FRENCH LANG&LITERATURE IIIA,12580,True,143
2025,SLL3061S,FRENCH LANG & LITERATURE IIIB,12580,True,143
2025,SLL3062F,GERMAN STUDIES IIIA,12580,True,143
2025,SLL3063S,GERMAN STUDIES IIIB,12580,True,143
2025,SLL3064F,ITALIAN III A,12580,True,143
2025,SLL3065S,ITALIAN III B,12580,True,143
2025,SLL3070W,FRENCH ADDITIONAL,25110,True,143
2025,SLL3071F,GERMAN ADDITIONAL A,12580,True,143
2025,SLL3072S,GERMAN ADDITIONAL B,12580,True,143
2025,SLL3073F,SPANISH IIIA,12580,True,143
2025,SLL3074S,SPANISH IIIB,12580,True,143
2025,SLL3075F,PORTUGUESE IIIA,12580,True,143
2025,SLL3076S,PORTUGUESE IIIB,12580,True,143
2025,SLL3077W,PORTUGUESE ADDITIONAL,25130,True,143
2025,SLL3078W,ITALIAN ADDITIONAL,25130,True,143
2025,SLL3080F,ARABIC IIIA,12580,True,143
2025,SLL3081S,ARABIC IIIB,12580,True,143
2025,SLL3084F,BUSINESS FRENCH IIIA,12580,True,143
2025,SLL3085S,BUSINESS FRENCH IIIB,12580,True,143
2025,SLL3101F,XHOSA COMMUNICATION 3A,12580,True,143
2025,SLL3102S,XHOSA COMMUNICATION 3B,12580,True,143
2025,SLL3103X,CLINICAL LANGUAGE,4550,True,143
2025,SLL3114W,XHOSA COMMUNICATION FOR EDUCAT,4740,True,143
2025,SLL3121F,CHINESE IIIA,12580,True,143
2025,SLL3122S,CHINESE IIIB,12580,True,143
2025,SLL3131F,ISIXHOSA LANG & LIT IIIA,12580,True,143
2025,SLL3132S,ISIXHOSA LANG & LIT IIIB,12580,True,143
2025,SLL3203X,CLINICAL LANGUAGE,4550,True,143
2025,SLL3303X,CLINICAL LANGUAGE,4550,True,143
2025,SLL3403X,CLINICAL LANGUAGE,4550,True,143
2025,SLL3503X,CLINICAL LANGUAGE,4550,True,143
2025,SLL4000H,RESEARCH ESSAY/PROJECT,11200,True,143
2025,SLL4025F,STUDIES IN ITALIAN POETRY,11200,True,143
2025,SLL4026F,ITALIAN CULTURAL STUDIES,11200,True,143
2025,SLL4027S,STUDIES IN ITALIAN PROSE,11200,True,143
2025,SLL4028S,ADVANCED ITALIAN LANGUAGE,11200,True,143
2025,SLL4048F,TOPICS IN AFRIKAANS STUDIES I,11200,True,143
2025,SLL4049F,TOPICS IN AFRIKAANS STUDIES 2,11200,True,143
2025,SLL4050F,PRE-SOCRATICS TO ARISTOTLE,11200,True,143
2025,SLL4054S,TOPICS IN AFRIKAANS STUDIES 3,11200,True,143
2025,SLL4055S,TOPICS IN AFRIKAANS STUDIES 4,11200,True,143
2025,SLL4060F,FRENCH & FRANCOPHONE LIT,11200,True,143
2025,SLL4061S,FRENCH & FRANCOPHONE LIT 2,11200,True,143
2025,SLL4063F,PRACTICES OF TRANSLATION,11200,True,143
2025,SLL4064F,TOPICS IN GERMAN STUDIES I,11200,True,143
2025,SLL4065F,TOPICS IN GERMAN STUDIES II,11200,True,143
2025,SLL4066S,TOPICS IN GERMAN STUDIES III,11200,True,143
2025,SLL4067S,TOPICS IN GERMAN STUDIES IV,11200,True,143
2025,SLL4072S,FRENCH & FRANCOPHONE CULTURES,11200,True,143
2025,SLL4081F,CLASSICAL STUDIES TOPICS I,11200,True,143
2025,SLL4082F,CLASSICAL STUDIES TOPICS II,11200,True,144
2025,SLL4083S,CLASSICAL STUDIES TOPICS III,11200,True,144
2025,SLL4084S,CLASSICAL STUDIES IV,11200,True,144
2025,SLL4085F,GREEK LANG & LIT TOPICS I,11200,True,144
2025,SLL4086F,GREEK LANG & LIT TOPICS II,11200,True,144
2025,SLL4087S,GREEK LANG & LIT TOPICS III,11200,True,144
2025,SLL4088S,GREEK LANG & LIT TOPICS IV,11200,True,144
2025,SLL4089F,LATIN LANG & LIT TOPICS I,11200,True,144
2025,SLL4090F,LATIN LANG & LIT TOPICS II,11200,True,144
2025,SLL4091S,LATIN LANG & LIT TOPICS III,11200,True,144
2025,SLL4092S,LATIN LANG & LIT TOPICS IV,11200,True,144
2025,SLL4097S,TOPICS IN ROMANCE LITERATURE,11200,True,144
2025,SLL4100S,TOPICS IN ARABIC LANG/LIT,11200,True,144
2025,SLL4101F,TOPICS IN ARABIC LANG/LIT 2,11200,True,144
2025,SLL4102S,TOPICS IN ARABIC LANG/LIT 3,11200,True,144
2025,SLL4103F,TOPICS IN ARABIC LANG/LIT 4,11200,True,144
2025,SLL4104F,TOPICS IN AFRICAN LANGUAGES,11200,True,144
2025,SLL4105F,TOPICS IN AFRICAN LANGUAGES 2,11200,True,144
2025,SLL4106S,TOPICS IN AFRICAN LANGUAGES 3,11200,True,144
2025,SLL4107S,TOPICS IN AFRICAN LANGUAGES 4,11200,True,144
2025,SLL4200F,TOPICS IN ROMANCE PHILOLOGY,11200,True,144
2025,SLL4201F,TOPICS IN SPANISH,11200,True,144
2025,SLL4202S,TOPICS IN SPANISH 2,11200,True,144
2025,SLL4203S,TOPICS IN SPANISH 3,11200,True,144
2025,SLL4300F,TOPICS IN PORTUGUESE I,11200,True,144
2025,SLL4301S,TOPICS IN PORTUGUESE II,11200,True,144
2025,SLL4302F,TOPICS IN PORTUGUESE III,11200,True,144
2025,SLL4303S,TOPICS IN PORTUGUESE IV,11200,True,144
2025,SLL5000W,MINOR DISSERTATION,23010,True,144
2025,SLL5010W,MASTERS IN AFRICAN LANGUAGES,37780,True,144
2025,SLL5012H,CONTEMPORARY AFRIKAANS POETRY,12640,True,144
2025,SLL5013F,ADVANCED CREATIVE WRITING I,12640,True,144
2025,SLL5014S,ADVANCED CREATIVE WRITING II,12640,True,144
2025,SLL5015S,DIRECTED READING,11980,True,144
2025,SLL5020W,MASTERS IN CLASSICAL STUDIES,37780,True,144
2025,SLL5024F,CREATIVE WRITING POETRY,12640,True,144
2025,SLL5024S,CREATIVE WRITING POETRY,12640,True,144
2025,SLL5025W,CREATIVE WRITING PART B,23010,True,144
2025,SLL5027F,CREATIVE WRITING WORKSHOP,12640,True,144
2025,SLL5027S,CREATIVE WRITING WORKSHOP,12640,True,144
2025,SLL5030W,MASTERS IN SPANISH,37780,True,144
2025,SLL5040W,MASTERS IN AFRIK/NETH STUDIES,37780,True,144
2025,SLL5041F,COMTEMP LIT/CULT THEORY I,12580,True,144
2025,SLL5042S,CONTEMP LIT/CULT THEORY II,12580,True,144
2025,SLL5051W,MA IN ARABIC LANG/LITERATURE,37780,True,144
2025,SLL5061W,MASTERS IN FRENCH,37780,True,144
2025,SLL5062W,GERMAN (00% DISSERTATION),37780,True,144
2025,SLL5072W,MASTERS IN ITALIAN,37780,True,144
2025,SLL5083F,INT CONTEMP FICTION & PROSE,12640,True,144
2025,SLL5083S,INT CONTEMP FICTION & PROSE,12640,True,144
2025,SLL5090W,MA IN PORTUGUESE,37780,True,144
2025,SLL6010W,PHD IN AFRICAN LANGUAGES,27170,True,144
2025,SLL6030W,PHD IN SPANISH,27170,True,144
2025,SLL6040W,PHD IN AFRIK/NETH STUDIES,27170,True,144
2025,SLL6050W,PHD IN CLASSICS,27170,True,144
2025,SLL6060W,PHD IN FRENCH,27170,True,144
2025,SLL6061W,PHD IN GERMAN,27170,True,144
2025,SLL6070W,PHD IN ITALIAN,27170,True,144
2025,SLL6090W,PHD IN PORTUGUESE,27170,True,144
2025,SLL6100W,PHD IN ARABIC LANGUAGE/LIT,27170,True,145
2025,SOC1001F,INTRODUCTION TO SOCIOLOGY,9440,True,145
2025,SOC1005S,INDIVIDUAL AND SOCIETY,9440,True,145
2025,SOC1006F,INTRODUCTION TO SOCIOLOGY +,1,True,145
2025,SOC1007S,INDIVIDUAL AND SOCIETY +,1,True,145
2025,SOC2004S,RACE CLASS GENDER & SEXUALITY,12580,True,145
2025,SOC2015S,COMP INDUSTRIAL & LABOUR STUDY,12580,True,145
2025,SOC2019S,SOCIAL THEORY,12580,True,145
2025,SOC2030F,POVERTY DEVMNT & GLOBALISATN,12580,True,145
2025,SOC2032F,CULTURE AND SOCIAL LIFE,12580,True,145
2025,SOC2034F,POVERTY DEVMNT & GLOBALISATN+,0,True,145
2025,SOC2035S,COMP INDUSTR & LABOUR STUDY +,0,True,145
2025,SOC3007F,SOCIAL RESEARCH,12580,True,145
2025,SOC3027F,SOCIAL RESEARCH (INDUST SOC),12580,True,145
2025,SOC3029S,INDUST SOCIETY & SOCIAL CHANGE,12580,True,145
2025,SOC3031S,SOCIAL JUSTICE AND INEQUALITY,12580,True,145
2025,SOC4000H,RESEARCH ESSAY / PROJECT,11200,True,145
2025,SOC4003S,WORLDS OF WORK,5620,True,145
2025,SOC4004S,POLITICAL SOCIOLOGY,5620,True,145
2025,SOC4013F,SOC RES METHODS: QUANTITATIVE,5620,True,145
2025,SOC4015F,SOC RES METHODS: QUALITATIVE,5620,True,145
2025,SOC4019F,GENDER FAMILIES & THE STATE,5620,True,145
2025,SOC4021S,INTRO TO POLITICAL ECOLOGY,5620,True,145
2025,SOC4028F,SOCIAL THEORY,5620,True,145
2025,SOC4037S,CONTEMPORARY SOCIAL THEORY,5620,True,145
2025,SOC4053F,IDENTITY SUBJECT & DIFFERENCE,5620,True,145
2025,SOC4055F,ADVANCED DEVELOPMENT THEORIES,5620,True,145
2025,SOC4056F,RACE CLASS AND IDENTITY,5620,True,145
2025,SOC4057S,ACTION RESISTANCE ALTERNATIVES,5620,True,145
2025,SOC4058S,SOCIOLOGY/GENDER/GLOBALISATION,5620,True,145
2025,SOC4059S,WORKERS CHANGE AND CONTINUITY,5620,True,145
2025,SOC4060F,THEORISING JUSTICE,5620,True,145
2025,SOC4061S,FEMINIST SCI TECH & SOCIETY,5620,True,145
2025,SOC5000W,MASTERS IN SOCIOLOGY,37780,True,145
2025,SOC5002W,MASTERS IN IND SOCIOLOGY,37780,True,145
2025,SOC5003F,IDENTITY SUBJECT & DIFFERENCE,6340,True,145
2025,SOC5007F,ECONOMICS AND SOCIAL CHANGE,6340,True,145
2025,SOC5008S,CONTEMPORARY SOCIAL THEORY,6340,True,145
2025,SOC5010F,ADVANCED DEVELOPMENT THEORIES,6340,True,145
2025,SOC5011S,SOCIETY AND NATURAL RESOURCES,6340,True,145
2025,SOC5013S,ACTION RESISTANCE ALTERNATIVES,6340,True,145
2025,SOC5014S,SOCIOLOGY/GENDER/GLOBALISATION,6340,True,145
2025,SOC5015S,WORKERS CHANGE & CONTINUITY,6340,True,145
2025,SOC5019F,RACE CLASS & IDENTITY,6340,True,145
2025,SOC5020S,SOCIOLOGICAL ANALYSIS TODAY,6340,True,145
2025,SOC5024S,DEVELOPMENT THEORY & PRACTICE,12640,True,145
2025,SOC5030F,IN-DEPTH INTERVIEW/ANALYSIS,6340,True,145
2025,SOC5032W,MINOR DISSERTATION,23010,True,145
2025,SOC5034S,GPNS DEVELOPMENT & DECENT WORK,6340,True,145
2025,SOC5052F,SURVEY DATA ANALYSIS,6340,True,145
2025,SOC5054S,WORLDS OF WORK,6340,True,145
2025,SOC5056S,POLITICAL SOCIOLOGY,6340,True,145
2025,SOC5058S,INTRO TO POLITICAL ECOLOGY,6340,True,145
2025,SOC5059F,THEORISING JUSTICE,6340,True,145
2025,SOC5060F,COMMONS GOVERNANCE IN AFRICA,12640,True,145
2025,SOC5061S,FEMINIST STS,6340,True,145
2025,SOC6000W,PHD IN SOCIOLOGY,27170,True,145
2025,SOC6003W,PHD IN INDUSTRIAL SOCIOLOGY,27170,True,145
2025,SOC9000Z,POSTDOCTORAL FELLOW,1,True,145
2025,STA1000F,INTRODUCTORY STATISTICS,10370,True,146
2025,STA1000P,INTRODUCTORY STATISTICS,10370,True,146
2025,STA1000S,INTRODUCTORY STATISTICS,10370,True,146
2025,STA1006S,MATHEMATICAL STATISTICS I,10370,True,146
2025,STA1007S,INTRO STATISTICS FOR SCIENCE,10370,True,146
2025,STA1008F,STATISTICS FOR ENGINEERS,6760,True,146
2025,STA1008S,STATISTICS FOR ENGINEERS,6760,True,146
2025,STA1100S,INTRODUCTORY STATISTICS,10370,True,146
2025,STA1106H,MATHEMATICAL STATISTICS,10370,True,146
2025,STA2004F,STATISTICAL THEORY & INFERENCE,13410,True,146
2025,STA2005S,LINEAR MODELS,13410,True,146
2025,STA2007F,STUDY DESIGN & DATA ANALYSIS,13410,True,146
2025,STA2007H,STUDY DESIGN & DATA ANALYSIS,13410,True,146
2025,STA2007L,STUDY DESIGN AND DATA ANALYSIS,13410,True,146
2025,STA2007P,STUDY DESIGN AND DATA ANALYSIS,13410,True,146
2025,STA2007S,STUDY DESIGN & DATA ANALYSIS,13410,True,146
2025,STA2020F,APPLIED STATISTICS,13410,True,146
2025,STA2020S,APPLIED STATISTICS,13410,True,146
2025,STA2030S,STATISTICAL THEORY,13410,True,146
2025,STA3022F,MULTIVARIATE ANALYSIS,20140,True,146
2025,STA3030F,STATS INFERENCE & MODELLING,20140,True,146
2025,STA3036S,OPERATIONAL RES TECHNIQUES,20140,True,146
2025,STA3041F,STOCHASTIC PROCESSES & TIME SE,20140,True,146
2025,STA3043S,STATISTICAL MODELLING & BAYES,20140,True,146
2025,STA3045F,STOCHASTIC PROC & DISTRIBUTION,20140,True,146
2025,STA3047S,MACHINE LEARNING,3380,True,146
2025,STA3048S,STATISTICAL MODELLING,16800,True,146
2025,STA4006W,STATISTICS & DATA SCIENCE HONS,74080,True,146
2025,STA4007W,STATISTICS & DATA SCIENCE HONS,74080,True,146
2025,STA4010W,OP RES STATISTICS & DATA SCI,65340,True,146
2025,STA4011W,SPECIAL TOPICS IN STATISTICS,33920,True,146
2025,STA4016H,SPECIAL TOPICS IN STATS HONOUR,17020,True,146
2025,STA4026S,ANALYTICS,8380,True,146
2025,STA4027Z,BAYESIAN COMPUTATIONAL METHODS,5590,True,146
2025,STA4028Z,PORTFOLIO THEORY,5590,True,146
2025,STA4029Z,ADVANCED PROBABILITY THEORY,5590,True,146
2025,STA5000W,STATISTICS DISSERTATION,37780,True,146
2025,STA5001W,OPERATIONAL RES DISSERTATION,37780,True,146
2025,STA5004W,STATS & DATA SCI MINOR DISS,37780,True,146
2025,STA5005H,SPECIAL TOPICS IN STATISTICS B,12450,True,146
2025,STA5013W,STATISTICAL ECOLOGY DISSERTATI,37780,True,146
2025,STA5014X,STUDY DESIGN & DATA ANALYSIS,4330,True,146
2025,STA5014Z,STUDY DESIGN & DATA ANALYSIS,4330,True,146
2025,STA5056F,BIOSTATISTICS III,4460,True,146
2025,STA5058W,BIOSTATS MINOR DISSERTATION,34050,True,146
2025,STA5059Z,TOPICS IN BIOSTATISTICS A,11230,True,146
2025,STA5060Z,TOPICS IN BIOSTATISTICS B,11230,True,146
2025,STA5061Z,BAYESIAN DECISION MODELLING,12520,True,146
2025,STA5062Z,CAUSAL MODELLING,12520,True,146
2025,STA5063Z,DESIGN OF CLINICAL TRIALS,12520,True,146
2025,STA5064Z,ECOLOGICAL STATISTICS,12520,True,146
2025,STA5065Z,FINANCIAL ECONOMETRICS,12520,True,146
2025,STA5066Z,INFECTIOUS DISEASE MODELLING,12520,True,146
2025,STA5067Z,LONGITUDINAL DATA ANALYSIS,12520,True,147
2025,STA5068Z,MACHINE LEARNING,12520,True,147
2025,STA5069Z,MULTIVARIATE STATISTICS,12520,True,147
2025,STA5070Z,PSSD,12520,True,147
2025,STA5071Z,SIMULATION AND OPTIMISATION,12520,True,147
2025,STA5072Z,SURVIVAL ANALYSIS,12520,True,147
2025,STA5073Z,DATA SCIENCE FOR INDUSTRY,12520,True,147
2025,STA5074Z,PRESCRIPTIVE ANALYTICS,10070,True,147
2025,STA5075Z,STATISTICAL COMPUTING,10070,True,147
2025,STA5076Z,SUPERVISED LEARNING,14810,True,147
2025,STA5077Z,UNSUPERVISED LEARNING,10070,True,147
2025,STA5078Z,STOCHASTIC PROCESSES,12530,True,147
2025,STA5079W,DATA SCI MINOR DISSERTATION,34050,True,147
2025,STA5086Z,ADVANCED PORTFOLIO THEORY,12520,True,147
2025,STA5089F,BASICS OF MATHEMATICAL STATS,4830,True,147
2025,STA5090Z,ADVANCED TOPICS IN REGRESSION,12520,True,147
2025,STA5091Z,HIGH-FREQUENCY TRADING,12530,True,147
2025,STA5092Z,EXPLORATORY DATA ANALYSIS,10070,True,147
2025,STA5093W,DATA SCI MINOR DISSERTATION,22750,True,147
2025,STA6001W,STATISTICAL SCIENCES THESIS,27170,True,147
2025,STA6002W,STATISTICAL ECOLOGY THESIS,27170,True,147
2025,SWK1005S,FIELD PRACTICE I,9440,True,147
2025,SWK1006S,BASIC PROFESSIONAL INTERACTION,9440,True,147
2025,SWK1013F,COMMUNITY CONNECTIONS,9440,True,147
2025,SWK1014F,COMMUNITY CONNECTIONS +,0,True,147
2025,SWK2001F,INTRODUCTION TO SOCIAL DEVELOP,12580,True,147
2025,SWK2002F,INTRODUCTION TO SOCIAL DEV +,0,True,147
2025,SWK2013S,COMMUNITY & YOUTH DEVELOPMENT,12580,True,147
2025,SWK2014S,COMM AND YOUTH DEVELOPMENT +,0,True,147
2025,SWK2060F,SOCIAL WORK ASSESSMENT,12580,True,147
2025,SWK2065S,SOCIAL WORK INTERVENTION,12580,True,147
2025,SWK2070F,FIELD PRACTICUM I,7840,True,147
2025,SWK2075S,FIELD PRACTICUM II,7340,True,147
2025,SWK3001F,PRINCIPLES & APP OF SOCIAL DEV,12580,True,147
2025,SWK3061F,SOCIAL WORK RESEARCH,12580,True,147
2025,SWK3066S,CONTEMPORARY SOCIAL WORK ISSUE,12580,True,147
2025,SWK3070F,FIELD PRACTICUM III,7340,True,147
2025,SWK3075S,FIELD PRACTICUM IV,7340,True,147
2025,SWK4000F,SOCIAL RESEARCH,11200,True,147
2025,SWK4001S,RESEARCH ESSAY/PROJECT,11200,True,147
2025,SWK4013F,THEORIES & APPLIED APPROACHES,11200,True,147
2025,SWK4014S,INTRO: SOCIAL & ECONOMIC DEV,11200,True,147
2025,SWK4015F,SOCIAL WORK RESEARCH II,11200,True,147
2025,SWK4016S,SOCIAL WORK RESEARCH PROJECT,11200,True,147
2025,SWK4026S,SOCIAL DEVELOPMENT PLANNING,11200,True,147
2025,SWK4030F,CONTEMPORARY FAMILIES,11200,True,147
2025,SWK4031S,PSY FUNCT & EMPOWERMENT,11200,True,147
2025,SWK4032S,SOCIAL POLICY & MANAGEMENT,11200,True,147
2025,SWK4033F,FIELD PRACTICUM V,11730,True,147
2025,SWK5000F,COMP SOC POLICY IN AFRICA,12640,True,147
2025,SWK5001W,MINOR DISSERTATION,23010,True,147
2025,SWK5003F,FORENSIC PRAC IN SOCIAL WORK,10300,True,147
2025,SWK5007W,MASTERS IN SOCIAL WORK,37780,True,147
2025,SWK5010H,CRIM JUST SOC WORK INTERNSHIP,12640,True,147
2025,SWK5011H,CLINICAL SOC WORK INTERNSHIP,12640,True,147
2025,SWK5012H,SOCIAL DEVELOPMENT INTERNSHIP,12640,True,147
2025,SWK5013H,SOC POLICY/MNGMNT INTERNSHIP,12640,True,147
2025,SWK5014S,SOCIAL/ECONOMIC DEVELOPMENT,12640,True,147
2025,SWK5034W,MASTERS IN SOC PLANNING/ADMIN,37780,True,147
2025,SWK5035W,MASTERS IN SOCIAL DEVELOPMENT,37780,True,148
2025,SWK5052S,CONT ISSUES CRIM JUST SOC WORK,12640,True,148
2025,SWK5053F,PSYCHOTHERAPY AND PSYCH DIS,12640,True,148
2025,SWK5054F,PROBATION PRACTICE,12640,True,148
2025,SWK5056S,SOCIAL INCLUSION AND THE YOUTH,12640,True,148
2025,SWK5058S,PSYCHOTHERAPY FAM & GROUPS,12640,True,148
2025,SWK5059F,PSYCHODYNAMIC TH & ASSESS,12640,True,148
2025,SWK5060S,PSYCHOTHERAPY WITH INDIVIDUALS,12640,True,148
2025,SWK6000W,PHD IN SOCIAL WORK,27170,True,148
2025,SWK6002W,PHD IN SOCIAL DEVELOPMENT,27170,True,148
2025,TDP1017H,STAGECRAFT A,11000,True,148
2025,TDP1018H,STAGECRAFT B,11000,True,148
2025,TDP1027F,INTRO TO THEATRE & PERF A,9440,True,148
2025,TDP1029F,INTRODUCTION TO THEATRE A+,0,True,148
2025,TDP1045S,SA PERFORMANCE GENEALOGIES,9440,True,148
2025,TDP1046W,T&P STUDIOWORK,32780,True,148
2025,TDP1800F,AFRICAN DANCE (SSA),6330,True,148
2025,TDP1800S,AFRICAN DANCE (SSA),6330,True,148
2025,TDP2010F,GLOBAL PERFORMANCES,12580,True,148
2025,TDP2011S,ANALYSIS & CRITICISM,12580,True,148
2025,TDP2013S,ANALYSIS & CRITICISM+,0,True,148
2025,TDP2014S,THEATRE IN EDUCATION,12580,True,148
2025,TDP2040W,T&P STUDIOWORK 2,43670,True,148
2025,TDP2042F,GLOBAL PERFORMANCES +,0,True,148
2025,TDP3010F,CONTEMPORARY PERFORMANCE,12580,True,148
2025,TDP3018S,PRODUCTION PROCESSES,12580,True,148
2025,TDP3040W,T&P STUDIOWORK 3E: PERF MAKING,57940,True,148
2025,TDP3041W,T&P STUDIOWORK 3F: PERF PRAC,59240,True,148
2025,TDP3042W,T&P STUDIOWORK 3A: ACTING,57940,True,148
2025,TDP3043W,T&P STUDIOWORK 3B: ACTING PRAC,59240,True,148
2025,TDP3044H,PROFESSIONAL PRACTICE A,5620,True,148
2025,TDP3045H,PROFESSIONAL PRACTICE B,5620,True,148
2025,TDP3046W,T&P STUDIOWORK 3C: DANCE,57940,True,148
2025,TDP3047W,T&P STUDIOWORK 3D: DANCE PRAC,59240,True,148
2025,TDP3048W,T&P STUDIOWORK 3G: SCENOGRAPHY,57940,True,148
2025,TDP3049W,T&P STUDIOWORK 3H: PEDAGOGY,33830,True,148
2025,TDP3050W,T&P STUDIOWORK 3I: PEDAGOGY PR,56580,True,148
2025,TDP3051W,T&P STUDIOWORK 3G: SCENOGRAPHY,59240,True,148
2025,TDP4000H,THEATRE AND DANCE RESEARCH,11200,True,148
2025,TDP4017F,READINGS IN PERFORMANCE A,11200,True,148
2025,TDP4023W,DIRECTING,22290,True,148
2025,TDP4024S,READINGS IN PERFORMANCE B,11200,True,148
2025,TDP4036W,TECHNICAL THEATRE MANAGEMENT,22290,True,148
2025,TDP4040W,T&P STUDIOWORK 4A: ACTING,59240,True,148
2025,TDP4041W,T&P STUDIOWORK 4E: PERFORMANCE,59240,True,148
2025,TDP4042W,DANCE,22290,True,148
2025,TDP4045W,T&P STUDIOWORK 4C: DANCE,59240,True,148
2025,TDP4046W,T&P STUDIOWORK 4G: SCENOGRAPHY,59240,True,148
2025,TDP4047W,T&P STUDIOWORK 4H: PEDAGOGY,59240,True,148
2025,TDP5000W,MASTERS IN THEATRE,37780,True,148
2025,TDP5001W,MASTERS IN DANCE,37780,True,148
2025,TDP5003W,THEATRE & PERFORMANCE PART A,18990,True,148
2025,TDP5010W,THEATRE AND DANCE STUDIES: RES,23010,True,148
2025,TDP5013W,THEATRE & PERFORMANCE PART B,18990,True,148
2025,TDP5018W,MINOR DISSERTATION/PROJECT,48840,True,148
2025,TDP6000W,PHD IN THEATRE,27170,True,148
2025,TDP6001W,PHD IN DANCE,27170,True,148
2025,CML4401H,INDEPENDENT RESEARCH OPTION,4960,True,82
2025,CML4503F,COPYRIGHT & PATENTS,4960,True,82
