year,faculty,plan_code,study_year,table_index,seq,course_code_raw,course_code,course_title,nqf_credits,nqf_level,requirement,choice_group,choice_member,choice_pick_n,choice_note,is_minimum,source_page
2025,COM,CU020BUS01,1,0,1,STA3041F,STA3041F,Stochastic Processes & Time Series,36,7,core,,,,,False,20
2025,COM,CU020BUS01,1,0,2,STA3045F,STA3045F,Stochastic Processes and Distribution,36,7,core,,,,,False,20
2025,COM,CU020BUS01,1,0,3,STA3047S,STA3047S,Introduction to Machine Learning,6,7,core,,,,,False,20
2025,COM,CU020BUS01,1,0,4,STA3048S,STA3048S,Statistical Modelling,30,7,core,,,,,False,20
2025,COM,CU020BUS01,1,0,5,BUS3018F,BUS3018F,Actuarial Science II: Models,18,7,core,,,,,False,20
2025,COM,CU020BUS01,1,0,6,BUS3024S,BUS3024S,Actuarial Science II: Contingencies,18,7,core,,,,,False,20
2025,COM,CU020BUS01,1,0,7,ECO1010F/S,ECO1010F,Microeconomics 1010,18,5,option,ADVDIP-EL,1,2,choose two of the listed electives,False,20
2025,COM,CU020BUS01,1,0,8,ECO1011F/S,ECO1011F,Macroeconomics 1011,18,5,option,ADVDIP-EL,2,2,choose two of the listed electives,False,20
2025,COM,CU020BUS01,1,0,9,ACC1006F,ACC1006F,Financial Accounting,18,5,option,ADVDIP-EL,3,2,choose two of the listed electives,False,20
2025,COM,CU020BUS01,1,0,10,ACC1011S,ACC1011S,Financial Reporting I,18,5,option,ADVDIP-EL,4,2,choose two of the listed electives,False,20
2025,COM,CU020BUS01,1,0,11,BUS2016H,BUS2016H,Actuarial Science: Financial Mathematics,18,6,option,ADVDIP-EL,5,2,choose two of the listed electives,False,20
2025,COM,CU020BUS01,1,0,12,FTX2024S,FTX2024S,Financial Management or an approved elective,18,6,option,ADVDIP-EL,6,2,choose two of the listed electives,False,20
2025,COM,CU020BUS01,1,0,13,STA2004F,STA2004F,Statistical Theory and Inference,24,6,option,ADVDIP-EL,7,2,choose two of the listed electives,False,20
2025,COM,CU020BUS01,1,0,14,STA2005S,STA2005S,Linear Models,24,6,option,ADVDIP-EL,8,2,choose two of the listed electives,False,20
2025,COM,CU020BUS01,1,0,15,MAM3000W,MAM3000W,Mathematics 3000*,72,7,alternative,,,,approved elective pool,False,21
2025,COM,CU020BUS01,1,0,16,FTX3044F,FTX3044F,Investment Management A,18,7,alternative,,,,approved elective pool,False,21
2025,COM,CU020BUS01,1,0,17,FTX3045S,FTX3045S,Investment Management B,18,7,alternative,,,,approved elective pool,False,21
2025,COM,CU020BUS01,1,0,18,ECO3009F,ECO3009F,Natural Resource Economics,18,7,alternative,,,,approved elective pool,False,21
2025,COM,CU020BUS01,1,0,19,ECO3016F,ECO3016F,History of Economic Thought,18,7,alternative,,,,approved elective pool,False,21
2025,COM,CU020BUS01,1,0,20,ECO3020F,ECO3020F,Advanced Macro & Micro Economics,18,7,alternative,,,,approved elective pool,False,21
2025,COM,CU020BUS01,1,0,21,ECO3021S,ECO3021S,Quantitative Methods in Economics,18,7,alternative,,,,approved elective pool,False,21
2025,COM,CU020BUS01,1,0,22,ECO3022S,ECO3022S,Advanced Labour Economics,18,7,alternative,,,,approved elective pool,False,21
2025,COM,CU020BUS01,1,0,23,ECO3023S,ECO3023S,Public Sector Economics,18,7,alternative,,,,approved elective pool,False,21
2025,COM,CU020BUS01,1,0,24,ECO3024F,ECO3024F,International Trade and Finance,18,7,alternative,,,,approved elective pool,False,21
2025,COM,CU020BUS01,1,0,25,ECO3025S,ECO3025S,Applied International Trade Bargaining,18,7,alternative,,,,approved elective pool,False,21
2025,COM,CU017ACC01,1,0,1,ACC3004W,ACC3004W,Taxation II,32,7,core,,,,,False,23
2025,COM,CU017ACC01,1,0,2,ACC3009W,ACC3009W,Financial Reporting III,36,7,core,,,,,False,23
2025,COM,CU017ACC01,1,0,3,ACC3022W,ACC3022W,"Governance, Audit and Assurance II",26,7,core,,,,,False,23
2025,COM,CU017ACC01,1,0,4,ACC3023W,ACC3023W,Management Accounting II,26,7,core,,,,,False,23
2025,COM,CU017ACC01,1,0,5,ACC3001F,ACC3001F,Business Analysis and Governance I,13,7,core,,,,,False,23
2025,COM,CU017ACC01,1,0,6,ACC3002S,ACC3002S,Business Analysis and Governance II,11,7,core,,,,,False,23
2025,COM,CU017ACC01,1,0,7,CML2001F,CML2001F,Company Law,18,6,core,,,,,False,23
2025,COM,CU017ACC01,1,0,8,CML2010Z,CML2010Z,Business Law II,12,6,core,,,,,False,23
2025,COM,CB003BUS01,1,1,1,ACC1006F,ACC1006F,Financial Accounting,18,5,core,,,,,False,39
2025,COM,CB003BUS01,1,1,2,BUS1036F,BUS1036F,Evidence-based Management,18,5,core,,,,,False,39
2025,COM,CB003BUS01,1,1,3,CSC1015F,CSC1015F,Computer Science 1015,18,5,core,,,,,False,39
2025,COM,CB003BUS01,1,1,4,ECO1010F,ECO1010F,Microeconomics,18,5,core,,,,,False,39
2025,COM,CB003BUS01,1,1,5,MAM1031F,MAM1031F,Mathematics 131,18,5,core,,,,,False,39
2025,COM,CB003BUS01,1,1,6,MAM1032S,MAM1032S,Mathematics 132,18,5,core,,,,,False,39
2025,COM,CB003BUS01,1,1,7,BUS1003H,BUS1003H,Introduction to Financial Risk,18,5,core,,,,,False,39
2025,COM,CB003BUS01,1,1,8,ACC1011S,ACC1011S,Financial Reporting I,18,5,core,,,,,False,39
2025,COM,CB003BUS01,1,1,9,ECO1011S,ECO1011S,Macroeconomics,18,5,core,,,,,False,39
2025,COM,CB003BUS01,1,1,10,STA1006S,STA1006S,Mathematical Statistics I,18,5,core,,,,,False,39
2025,COM,CB003BUS01,2,1,1,CML1001F,CML1001F,Business Law I,18,5,core,,,,,False,39
2025,COM,CB003BUS01,2,1,2,ECO2003F,ECO2003F,Microeconomics II,18,6,core,,,,,False,39
2025,COM,CB003BUS01,2,1,3,STA2004F,STA2004F,Statistical Theory & Inference,24,6,core,,,,,False,39
2025,COM,CB003BUS01,2,1,4,MAM2010F,MAM2010F,Advanced Calculus (2AC)*,12,6,core,,,,,False,39
2025,COM,CB003BUS01,2,1,5,MAM2011F,MAM2011F,Linear Algebra (2LA)*,12,6,core,,,,,False,39
2025,COM,CB003BUS01,2,1,6,MAM2012S,MAM2012S,Differential Equations (2DE),12,6,core,,,,,False,39
2025,COM,CB003BUS01,2,1,7,MAM2014S,MAM2014S,Real Analysis (2RA),12,6,core,,,,,False,39
2025,COM,CB003BUS01,2,1,8,BUS2016H,BUS2016H,Actuarial Science I: Financial Mathematics,18,6,core,,,,,False,39
2025,COM,CB003BUS01,2,1,9,ECO2004S,ECO2004S,Macroeconomics II,18,6,core,,,,,False,39
2025,COM,CB003BUS01,2,1,10,FTX2024S,FTX2024S,Financial Management,18,6,core,,,,,False,39
2025,COM,CB003BUS01,2,1,11,STA2005S,STA2005S,Linear Models,24,6,core,,,,,False,39
2025,COM,CB003BUS01,3,1,1,BUS3018F,BUS3018F,Actuarial Science II: Models,18,7,core,,,,,False,39
2025,COM,CB003BUS01,3,1,2,BUS3039F,BUS3039F,People Management,18,7,core,,,,,False,39
2025,COM,CB003BUS01,3,1,3,STA3041F,STA3041F,Stochastic Processes & Time Series,36,7,core,,,,,False,39
2025,COM,CB003BUS01,3,1,4,STA3045F,STA3045F,Stochastic Processes and Distribution,36,7,core,,,,,False,39
2025,COM,CB003BUS01,3,1,5,BUS3024S,BUS3024S,Actuarial Science II: Contingencies,18,7,core,,,,,False,39
2025,COM,CB003BUS01,3,1,6,PHI2043S,PHI2043S,Business Ethics,18,6,core,,,,,False,39
2025,COM,CB003BUS01,3,1,7,STA3047S,STA3047S,Introduction to Machine Learning,6,7,core,,,,,False,39
2025,COM,CB003BUS01,3,1,8,STA3048S,STA3048S,Statistical Modelling and Bayesian Analysis,30,7,core,,,,,False,39
2025,COM,CB003BUS01,4,1,1,BUS4028F,BUS4028F,Actuarial Science III: Financial Economics,21,8,core,,,,,False,40
2025,COM,CB003BUS01,4,1,2,BUS4027W,BUS4027W,Actuarial Science III: Actuarial Risk Management,54,8,core,,,,,False,40
2025,COM,CB003BUS01,4,1,3,BUS4050H,BUS4050H,Strategic Thinking,18,8,core,,,,,False,40
2025,COM,CB003BUS01,4,1,4,BUS4029H,BUS4029H,Actuarial Research Project,36,8,core,,,,,False,40
2025,COM,CB003BUS01,4,1,5,BUS4034S,BUS4034S,Professional Communication (Actuarial Science),27,8,core,,,,,False,40
2025,COM,CB003BUS09,1,1,1,ACC1006F,ACC1006F,Financial Accounting,18,5,core,,,,,False,40
2025,COM,CB003BUS09,1,1,2,BUS1036F,BUS1036F,Evidence-based Management,18,5,core,,,,,False,40
2025,COM,CB003BUS09,1,1,3,CSC1015F,CSC1015F,Computer Science 1015,18,5,core,,,,,False,40
2025,COM,CB003BUS09,1,1,4,ECO1010F,ECO1010F,Microeconomics,18,5,core,,,,,False,40
2025,COM,CB003BUS09,1,1,5,MAM1031F,MAM1031F,Mathematics 131,18,5,core,,,,,False,40
2025,COM,CB003BUS09,1,1,6,MAM1032S,MAM1032S,Mathematics 132,18,5,core,,,,,False,40
2025,COM,CB003BUS09,1,1,7,BUS1003H,BUS1003H,Introduction to Financial Risk,18,5,core,,,,,False,40
2025,COM,CB003BUS09,1,1,8,ACC1011S,ACC1011S,Financial Reporting I,18,5,core,,,,,False,40
2025,COM,CB003BUS09,1,1,9,ECO1011S,ECO1011S,Macroeconomics,18,5,core,,,,,False,40
2025,COM,CB003BUS09,1,1,10,STA1006S,STA1006S,Mathematical Statistics I,18,5,core,,,,,False,40
2025,COM,CB003BUS09,2,1,1,CML1001F,CML1001F,Business Law I,18,5,core,,,,,False,40
2025,COM,CB003BUS09,2,1,2,ECO2003F,ECO2003F,Microeconomics II,18,6,core,,,,,False,40
2025,COM,CB003BUS09,2,1,3,STA2004F,STA2004F,Statistical Theory & Inference,24,6,core,,,,,False,40
2025,COM,CB003BUS09,2,1,4,MAM2010F,MAM2010F,Advanced Calculus (2AC)*,12,6,core,,,,,False,40
2025,COM,CB003BUS09,2,1,5,MAM2011F,MAM2011F,Linear Algebra (2LA)*,12,6,core,,,,,False,40
2025,COM,CB003BUS09,2,1,6,MAM2012S,MAM2012S,Differential Equations (2DE),12,6,core,,,,,False,40
2025,COM,CB003BUS09,2,1,7,MAM2014S,MAM2014S,Real Analysis (2RA),12,6,core,,,,,False,40
2025,COM,CB003BUS09,2,1,8,BUS2016H,BUS2016H,Actuarial Science I: Financial Mathematics,18,6,core,,,,,False,40
2025,COM,CB003BUS09,2,1,9,ECO2004S,ECO2004S,Macroeconomics II,18,6,core,,,,,False,40
2025,COM,CB003BUS09,2,1,10,FTX2024S,FTX2024S,Financial Management,18,6,core,,,,,False,40
2025,COM,CB003BUS09,2,1,11,STA2005S,STA2005S,Linear Models,24,6,core,,,,,False,40
2025,COM,CB003BUS09,3,1,1,BUS2033F/S,BUS2033F,Professional Communication,18,6,core,,,,,False,41
2025,COM,CB003BUS09,3,1,2,BUS3039F,BUS3039F,People Management,18,7,core,,,,,False,41
2025,COM,CB003BUS09,3,1,3,FTX3044F,FTX3044F,Investment Management A,18,7,core,,,,,False,41
2025,COM,CB003BUS09,3,1,4,STA3041F,STA3041F,Stochastic processes & Time Series,36,7,core,,,,,False,41
2025,COM,CB003BUS09,3,1,5,STA3045F,STA3045F,Stochastic Processes and Distribution,36,7,core,,,,,False,41
2025,COM,CB003BUS09,3,1,6,FTX3045S,FTX3045S,Investment Management B,18,7,core,,,,,False,41
2025,COM,CB003BUS09,3,1,7,PHI2043S,PHI2043S,Business Ethics,18,6,core,,,,,False,41
2025,COM,CB003BUS09,3,1,8,STA3047S,STA3047S,Introduction to Machine Learning,6,7,core,,,,,False,41
2025,COM,CB003BUS09,3,1,9,STA3048S,STA3048S,Statistical Modelling and Bayesian Analysis,30,7,core,,,,,False,41
2025,COM,CB003BUS09,4,1,1,BUS4028F,BUS4028F,Actuarial Science III: Financial Economics,21,8,core,,,,,False,41
2025,COM,CB003BUS09,4,1,2,FTX4086F,FTX4086F,Alternative Investments,18,8,core,,,,,False,41
2025,COM,CB003BUS09,4,1,3,BUS4050H,BUS4050H,Strategic Thinking,18,8,core,,,,,False,41
2025,COM,CB003BUS09,4,1,4,BUS4053H,BUS4053H,Quantitative Finance Project,36,8,core,,,,,False,41
2025,COM,CB003BUS09,4,1,5,BUS4087S,BUS4087S,Quantitative Finance Selected Topics,18,8,core,,,,,False,41
2025,COM,CB003BUS09,4,1,6,FTX4056S,FTX4056S,Applied Investments,18,8,core,,,,,False,41
2025,COM,CB004STA13,1,1,1,ACC1021F,ACC1021F,Accounting for Business I,15,5,core,,,,,False,41
2025,COM,CB004STA13,1,1,2,ACC1022Z,ACC1022Z,Accounting for Business II,9,5,core,,,,,False,41
2025,COM,CB004STA13,1,1,3,BUS1036F,BUS1036F,Evidence-based Management,18,5,core,,,,,False,41
2025,COM,CB004STA13,1,1,4,ECO1010F,ECO1010F,Microeconomics,18,5,core,,,,,False,41
2025,COM,CB004STA13,1,1,5,CSC1015F,CSC1015F,Computer Science1015,18,5,core,,,,,False,41
2025,COM,CB004STA13,1,1,6,MAM1031F,MAM1031F,Mathematics 131,18,5,core,,,,,False,41
2025,COM,CB004STA13,1,1,7,MAM1032S,MAM1032S,Mathematics 132,18,5,core,,,,,False,41
2025,COM,CB004STA13,1,1,8,ECO1011S,ECO1011S,Macroeconomics,18,5,core,,,,,False,41
2025,COM,CB004STA13,1,1,9,CSC1016S,CSC1016S,Computer Science1016,18,5,core,,,,,False,41
2025,COM,CB004STA13,1,1,10,STA1000S,STA1000S,Introductory Statistics,18,5,option,Y1G1,1,1,,False,41
2025,COM,CB004STA13,1,1,11,STA1006S,STA1006S,Mathematical Statistics I*,18,5,option,Y1G1,2,1,,False,42
2025,COM,CB004STA13,2,1,1,ECO2003F,ECO2003F,Microeconomics II,18,6,core,,,,,False,42
2025,COM,CB004STA13,2,1,2,MAM2010F,MAM2010F,Advanced Calculus (2AC)*,12,6,core,,,,,False,42
2025,COM,CB004STA13,2,1,3,MAM2011F,MAM2011F,Linear Algebra (2LA)*,12,6,core,,,,,False,42
2025,COM,CB004STA13,2,1,4,MAM2012S,MAM2012S,Differential Equations (2DE),12,6,core,,,,,False,42
2025,COM,CB004STA13,2,1,5,MAM2014S,MAM2014S,Real Analysis (2RA),12,6,core,,,,,False,42
2025,COM,CB004STA13,2,1,6,PHI2043S,PHI2043S,Business Ethics,18,6,core,,,,,False,42
2025,COM,CB004STA13,2,1,7,BUS2010F,BUS2010F,Marketing I,18,6,core,,,,,False,42
2025,COM,CB004STA13,2,1,8,CML1004S,CML1004S,Business Law I,18,5,core,,,,,False,42
2025,COM,CB004STA13,2,1,9,ECO2004S,ECO2004S,Macroeconomics II,18,6,core,,,,,False,42
2025,COM,CB004STA13,2,1,10,STA2004F,STA2004F,Statistical Theory & Inference,24,6,option,Y2G1,1,1,Mathematical Statistics Option,False,42
2025,COM,CB004STA13,2,1,11,STA2005S,STA2005S,Linear Models,24,6,option,Y2G1,1,1,Mathematical Statistics Option,False,42
2025,COM,CB004STA13,2,1,12,STA2020F/S,STA2020F,Applied Statistics,24,6,option,Y2G1,2,1,Mathematical Statistics Option,False,42
2025,COM,CB004STA13,2,1,13,STA2030S,STA2030S,Theory of Statistics,24,6,option,Y2G1,2,1,Mathematical Statistics Option,False,42
2025,COM,CB004STA13,3,1,1,FTX2020F,FTX2020F,Business Finance,18,6,option,Y3G1,1,1,,False,42
2025,COM,CB004STA13,3,1,2,FTX2024S,FTX2024S,Financial Management,18,6,option,Y3G1,2,1,,False,42
2025,COM,CB004STA13,3,1,3,BUS2033S,BUS2033S,Professional Communication,18,6,core,,,,,False,42
2025,COM,CB004STA13,3,1,4,BUS3039S,BUS3039S,People Management,18,7,core,,,,,False,42
2025,COM,CB004STA13,3,1,5,CSC2001F,CSC2001F,Computer Science 2001,24,6,core,,,,,False,42
2025,COM,CB004STA13,3,1,6,CSC2002S,CSC2002S,Computer Science 2002,24,6,option,Y3G2,1,1,,False,42
2025,COM,CB004STA13,3,1,7,ECO3021S,ECO3021S,Quantitative Methods in Economics,18,7,option,Y3G2,2,1,,False,42
2025,COM,CB004STA13,3,1,8,INF2006F,INF2006F,Business intelligence & Analytics,6,6,option,Y3G2,3,1,,False,42
2025,COM,CB004STA13,3,1,9,INF2007F,INF2007F,Applying Database Principles,12,6,option,Y3G2,3,1,,False,42
2025,COM,CB004STA13,3,1,10,ECO3021S,ECO3021S,Quantitative Methods in Economics,18,7,option,Y3G2,3,1,,False,42
2025,COM,CB004STA13,3,1,11,STA3022F,STA3022F,Research and Survey Statistics,36,7,option,Y3G3,1,1,,False,42
2025,COM,CB004STA13,3,1,12,STA3045F,STA3045F,Stochastic Processes and Distribution,36,7,option,Y3G3,2,1,,False,42
2025,COM,CB004STA13,3,1,13,STA3041F,STA3041F,Stochastic Processes & Time Series,36,7,option,Y3G4,1,1,Mathematical Statistics Option,False,42
2025,COM,CB004STA13,3,1,14,STA3043S,STA3043S,"Statistical Modelling, Machine Learning & Bayesian Analysis",36,7,option,Y3G4,1,1,Mathematical Statistics Option,False,42
2025,COM,CB004STA13,3,1,15,STA3030F,STA3030F,Statistical Inference & Modelling,36,7,option,Y3G4,2,1,Mathematical Statistics Option,False,42
2025,COM,CB004STA13,3,1,16,STA3036S,STA3036S,Operational Research Techniques analytics,36,7,option,Y3G4,2,1,Mathematical Statistics Option,False,42
2025,COM,CB004STA13,4,1,1,STA4010W,STA4010W,Topics in Statistics & Operational Research**,142,8,core,,,,,False,43
2025,COM,CB004STA13,4,1,2,BUS4050H,BUS4050H,Strategic Thinking,18,8,core,,,,,False,43
2025,COM,CB004FTX05,1,1,1,ACC1021F,ACC1021F,Accounting for Business I,15,5,core,,,,,False,43
2025,COM,CB004FTX05,1,1,2,ACC1022Z,ACC1022Z,Accounting for Business II,9,5,core,,,,,False,43
2025,COM,CB004FTX05,1,1,3,ECO1010F,ECO1010F,Microeconomics,18,5,core,,,,,False,43
2025,COM,CB004FTX05,1,1,4,INF1002F,INF1002F,Foundations of Information Systems,18,5,core,,,,,False,43
2025,COM,CB004FTX05,1,1,5,MAM1010F,MAM1010F,Mathematics 1010,18,5,core,,,,,False,43
2025,COM,CB004FTX05,1,1,6,BUS1036S,BUS1036S,Evidence Based Management,18,5,core,,,,,False,43
2025,COM,CB004FTX05,1,1,7,ECO1011S,ECO1011S,Macroeconomics,18,5,core,,,,,False,43
2025,COM,CB004FTX05,1,1,8,MAM1012S,MAM1012S,Mathematics 1012,18,5,core,,,,,False,43
2025,COM,CB004FTX05,1,1,9,STA1000S,STA1000S,Introductory Statistics,18,5,core,,,,,False,43
2025,COM,CB004FTX05,2,1,1,BUS2010F,BUS2010F,Marketing I,18,6,core,,,,,False,43
2025,COM,CB004FTX05,2,1,2,CML1001F,CML1001F,Business Law I,18,5,core,,,,,False,43
2025,COM,CB004FTX05,2,1,3,ECO2003F,ECO2003F,Microeconomics II,18,6,core,,,,,False,43
2025,COM,CB004FTX05,2,1,4,STA2020F/S,STA2020F,Applied Statistics,24,6,core,,,,,False,43
2025,COM,CB004FTX05,2,1,5,ACC2022H,ACC2022H,Management Accounting I,18,6,core,,,,,False,43
2025,COM,CB004FTX05,2,1,6,ECO2007S,ECO2007S,Co-operation and Competition,18,6,core,,,,,False,43
2025,COM,CB004FTX05,2,1,7,ECO2004S,ECO2004S,Macroeconomics II,18,6,core,,,,,False,43
2025,COM,CB004FTX05,2,1,8,FTX2024S,FTX2024S,Financial Management,18,6,core,,,,,False,43
2025,COM,CB004FTX05,2,1,9,PHI2043S,PHI2043S,Business Ethics,18,6,core,,,,,False,43
2025,COM,CB004FTX05,3,1,1,ECO3020F,ECO3020F,Advanced Macro & Microeconomics,18,7,core,,,,,False,44
2025,COM,CB004FTX05,3,1,2,FTX3044F,FTX3044F,Investment Management A,18,7,core,,,,,False,44
2025,COM,CB004FTX05,3,1,3,STA3022F,STA3022F,Research and Survey Statistics,36,7,core,,,,,False,44
2025,COM,CB004FTX05,3,1,4,,,An approved ECO 3000 level course,18,7,elective,,,,,False,44
2025,COM,CB004FTX05,3,1,5,BUS2033F/S,BUS2033F,Professional Communication,18,6,core,,,,,False,44
2025,COM,CB004FTX05,3,1,6,BUS3039S,BUS3039S,People Management,18,7,core,,,,,False,44
2025,COM,CB004FTX05,3,1,7,ECO3021S,ECO3021S,Quantitative Methods in Economics,18,7,core,,,,,False,44
2025,COM,CB004FTX05,3,1,8,FTX3045S,FTX3045S,Investment Management B,18,7,core,,,,,False,44
2025,COM,CB004FTX05,4,1,1,FTX4057F,FTX4057F,Applied Corporate Finance,18,8,core,,,,,False,44
2025,COM,CB004FTX05,4,1,2,FTX4086F,FTX4086F,Alternative Investments,18,8,core,,,,,False,44
2025,COM,CB004FTX05,4,1,3,BUS4050H,BUS4050H,Strategic Thinking,18,8,core,,,,,False,44
2025,COM,CB004FTX05,4,1,4,FTX4051H,FTX4051H,Finance Research Project,36,8,core,,,,,False,44
2025,COM,CB004FTX05,4,1,5,FTX4056S,FTX4056S,Applied Investments,18,8,core,,,,,False,44
2025,COM,CB004FTX05,4,1,6,FTX4087S,FTX4087S,Topics in Banking and Treasury Management,18,8,core,,,,,False,44
2025,COM,CB004FTX04,1,1,1,ACC1006F,ACC1006F,Financial Accounting,18,5,core,,,,,False,44
2025,COM,CB004FTX04,1,1,2,ECO1010F,ECO1010F,Microeconomics,18,5,core,,,,,False,44
2025,COM,CB004FTX04,1,1,3,INF1002F,INF1002F,Foundations of Information Systems,18,5,core,,,,,False,44
2025,COM,CB004FTX04,1,1,4,MAM1010F,MAM1010F,Mathematics 1010,18,5,core,,,,,False,44
2025,COM,CB004FTX04,1,1,5,ACC1011S,ACC1011S,Financial Reporting I,18,5,core,,,,,False,44
2025,COM,CB004FTX04,1,1,6,ACC1015S,ACC1015S,Business Acumen for Accountants,15,5,core,,,,,False,44
2025,COM,CB004FTX04,1,1,7,ECO1011S,ECO1011S,Macroeconomics,18,5,core,,,,,False,44
2025,COM,CB004FTX04,1,1,8,MAM1012S,MAM1012S,Mathematics 1012,18,5,core,,,,,False,44
2025,COM,CB004FTX04,1,1,9,STA1000S,STA1000S,Introductory Statistics,18,5,core,,,,,False,44
2025,COM,CB004FTX04,2,1,1,ACC2023H,ACC2023H,Taxation I,18,6,core,,,,,False,44
2025,COM,CB004FTX04,2,1,2,BUS2010F,BUS2010F,Marketing I,18,6,core,,,,,False,44
2025,COM,CB004FTX04,2,1,3,CML1001F,CML1001F,Business Law I,18,5,core,,,,,False,44
2025,COM,CB004FTX04,2,1,4,ECO2003F,ECO2003F,Microeconomics II,18,6,core,,,,,False,44
2025,COM,CB004FTX04,2,1,5,STA2020F/S,STA2020F,Applied Statistics,24,6,core,,,,,False,44
2025,COM,CB004FTX04,2,1,6,ACC2022H,ACC2022H,Management Accounting I,18,6,core,,,,,False,44
2025,COM,CB004FTX04,2,1,7,CML2010Z,CML2010Z,Business Law II,12,6,core,,,,,False,45
2025,COM,CB004FTX04,2,1,8,ECO2004S,ECO2004S,Macroeconomics II,18,6,core,,,,,False,45
2025,COM,CB004FTX04,2,1,9,FTX2024S,FTX2024S,Financial Management,18,6,core,,,,,False,45
2025,COM,CB004FTX04,2,1,10,PHI2043S,PHI2043S,Business Ethics,18,6,core,,,,,False,45
2025,COM,CB004FTX04,3,1,1,CML2001F,CML2001F,Company Law,18,6,core,,,,,False,45
2025,COM,CB004FTX04,3,1,2,FTX3044F,FTX3044F,Investment Management A,18,7,core,,,,,False,45
2025,COM,CB004FTX04,3,1,3,INF2004F,INF2004F,Information Technology in Business,18,6,core,,,,,False,45
2025,COM,CB004FTX04,3,1,4,ACC2012W,ACC2012W,Financial Reporting II,36,6,core,,,,,False,45
2025,COM,CB004FTX04,3,1,5,ACC2018H,ACC2018H,"Governance, Audit and Assurance I",18,6,core,,,,,False,45
2025,COM,CB004FTX04,3,1,6,ACC3023W,ACC3023W,Management Accounting II,26,7,core,,,,,False,45
2025,COM,CB004FTX04,3,1,7,BUS3039S,BUS3039S,People Management,18,7,core,,,,,False,45
2025,COM,CB004FTX04,3,1,8,FTX3045S,FTX3045S,Investment Management B,18,7,core,,,,,False,45
2025,COM,CB004FTX04,4,1,1,FTX4057F,FTX4057F,Applied Corporate Finance,18,8,core,,,,,False,45
2025,COM,CB004FTX04,4,1,2,ACC3009W,ACC3009W,Financial Reporting III,36,7,core,,,,,False,45
2025,COM,CB004FTX04,4,1,3,BUS4050H,BUS4050H,Strategic Thinking,18,8,core,,,,,False,45
2025,COM,CB004FTX04,4,1,4,ACC3004W,ACC3004W,Taxation II,32,7,core,,,,,False,45
2025,COM,CB004FTX04,4,1,5,ACC3022W,ACC3022W,"Governance, Audit and Assurance II",26,7,core,,,,,False,45
2025,COM,CB004FTX04,4,1,6,FTX4087S,FTX4087S,Topics in Banking and Treasury Management,18,8,core,,,,,False,45
2025,COM,CB004FTX04,4,1,7,FTX4056S,FTX4056S,Applied Investments,18,8,core,,,,,False,45
2025,COM,CB004CSC05,1,1,1,BUS1036F,BUS1036F,Evidence-based Management,18,5,core,,,,,False,45
2025,COM,CB004CSC05,1,1,2,CSC1015F,CSC1015F,Computer Science 1015,18,5,core,,,,,False,45
2025,COM,CB004CSC05,1,1,3,ECO1010F,ECO1010F,Microeconomics,18,5,core,,,,,False,45
2025,COM,CB004CSC05,1,1,4,MAM1031F,MAM1031F,Mathematics 1031,18,5,option,Y1G1,1,1,,False,45
2025,COM,CB004CSC05,1,1,5,MAM1004F,MAM1004F,Mathematics 1004,18,5,option,Y1G1,2,1,,False,45
2025,COM,CB004CSC05,1,1,6,MAM1008S,MAM1008S,Introduction to Discrete Mathematics,18,5,core,,,,,False,46
2025,COM,CB004CSC05,1,1,7,CSC1016S,CSC1016S,Computer Science 1016,18,5,core,,,,,False,46
2025,COM,CB004CSC05,1,1,8,ECO1011S,ECO1011S,Macroeconomics,18,5,core,,,,,False,46
2025,COM,CB004CSC05,1,1,9,STA1000S,STA1000S,Introductory Statistics,18,5,core,,,,,False,46
2025,COM,CB004CSC05,2,1,1,ACC1021F,ACC1021F,Accounting for Business I,15,5,core,,,,,False,46
2025,COM,CB004CSC05,2,1,2,ACC1022Z,ACC1022Z,Accounting for Business II,9,5,core,,,,,False,46
2025,COM,CB004CSC05,2,1,3,CSC2001F,CSC2001F,C omputer Science 2001,24,6,core,,,,,False,46
2025,COM,CB004CSC05,2,1,4,CML1001F,CML1001F,B usiness Law 1,18,5,core,,,,,False,46
2025,COM,CB004CSC05,2,1,5,INF2009F,INF2009F,Systems Analysis,18,6,core,,,,,False,46
2025,COM,CB004CSC05,2,1,6,STA2020F,STA2020F,Applied Statistics,24,6,core,,,,,False,46
2025,COM,CB004CSC05,2,1,7,INF2011S,INF2011S,Systems Design and Development,18,7,core,,,,,False,46
2025,COM,CB004CSC05,2,1,8,CSC2002S,CSC2002S,Computer Science 2002,24,6,core,,,,,False,46
2025,COM,CB004CSC05,2,1,9,CSC2004Z,CSC2004Z,Programming Assessment,0,6,core,,,,,False,46
2025,COM,CB004CSC05,2,1,10,PHI2043S,PHI2043S,Business Ethics,18,6,core,,,,,False,46
2025,COM,CB004CSC05,3,1,1,BUS3039F,BUS3039F,People Management,18,7,core,,,,,False,46
2025,COM,CB004CSC05,3,1,2,CSC3002F,CSC3002F,Computer Science 3002,36,7,core,,,,,False,46
2025,COM,CB004CSC05,3,1,3,BUS3038S,BUS3038S,Introduction to Project Management,18,7,core,,,,,False,46
2025,COM,CB004CSC05,3,1,4,BUS2010S,BUS2010S,Marketing 1,18,6,core,,,,,False,46
2025,COM,CB004CSC05,3,1,5,CSC3003S,CSC3003S,Computer Science 3003,36,7,core,,,,,False,46
2025,COM,CB004CSC05,3,1,6,FTX2020F,FTX2020F,B usiness Finance,18,6,core,,,,,False,46
2025,COM,CB004CSC05,4,1,1,BUS4050H,BUS4050H,Strategic Thinking,18,8,core,,,,,False,46
2025,COM,CB004CSC05,4,1,2,CSC4019Z,CSC4019Z,Research and Innovation,16,8,core,,,,,False,46
2025,COM,CB004CSC05,4,1,3,CSC4020Z,CSC4020Z,Functional Programming,12,8,core,,,,,False,46
2025,COM,CB004CSC05,4,1,4,CSC4021Z,CSC4021Z,Compilers 1,12,8,core,,,,,False,46
2025,COM,CB004CSC05,4,1,5,CSC4002W,CSC4002W,Computer Science Honours Project,60,8,core,,,,,False,46
2025,COM,CB004CSC05,4,1,6,CSC4007Z,CSC4007Z,Selected Honours module in Computer Science,12,8,core,,,,,False,46
2025,COM,CB004CSC05,4,1,7,CSC4010Z,CSC4010Z,Advanced Topics in Computer Science Honours 2,12,8,core,,,,,False,46
2025,COM,CB004CSC05,4,1,8,CSC4023Z,CSC4023Z,Big Data Management and Analysis,12,8,core,,,,,False,46
2025,COM,CB004CSC05,4,1,9,CSC4024Z,CSC4024Z,Human Computer Interaction,12,8,core,,,,,False,46
2025,COM,CB004CSC05,4,1,10,CSC4025Z,CSC4025Z,Artificial Intelligence,12,8,core,,,,,False,46
2025,COM,CB004CSC05,4,1,11,CSC4026Z,CSC4026Z,Network and Internetwork Security,12,8,core,,,,,False,46
2025,COM,CB004CSC05,4,1,12,CSC4027Z,CSC4027Z,Computer Game Design,12,8,core,,,,,False,46
2025,COM,CB004CSC05,4,1,13,CSC4028Z,CSC4028Z,High Performance Computing,12,8,core,,,,,False,46
2025,COM,CB004CSC05,4,1,14,CSC4029Z,CSC4029Z,Introduction to Computer Graphics,12,8,core,,,,,False,46
2025,COM,CB004CSC05,4,1,15,STA4026S,STA4026S,Analytics,18,8,core,,,,,False,46
2025,COM,CB004INF01,1,1,1,ACC1021F,ACC1021F,Accounting for Business I,15,5,core,,,,,False,47
2025,COM,CB004INF01,1,1,2,ACC1022Z,ACC1022Z,Accounting for Business II,9,5,core,,,,,False,47
2025,COM,CB004INF01,1,1,3,BUS1036F,BUS1036F,Evidence-based Management,18,5,core,,,,,False,47
2025,COM,CB004INF01,1,1,4,INF1002F,INF1002F,Foundations of Information Systems *,18,5,option,Y1G1,1,1,,False,47
2025,COM,CB004INF01,1,1,5,CSC1015F,CSC1015F,Computer Science 1015*,18,5,option,Y1G1,2,1,,False,47
2025,COM,CB004INF01,1,1,6,ECO1010F,ECO1010F,Microeconomics,18,5,core,,,,,False,47
2025,COM,CB004INF01,1,1,7,MAM1010F,MAM1010F,Mathematics 1010,18,5,core,,,,,False,47
2025,COM,CB004INF01,1,1,8,ECO1011S,ECO1011S,Macroeconomics,18,5,core,,,,,False,47
2025,COM,CB004INF01,1,1,9,MAM1012S,MAM1012S,Mathematics 1012,18,5,core,,,,,False,47
2025,COM,CB004INF01,1,1,10,STA1000S,STA1000S,Introductory Statistics,18,5,core,,,,,False,47
2025,COM,CB004INF01,2,1,1,INF1003F,INF1003F,Commercial Programming*,18,5,core,,,,,False,47
2025,COM,CB004INF01,2,1,2,INF2006F,INF2006F,Business Intelligence and Analytics,6,6,core,,,,,False,47
2025,COM,CB004INF01,2,1,3,INF2007F,INF2007F,Applying Database Principles,12,6,core,,,,,False,47
2025,COM,CB004INF01,2,1,4,INF2009F,INF2009F,Systems Analysis,18,6,core,,,,,False,47
2025,COM,CB004INF01,2,1,5,FTX2020F,FTX2020F,Business Finance,18,6,core,,,,,False,47
2025,COM,CB004INF01,2,1,6,STA2020S,STA2020S,Business Statistics,24,6,core,,,,,False,47
2025,COM,CB004INF01,2,1,7,INF2010S,INF2010S,IT Architecture,18,7,core,,,,,False,47
2025,COM,CB004INF01,2,1,8,INF2011S,INF2011S,Systems Design & Development,18,7,core,,,,,False,47
2025,COM,CB004INF01,2,1,9,CML1004S,CML1004S,Business Law 1,18,5,core,,,,,False,47
2025,COM,CB004INF01,3,1,1,BUS2010F,BUS2010F,Marketing I,18,6,core,,,,,False,47
2025,COM,CB004INF01,3,1,2,BUS3039F,BUS3039F,People Management,18,7,core,,,,,False,47
2025,COM,CB004INF01,3,1,3,INF3014F,INF3014F,Electronic Commerce,18,7,core,,,,,False,47
2025,COM,CB004INF01,3,1,4,INF3003W,INF3003W,Systems Development Project I,48,7,core,,,,,False,47
2025,COM,CB004INF01,3,1,5,BUS2033F,BUS2033F,Professional Communication,18,6,core,,,,,False,47
2025,COM,CB004INF01,3,1,6,INF3012S,INF3012S,BPM & Enterprise Systems,18,7,core,,,,,False,47
2025,COM,CB004INF01,3,1,7,PHI2043S,PHI2043S,Business Ethics,18,6,core,,,,,False,47
2025,COM,CB004INF01,4,1,1,INF4026F,INF4026F,Application and Technical Development,20,8,core,,,,,False,48
2025,COM,CB004INF01,4,1,2,BUS4050H,BUS4050H,Strategic Thinking,18,8,core,,,,,False,48
2025,COM,CB004INF01,4,1,3,INF4027W,INF4027W,System Development Project II,40,8,core,,,,,False,48
2025,COM,CB004INF01,4,1,4,INF4024W,INF4024W,Information Systems Research Project,60,8,core,,,,,False,48
2025,COM,CB004INF01,4,1,5,INF4025S,INF4025S,Information Systems Management,20,8,core,,,,,False,48
2025,COM,CB004ECO01,1,1,1,ACC1021F,ACC1021F,Accounting for Business I,15,5,core,,,,,False,48
2025,COM,CB004ECO01,1,1,2,ACC1022Z,ACC1022Z,Accounting for Business II,9,5,core,,,,,False,48
2025,COM,CB004ECO01,1,1,3,ECO1010F,ECO1010F,Microeconomics,18,5,core,,,,,False,48
2025,COM,CB004ECO01,1,1,4,INF1002F,INF1002F,Foundations of Information Systems,18,5,core,,,,,False,48
2025,COM,CB004ECO01,1,1,5,MAM1010F,MAM1010F,Mathematics 1010,18,5,core,,,,,False,48
2025,COM,CB004ECO01,1,1,6,ECO1011S,ECO1011S,Macroeconomics,18,5,core,,,,,False,48
2025,COM,CB004ECO01,1,1,7,MAM1012S,MAM1012S,Mathematics 1012,18,5,core,,,,,False,48
2025,COM,CB004ECO01,1,1,8,STA1000S,STA1000S,Introductory Statistics,18,5,core,,,,,False,48
2025,COM,CB004ECO01,2,1,1,CML1001F,CML1001F,Business Law I,18,5,core,,,,,False,48
2025,COM,CB004ECO01,2,1,2,ECO2003F,ECO2003F,Microeconomics II,18,6,core,,,,,False,48
2025,COM,CB004ECO01,2,1,3,FTX2020F,FTX2020F,Business Finance,18,6,option,Y2G1,1,1,,False,48
2025,COM,CB004ECO01,2,1,4,FTX2024F,FTX2024F,Financial Management,18,6,option,Y2G1,2,1,,False,48
2025,COM,CB004ECO01,2,1,5,STA2020F,STA2020F,Applied Statistics,24,6,core,,,,,False,48
2025,COM,CB004ECO01,2,1,6,BUS2010S,BUS2010S,Marketing I,18,6,core,,,,,False,48
2025,COM,CB004ECO01,2,1,7,ECO2004S,ECO2004S,Macroeconomics II,18,6,core,,,,,False,48
2025,COM,CB004ECO01,2,1,8,ECO2007S,ECO2007S,Co-operation and Competition,18,6,core,,,,,False,48
2025,COM,CB004ECO01,2,1,9,STA2030S,STA2030S,Theory of Statistics,24,6,option,Y2G2,1,1,,False,48
2025,COM,CB004ECO01,2,1,10,STA3022F,STA3022F,Research & Survey Statistics**,36,7,option,Y2G2,2,1,,False,48
2025,COM,CB004ECO01,3,1,1,BUS2033F,BUS2033F,Professional Communication,18,7,core,,,,,False,49
2025,COM,CB004ECO01,3,1,2,BUS3039F,BUS3039F,People Management,18,7,core,,,,,False,49
2025,COM,CB004ECO01,3,1,3,ECO3020F,ECO3020F,Advanced Macro & Microeconomics,18,7,core,,,,,False,49
2025,COM,CB004ECO01,3,1,4,ECO3021S,ECO3021S,Quantitative Methods in Economics,18,7,core,,,,,False,49
2025,COM,CB004ECO01,3,1,5,PHI2043S,PHI2043S,Business Ethics,18,6,core,,,,,False,49
2025,COM,CB004ECO01,3,1,6,,,Plus 2 other NQF level 7 ECO courses,18,7,elective,,,,,False,49
2025,COM,CB004ECO01,3,1,7,,,Plus 2 NQF Level 7 courses from:,,7,elective,,,,,False,49
2025,COM,CB004ECO01,3,1,8,FTX3044F,FTX3044F,Investment Management A,18,7,core,,,,,False,49
2025,COM,CB004ECO01,3,1,9,STA3030F,STA3030F,Statistical Inference & Modelling,36,7,core,,,,,False,49
2025,COM,CB004ECO01,3,1,10,FTX3045S,FTX3045S,Investment Management B,18,7,core,,,,,False,49
2025,COM,CB004ECO01,3,1,11,STA3036S,STA3036S,Operational Research Techniques,36,7,core,,,,,False,49
2025,COM,CB004ECO01,3,1,12,,,Plus ECO2008S or 1 NQF level 6 or 7 course ........................ 18+,,6,elective,,,,,False,49
2025,COM,CB004ECO01,4,1,1,BUS4050H,BUS4050H,Strategic Thinking,18,8,core,,,,,False,49
2025,COM,CB004ECO01,4,1,2,ECO4006F,ECO4006F,Macroeconomics,16,8,core,,,,,False,49
2025,COM,CB004ECO01,4,1,3,ECO4007F,ECO4007F,Microeconomics,16,8,core,,,,,False,49
2025,COM,CB004ECO01,4,1,4,ECO4016F,ECO4016F,Econometrics,16,8,core,,,,,False,49
2025,COM,CB004ECO01,4,1,5,ECO4112F,ECO4112F,Mathematics and Statistics for Economists,16,8,core,,,,,False,49
2025,COM,CB004ECO01,4,1,6,ECO4021W,ECO4021W,Research and Writing I (Long Paper),30,8,core,,,,,False,49
2025,COM,CB004ECO01,4,1,7,ECO4013S,ECO4013S,International Finance,14,8,option,Y4G1,1,2,pick 2 from menu,False,49
2025,COM,CB004ECO01,4,1,8,ECO4020S,ECO4020S,Economic Challenges in Africa,14,8,option,Y4G1,2,2,pick 2 from menu,False,49
2025,COM,CB004ECO01,4,1,9,ECO4026S,ECO4026S,The Economy and its Financial Markets,14,8,option,Y4G1,3,2,pick 2 from menu,False,49
2025,COM,CB004ECO01,4,1,10,ECO4027S,ECO4027S,The Analysis of Survey Data,14,8,option,Y4G1,4,2,pick 2 from menu,False,49
2025,COM,CB004ECO01,4,1,11,ECO4028S,ECO4028S,Policy Analysis,14,8,option,Y4G1,5,2,pick 2 from menu,False,49
2025,COM,CB004ECO01,4,1,12,ECO4029S,ECO4029S,Experiments in Economics,14,8,option,Y4G1,6,2,pick 2 from menu,False,49
2025,COM,CB004ECO01,4,1,13,ECO4032S,ECO4032S,"Economics of Industry, Regulation and Firms",14,8,option,Y4G1,7,2,pick 2 from menu,False,49
2025,COM,CB004ECO01,4,1,14,ECO4051S,ECO4051S,Development Economics,14,8,option,Y4G1,8,2,pick 2 from menu,False,49
2025,COM,CB004ECO01,4,1,15,ECO4052S,ECO4052S,Environmental Economics,14,8,option,Y4G1,9,2,pick 2 from menu,False,49
2025,COM,CB004ECO01,4,1,16,ECO4053S,ECO4053S,Financial Economics,14,8,option,Y4G1,10,2,pick 2 from menu,False,49
2025,COM,CB004ECO01,4,1,17,ECO4113S,ECO4113S,Labour Economics,14,8,option,Y4G1,11,2,pick 2 from menu,False,49
2025,COM,CB004ECO01,4,1,18,ECO4114S,ECO4114S,The Economics of Conflict,14,8,option,Y4G1,12,2,pick 2 from menu,False,49
2025,COM,CB004ECO01,4,1,19,ECO4131S,ECO4131S,Digital Economics,14,8,option,Y4G1,13,2,pick 2 from menu,False,49
2025,COM,CB004ECO01,4,1,20,ECO4132S,ECO4132S,"Economics of inequality: Causes, Consequences & Policy",14,8,option,Y4G1,14,2,pick 2 from menu,False,49
2025,COM,CB004ECO01,4,1,21,ECO4200S,ECO4200S,Time Series Econometrics,14,8,option,Y4G1,15,2,pick 2 from menu,False,49
2025,COM,CB004ECO03,1,1,1,ACC1021F,ACC1021F,Accounting for Business I,15,5,core,,,,,False,50
2025,COM,CB004ECO03,1,1,2,ACC1022Z,ACC1022Z,Accounting for Business II,9,5,core,,,,,False,50
2025,COM,CB004ECO03,1,1,3,ECO1010F,ECO1010F,Microeconomics,18,5,core,,,,,False,50
2025,COM,CB004ECO03,1,1,4,INF1002F,INF1002F,Foundations of Information Systems,18,5,core,,,,,False,50
2025,COM,CB004ECO03,1,1,5,MAM1010F,MAM1010F,Mathematics 1010,18,5,core,,,,,False,50
2025,COM,CB004ECO03,1,1,6,ECO1011S,ECO1011S,Macroeconomics,18,5,core,,,,,False,50
2025,COM,CB004ECO03,1,1,7,MAM1012S,MAM1012S,Mathematics 1012,18,5,core,,,,,False,50
2025,COM,CB004ECO03,1,1,8,STA1000S,STA1000S,Introductory Statistics,18,5,core,,,,,False,50
2025,COM,CB004ECO03,2,1,1,ECO2003F,ECO2003F,Microeconomics II,18,6,core,,,,,False,50
2025,COM,CB004ECO03,2,1,2,FTX2020F,FTX2020F,Business Finance,18,6,option,Y2G1,1,1,,False,50
2025,COM,CB004ECO03,2,1,3,FTX2024S,FTX2024S,Financial Management,18,6,option,Y2G1,2,1,,False,50
2025,COM,CB004ECO03,2,1,4,STA2020F,STA2020F,Applied Statistics,24,6,core,,,,,False,50
2025,COM,CB004ECO03,2,1,5,PVL1003W,PVL1003W,Foundations of South African Law**,36,5,core,,,,,False,50
2025,COM,CB004ECO03,2,1,6,PVL1004F,PVL1004F,South African Private Law: System and Context**,18,5,core,,,,,False,50
2025,COM,CB004ECO03,2,1,7,PVL1008H,PVL1008H,Law of Persons and Family**,18,5,core,,,,,False,50
2025,COM,CB004ECO03,2,1,8,ECO2004S,ECO2004S,Macroeconomics II,18,6,core,,,,,False,50
2025,COM,CB004ECO03,2,1,9,ECO2007S,ECO2007S,Co-operation and Competition,18,6,core,,,,,False,50
2025,COM,CB004ECO03,3,1,1,BUS3039F,BUS3039F,People Management,18,7,core,,,,,False,50
2025,COM,CB004ECO03,3,1,2,ECO3020F,ECO3020F,Advanced Macro & Microeconomics,18,7,core,,,,,False,50
2025,COM,CB004ECO03,3,1,3,PBL2000W,PBL2000W,Constitutional Law,36,7,core,,,,,False,50
2025,COM,CB004ECO03,3,1,4,PVL2002H,PVL2002H,Law of Property,18,6,core,,,,,False,50
2025,COM,CB004ECO03,3,1,5,PVL2003H,PVL2003H,Law of Succession,18,7,core,,,,,False,50
2025,COM,CB004ECO03,3,1,6,ECO3021S,ECO3021S,Quantitative Methods in Economics,18,7,core,,,,,False,50
2025,COM,CB004ECO03,3,1,7,PHI2043S,PHI2043S,Business Ethics,18,6,core,,,,,False,51
2025,COM,CB004ECO03,3,1,8,,,Plus 1 other ECO 3000 level course,18,7,elective,,,,,False,51
2025,COM,CB004ECO03,4,1,1,BUS4050H,BUS4050H,Strategic Thinking,18,8,core,,,,,False,51
2025,COM,CB004ECO03,4,1,2,BUS2010S,BUS2010S,Marketing I,18,6,core,,,,,False,51
2025,COM,CB004ECO03,4,1,3,ECO4006F,ECO4006F,Macroeconomics,16,8,core,,,,,False,51
2025,COM,CB004ECO03,4,1,4,ECO4007F,ECO4007F,Microeconomics,16,8,core,,,,,False,51
2025,COM,CB004ECO03,4,1,5,ECO4016F,ECO4016F,Econometrics,16,8,core,,,,,False,51
2025,COM,CB004ECO03,4,1,6,ECO4112F,ECO4112F,Mathematics and Statistics for Economists,16,8,core,,,,,False,51
2025,COM,CB004ECO03,4,1,7,ECO4021W,ECO4021W,Research and Writing I (Long Paper),30,8,core,,,,,False,51
2025,COM,CB004ECO03,4,1,8,ECO4013S,ECO4013S,International Finance,14,8,option,Y4G1,1,2,pick 2 from menu,False,51
2025,COM,CB004ECO03,4,1,9,ECO4020S,ECO4020S,Economic Challenges in Africa,14,8,option,Y4G1,2,2,pick 2 from menu,False,51
2025,COM,CB004ECO03,4,1,10,ECO4026S,ECO4026S,The Economy and its Financial Markets,14,8,option,Y4G1,3,2,pick 2 from menu,False,51
2025,COM,CB004ECO03,4,1,11,ECO4027S,ECO4027S,The Analysis of Survey Data,14,8,option,Y4G1,4,2,pick 2 from menu,False,51
2025,COM,CB004ECO03,4,1,12,ECO4028S,ECO4028S,Policy Analysis,14,8,option,Y4G1,5,2,pick 2 from menu,False,51
2025,COM,CB004ECO03,4,1,13,ECO4029S,ECO4029S,Experiments in Economics,14,8,option,Y4G1,6,2,pick 2 from menu,False,51
2025,COM,CB004ECO03,4,1,14,ECO4032S,ECO4032S,"Economics of Industry, Regulation and Firms",14,8,option,Y4G1,7,2,pick 2 from menu,False,51
2025,COM,CB004ECO03,4,1,15,ECO4051S,ECO4051S,Development Economics,14,8,option,Y4G1,8,2,pick 2 from menu,False,51
2025,COM,CB004ECO03,4,1,16,ECO4052S,ECO4052S,Environmental Economics,14,8,option,Y4G1,9,2,pick 2 from menu,False,51
2025,COM,CB004ECO03,4,1,17,ECO4053S,ECO4053S,Financial Economics,14,8,option,Y4G1,10,2,pick 2 from menu,False,51
2025,COM,CB004ECO03,4,1,18,ECO4113S,ECO4113S,Labour Economics,14,8,option,Y4G1,11,2,pick 2 from menu,False,51
2025,COM,CB004ECO03,4,1,19,ECO4114S,ECO4114S,The Economics of Conflict,14,8,option,Y4G1,12,2,pick 2 from menu,False,51
2025,COM,CB004ECO03,4,1,20,ECO4131S,ECO4131S,Digital Economics,14,8,option,Y4G1,13,2,pick 2 from menu,False,51
2025,COM,CB004ECO03,4,1,21,ECO4132S,ECO4132S,"Economics of Inequality: Causes, Consequences and Policy",14,8,option,Y4G1,14,2,pick 2 from menu,False,51
2025,COM,CB004ECO03,4,1,22,ECO4200S,ECO4200S,Time Series Econometrics,14,8,option,Y4G1,15,2,pick 2 from menu,False,51
2025,COM,CB004BUS07,1,1,1,ACC1021F,ACC1021F,Accounting for Business I,15,5,core,,,,,False,52
2025,COM,CB004BUS07,1,1,2,ACC1022Z,ACC1022Z,Accounting for Business II,9,5,core,,,,,False,52
2025,COM,CB004BUS07,1,1,3,BUS1036F,BUS1036F,Evidence-based Management,18,5,core,,,,,False,52
2025,COM,CB004BUS07,1,1,4,ECO1010F,ECO1010F,Microeconomics,18,5,core,,,,,False,52
2025,COM,CB004BUS07,1,1,5,INF1002F,INF1002F,Foundations of Information Systems,18,5,core,,,,,False,52
2025,COM,CB004BUS07,1,1,6,ACC1011S,ACC1011S,Financial Reporting I,18,5,core,,,,,False,52
2025,COM,CB004BUS07,1,1,7,ECO1011FS,ECO1011F,Macroeconomics,18,5,core,,,,,False,52
2025,COM,CB004BUS07,1,1,8,STA1000S,STA1000S,Introductory Statistics,18,5,core,,,,,False,52
2025,COM,CB004BUS07,2,1,1,BUS2010F/S,BUS2010F,Marketing I,18,6,core,,,,,False,52
2025,COM,CB004BUS07,2,1,2,BUS2033F/S,BUS2033F,Professional Communication,18,6,core,,,,,False,52
2025,COM,CB004BUS07,2,1,3,ECO2003F,ECO2003F,Microeconomics II,18,6,core,,,,,False,52
2025,COM,CB004BUS07,2,1,4,FTX2020F,FTX2020F,Business Finance,18,6,option,Y2G1,1,1,,False,52
2025,COM,CB004BUS07,2,1,5,FTX2024S,FTX2024S,Financial Management,18,6,option,Y2G1,2,1,,False,52
2025,COM,CB004BUS07,2,1,6,STA2020F/S,STA2020F,Applied Statistics,24,6,core,,,,,False,52
2025,COM,CB004BUS07,2,1,7,CML1004S,CML1004S,Business Law I,18,5,core,,,,,False,52
2025,COM,CB004BUS07,2,1,8,ECO2007S,ECO2007S,Co-operation and Competition,18,6,core,,,,,False,52
2025,COM,CB004BUS07,2,1,9,ECO2004S,ECO2004S,Macroeconomics II,18,6,core,,,,,False,52
2025,COM,CB004BUS07,2,1,10,PHI2043S,PHI2043S,Business Ethics,18,6,core,,,,,False,52
2025,COM,CB004BUS07,3,1,1,BUS3039F,BUS3039F,People Management,18,7,core,,,,,False,52
2025,COM,CB004BUS07,3,1,2,BUS3041F,BUS3041F,Marketing IIA,18,7,core,,,,,False,52
2025,COM,CB004BUS07,3,1,3,ECO3020F,ECO3020F,Advanced Macro & Microeconomics,18,7,core,,,,,False,52
2025,COM,CB004BUS07,3,1,4,STA3022F,STA3022F,Research and Survey Statistics,36,7,core,,,,,False,52
2025,COM,CB004BUS07,3,1,5,BUS3008W,BUS3008W,Research in Marketing,36,7,core,,,,,False,52
2025,COM,CB004BUS07,3,1,6,BUS3038S,BUS3038S,Introduction to Project Management,18,7,core,,,,,False,52
2025,COM,CB004BUS07,3,1,7,,,An approved 3000 level course,18,7,elective,,,,,False,52
2025,COM,CB004BUS07,3,1,8,BUS3043S,BUS3043S,Marketing IIB,18,7,core,,,,,False,52
2025,COM,CB004BUS07,3,1,9,ECO3009F,ECO3009F,Natural Resource Economics,18,7,option,Y3G1,1,1,pick 1 from menu,False,52
2025,COM,CB004BUS07,3,1,10,ECO3016F,ECO3016F,History of Economic Thought,18,7,option,Y3G1,2,1,pick 1 from menu,False,52
2025,COM,CB004BUS07,3,1,11,ECO3021S,ECO3021S,Quantitative Methods in Economics,18,7,option,Y3G1,3,1,pick 1 from menu,False,52
2025,COM,CB004BUS07,3,1,12,ECO3022S,ECO3022S,Advanced Labour Economics,18,7,option,Y3G1,4,1,pick 1 from menu,False,52
2025,COM,CB004BUS07,3,1,13,ECO3023S,ECO3023S,Public Sector Economics,18,7,option,Y3G1,5,1,pick 1 from menu,False,52
2025,COM,CB004BUS07,3,1,14,ECO3024F,ECO3024F,International Trade & Finance,18,7,option,Y3G1,6,1,pick 1 from menu,False,52
2025,COM,CB004BUS07,3,1,15,ECO3025S,ECO3025S,Applied International Trade Bargaining,18,7,option,Y3G1,7,1,pick 1 from menu,False,52
2025,COM,CB004BUS07,4,1,1,BUS4026W,BUS4026W,Marketing III,72,8,core,,,,,False,53
2025,COM,CB004BUS07,4,1,2,BUS4050H,BUS4050H,Strategic Thinking,18,8,core,,,,,False,53
2025,COM,CB004BUS07,4,1,3,BUS4052H,BUS4052H,Marketing Research Project,36,8,core,,,,,False,53
2025,COM,CB004BUS07,4,1,4,BUS4058F,BUS4058F,Strategic Marketing,36,8,core,,,,,False,53
2025,COM,CB004BUS08,1,1,1,BUS1036F,BUS1036F,Evidence-based Management,18,5,core,,,,,False,53
2025,COM,CB004BUS08,1,1,2,ECO1010F,ECO1010F,Microeconomics,18,5,core,,,,,False,53
2025,COM,CB004BUS08,1,1,3,MAM1010F,MAM1010F,Mathematics 1010,18,5,core,,,,,False,53
2025,COM,CB004BUS08,1,1,4,PSY1004F,PSY1004F,Introduction to Psychology (Part 1),18,5,core,,,,,False,53
2025,COM,CB004BUS08,1,1,5,BUS1007S,BUS1007S,Introduction to Organisational Psychology,18,5,core,,,,,False,53
2025,COM,CB004BUS08,1,1,6,ECO1011S,ECO1011S,Macroeconomics,18,5,core,,,,,False,53
2025,COM,CB004BUS08,1,1,7,PSY1005S,PSY1005S,Introduction to Psychology (Part 2),18,5,core,,,,,False,53
2025,COM,CB004BUS08,1,1,8,STA1000S,STA1000S,Introductory Statistics,18,5,core,,,,,False,53
2025,COM,CB004BUS08,2,1,1,ACC1021F,ACC1021F,Accounting for Business I,15,5,core,,,,,False,53
2025,COM,CB004BUS08,2,1,2,ACC1022Z,ACC1022Z,Accounting for Business II,9,5,core,,,,,False,53
2025,COM,CB004BUS08,2,1,3,CML1004S,CML1004S,Business Law I,18,5,core,,,,,False,53
2025,COM,CB004BUS08,2,1,4,BUS2024F,BUS2024F,Psychology of Human Resource Management,18,6,core,,,,,False,53
2025,COM,CB004BUS08,2,1,5,FTX2020F,FTX2020F,Business Finance,18,6,core,,,,,False,53
2025,COM,CB004BUS08,2,1,6,INF1002F,INF1002F,Foundations of Information Systems,18,5,option,Y2G1,1,1,,False,53
2025,COM,CB004BUS08,2,1,7,CSC1015F,CSC1015F,Computer Science,18,5,option,Y2G1,2,1,,False,53
2025,COM,CB004BUS08,2,1,8,BUS2010S,BUS2010S,Marketing I,18,6,core,,,,,False,53
2025,COM,CB004BUS08,2,1,9,BUS2023S,BUS2023S,Organisational Behaviour,18,6,core,,,,,False,53
2025,COM,CB004BUS08,3,1,1,BUS3003F,BUS3003F,Research Design in Organisational Psychology,18,7,core,,,,,False,53
2025,COM,CB004BUS08,3,1,2,BUS3004S,BUS3004S,Research Data Analysis in Organisational Psychology,18,7,core,,,,,False,53
2025,COM,CB004BUS08,3,1,3,PSY2013F,PSY2013F,Social and Developmental Psychology,24,6,core,,,,,False,53
2025,COM,CB004BUS08,3,1,4,BUS2033F,BUS2033F,Professional Communication,18,7,core,,,,,False,53
2025,COM,CB004BUS08,3,1,5,PHI2043S,PHI2043S,Business Ethics,18,6,core,,,,,False,53
2025,COM,CB004BUS08,3,1,6,STA2020F,STA2020F,Applied Statistics,24,6,core,,,,,False,53
2025,COM,CB004BUS08,3,1,7,BUS3038S,BUS3038S,Introduction to Project Management,18,7,core,,,,,False,53
2025,COM,CB004BUS08,3,1,8,PSY2014S,PSY2014S,Cognitive Neuroscience and Abnormal Psychology,24,6,core,,,,,False,54
2025,COM,CB004BUS08,4,1,1,BUS4006W,BUS4006W,Organisational Psychology Change Management-Coursework,60,8,core,,,,,False,54
2025,COM,CB004BUS08,4,1,2,BUS4050H,BUS4050H,Strategic Thinking,18,8,core,,,,,False,54
2025,COM,CB004BUS08,4,1,3,BUS4030H,BUS4030H,Organisational Psychology Change Management-Research Report,60,8,core,,,,,False,54
2025,COM,CB025BUS01,1,1,1,ACC1106F,ACC1106F,Financial Accounting,18,5,core,,,,,False,54
2025,COM,CB025BUS01,1,1,2,BUS1036F,BUS1036F,Evidence-based Management,18,5,core,,,,,False,54
2025,COM,CB025BUS01,1,1,3,DOC1103H,DOC1103H,Skills for Commerce,2,5,core,,,,,False,54
2025,COM,CB025BUS01,1,1,4,CSC1015F,CSC1015F,Computer Science 1015,18,5,core,,,,,False,54
2025,COM,CB025BUS01,1,1,5,ECO1110F,ECO1110F,Microeconomics,18,5,core,,,,,False,54
2025,COM,CB025BUS01,1,1,6,MAM1031F,MAM1031F,Mathematics 131,18,5,core,,,,,False,54
2025,COM,CB025BUS01,1,1,7,MAM1032S,MAM1032S,Mathematics 132,18,5,core,,,,,False,54
2025,COM,CB025BUS01,1,1,8,BUS1003H,BUS1003H,Introduction to Financial Risk,18,5,core,,,,,False,54
2025,COM,CB025BUS01,1,1,9,ACC1111S,ACC1111S,Financial Reporting I,18,5,core,,,,,False,54
2025,COM,CB025BUS01,1,1,10,ECO1011S,ECO1011S,Macroeconomics,18,5,core,,,,,False,54
2025,COM,CB025BUS01,1,1,11,STA1106H,STA1106H,Mathematical Statistics I,18,5,core,,,,,False,54
2025,COM,CB025BUS01,2,1,1,CML1001F,CML1001F,Business Law I,18,5,core,,,,,False,54
2025,COM,CB025BUS01,2,1,2,ECO2003F,ECO2003F,Microeconomics II,18,6,core,,,,,False,54
2025,COM,CB025BUS01,2,1,3,STA2004F,STA2004F,Statistical Theory & Inference,24,6,core,,,,,False,54
2025,COM,CB025BUS01,2,1,4,MAM2010F,MAM2010F,Advanced Calculus (2AC)*,12,6,core,,,,,False,54
2025,COM,CB025BUS01,2,1,5,MAM2011F,MAM2011F,Linear Algebra (2LA)*,12,6,core,,,,,False,54
2025,COM,CB025BUS01,2,1,6,MAM2012S,MAM2012S,Differential Equations (2DE),12,6,core,,,,,False,54
2025,COM,CB025BUS01,2,1,7,MAM2014S,MAM2014S,Real Analysis (2RA),12,6,core,,,,,False,54
2025,COM,CB025BUS01,2,1,8,BUS2016H,BUS2016H,Actuarial Science I: Financial Mathematics,18,6,core,,,,,False,54
2025,COM,CB025BUS01,2,1,9,ECO2004S,ECO2004S,Macroeconomics II,18,6,core,,,,,False,54
2025,COM,CB025BUS01,2,1,10,FTX2024S,FTX2024S,Financial Management,18,6,core,,,,,False,54
2025,COM,CB025BUS01,2,1,11,STA2005S,STA2005S,Linear Models,24,6,core,,,,,False,54
2025,COM,CB025BUS01,3,1,1,BUS3018F,BUS3018F,Actuarial Science II: Models,18,7,core,,,,,False,55
2025,COM,CB025BUS01,3,1,2,BUS3039F,BUS3039F,People Management,18,7,core,,,,,False,55
2025,COM,CB025BUS01,3,1,3,STA3041F,STA3041F,Stochastic Processes & Time Series,36,7,core,,,,,False,55
2025,COM,CB025BUS01,3,1,4,STA3045F,STA3045F,Stochastic Processes and Distribution,36,7,core,,,,,False,55
2025,COM,CB025BUS01,3,1,5,BUS3024S,BUS3024S,Actuarial Science II: Contingencies,18,7,core,,,,,False,55
2025,COM,CB025BUS01,3,1,6,PHI2043S,PHI2043S,Business Ethics,18,6,core,,,,,False,55
2025,COM,CB025BUS01,3,1,7,STA3047S,STA3047S,Introduction to Machine Learning,6,7,core,,,,,False,55
2025,COM,CB025BUS01,3,1,8,STA3048S,STA3048S,Statistical Modelling and Bayesian Analysis,30,7,core,,,,,False,55
2025,COM,CB025BUS01,4,1,1,BUS4028F,BUS4028F,Actuarial Science III: Financial Economics,21,8,core,,,,,False,55
2025,COM,CB025BUS01,4,1,2,BUS4027W,BUS4027W,Actuarial Science III: Actuarial Risk Management,54,8,core,,,,,False,55
2025,COM,CB025BUS01,4,1,3,BUS4050H,BUS4050H,Strategic Thinking,18,8,core,,,,,False,55
2025,COM,CB025BUS01,4,1,4,BUS4029H,BUS4029H,Actuarial Research Project,36,8,core,,,,,False,55
2025,COM,CB025BUS01,4,1,5,BUS4034S,BUS4034S,Professional Communication (Actuarial Science),27,8,core,,,,,False,55
2025,COM,CB025BUS09,1,1,1,ACC1106F,ACC1106F,Financial Accounting,18,5,core,,,,,False,55
2025,COM,CB025BUS09,1,1,2,BUS1036F,BUS1036F,Evidence-based Management,18,5,core,,,,,False,55
2025,COM,CB025BUS09,1,1,3,DOC1103H,DOC1103H,Skills for Commerce,2,5,core,,,,,False,55
2025,COM,CB025BUS09,1,1,4,CSC1015F,CSC1015F,Computer Science 1015,18,5,option,Y1G1,1,1,,False,55
2025,COM,CB025BUS09,1,1,5,ECO1110F,ECO1110F,Microeconomics,18,5,option,Y1G1,2,1,,False,55
2025,COM,CB025BUS09,1,1,6,MAM1031F,MAM1031F,Mathematics 131,18,5,core,,,,,False,55
2025,COM,CB025BUS09,1,1,7,MAM1032S,MAM1032S,Mathematics 132,18,5,core,,,,,False,55
2025,COM,CB025BUS09,1,1,8,BUS1003H,BUS1003H,Introduction to Financial Risk,18,5,core,,,,,False,55
2025,COM,CB025BUS09,1,1,9,ACC1111S,ACC1111S,Financial Reporting I,18,5,core,,,,,False,55
2025,COM,CB025BUS09,1,1,10,ECO1011S,ECO1011S,Macroeconomics,18,5,core,,,,,False,55
2025,COM,CB025BUS09,1,1,11,STA1106H,STA1106H,Mathematical Statistics I,18,5,core,,,,,False,55
2025,COM,CB025BUS09,2,1,1,CML1001F,CML1001F,Business Law I,18,5,core,,,,,False,55
2025,COM,CB025BUS09,2,1,2,ECO2003F,ECO2003F,Microeconomics II,18,6,core,,,,,False,55
2025,COM,CB025BUS09,2,1,3,STA2004F,STA2004F,Statistical Theory & Inference,24,6,core,,,,,False,55
2025,COM,CB025BUS09,2,1,4,MAM2010F,MAM2010F,Advanced Calculus (2AC)*,12,6,core,,,,,False,56
2025,COM,CB025BUS09,2,1,5,MAM2011F,MAM2011F,Linear Algebra (2LA)*,12,6,core,,,,,False,56
2025,COM,CB025BUS09,2,1,6,MAM2012S,MAM2012S,Differential Equations (2DE),12,6,core,,,,,False,56
2025,COM,CB025BUS09,2,1,7,MAM2014S,MAM2014S,Real Analysis (2RA),12,6,core,,,,,False,56
2025,COM,CB025BUS09,2,1,8,BUS2016H,BUS2016H,Actuarial Science I: Financial Mathematics,18,6,core,,,,,False,56
2025,COM,CB025BUS09,2,1,9,ECO2004S,ECO2004S,Macroeconomics II,18,6,core,,,,,False,56
2025,COM,CB025BUS09,2,1,10,FTX2024S,FTX2024S,Financial Management,18,6,core,,,,,False,56
2025,COM,CB025BUS09,2,1,11,STA2005S,STA2005S,Linear Models,24,6,core,,,,,False,56
2025,COM,CB025BUS09,3,1,1,BUS2033F/S,BUS2033F,Professional Communication,18,6,core,,,,,False,56
2025,COM,CB025BUS09,3,1,2,BUS3039F,BUS3039F,People Management,18,7,core,,,,,False,56
2025,COM,CB025BUS09,3,1,3,FTX3044F,FTX3044F,Investment Management A,18,7,core,,,,,False,56
2025,COM,CB025BUS09,3,1,4,STA3041F,STA3041F,Stochastic processes & Time Series,36,7,core,,,,,False,56
2025,COM,CB025BUS09,3,1,5,STA3045F,STA3045F,Stochastic Processes and Distribution,36,7,core,,,,,False,56
2025,COM,CB025BUS09,3,1,6,FTX3045S,FTX3045S,Investment Management B,18,7,core,,,,,False,56
2025,COM,CB025BUS09,3,1,7,PHI2043S,PHI2043S,Business Ethics,18,6,core,,,,,False,56
2025,COM,CB025BUS09,3,1,8,STA3047S,STA3047S,Introduction to Machine Learning,6,7,core,,,,,False,56
2025,COM,CB025BUS09,3,1,9,STA3048S,STA3048S,Statistical Modelling and Bayesian Analysis,30,7,core,,,,,False,56
2025,COM,CB025BUS09,4,1,1,BUS4028F,BUS4028F,Actuarial Science III: Financial Economics,21,8,core,,,,,False,56
2025,COM,CB025BUS09,4,1,2,FTX4086F,FTX4086F,Alternative Investments,18,8,core,,,,,False,56
2025,COM,CB025BUS09,4,1,3,BUS4050H,BUS4050H,Strategic Thinking,18,8,core,,,,,False,56
2025,COM,CB025BUS09,4,1,4,BUS4053H,BUS4053H,Quantitative Finance Project,36,8,core,,,,,False,56
2025,COM,CB025BUS09,4,1,5,BUS4087S,BUS4087S,Quantitative Finance Selected Topics,18,8,core,,,,,False,56
2025,COM,CB025BUS09,4,1,6,FTX4056S,FTX4056S,Applied Investments,18,8,core,,,,,False,56
2025,COM,CB024STA13,1,1,1,ACC1021F,ACC1021F,Accounting for Business I,15,5,core,,,,,False,56
2025,COM,CB024STA13,1,1,2,ACC1022Z,ACC1022Z,Accounting for Business II,9,5,core,,,,,False,56
2025,COM,CB024STA13,1,1,3,BUS1036F,BUS1036F,Evidence-based Management,18,5,core,,,,,False,56
2025,COM,CB024STA13,1,1,4,CSC1015F,CSC1015F,Computer Science 1015,18,5,core,,,,,False,56
2025,COM,CB024STA13,1,1,5,DOC1103H,DOC1103H,Skills for Commerce,2,5,core,,,,,False,57
2025,COM,CB024STA13,1,1,6,ECO1110F,ECO1110F,Microeconomics,18,5,core,,,,,False,57
2025,COM,CB024STA13,1,1,7,MAM1031F,MAM1031F,Mathematics 131,18,5,core,,,,,False,57
2025,COM,CB024STA13,1,1,8,MAM1032S,MAM1032S,Mathematics 132,18,5,core,,,,,False,57
2025,COM,CB024STA13,1,1,9,CSC1016S,CSC1016S,Computer Science 1016,18,5,core,,,,,False,57
2025,COM,CB024STA13,1,1,10,ECO1011S,ECO1011S,Macroeconomics,18,5,core,,,,,False,57
2025,COM,CB024STA13,1,1,11,STA1100S,STA1100S,Introductory Statistics,18,5,option,Y1G1,1,1,,False,57
2025,COM,CB024STA13,1,1,12,STA1106H,STA1106H,Mathematical Statistics*,18,5,option,Y1G1,2,1,,False,57
2025,COM,CB024STA13,2,1,1,BUS2010F,BUS2010F,Marketing I,18,6,core,,,,,False,57
2025,COM,CB024STA13,2,1,2,ECO2003F,ECO2003F,Microeconomics II,18,6,core,,,,,False,57
2025,COM,CB024STA13,2,1,3,MAM2010F,MAM2010F,Advanced Calculus (2AC)*,12,6,core,,,,,False,57
2025,COM,CB024STA13,2,1,4,MAM2011F,MAM2011F,Linear Algebra (2LA)*,12,6,core,,,,,False,57
2025,COM,CB024STA13,2,1,5,MAM2012S,MAM2012S,Differential Equations (2DE),12,6,core,,,,,False,57
2025,COM,CB024STA13,2,1,6,MAM2014S,MAM2014S,Real Analysis (2RA),12,6,core,,,,,False,57
2025,COM,CB024STA13,2,1,7,PHI2043S,PHI2043S,Business Ethics,18,6,core,,,,,False,57
2025,COM,CB024STA13,2,1,8,CML1004S,CML1004S,Business Law I,18,5,core,,,,,False,57
2025,COM,CB024STA13,2,1,9,ECO2004S,ECO2004S,Macroeconomics II,18,6,core,,,,,False,57
2025,COM,CB024STA13,2,1,10,STA2004F,STA2004F,Statistical Theory and Inference,24,6,option,Y2G1,1,1,Mathematical Statistics Option,False,57
2025,COM,CB024STA13,2,1,11,STA2005S,STA2005S,Linear Models,24,6,option,Y2G1,1,1,Mathematical Statistics Option,False,57
2025,COM,CB024STA13,2,1,12,STA2020F/S,STA2020F,Business Statistics,24,6,option,Y2G1,2,1,Mathematical Statistics Option,False,57
2025,COM,CB024STA13,2,1,13,STA2030S,STA2030S,Theory of Statistics,24,6,option,Y2G1,2,1,Mathematical Statistics Option,False,57
2025,COM,CB024STA13,3,1,1,BUS2033F/S,BUS2033F,Professional Communication,18,6,core,,,,,False,57
2025,COM,CB024STA13,3,1,2,FTX2020F,FTX2020F,Business Finance,18,6,option,Y3G1,1,1,,False,57
2025,COM,CB024STA13,3,1,3,FTX2024S,FTX2024S,Financial Management,18,6,option,Y3G1,2,1,,False,57
2025,COM,CB024STA13,3,1,4,BUS3039F/S,BUS3039F,People Management,18,7,core,,,,,False,57
2025,COM,CB024STA13,3,1,5,CSC2001F,CSC2001F,Computer Science 2001,24,6,core,,,,,False,57
2025,COM,CB024STA13,3,1,6,CSC2002S,CSC2002S,Computer Science 2002,24,6,option,Y3G2,1,1,,False,57
2025,COM,CB024STA13,3,1,7,ECO3021S,ECO3021S,Quantitative Methods in Economics,18,7,option,Y3G2,2,1,,False,57
2025,COM,CB024STA13,3,1,8,INF2006F,INF2006F,Business Intelligence & Analytics,6,6,option,Y3G2,3,1,,False,57
2025,COM,CB024STA13,3,1,9,INF2007F,INF2007F,Applying Database Principles,12,6,option,Y3G2,3,1,,False,57
2025,COM,CB024STA13,3,1,10,ECO3021S,ECO3021S,Quantitative Methods in Economics,18,7,option,Y3G2,3,1,,False,57
2025,COM,CB024STA13,3,1,11,STA3022F,STA3022F,Research and Survey Statistics,36,7,option,Y3G3,1,1,,False,57
2025,COM,CB024STA13,3,1,12,STA3045F,STA3045F,Stochastic Processes and Distribution,36,7,option,Y3G3,2,1,,False,57
2025,COM,CB024STA13,3,1,13,STA3041F,STA3041F,Stochastic Processes & Time Series,36,7,option,Y3G4,1,1,Mathematical Statistics Option,False,58
2025,COM,CB024STA13,3,1,14,STA3043S,STA3043S,"Statistical Modelling, Machine Learning & Bayesian Analysis",36,7,option,Y3G4,1,1,Mathematical Statistics Option,False,58
2025,COM,CB024STA13,3,1,15,STA3030F,STA3030F,Statistical Inference & Modelling,36,7,option,Y3G4,2,1,Mathematical Statistics Option,False,58
2025,COM,CB024STA13,3,1,16,STA3036S,STA3036S,Operational Research Techniques,36,7,option,Y3G4,2,1,Mathematical Statistics Option,False,58
2025,COM,CB024STA13,4,1,1,STA4010W,STA4010W,Topics in Statistics and Operation Research**,142,8,core,,,,,False,58
2025,COM,CB024STA13,4,1,2,BUS4050H,BUS4050H,Strategic Thinking,18,8,core,,,,,False,58
2025,COM,CB024FTX05,1,1,1,ACC1021F,ACC1021F,Accounting for Business I,15,5,core,,,,,False,58
2025,COM,CB024FTX05,1,1,2,ACC1022Z,ACC1022Z,Accounting for Business II,9,5,core,,,,,False,58
2025,COM,CB024FTX05,1,1,3,DOC1103H,DOC1103H,Skills for Commerce,2,5,core,,,,,False,58
2025,COM,CB024FTX05,1,1,4,ECO1110F,ECO1110F,Microeconomics,18,5,core,,,,,False,58
2025,COM,CB024FTX05,1,1,5,INF1102F,INF1102F,Foundations of Information Systems,18,5,core,,,,,False,58
2025,COM,CB024FTX05,1,1,6,MAM1110F,MAM1110F,Mathematics 1010,18,5,core,,,,,False,58
2025,COM,CB024FTX05,1,1,7,BUS1036F,BUS1036F,Evidence-based Management,18,5,core,,,,,False,58
2025,COM,CB024FTX05,1,1,8,ECO1011S,ECO1011S,Macroeconomics,18,5,core,,,,,False,58
2025,COM,CB024FTX05,1,1,9,MAM1112S,MAM1112S,Mathematics 1012,18,5,core,,,,,False,58
2025,COM,CB024FTX05,1,1,10,STA1100S,STA1100S,Introductory Statistics,18,5,core,,,,,False,58
2025,COM,CB024FTX05,2,1,1,BUS2010F,BUS2010F,Marketing I,18,6,core,,,,,False,59
2025,COM,CB024FTX05,2,1,2,CML1001F,CML1001F,Business Law I,18,5,core,,,,,False,59
2025,COM,CB024FTX05,2,1,3,ECO2003F,ECO2003F,Microeconomics II,18,6,core,,,,,False,59
2025,COM,CB024FTX05,2,1,4,ACC2022H,ACC2022H,Management Accounting I,18,6,core,,,,,False,59
2025,COM,CB024FTX05,2,1,5,ECO2007S,ECO2007S,Co-operation and Competition,18,6,core,,,,,False,59
2025,COM,CB024FTX05,2,1,6,ECO2004S,ECO2004S,Macroeconomics II,18,6,core,,,,,False,59
2025,COM,CB024FTX05,2,1,7,FTX2024S,FTX2024S,Financial Management,18,6,core,,,,,False,59
2025,COM,CB024FTX05,2,1,8,PHI2043S,PHI2043S,Business Ethics,18,6,core,,,,,False,59
2025,COM,CB024FTX05,2,1,9,STA2020F,STA2020F,Applied Statistics,24,6,core,,,,,False,59
2025,COM,CB024FTX05,3,1,1,ECO3020F,ECO3020F,Advanced Macro & Microeconomics,18,7,core,,,,,False,59
2025,COM,CB024FTX05,3,1,2,FTX3044F,FTX3044F,Investment Management A,18,7,core,,,,,False,59
2025,COM,CB024FTX05,3,1,3,STA3022F,STA3022F,Research and Survey Statistics,36,7,core,,,,,False,59
2025,COM,CB024FTX05,3,1,4,BUS3039S,BUS3039S,People Management,18,7,core,,,,,False,59
2025,COM,CB024FTX05,3,1,5,BUS2033F/S,BUS2033F,Professional Communication,18,6,core,,,,,False,59
2025,COM,CB024FTX05,3,1,6,ECO3021S,ECO3021S,Quantitative Methods in Economics,18,7,core,,,,,False,59
2025,COM,CB024FTX05,3,1,7,FTX3045S,FTX3045S,Investment Management B,18,7,core,,,,,False,59
2025,COM,CB024FTX05,4,1,1,FTX4057F,FTX4057F,Applied Corporate Finance,18,8,core,,,,,False,59
2025,COM,CB024FTX05,4,1,2,FTX4086F,FTX4086F,Alternative Investments,18,8,core,,,,,False,59
2025,COM,CB024FTX05,4,1,3,BUS4050H,BUS4050H,Strategic Thinking,18,8,core,,,,,False,59
2025,COM,CB024FTX05,4,1,4,FTX4051H,FTX4051H,Finance Research Project,36,8,core,,,,,False,59
2025,COM,CB024FTX05,4,1,5,FTX4056S,FTX4056S,Applied Investments,18,8,core,,,,,False,59
2025,COM,CB024FTX05,4,1,6,FTX4087S,FTX4087S,Topics in Banking and Treasury Management,18,8,core,,,,,False,59
2025,COM,CB024FTX04,1,1,1,ACC1106F,ACC1106F,Financial Accounting,18,5,core,,,,,False,59
2025,COM,CB024FTX04,1,1,2,DOC1103H,DOC1103H,Skills for Commerce,2,5,core,,,,,False,59
2025,COM,CB024FTX04,1,1,3,ECO1110F,ECO1110F,Microeconomics,18,5,core,,,,,False,59
2025,COM,CB024FTX04,1,1,4,INF1102F,INF1102F,Foundations of Information Systems,18,5,core,,,,,False,59
2025,COM,CB024FTX04,1,1,5,MAM1110F,MAM1110F,Mathematics 1010,18,5,core,,,,,False,59
2025,COM,CB024FTX04,1,1,6,ACC1111S,ACC1111S,Financial Reporting I,18,5,core,,,,,False,59
2025,COM,CB024FTX04,1,1,7,ACC1015S,ACC1015S,Business Acumen for Accountants,15,5,core,,,,,False,60
2025,COM,CB024FTX04,1,1,8,ECO1011S,ECO1011S,Macroeconomics,18,5,core,,,,,False,60
2025,COM,CB024FTX04,1,1,9,MAM1112S,MAM1112S,Mathematics 1012,18,5,core,,,,,False,60
2025,COM,CB024FTX04,1,1,10,STA1100S,STA1100S,Introductory Statistics,18,5,core,,,,,False,60
2025,COM,CB024FTX04,2,1,1,BUS2010F,BUS2010F,Marketing I,18,6,core,,,,,False,60
2025,COM,CB024FTX04,2,1,2,CML1001F,CML1001F,Business Law I,18,5,core,,,,,False,60
2025,COM,CB024FTX04,2,1,3,ECO2003F,ECO2003F,Microeconomics II,18,6,core,,,,,False,60
2025,COM,CB024FTX04,2,1,4,STA2020F,STA2020F,Applied Statistics,24,6,core,,,,,False,60
2025,COM,CB024FTX04,2,1,5,ACC2022H,ACC2022H,Management Accounting I,18,6,core,,,,,False,60
2025,COM,CB024FTX04,2,1,6,ACC2023H,ACC2023H,Taxation I,18,6,core,,,,,False,60
2025,COM,CB024FTX04,2,1,7,CML2010Z,CML2010Z,Business Law II,12,6,core,,,,,False,60
2025,COM,CB024FTX04,2,1,8,ECO2004S,ECO2004S,Macroeconomics II,18,6,core,,,,,False,60
2025,COM,CB024FTX04,2,1,9,FTX2024S,FTX2024S,Financial Management,18,6,core,,,,,False,60
2025,COM,CB024FTX04,2,1,10,PHI2043S,PHI2043S,Business Ethics,18,6,core,,,,,False,60
2025,COM,CB024FTX04,3,1,1,CML2001F,CML2001F,Company Law,18,6,core,,,,,False,60
2025,COM,CB024FTX04,3,1,2,FTX3044F,FTX3044F,Investment Management A,18,7,core,,,,,False,60
2025,COM,CB024FTX04,3,1,3,INF2004F,INF2004F,Information Technology in Business,18,6,core,,,,,False,60
2025,COM,CB024FTX04,3,1,4,ACC2012W,ACC2012W,Financial Reporting II,36,6,core,,,,,False,60
2025,COM,CB024FTX04,3,1,5,ACC2018H,ACC2018H,"Governance, Audit and Assurance I",18,6,core,,,,,False,60
2025,COM,CB024FTX04,3,1,6,ACC3023W,ACC3023W,Management Accounting II,26,7,core,,,,,False,60
2025,COM,CB024FTX04,3,1,7,BUS3039S,BUS3039S,People Management,18,7,core,,,,,False,60
2025,COM,CB024FTX04,3,1,8,FTX3045S,FTX3045S,Investment Management B,18,7,core,,,,,False,60
2025,COM,CB024FTX04,4,1,1,FTX4057F,FTX4057F,Applied Corporate Finance,18,8,core,,,,,False,60
2025,COM,CB024FTX04,4,1,2,ACC3009W,ACC3009W,Financial Reporting III,36,7,core,,,,,False,60
2025,COM,CB024FTX04,4,1,3,BUS4050H,BUS4050H,Strategic Thinking,18,8,core,,,,,False,60
2025,COM,CB024FTX04,4,1,4,ACC3004W,ACC3004W,Taxation II,32,7,core,,,,,False,60
2025,COM,CB024FTX04,4,1,5,ACC3022W,ACC3022W,"Governance, Audit and Assurance II",26,7,core,,,,,False,60
2025,COM,CB024FTX04,4,1,6,FTX4056S,FTX4056S,Applied Investments,18,8,core,,,,,False,60
2025,COM,CB024FTX04,4,1,7,FTX4087S,FTX4087S,Topics in Banking and Treasury Management,18,8,core,,,,,False,60
2025,COM,CB024CSC05,1,1,1,BUS1036F,BUS1036F,Evidence-based Management,18,5,core,,,,,False,61
2025,COM,CB024CSC05,1,1,2,CSC1015F,CSC1015F,Computer Science 1015,18,5,core,,,,,False,61
2025,COM,CB024CSC05,1,1,3,DOC1103H,DOC1103H,Commerce Case Study,2,5,core,,,,,False,61
2025,COM,CB024CSC05,1,1,4,ECO1110F,ECO1110F,Microeconomics,18,5,core,,,,,False,61
2025,COM,CB024CSC05,1,1,5,MAM1031F,MAM1031F,Mathematics 1031,18,5,option,Y1G1,1,1,,False,61
2025,COM,CB024CSC05,1,1,6,MAM1004F,MAM1004F,Mathematics 1004,18,5,option,Y1G1,2,1,,False,61
2025,COM,CB024CSC05,1,1,7,MAM1008S,MAM1008S,Introduction to Discrete Mathematics,18,5,core,,,,,False,61
2025,COM,CB024CSC05,1,1,8,CSC1016S,CSC1016S,Computer Science 1016,18,5,core,,,,,False,61
2025,COM,CB024CSC05,1,1,9,ECO1011S,ECO1011S,Macroeconomics,18,5,core,,,,,False,61
2025,COM,CB024CSC05,1,1,10,STA1100S,STA1100S,Introductory Statistics,18,5,core,,,,,False,61
2025,COM,CB024CSC05,2,1,1,CSC2001F,CSC2001F,Computer Science 2001,24,6,core,,,,,False,61
2025,COM,CB024CSC05,2,1,2,INF2009F,INF2009F,Systems Analysis,18,6,core,,,,,False,61
2025,COM,CB024CSC05,2,1,3,STA2020F,STA2020F,Applied Statistics,24,6,core,,,,,False,61
2025,COM,CB024CSC05,2,1,4,CML1001F,CML1001F,Business Law,18,5,core,,,,,False,61
2025,COM,CB024CSC05,2,1,5,INF2011S,INF2011S,Systems design and development,18,7,core,,,,,False,61
2025,COM,CB024CSC05,2,1,6,ACC1021F,ACC1021F,Accounting for Business I,15,5,core,,,,,False,61
2025,COM,CB024CSC05,2,1,7,ACC1022Z,ACC1022Z,Accounting for Business II,9,5,core,,,,,False,61
2025,COM,CB024CSC05,2,1,8,CSC2002S,CSC2002S,Computer Science 2002,24,6,core,,,,,False,61
2025,COM,CB024CSC05,2,1,9,CSC2004Z,CSC2004Z,Programming Assessment,0,6,core,,,,,False,61
2025,COM,CB024CSC05,2,1,10,PHI2043S,PHI2043S,Business Ethics,18,6,core,,,,,False,61
2025,COM,CB024CSC05,3,1,1,BUS3039F,BUS3039F,People Management,18,7,core,,,,,False,61
2025,COM,CB024CSC05,3,1,2,CSC3002F,CSC3002F,Computer Science 3002,36,7,core,,,,,False,61
2025,COM,CB024CSC05,3,1,3,FTX2020F,FTX2020F,Business Finance,18,6,core,,,,,False,61
2025,COM,CB024CSC05,3,1,4,BUS3038S,BUS3038S,Introduction to project management,18,7,core,,,,,False,61
2025,COM,CB024CSC05,3,1,5,BUS2010S,BUS2010S,Marketing 1,18,6,core,,,,,False,61
2025,COM,CB024CSC05,3,1,6,CSC3003S,CSC3003S,Computer Science 3003,36,7,core,,,,,False,61
2025,COM,CB024CSC05,4,1,1,BUS4050H,BUS4050H,Strategic Thinking,18,8,core,,,,,False,61
2025,COM,CB024CSC05,4,1,2,CSC4019Z,CSC4019Z,Research and Innovation,16,8,core,,,,,False,61
2025,COM,CB024CSC05,4,1,3,CSC4020Z,CSC4020Z,Functional Programming,12,8,core,,,,,False,61
2025,COM,CB024CSC05,4,1,4,CSC4021Z,CSC4021Z,Compilers 1,12,8,core,,,,,False,61
2025,COM,CB024CSC05,4,1,5,CSC4002W,CSC4002W,Computer Science Honours Project,60,8,core,,,,,False,61
2025,COM,CB024CSC05,4,1,6,CSC4007Z,CSC4007Z,Selected Honours module in Computer Science,12,8,core,,,,,False,62
2025,COM,CB024CSC05,4,1,7,CSC4010Z,CSC4010Z,Advanced Topics in Computer Science Honours 2,12,8,core,,,,,False,62
2025,COM,CB024CSC05,4,1,8,CSC4023Z,CSC4023Z,Big Data Management and Analysis,12,8,core,,,,,False,62
2025,COM,CB024CSC05,4,1,9,CSC4024Z,CSC4024Z,Human Computer Interaction,12,8,core,,,,,False,62
2025,COM,CB024CSC05,4,1,10,CSC4025Z,CSC4025Z,Artificial Intelligence,12,8,core,,,,,False,62
2025,COM,CB024CSC05,4,1,11,CSC4026Z,CSC4026Z,Network and Internetwork Security,12,8,core,,,,,False,62
2025,COM,CB024CSC05,4,1,12,CSC4027Z,CSC4027Z,Computer Game Design,12,8,core,,,,,False,62
2025,COM,CB024CSC05,4,1,13,CSC4028Z,CSC4028Z,High Performance Computing,12,8,core,,,,,False,62
2025,COM,CB024CSC05,4,1,14,CSC4029Z,CSC4029Z,Introduction to Computer Graphics,12,8,core,,,,,False,62
2025,COM,CB024CSC05,4,1,15,STA4026S,STA4026S,Analytics,18,8,core,,,,,False,62
2025,COM,CB024INF01,1,1,1,ACC1021F,ACC1021F,Accounting for Business I,15,5,core,,,,,False,62
2025,COM,CB024INF01,1,1,2,ACC1022Z,ACC1022Z,Accounting for Business II,9,5,core,,,,,False,62
2025,COM,CB024INF01,1,1,3,INF1102F,INF1102F,Foundations of Information Systems *,18,5,option,Y1G1,1,1,,False,62
2025,COM,CB024INF01,1,1,4,CSC1015F,CSC1015F,Computer Science 1015*,18,5,option,Y1G1,2,1,,False,62
2025,COM,CB024INF01,1,1,5,DOC1103H,DOC1103H,Skills for Commerce,2,5,core,,,,,False,62
2025,COM,CB024INF01,1,1,6,ECO1110F,ECO1110F,Microeconomics,18,5,core,,,,,False,62
2025,COM,CB024INF01,1,1,7,MAM1110F,MAM1110F,Mathematics 1010,18,5,core,,,,,False,62
2025,COM,CB024INF01,1,1,8,BUS1036S,BUS1036S,Evidence based Management,18,5,core,,,,,False,62
2025,COM,CB024INF01,1,1,9,ECO1011S,ECO1011S,Macroeconomics,18,5,core,,,,,False,62
2025,COM,CB024INF01,1,1,10,MAM1112S,MAM1112S,Mathematics 1012,18,5,core,,,,,False,62
2025,COM,CB024INF01,1,1,11,STA1100S,STA1100S,Introductory Statistics,18,5,core,,,,,False,62
2025,COM,CB024INF01,2,1,1,INF1003F,INF1003F,Commercial Programming*,18,5,core,,,,,False,62
2025,COM,CB024INF01,2,1,2,INF2006F,INF2006F,Business Intelligence and Analytics,6,6,core,,,,,False,62
2025,COM,CB024INF01,2,1,3,INF2007F,INF2007F,Applying Database Principles,12,6,core,,,,,False,62
2025,COM,CB024INF01,2,1,4,INF2009F,INF2009F,Systems Analysis,18,6,core,,,,,False,62
2025,COM,CB024INF01,2,1,5,FTX2020F,FTX2020F,Business Finance,18,6,core,,,,,False,62
2025,COM,CB024INF01,2,1,6,STA2020S,STA2020S,Business Statistics,24,6,core,,,,,False,62
2025,COM,CB024INF01,2,1,7,INF2010S,INF2010S,IT Architecture,18,7,core,,,,,False,63
2025,COM,CB024INF01,2,1,8,INF2011S,INF2011S,Systems Design & Development,18,7,core,,,,,False,63
2025,COM,CB024INF01,2,1,9,CML1004S,CML1004S,Business Law I,18,5,core,,,,,False,63
2025,COM,CB024INF01,3,1,1,BUS2010F,BUS2010F,Marketing I,18,6,core,,,,,False,63
2025,COM,CB024INF01,3,1,2,BUS3039F,BUS3039F,People Management,18,7,core,,,,,False,63
2025,COM,CB024INF01,3,1,3,INF3014F,INF3014F,Electronic Commerce,18,7,core,,,,,False,63
2025,COM,CB024INF01,3,1,4,INF3003W,INF3003W,Systems Development Project I,48,7,core,,,,,False,63
2025,COM,CB024INF01,3,1,5,BUS2033F,BUS2033F,Professional Communication,18,6,core,,,,,False,63
2025,COM,CB024INF01,3,1,6,INF3012S,INF3012S,BPM & Enterprise Systems,18,7,core,,,,,False,63
2025,COM,CB024INF01,3,1,7,PHI2043S,PHI2043S,Business Ethics,18,6,core,,,,,False,63
2025,COM,CB024INF01,4,1,1,INF4026F,INF4026F,Application and Technical Development,20,8,core,,,,,False,63
2025,COM,CB024INF01,4,1,2,BUS4050W,BUS4050W,Strategic Thinking,36,8,core,,,,,False,63
2025,COM,CB024INF01,4,1,3,INF4027W,INF4027W,System Development Project II,40,8,core,,,,,False,63
2025,COM,CB024INF01,4,1,4,INF4024W,INF4024W,Information Systems Research Project,60,8,core,,,,,False,63
2025,COM,CB024INF01,4,1,5,INF4025S,INF4025S,Information Systems Management,20,8,core,,,,,False,63
2025,COM,CB024ECO01,1,1,1,ACC1021F,ACC1021F,Accounting for Business I,15,5,core,,,,,False,63
2025,COM,CB024ECO01,1,1,2,ACC1022Z,ACC1022Z,Accounting for Business II,9,5,core,,,,,False,63
2025,COM,CB024ECO01,1,1,3,DOC1103H,DOC1103H,Skills for Commerce,2,5,core,,,,,False,63
2025,COM,CB024ECO01,1,1,4,ECO1110F,ECO1110F,Microeconomics,18,5,core,,,,,False,63
2025,COM,CB024ECO01,1,1,5,INF1102F,INF1102F,Foundations of Information Systems,18,5,core,,,,,False,63
2025,COM,CB024ECO01,1,1,6,MAM1110F,MAM1110F,Mathematics 1010,18,5,core,,,,,False,63
2025,COM,CB024ECO01,1,1,7,ECO1011S,ECO1011S,Macroeconomics,18,5,core,,,,,False,63
2025,COM,CB024ECO01,1,1,8,MAM1112S,MAM1112S,Mathematics 1012,18,5,core,,,,,False,63
2025,COM,CB024ECO01,1,1,9,STA1100S,STA1100S,Introductory Statistics,18,5,core,,,,,False,63
2025,COM,CB024ECO01,2,1,1,CML1001F,CML1001F,Business Law I,18,5,core,,,,,False,64
2025,COM,CB024ECO01,2,1,2,ECO2003F,ECO2003F,Microeconomics II,18,6,core,,,,,False,64
2025,COM,CB024ECO01,2,1,3,FTX2020F,FTX2020F,Business Finance,18,6,option,Y2G1,1,1,,False,64
2025,COM,CB024ECO01,2,1,4,FTX2024F,FTX2024F,Financial Management,18,6,option,Y2G1,2,1,,False,64
2025,COM,CB024ECO01,2,1,5,STA2020F,STA2020F,Applied Statistics,24,6,core,,,,,False,64
2025,COM,CB024ECO01,2,1,6,BUS2010S,BUS2010S,Marketing I,18,6,core,,,,,False,64
2025,COM,CB024ECO01,2,1,7,ECO2004S,ECO2004S,Macroeconomics II,18,6,core,,,,,False,64
2025,COM,CB024ECO01,2,1,8,ECO2007S,ECO2007S,Co-operation and Competition,18,6,core,,,,,False,64
2025,COM,CB024ECO01,2,1,9,STA2030S,STA2030S,Theory of Statistics,24,6,option,Y2G2,1,1,,False,64
2025,COM,CB024ECO01,2,1,10,STA3022F,STA3022F,Research and Survey Statistics**,36,7,option,Y2G2,2,1,,False,64
2025,COM,CB024ECO01,3,1,1,BUS2033F,BUS2033F,Professional Communication,18,7,core,,,,,False,64
2025,COM,CB024ECO01,3,1,2,BUS3039F,BUS3039F,People Management,18,7,core,,,,,False,64
2025,COM,CB024ECO01,3,1,3,ECO3020F,ECO3020F,Advanced Macro & Microeconomics,18,7,core,,,,,False,64
2025,COM,CB024ECO01,3,1,4,ECO3021S,ECO3021S,Quantitative Methods in Economics,18,7,core,,,,,False,64
2025,COM,CB024ECO01,3,1,5,PHI2043S,PHI2043S,Business Ethics,18,6,core,,,,,False,64
2025,COM,CB024ECO01,3,1,6,,,Plus 2 other NQF level 7 ECO courses,18,7,elective,,,,,False,64
2025,COM,CB024ECO01,3,1,7,,,Plus 2 NQF Level 7 courses from:,,7,elective,,,,,False,64
2025,COM,CB024ECO01,3,1,8,FTX3044F,FTX3044F,Investment Management A,18,7,core,,,,,False,64
2025,COM,CB024ECO01,3,1,9,STA3030F,STA3030F,Statistical Inference & Modelling,36,7,core,,,,,False,64
2025,COM,CB024ECO01,3,1,10,FTX3045S,FTX3045S,Investment Management B,18,7,core,,,,,False,64
2025,COM,CB024ECO01,3,1,11,STA3036S,STA3036S,Operational Research Techniques,36,7,core,,,,,False,64
2025,COM,CB024ECO01,3,1,12,,,Plus ECO2008S or 1 NQF level 6 or 7 course ........................ 18+,,6,elective,,,,,False,64
2025,COM,CB024ECO01,4,1,1,BUS4050H,BUS4050H,Strategic Thinking,18,8,core,,,,,False,64
2025,COM,CB024ECO01,4,1,2,ECO4006F,ECO4006F,Macroeconomics,16,8,core,,,,,False,64
2025,COM,CB024ECO01,4,1,3,ECO4007F,ECO4007F,Microeconomics,16,8,core,,,,,False,64
2025,COM,CB024ECO01,4,1,4,ECO4016F,ECO4016F,Econometrics,16,8,core,,,,,False,64
2025,COM,CB024ECO01,4,1,5,ECO4112F,ECO4112F,Mathematics and Statistics for Economists,16,8,core,,,,,False,64
2025,COM,CB024ECO01,4,1,6,ECO4021W,ECO4021W,Research and Writing I (Long Paper),30,8,core,,,,,False,64
2025,COM,CB024ECO01,4,1,7,ECO4013S,ECO4013S,International Finance,14,8,option,Y4G1,1,2,pick 2 from menu,False,64
2025,COM,CB024ECO01,4,1,8,ECO4020S,ECO4020S,Economic Challenges in Africa,14,8,option,Y4G1,2,2,pick 2 from menu,False,64
2025,COM,CB024ECO01,4,1,9,ECO4026S,ECO4026S,The Economy and its Financial Markets,14,8,option,Y4G1,3,2,pick 2 from menu,False,64
2025,COM,CB024ECO01,4,1,10,ECO4027S,ECO4027S,The Analysis of Survey Data,14,8,option,Y4G1,4,2,pick 2 from menu,False,64
2025,COM,CB024ECO01,4,1,11,ECO4028S,ECO4028S,Policy Analysis,14,8,option,Y4G1,5,2,pick 2 from menu,False,64
2025,COM,CB024ECO01,4,1,12,ECO4029S,ECO4029S,Experiments in Economics,14,8,option,Y4G1,6,2,pick 2 from menu,False,64
2025,COM,CB024ECO01,4,1,13,ECO4032S,ECO4032S,"Economics of Industry, Regulation and Firms",14,8,option,Y4G1,7,2,pick 2 from menu,False,64
2025,COM,CB024ECO01,4,1,14,ECO4051S,ECO4051S,Development Economics,14,8,option,Y4G1,8,2,pick 2 from menu,False,64
2025,COM,CB024ECO01,4,1,15,ECO4052S,ECO4052S,Environmental Economics,14,8,option,Y4G1,9,2,pick 2 from menu,False,64
2025,COM,CB024ECO01,4,1,16,ECO4053S,ECO4053S,Financial Economics,14,8,option,Y4G1,10,2,pick 2 from menu,False,64
2025,COM,CB024ECO01,4,1,17,ECO4113S,ECO4113S,Labour Economics,14,8,option,Y4G1,11,2,pick 2 from menu,False,65
2025,COM,CB024ECO01,4,1,18,ECO4114S,ECO4114S,The Economics of Conflict,14,8,option,Y4G1,12,2,pick 2 from menu,False,65
2025,COM,CB024ECO01,4,1,19,ECO4131S,ECO4131S,Digital Economics,14,8,option,Y4G1,13,2,pick 2 from menu,False,65
2025,COM,CB024ECO01,4,1,20,ECO4132S,ECO4132S,"Economics of Inequality: Causes, Consequences & Policy",14,8,option,Y4G1,14,2,pick 2 from menu,False,65
2025,COM,CB024ECO01,4,1,21,ECO4200S,ECO4200S,Time Series Econometrics,14,8,option,Y4G1,15,2,pick 2 from menu,False,65
2025,COM,CB024ECO03,1,1,1,ACC1021F,ACC1021F,Accounting for Business I,15,5,core,,,,,False,65
2025,COM,CB024ECO03,1,1,2,ACC1022Z,ACC1022Z,Accounting for Business II,9,5,core,,,,,False,65
2025,COM,CB024ECO03,1,1,3,DOC1103H,DOC1103H,Skills for Commerce,2,5,core,,,,,False,65
2025,COM,CB024ECO03,1,1,4,ECO1110F,ECO1110F,Microeconomics,18,5,core,,,,,False,65
2025,COM,CB024ECO03,1,1,5,INF1102F,INF1102F,Foundations of Information Systems,18,5,core,,,,,False,65
2025,COM,CB024ECO03,1,1,6,MAM1110F,MAM1110F,Mathematics 1010,18,5,core,,,,,False,65
2025,COM,CB024ECO03,1,1,7,ECO1011S,ECO1011S,Macroeconomics,18,5,core,,,,,False,65
2025,COM,CB024ECO03,1,1,8,MAM1112S,MAM1112S,Mathematics 1012,18,5,core,,,,,False,65
2025,COM,CB024ECO03,1,1,9,STA1100S,STA1100S,Introductory Statistics,18,5,core,,,,,False,65
2025,COM,CB024ECO03,2,1,1,ECO2003F,ECO2003F,Microeconomics II,18,6,core,,,,,False,65
2025,COM,CB024ECO03,2,1,2,FTX2020F,FTX2020F,Business Finance,18,6,option,Y2G1,1,1,,False,65
2025,COM,CB024ECO03,2,1,3,FTX2024S,FTX2024S,Financial Management,18,6,option,Y2G1,2,1,,False,65
2025,COM,CB024ECO03,2,1,4,STA2020F,STA2020F,Applied Statistics,24,6,core,,,,,False,65
2025,COM,CB024ECO03,2,1,5,PVL1003W,PVL1003W,Foundations of South African Law**,36,5,core,,,,,False,65
2025,COM,CB024ECO03,2,1,6,PVL1004F,PVL1004F,South African Private Law: System and Context**,18,5,core,,,,,False,65
2025,COM,CB024ECO03,2,1,7,PVL1008H,PVL1008H,Law of Persons and Family**,18,5,core,,,,,False,65
2025,COM,CB024ECO03,2,1,8,ECO2004S,ECO2004S,Macroeconomics II,18,6,core,,,,,False,65
2025,COM,CB024ECO03,2,1,9,ECO2007S,ECO2007S,Co-operation and Competition,18,6,core,,,,,False,65
2025,COM,CB024ECO03,3,1,1,BUS3039F,BUS3039F,People Management,18,7,core,,,,,False,66
2025,COM,CB024ECO03,3,1,2,ECO3020F,ECO3020F,Advanced Macro & Microeconomics,18,7,core,,,,,False,66
2025,COM,CB024ECO03,3,1,3,PBL2000W,PBL2000W,Constitutional Law,36,7,core,,,,,False,66
2025,COM,CB024ECO03,3,1,4,PVL2002H,PVL2002H,Law of Property,18,6,core,,,,,False,66
2025,COM,CB024ECO03,3,1,5,PVL2003H,PVL2003H,Law of Succession,18,7,core,,,,,False,66
2025,COM,CB024ECO03,3,1,6,ECO3021S,ECO3021S,Quantitative Methods in Economics,18,7,core,,,,,False,66
2025,COM,CB024ECO03,3,1,7,PHI2043S,PHI2043S,Business Ethics,18,6,core,,,,,False,66
2025,COM,CB024ECO03,3,1,8,,,Plus 1 other NQF level 7 ECO course,18,7,elective,,,,,False,66
2025,COM,CB024ECO03,4,1,1,BUS4050H,BUS4050H,Strategic Thinking,18,8,core,,,,,False,66
2025,COM,CB024ECO03,4,1,2,BUS2010S,BUS2010S,Marketing I,18,6,core,,,,,False,66
2025,COM,CB024ECO03,4,1,3,ECO4006F,ECO4006F,Macroeconomics,16,8,core,,,,,False,66
2025,COM,CB024ECO03,4,1,4,ECO4007F,ECO4007F,Microeconomics,16,8,core,,,,,False,66
2025,COM,CB024ECO03,4,1,5,ECO4016F,ECO4016F,Econometrics,16,8,core,,,,,False,66
2025,COM,CB024ECO03,4,1,6,ECO4112F,ECO4112F,Mathematics and Statistics for Economists,16,8,core,,,,,False,66
2025,COM,CB024ECO03,4,1,7,ECO4021W,ECO4021W,Research and Writing I (Long Paper),30,8,core,,,,,False,66
2025,COM,CB024ECO03,4,1,8,ECO4013S,ECO4013S,International Finance,14,8,option,Y4G1,1,2,pick 2 from menu,False,66
2025,COM,CB024ECO03,4,1,9,ECO4020S,ECO4020S,Economic Challenges in Africa,14,8,option,Y4G1,2,2,pick 2 from menu,False,66
2025,COM,CB024ECO03,4,1,10,ECO4026S,ECO4026S,The Economy and its Financial Markets,14,8,option,Y4G1,3,2,pick 2 from menu,False,66
2025,COM,CB024ECO03,4,1,11,ECO4027S,ECO4027S,The Analysis of Survey Data,14,8,option,Y4G1,4,2,pick 2 from menu,False,66
2025,COM,CB024ECO03,4,1,12,ECO4028S,ECO4028S,Policy Analysis,14,8,option,Y4G1,5,2,pick 2 from menu,False,66
2025,COM,CB024ECO03,4,1,13,ECO4029S,ECO4029S,Experiments in Economics,14,8,option,Y4G1,6,2,pick 2 from menu,False,66
2025,COM,CB024ECO03,4,1,14,ECO4032S,ECO4032S,"Economics of Industry, Regulation and Firms",14,8,option,Y4G1,7,2,pick 2 from menu,False,66
2025,COM,CB024ECO03,4,1,15,ECO4051S,ECO4051S,Development Economics,14,8,option,Y4G1,8,2,pick 2 from menu,False,66
2025,COM,CB024ECO03,4,1,16,ECO4052S,ECO4052S,Environmental Economics,14,8,option,Y4G1,9,2,pick 2 from menu,False,66
2025,COM,CB024ECO03,4,1,17,ECO4053S,ECO4053S,Financial Economics,14,8,option,Y4G1,10,2,pick 2 from menu,False,66
2025,COM,CB024ECO03,4,1,18,ECO4113S,ECO4113S,Labour Economics,14,8,option,Y4G1,11,2,pick 2 from menu,False,66
2025,COM,CB024ECO03,4,1,19,ECO4114S,ECO4114S,The Economics of Conflict,14,8,option,Y4G1,12,2,pick 2 from menu,False,66
2025,COM,CB024ECO03,4,1,20,ECO4131S,ECO4131S,Digital Economics,14,8,option,Y4G1,13,2,pick 2 from menu,False,66
2025,COM,CB024ECO03,4,1,21,ECO4132S,ECO4132S,"Economics of Inequality: Causes, Consequences & Policy",14,8,option,Y4G1,14,2,pick 2 from menu,False,66
2025,COM,CB024ECO03,4,1,22,ECO4200S,ECO4200S,Time Series Econometrics,14,8,option,Y4G1,15,2,pick 2 from menu,False,66
2025,COM,CB024BUS07,1,1,1,ACC1021F,ACC1021F,Accounting for Business I,15,5,core,,,,,False,67
2025,COM,CB024BUS07,1,1,2,ACC1022Z,ACC1022Z,Accounting for Business II,9,5,core,,,,,False,67
2025,COM,CB024BUS07,1,1,3,DOC1103H,DOC1103H,Skills for Commerce,2,5,core,,,,,False,67
2025,COM,CB024BUS07,1,1,4,ECO1110F,ECO1110F,Microeconomics,18,5,core,,,,,False,67
2025,COM,CB024BUS07,1,1,5,INF1102F,INF1102F,Foundations of Information Systems,18,5,core,,,,,False,67
2025,COM,CB024BUS07,1,1,6,MAM1110F,MAM1110F,Mathematics 1010,18,5,core,,,,,False,67
2025,COM,CB024BUS07,1,1,7,BUS1036F,BUS1036F,Evidence-based Management,18,5,core,,,,,False,67
2025,COM,CB024BUS07,1,1,8,ECO1011S,ECO1011S,Macroeconomics,18,5,core,,,,,False,67
2025,COM,CB024BUS07,1,1,9,STA1100S,STA1100S,Introductory Statistics,18,5,core,,,,,False,67
2025,COM,CB024BUS07,2,1,1,BUS2010F/S,BUS2010F,Marketing I,18,6,core,,,,,False,67
2025,COM,CB024BUS07,2,1,2,BUS2033F/S,BUS2033F,Professional Communication,18,6,core,,,,,False,67
2025,COM,CB024BUS07,2,1,3,ECO2003F,ECO2003F,Microeconomics II,18,6,core,,,,,False,67
2025,COM,CB024BUS07,2,1,4,FTX2020F,FTX2020F,Business Finance,18,6,option,Y2G1,1,1,,False,67
2025,COM,CB024BUS07,2,1,5,FTX2024S,FTX2024S,Financial Management,18,6,option,Y2G1,2,1,,False,67
2025,COM,CB024BUS07,2,1,6,STA2020F/S,STA2020F,Applied Statistics,24,6,core,,,,,False,67
2025,COM,CB024BUS07,2,1,7,CML1004S,CML1004S,Business Law I,18,5,core,,,,,False,67
2025,COM,CB024BUS07,2,1,8,ECO2007S,ECO2007S,Co-operation and Competition,18,6,core,,,,,False,67
2025,COM,CB024BUS07,2,1,9,ECO2004S,ECO2004S,Macroeconomics II,18,6,core,,,,,False,67
2025,COM,CB024BUS07,2,1,10,PHI2043S,PHI2043S,Business Ethics,18,6,core,,,,,False,67
2025,COM,CB024BUS07,3,1,1,BUS3039F,BUS3039F,People Management,18,7,core,,,,,False,67
2025,COM,CB024BUS07,3,1,2,BUS3041F,BUS3041F,Marketing IIA,18,7,core,,,,,False,67
2025,COM,CB024BUS07,3,1,3,ECO3020F,ECO3020F,Advanced Macro & Microeconomics,18,7,core,,,,,False,67
2025,COM,CB024BUS07,3,1,4,STA3022F,STA3022F,Research and Survey Statistics,36,7,core,,,,,False,67
2025,COM,CB024BUS07,3,1,5,BUS3008W,BUS3008W,Research in Marketing,36,7,core,,,,,False,67
2025,COM,CB024BUS07,3,1,6,BUS3038S,BUS3038S,Introduction to Project Management,18,7,core,,,,,False,67
2025,COM,CB024BUS07,3,1,7,,,An approved 3000 level course,18,7,elective,,,,,False,67
2025,COM,CB024BUS07,3,1,8,BUS3043S,BUS3043S,Marketing IIB,18,7,core,,,,,False,67
2025,COM,CB024BUS07,3,1,9,ECO3009F,ECO3009F,Natural Resource Economics,18,7,option,Y3G1,1,1,pick 1 from menu,False,67
2025,COM,CB024BUS07,3,1,10,ECO3016F,ECO3016F,History of Economic Thought,18,7,option,Y3G1,2,1,pick 1 from menu,False,67
2025,COM,CB024BUS07,3,1,11,ECO3021S,ECO3021S,Quantitative Methods in Economics,18,7,option,Y3G1,3,1,pick 1 from menu,False,68
2025,COM,CB024BUS07,3,1,12,ECO3022S,ECO3022S,Advanced Labour Economics,18,7,option,Y3G1,4,1,pick 1 from menu,False,68
2025,COM,CB024BUS07,3,1,13,ECO3023S,ECO3023S,Public Sector Economics,18,7,option,Y3G1,5,1,pick 1 from menu,False,68
2025,COM,CB024BUS07,3,1,14,ECO3024F,ECO3024F,International Trade & Finance,18,7,option,Y3G1,6,1,pick 1 from menu,False,68
2025,COM,CB024BUS07,3,1,15,ECO3025S,ECO3025S,Applied International Trade Bargaining,18,7,option,Y3G1,7,1,pick 1 from menu,False,68
2025,COM,CB024BUS07,4,1,1,BUS4026W,BUS4026W,Marketing III,72,8,core,,,,,False,68
2025,COM,CB024BUS07,4,1,2,BUS4050H,BUS4050H,Strategic Thinking,18,8,core,,,,,False,68
2025,COM,CB024BUS07,4,1,3,BUS4052H,BUS4052H,Marketing Research Project,36,8,core,,,,,False,68
2025,COM,CB024BUS07,4,1,4,BUS4058F,BUS4058F,Strategic Marketing,36,8,core,,,,,False,68
2025,COM,CB024BUS08,1,1,1,BUS1036F,BUS1036F,Evidence-based Management,18,5,core,,,,,False,68
2025,COM,CB024BUS08,1,1,2,DOC1103H,DOC1103H,Skills for Commerce,2,5,core,,,,,False,68
2025,COM,CB024BUS08,1,1,3,ECO1110F,ECO1110F,Microeconomics,18,5,core,,,,,False,68
2025,COM,CB024BUS08,1,1,4,MAM1110F,MAM1110F,Mathematics 1010,18,5,core,,,,,False,68
2025,COM,CB024BUS08,1,1,5,PSY1004F,PSY1004F,Introduction to Psychology (Part 1),18,5,core,,,,,False,68
2025,COM,CB024BUS08,1,1,6,BUS1007S,BUS1007S,Introduction to Organisational Psychology,18,5,core,,,,,False,68
2025,COM,CB024BUS08,1,1,7,ECO1011S,ECO1011S,Macroeconomics,18,5,core,,,,,False,68
2025,COM,CB024BUS08,1,1,8,PSY1005S,PSY1005S,Introduction to Psychology (Part 2),18,5,core,,,,,False,68
2025,COM,CB024BUS08,1,1,9,STA1100S,STA1100S,Introductory Statistics,18,5,core,,,,,False,68
2025,COM,CB024BUS08,2,1,1,ACC1021F,ACC1021F,Accounting for Business I,15,5,core,,,,,False,68
2025,COM,CB024BUS08,2,1,2,ACC1022Z,ACC1022Z,Accounting for Business II,9,5,core,,,,,False,68
2025,COM,CB024BUS08,2,1,3,BUS2024F,BUS2024F,Psychology of Human Resource Management,18,6,core,,,,,False,68
2025,COM,CB024BUS08,2,1,4,CML1004S,CML1004S,Business Law I,18,5,core,,,,,False,68
2025,COM,CB024BUS08,2,1,5,FTX2020F,FTX2020F,Business Finance,18,6,core,,,,,False,68
2025,COM,CB024BUS08,2,1,6,INF1102F,INF1102F,Foundations of Information Systems,18,5,option,Y2G1,1,1,,False,68
2025,COM,CB024BUS08,2,1,7,CSC1015F,CSC1015F,Computer Science,18,5,option,Y2G1,2,1,,False,68
2025,COM,CB024BUS08,2,1,8,BUS2010S,BUS2010S,Marketing 1,18,6,core,,,,,False,68
2025,COM,CB024BUS08,2,1,9,BUS2023S,BUS2023S,Organisational Behaviour,18,6,core,,,,,False,68
2025,COM,CB024BUS08,3,1,1,BUS3003F,BUS3003F,Research Design in Organisational Psychology,18,7,core,,,,,False,68
2025,COM,CB024BUS08,3,1,2,BUS3004S,BUS3004S,Research Data Analysis in Organisational Psychology,18,7,core,,,,,False,68
2025,COM,CB024BUS08,3,1,3,PSY2013F,PSY2013F,Social and Developmental Psychology,24,6,core,,,,,False,69
2025,COM,CB024BUS08,3,1,4,BUS2033F,BUS2033F,Professional Communication,18,6,core,,,,,False,69
2025,COM,CB024BUS08,3,1,5,PHI2043F/S,PHI2043F,Business Ethics,18,6,core,,,,,False,69
2025,COM,CB024BUS08,3,1,6,STA2020F/S,STA2020F,Applied Statistics,24,6,core,,,,,False,69
2025,COM,CB024BUS08,3,1,7,BUS3038S,BUS3038S,Introduction to Project Management,18,7,core,,,,,False,69
2025,COM,CB024BUS08,3,1,8,,,An approved 3000 level course,18,7,elective,,,,,False,69
2025,COM,CB024BUS08,3,1,9,PSY2014S,PSY2014S,Cognitive Neuroscience and Abnormal Psychology,24,6,core,,,,,False,69
2025,COM,CB024BUS08,4,1,1,BUS4006W,BUS4006W,Organisational Psychology Change Management-Coursework,60,8,core,,,,,False,69
2025,COM,CB024BUS08,4,1,2,BUS4050H,BUS4050H,Strategic Thinking,18,8,core,,,,,False,69
2025,COM,CB024BUS08,4,1,3,BUS4030H,BUS4030H,Organisational Psychology Change Management-Research Report,60,8,core,,,,,False,69
2025,COM,CB018BUS01,1,1,1,ACC1106F,ACC1106F,Financial Accounting,18,5,core,,,,,False,69
2025,COM,CB018BUS01,1,1,2,DOC1103H,DOC1103H,Skills for Commerce,2,5,core,,,,,False,69
2025,COM,CB018BUS01,1,1,3,CSC1010H,CSC1010H,Computer Science 1010,18,5,core,,,,,False,69
2025,COM,CB018BUS01,1,1,4,ECO1110F,ECO1110F,Microeconomics,18,5,core,,,,,False,69
2025,COM,CB018BUS01,1,1,5,MAM1005H,MAM1005H,Mathematics 1005,18,5,core,,,,,False,69
2025,COM,CB018BUS01,1,1,6,ACC1111S,ACC1111S,Financial Reporting I,18,5,core,,,,,False,69
2025,COM,CB018BUS01,1,1,7,ECO1011S,ECO1011S,Macroeconomics,18,5,core,,,,,False,69
2025,COM,CB018BUS01,2,1,1,BUS1036S,BUS1036S,Evidence-based Management,18,5,core,,,,,False,69
2025,COM,CB018BUS01,2,1,2,ECO2003F,ECO2003F,Microeconomics II,18,6,core,,,,,False,69
2025,COM,CB018BUS01,2,1,3,BUS1003H,BUS1003H,Introduction to Financial Risk,18,5,core,,,,,False,69
2025,COM,CB018BUS01,2,1,4,MAM1006H,MAM1006H,Mathematics 1006,18,5,core,,,,,False,69
2025,COM,CB018BUS01,2,1,5,ECO2004S,ECO2004S,Macroeconomics II,18,6,core,,,,,False,69
2025,COM,CB018BUS01,2,1,6,STA1106H,STA1106H,Mathematical Statistics I,18,5,core,,,,,False,69
2025,COM,CB018BUS01,3,1,1,CML1001F,CML1001F,Business Law I,18,5,core,,,,,False,69
2025,COM,CB018BUS01,3,1,2,STA2004F,STA2004F,Statistical Theory & Inference,24,6,core,,,,,False,69
2025,COM,CB018BUS01,3,1,3,MAM2010F,MAM2010F,Advanced Calculus (2AC)*,12,6,core,,,,,False,70
2025,COM,CB018BUS01,3,1,4,MAM2011F,MAM2011F,Linear Algebra (2LA)*,12,6,core,,,,,False,70
2025,COM,CB018BUS01,3,1,5,MAM2012S,MAM2012S,Differential Equations (2DE),12,6,core,,,,,False,70
2025,COM,CB018BUS01,3,1,6,MAM2014S,MAM2014S,Real Analysis (2RA),12,6,core,,,,,False,70
2025,COM,CB018BUS01,3,1,7,BUS2016H,BUS2016H,Actuarial Science I: Financial Mathematics,18,6,core,,,,,False,70
2025,COM,CB018BUS01,3,1,8,FTX2024S,FTX2024S,Financial Management,18,6,core,,,,,False,70
2025,COM,CB018BUS01,3,1,9,STA2005S,STA2005S,Linear Models,24,6,core,,,,,False,70
2025,COM,CB018BUS01,4,1,1,BUS3018F,BUS3018F,Actuarial Science II: Models,18,7,core,,,,,False,70
2025,COM,CB018BUS01,4,1,2,BUS3039F,BUS3039F,People Management,18,7,core,,,,,False,70
2025,COM,CB018BUS01,4,1,3,STA3041F,STA3041F,Stochastic Processes & Time Series,36,7,core,,,,,False,70
2025,COM,CB018BUS01,4,1,4,STA3045F,STA3045F,Stochastic Processes and Distribution,36,7,core,,,,,False,70
2025,COM,CB018BUS01,4,1,5,BUS3024S,BUS3024S,Actuarial Science II: Contingencies,18,7,core,,,,,False,70
2025,COM,CB018BUS01,4,1,6,PHI2043S,PHI2043S,Business Ethics,18,6,core,,,,,False,70
2025,COM,CB018BUS01,4,1,7,STA3047S,STA3047S,Introduction to Machine Learning,6,7,core,,,,,False,70
2025,COM,CB018BUS01,4,1,8,STA3048S,STA3048S,Statistical Modelling and Bayesian Analysis,30,7,core,,,,,False,70
2025,COM,CB018BUS01,5,1,1,BUS4028F,BUS4028F,Actuarial Science III: Financial Economics,21,8,core,,,,,False,70
2025,COM,CB018BUS01,5,1,2,BUS4027W,BUS4027W,Actuarial Science III: Actuarial Risk Management,54,8,core,,,,,False,70
2025,COM,CB018BUS01,5,1,3,BUS4050H,BUS4050H,Strategic Thinking,18,8,core,,,,,False,70
2025,COM,CB018BUS01,5,1,4,BUS4029H,BUS4029H,Actuarial Research Project,36,8,core,,,,,False,70
2025,COM,CB018BUS01,5,1,5,BUS4034S,BUS4034S,Professional Communication (Actuarial Science),27,8,core,,,,,False,70
2025,COM,CB018BUS09,1,1,1,ACC1106F,ACC1106F,Financial Accounting,18,5,core,,,,,False,70
2025,COM,CB018BUS09,1,1,2,DOC1103H,DOC1103H,Skills for Commerce,2,5,core,,,,,False,70
2025,COM,CB018BUS09,1,1,3,ECO1110F,ECO1110F,Microeconomics,18,5,core,,,,,False,70
2025,COM,CB018BUS09,1,1,4,CSC1010H,CSC1010H,Computer Science 1010,18,5,core,,,,,False,70
2025,COM,CB018BUS09,1,1,5,MAM1005H,MAM1005H,Mathematics 1005,18,5,core,,,,,False,70
2025,COM,CB018BUS09,1,1,6,ACC1111S,ACC1111S,Financial Reporting I,18,5,core,,,,,False,70
2025,COM,CB018BUS09,1,1,7,ECO1011S,ECO1011S,Macroeconomics,18,5,core,,,,,False,70
2025,COM,CB018BUS09,2,1,1,BUS1036S,BUS1036S,Evidence-based Management,18,5,core,,,,,False,70
2025,COM,CB018BUS09,2,1,2,ECO2003F,ECO2003F,Microeconomics II,18,6,core,,,,,False,70
2025,COM,CB018BUS09,2,1,3,BUS1003H,BUS1003H,Introduction to Financial Risk,18,5,core,,,,,False,70
2025,COM,CB018BUS09,2,1,4,MAM1006H,MAM1006H,Mathematics 1006,18,5,core,,,,,False,70
2025,COM,CB018BUS09,2,1,5,ECO2004S,ECO2004S,Macroeconomics II,18,6,core,,,,,False,70
2025,COM,CB018BUS09,2,1,6,STA1106H,STA1106H,Mathematical Statistics I,18,5,core,,,,,False,71
2025,COM,CB018BUS09,3,1,1,CML1001F,CML1001F,Business Law I,18,5,core,,,,,False,71
2025,COM,CB018BUS09,3,1,2,STA2004F,STA2004F,Statistical Theory & Inference,24,6,core,,,,,False,71
2025,COM,CB018BUS09,3,1,3,MAM2010F,MAM2010F,Advanced Calculus (2AC)*,12,6,core,,,,,False,71
2025,COM,CB018BUS09,3,1,4,MAM2011F,MAM2011F,Linear Algebra (2LA)*,12,6,core,,,,,False,71
2025,COM,CB018BUS09,3,1,5,MAM2012S,MAM2012S,Differential Equations (2DE),12,6,core,,,,,False,71
2025,COM,CB018BUS09,3,1,6,MAM2014S,MAM2014S,Real Analysis (2RA),12,6,core,,,,,False,71
2025,COM,CB018BUS09,3,1,7,BUS2016H,BUS2016H,Actuarial Science I: Financial Mathematics,18,6,core,,,,,False,71
2025,COM,CB018BUS09,3,1,8,FTX2024S,FTX2024S,Financial Management,18,6,core,,,,,False,71
2025,COM,CB018BUS09,3,1,9,STA2005S,STA2005S,Linear Models,24,6,core,,,,,False,71
2025,COM,CB018BUS09,4,1,1,BUS3039F,BUS3039F,People Management,18,7,core,,,,,False,71
2025,COM,CB018BUS09,4,1,2,FTX3044F,FTX3044F,Investment Management A,18,7,core,,,,,False,71
2025,COM,CB018BUS09,4,1,3,STA3041F,STA3041F,Stochastic Processes & Time Series,36,7,core,,,,,False,71
2025,COM,CB018BUS09,4,1,4,STA3045F,STA3045F,Stochastic Processes and Distribution,36,7,core,,,,,False,71
2025,COM,CB018BUS09,4,1,5,BUS2033S,BUS2033S,Professional Communication,18,6,core,,,,,False,71
2025,COM,CB018BUS09,4,1,6,FTX3045S,FTX3045S,Investment Management B,18,7,core,,,,,False,71
2025,COM,CB018BUS09,4,1,7,PHI2043S,PHI2043S,Business Ethics,18,6,core,,,,,False,71
2025,COM,CB018BUS09,4,1,8,STA3047S,STA3047S,Introduction to Machine Learning,6,7,core,,,,,False,71
2025,COM,CB018BUS09,4,1,9,STA3048S,STA3048S,Statistical Modelling and Bayesian Analysis,30,7,core,,,,,False,71
2025,COM,CB018BUS09,5,1,1,BUS4028F,BUS4028F,Actuarial Science III: Financial Economics,21,8,core,,,,,False,71
2025,COM,CB018BUS09,5,1,2,FTX4086F,FTX4086F,Alternative Investments,18,8,core,,,,,False,71
2025,COM,CB018BUS09,5,1,3,BUS4050H,BUS4050H,Strategic Thinking,18,8,core,,,,,False,71
2025,COM,CB018BUS09,5,1,4,BUS4053H,BUS4053H,Quantitative Finance Project,36,8,core,,,,,False,71
2025,COM,CB018BUS09,5,1,5,BUS4087S,BUS4087S,Quantitative Finance Selected Topics,18,8,core,,,,,False,71
2025,COM,CB018BUS09,5,1,6,FTX4056S,FTX4056S,Applied Investments,18,8,core,,,,,False,71
2025,COM,CB015STA13,1,1,1,ACC1021F,ACC1021F,Accounting for Business I,15,5,core,,,,,False,72
2025,COM,CB015STA13,1,1,2,ACC1022Z,ACC1022Z,Accounting for Business II,9,5,core,,,,,False,72
2025,COM,CB015STA13,1,1,3,BUS1036S,BUS1036S,Evidenced-based Management,18,5,core,,,,,False,72
2025,COM,CB015STA13,1,1,4,DOC1103H,DOC1103H,Skills for Commerce,2,5,core,,,,,False,72
2025,COM,CB015STA13,1,1,5,CML1001F,CML1001F,Business Law,18,5,core,,,,,False,72
2025,COM,CB015STA13,1,1,6,ECO1110F,ECO1110F,Microeconomics,18,5,core,,,,,False,72
2025,COM,CB015STA13,1,1,7,CSC1010H,CSC1010H,Computer Science 1010,18,5,core,,,,,False,72
2025,COM,CB015STA13,1,1,8,MAM1005H,MAM1005H,Mathematics 1005,18,5,core,,,,,False,72
2025,COM,CB015STA13,1,1,9,ECO1011S,ECO1011S,Macroeconomics,18,5,core,,,,,False,72
2025,COM,CB015STA13,2,1,1,BUS2010F,BUS2010F,Marketing I,18,6,core,,,,,False,72
2025,COM,CB015STA13,2,1,2,CSC1011H,CSC1011H,Computer Science 1011,18,5,core,,,,,False,72
2025,COM,CB015STA13,2,1,3,MAM1006H,MAM1006H,Mathematics 1006,18,5,core,,,,,False,72
2025,COM,CB015STA13,2,1,4,STA1106H,STA1106H,Mathematical Statistics I*,18,5,option,Y2G1,1,1,,False,72
2025,COM,CB015STA13,2,1,5,STA1100S,STA1100S,Introductory Statistics,18,5,option,Y2G1,2,1,,False,72
2025,COM,CB015STA13,3,1,1,ECO2003F,ECO2003F,Microeconomics II,18,6,core,,,,,False,72
2025,COM,CB015STA13,3,1,2,FTX2020F,FTX2020F,Business Finance,18,6,option,Y3G1,1,1,,False,72
2025,COM,CB015STA13,3,1,3,FTX2024S,FTX2024S,Financial Management,18,6,option,Y3G1,2,1,,False,72
2025,COM,CB015STA13,3,1,4,MAM2010F,MAM2010F,Advanced Calculus (2AC)**,12,6,core,,,,,False,72
2025,COM,CB015STA13,3,1,5,MAM2011F,MAM2011F,Linear Algebra (2LA)**,12,6,core,,,,,False,72
2025,COM,CB015STA13,3,1,6,MAM2012S,MAM2012S,Differential Equations (2DE),12,6,core,,,,,False,72
2025,COM,CB015STA13,3,1,7,MAM2014S,MAM2014S,Real Analysis (2RA),12,6,core,,,,,False,72
2025,COM,CB015STA13,3,1,8,PHI2043S,PHI2043S,Business Ethics,18,6,core,,,,,False,72
2025,COM,CB015STA13,3,1,9,ECO2004S,ECO2004S,Macroeconomics II,18,6,core,,,,,False,72
2025,COM,CB015STA13,3,1,10,STA2004F,STA2004F,Statistical Theory and Inference,24,6,option,Y3G2,1,1,Mathematical Statistics Option,False,72
2025,COM,CB015STA13,3,1,11,STA2005S,STA2005S,Linear Models,24,6,option,Y3G2,1,1,Mathematical Statistics Option,False,72
2025,COM,CB015STA13,3,1,12,STA2020F/S,STA2020F,Business Statistics,24,6,option,Y3G2,2,1,Mathematical Statistics Option,False,72
2025,COM,CB015STA13,3,1,13,STA2030S,STA2030S,Theory of Statistics,24,6,option,Y3G2,2,1,Mathematical Statistics Option,False,72
2025,COM,CB015STA13,4,1,1,BUS2033S,BUS2033S,Professional Communication,18,6,core,,,,,False,72
2025,COM,CB015STA13,4,1,2,BUS3039F,BUS3039F,People Management,18,7,core,,,,,False,72
2025,COM,CB015STA13,4,1,3,CSC2001F,CSC2001F,Computer Science 2001,24,6,core,,,,,False,72
2025,COM,CB015STA13,4,1,4,CSC2002S,CSC2002S,Computer Science 2002,24,6,option,Y4G1,1,1,,False,72
2025,COM,CB015STA13,4,1,5,ECO3021S,ECO3021S,Quantitative Methods in Economics,18,7,option,Y4G1,2,1,,False,72
2025,COM,CB015STA13,4,1,6,INF2006F,INF2006F,Business Intelligence & Analytics,6,6,option,Y4G1,3,1,,False,73
2025,COM,CB015STA13,4,1,7,INF2007F,INF2007F,Applying Database Principles,12,6,option,Y4G1,3,1,,False,73
2025,COM,CB015STA13,4,1,8,ECO3021S,ECO3021S,Quantitative Methods in Economics,18,7,option,Y4G1,3,1,,False,73
2025,COM,CB015STA13,4,1,9,STA3022F,STA3022F,Research and Survey Statistics,36,7,option,Y4G2,1,1,,False,73
2025,COM,CB015STA13,4,1,10,STA3045F,STA3045F,Stochastic Processes and Distribution,36,7,option,Y4G2,2,1,,False,73
2025,COM,CB015STA13,4,1,11,STA3041F,STA3041F,Stochastic Processes & Time Series,36,7,core,,,,,False,73
2025,COM,CB015STA13,4,1,12,STA3043S,STA3043S,"Statistical Modelling, Machine Learning & Bayesian Analysis",36,7,option,Y4G3,1,1,,False,73
2025,COM,CB015STA13,4,1,13,STA3030F,STA3030F,Statistical Inference & Modelling,36,7,option,Y4G3,2,1,,False,73
2025,COM,CB015STA13,4,1,14,STA3036S,STA3036S,Operational Research Techniques,36,7,core,,,,,False,73
2025,COM,CB015STA13,5,1,1,BUS4050H,BUS4050H,Strategic Thinking,18,8,core,,,,,False,73
2025,COM,CB015STA13,5,1,2,STA4010W,STA4010W,Topics in Statistics & Operations Research***,142,8,core,,,,,False,73
2025,COM,CB015FTX05,1,1,1,DOC1103H,DOC1103H,Skills for Commerce,2,5,core,,,,,False,73
2025,COM,CB015FTX05,1,1,2,ECO1110F,ECO1110F,Microeconomics,18,5,core,,,,,False,73
2025,COM,CB015FTX05,1,1,3,MAM1110H,MAM1110H,Mathematics 1010,18,5,core,,,,,False,73
2025,COM,CB015FTX05,1,1,4,INF1102F,INF1102F,Foundations of Information Systems,18,5,core,,,,,False,73
2025,COM,CB015FTX05,1,1,5,ACC1021F,ACC1021F,Accounting for Business I,15,5,core,,,,,False,73
2025,COM,CB015FTX05,1,1,6,ACC1022Z,ACC1022Z,Accounting for Business II,9,5,core,,,,,False,73
2025,COM,CB015FTX05,1,1,7,BUS1036S,BUS1036S,Evidence-based Management,18,5,core,,,,,False,73
2025,COM,CB015FTX05,1,1,8,ECO1011S,ECO1011S,Macroeconomics,18,5,core,,,,,False,73
2025,COM,CB015FTX05,2,1,1,ECO2003F,ECO2003F,Microeconomics II,18,6,core,,,,,False,74
2025,COM,CB015FTX05,2,1,2,STA1000F,STA1000F,Introductory Statistics,18,5,core,,,,,False,74
2025,COM,CB015FTX05,2,1,3,CML1001F,CML1001F,Business Law I,18,5,core,,,,,False,74
2025,COM,CB015FTX05,2,1,4,ECO2004S,ECO2004S,Macroeconomics II,18,6,core,,,,,False,74
2025,COM,CB015FTX05,2,1,5,ECO2007S,ECO2007S,Co-operation and Competition,18,6,core,,,,,False,74
2025,COM,CB015FTX05,2,1,6,ACC2022H,ACC2022H,Management Accounting I,18,6,core,,,,,False,74
2025,COM,CB015FTX05,2,1,7,MAM1112S,MAM1112S,Mathematics 1012,18,5,core,,,,,False,74
2025,COM,CB015FTX05,3,1,1,BUS2010F,BUS2010F,Marketing I,18,6,core,,,,,False,74
2025,COM,CB015FTX05,3,1,2,,,An approved ECO 3000 level course,18,7,elective,,,,,False,74
2025,COM,CB015FTX05,3,1,3,FTX2024S,FTX2024S,Financial Management,18,6,core,,,,,False,74
2025,COM,CB015FTX05,3,1,4,PHI2043F/S,PHI2043F,Business Ethics,18,6,core,,,,,False,74
2025,COM,CB015FTX05,3,1,5,STA2020F/S,STA2020F,Applied Statistics,24,6,core,,,,,False,74
2025,COM,CB015FTX05,4,1,1,BUS2033F,BUS2033F,Professional Communication,18,7,core,,,,,False,74
2025,COM,CB015FTX05,4,1,2,ECO3020F,ECO3020F,Advanced Macro & Microeconomics,18,7,core,,,,,False,74
2025,COM,CB015FTX05,4,1,3,FTX3044F,FTX3044F,Investment Management A,18,7,core,,,,,False,74
2025,COM,CB015FTX05,4,1,4,STA3022F,STA3022F,Research and Survey Statistics,36,7,core,,,,,False,74
2025,COM,CB015FTX05,4,1,5,BUS3039S,BUS3039S,People Management,18,7,core,,,,,False,74
2025,COM,CB015FTX05,4,1,6,ECO3021S,ECO3021S,Quantitative methods in Economics,18,7,core,,,,,False,74
2025,COM,CB015FTX05,4,1,7,FTX3045S,FTX3045S,Investment Management B,18,7,core,,,,,False,74
2025,COM,CB015FTX05,5,1,1,FTX4057F,FTX4057F,Applied Corporate finance,18,8,core,,,,,False,74
2025,COM,CB015FTX05,5,1,2,FTX4086F,FTX4086F,Alternative Investments,18,8,core,,,,,False,74
2025,COM,CB015FTX05,5,1,3,BUS4050H,BUS4050H,Strategic Thinking,18,8,core,,,,,False,74
2025,COM,CB015FTX05,5,1,4,FTX4051H,FTX4051H,Finance Research Project,36,8,core,,,,,False,74
2025,COM,CB015FTX05,5,1,5,FTX4056S,FTX4056S,Applied Investments,18,8,core,,,,,False,74
2025,COM,CB015FTX05,5,1,6,FTX4087S,FTX4087S,Topics in Banking and Treasury Management,18,8,core,,,,,False,74
2025,COM,CB015FTX04,1,1,1,ACC1015S,ACC1015S,Business Acumen for Accountant,15,5,core,,,,,False,74
2025,COM,CB015FTX04,1,1,2,ACC1106F,ACC1106F,Financial Accounting,18,5,core,,,,,False,74
2025,COM,CB015FTX04,1,1,3,CML1001F,CML1001F,Business Law I,18,5,core,,,,,False,74
2025,COM,CB015FTX04,1,1,4,DOC1103H,DOC1103H,Skills for Commerce,2,5,core,,,,,False,74
2025,COM,CB015FTX04,1,1,5,ACC1111S,ACC1111S,Financial Reporting I,18,5,core,,,,,False,74
2025,COM,CB015FTX04,1,1,6,ECO1110S,ECO1110S,Microeconomics,18,5,core,,,,,False,74
2025,COM,CB015FTX04,1,1,7,MAM1110H,MAM1110H,Mathematics 1010,18,5,core,,,,,False,75
2025,COM,CB015FTX04,1,1,8,INF1102F,INF1102F,Foundations of Information Systems,18,5,core,,,,,False,75
2025,COM,CB015FTX04,2,1,1,BUS2010F/S,BUS2010F,Marketing I,18,6,core,,,,,False,75
2025,COM,CB015FTX04,2,1,2,ECO2003F,ECO2003F,Microeconomics II,18,6,core,,,,,False,75
2025,COM,CB015FTX04,2,1,3,ECO1011F,ECO1011F,Macroeconomics,18,5,core,,,,,False,75
2025,COM,CB015FTX04,2,1,4,STA1000F,STA1000F,Introductory Statistics,18,5,core,,,,,False,75
2025,COM,CB015FTX04,2,1,5,CML2010Z,CML2010Z,Business Law II,12,6,core,,,,,False,75
2025,COM,CB015FTX04,2,1,6,PHI2043S,PHI2043S,Business Ethics,18,6,core,,,,,False,75
2025,COM,CB015FTX04,2,1,7,ECO2004S,ECO2004S,Macroeconomics II,18,6,core,,,,,False,75
2025,COM,CB015FTX04,2,1,8,MAM1112S,MAM1112S,Mathematics 1012,18,5,core,,,,,False,75
2025,COM,CB015FTX04,3,1,1,INF2004F,INF2004F,Information Technology in Business,18,6,core,,,,,False,75
2025,COM,CB015FTX04,3,1,2,STA2020S,STA2020S,Applied Statistics,24,6,core,,,,,False,75
2025,COM,CB015FTX04,3,1,3,ACC2012W,ACC2012W,Financial Reporting II,36,6,core,,,,,False,75
2025,COM,CB015FTX04,3,1,4,ACC2018H,ACC2018H,"Governance, Audit and Assurance I",18,6,core,,,,,False,75
2025,COM,CB015FTX04,3,1,5,ACC2022H,ACC2022H,Management Accounting I,18,6,core,,,,,False,75
2025,COM,CB015FTX04,3,1,6,ACC2023H,ACC2023H,Taxation I,18,6,core,,,,,False,75
2025,COM,CB015FTX04,3,1,7,FTX2024S,FTX2024S,Financial Management,18,6,core,,,,,False,75
2025,COM,CB015FTX04,4,1,1,BUS3039S,BUS3039S,People Management,18,7,core,,,,,False,75
2025,COM,CB015FTX04,4,1,2,CML2001F,CML2001F,Company Law,18,6,core,,,,,False,75
2025,COM,CB015FTX04,4,1,3,FTX3044F,FTX3044F,Investment Management A,18,7,core,,,,,False,75
2025,COM,CB015FTX04,4,1,4,ACC3020W,ACC3020W,Financial Reporting & Analysis,36,7,core,,,,,False,75
2025,COM,CB015FTX04,4,1,5,ACC3022W,ACC3022W,"Governance, Audit and Assurance II",26,7,core,,,,,False,75
2025,COM,CB015FTX04,4,1,6,ACC3023W,ACC3023W,Management Accounting II,26,7,core,,,,,False,75
2025,COM,CB015FTX04,4,1,7,FTX3045S,FTX3045S,Investment Management B,18,7,core,,,,,False,75
2025,COM,CB015FTX04,5,1,1,FTX4057F,FTX4057F,Applied Corporate Finance,18,8,core,,,,,False,75
2025,COM,CB015FTX04,5,1,2,ACC3009W,ACC3009W,Financial Reporting III,36,7,core,,,,,False,75
2025,COM,CB015FTX04,5,1,3,BUS4050H,BUS4050H,Strategic Thinking,18,8,core,,,,,False,75
2025,COM,CB015FTX04,5,1,4,ACC3004W,ACC3004W,Taxation II,32,7,core,,,,,False,75
2025,COM,CB015FTX04,5,1,5,FTX4056S,FTX4056S,Applied Investments,18,8,core,,,,,False,75
2025,COM,CB015FTX04,5,1,6,FTX4087S,FTX4087S,Topics in Banking and Treasury Management,18,8,core,,,,,False,75
2025,COM,CB015CSC05,1,1,1,BUS1036F,BUS1036F,Evidence-based Management,18,5,core,,,,,False,76
2025,COM,CB015CSC05,1,1,2,DOC1103H,DOC1103H,Skills for Commerce,2,5,core,,,,,False,76
2025,COM,CB015CSC05,1,1,3,CSC1010H,CSC1010H,Computer Science 1010,18,5,core,,,,,False,76
2025,COM,CB015CSC05,1,1,4,ECO1110F,ECO1110F,Microeconomics,18,5,core,,,,,False,76
2025,COM,CB015CSC05,1,1,5,MAM1004F,MAM1004F,Mathematics 1004,18,5,option,Y1G1,1,1,,False,76
2025,COM,CB015CSC05,1,1,6,MAM1005H,MAM1005H,Mathematics 1005,18,5,option,Y1G1,2,1,,False,76
2025,COM,CB015CSC05,1,1,7,CML1004S,CML1004S,Business Law,18,5,core,,,,,False,76
2025,COM,CB015CSC05,1,1,8,ECO1011S,ECO1011S,Macroeconomics,18,5,core,,,,,False,76
2025,COM,CB015CSC05,2,1,1,BUS2010F,BUS2010F,Marketing I,18,6,core,,,,,False,76
2025,COM,CB015CSC05,2,1,2,CSC1011H,CSC1011H,Computer Science 1011,18,5,core,,,,,False,76
2025,COM,CB015CSC05,2,1,3,ACC1021F,ACC1021F,Accounting for Business I,15,5,core,,,,,False,76
2025,COM,CB015CSC05,2,1,4,ACC1022Z,ACC1022Z,Accounting for Business II,9,5,core,,,,,False,76
2025,COM,CB015CSC05,2,1,5,MAM1008S,MAM1008S,Introduction to Discrete Mathematics,18,5,core,,,,,False,76
2025,COM,CB015CSC05,2,1,6,PHI2043S,PHI2043S,Business Ethics,18,6,core,,,,,False,76
2025,COM,CB015CSC05,2,1,7,STA1100S,STA1100S,Introductory Statistics,18,5,core,,,,,False,76
2025,COM,CB015CSC05,3,1,1,INF2009F,INF2009F,Systems Analysis,18,6,core,,,,,False,76
2025,COM,CB015CSC05,3,1,2,CSC2001F,CSC2001F,Computer Science 2001,24,6,core,,,,,False,76
2025,COM,CB015CSC05,3,1,3,FTX2020F,FTX2020F,Business Finance,18,6,core,,,,,False,76
2025,COM,CB015CSC05,3,1,4,STA2020S,STA2020S,Applied Statistics,24,6,core,,,,,False,76
2025,COM,CB015CSC05,3,1,5,CSC2002S,CSC2002S,Computer Science 2002,24,6,core,,,,,False,76
2025,COM,CB015CSC05,3,1,6,CSC2004Z,CSC2004Z,Programming Assessment,0,6,core,,,,,False,76
2025,COM,CB015CSC05,3,1,7,INF2011S,INF2011S,System design & development,18,7,core,,,,,False,76
2025,COM,CB015CSC05,4,1,1,BUS3039F,BUS3039F,People Management,18,7,core,,,,,False,76
2025,COM,CB015CSC05,4,1,2,CSC3002F,CSC3002F,Computer Science 3002,36,7,core,,,,,False,76
2025,COM,CB015CSC05,4,1,3,BUS3038S,BUS3038S,Introduction to Project Management,18,7,core,,,,,False,76
2025,COM,CB015CSC05,4,1,4,CSC3003S,CSC3003S,Computer Science 3003,36,7,core,,,,,False,76
2025,COM,CB015CSC05,5,1,1,BUS4050H,BUS4050H,Strategic Thinking,18,8,core,,,,,False,77
2025,COM,CB015CSC05,5,1,2,CSC4019Z,CSC4019Z,Research and Innovation,16,8,core,,,,,False,77
2025,COM,CB015CSC05,5,1,3,CSC4020Z,CSC4020Z,Functional Programming,12,8,core,,,,,False,77
2025,COM,CB015CSC05,5,1,4,CSC4021Z,CSC4021Z,Compilers 1,12,8,core,,,,,False,77
2025,COM,CB015CSC05,5,1,5,CSC4002W,CSC4002W,Computer Science Honours Project,60,8,core,,,,,False,77
2025,COM,CB015CSC05,5,1,6,CSC4007Z,CSC4007Z,Selected Honours module in Computer Science,12,8,core,,,,,False,77
2025,COM,CB015CSC05,5,1,7,CSC4010Z,CSC4010Z,Advanced Topics in Computer Science Honours 2,12,8,core,,,,,False,77
2025,COM,CB015CSC05,5,1,8,CSC4023Z,CSC4023Z,Big Data Management and Analysis,12,8,core,,,,,False,77
2025,COM,CB015CSC05,5,1,9,CSC4024Z,CSC4024Z,Human Computer Interaction,12,8,core,,,,,False,77
2025,COM,CB015CSC05,5,1,10,CSC4025Z,CSC4025Z,Artificial Intelligence,12,8,core,,,,,False,77
2025,COM,CB015CSC05,5,1,11,CSC4026Z,CSC4026Z,Network and Internetwork Security,12,8,core,,,,,False,77
2025,COM,CB015CSC05,5,1,12,CSC4027Z,CSC4027Z,Computer Game Design,12,8,core,,,,,False,77
2025,COM,CB015CSC05,5,1,13,CSC4028Z,CSC4028Z,High Performance Computing,12,8,core,,,,,False,77
2025,COM,CB015CSC05,5,1,14,CSC4029Z,CSC4029Z,Introduction to Computer Graphics,12,8,core,,,,,False,77
2025,COM,CB015CSC05,5,1,15,STA4026S,STA4026S,Analytics,18,8,core,,,,,False,77
2025,COM,CB015INF01,1,1,1,DOC1103H,DOC1103H,Skills for Commerce,2,5,core,,,,,False,77
2025,COM,CB015INF01,1,1,2,INF1102F/S,INF1102F,Foundations of Information Systems,18,5,option,Y1G1,1,1,,False,77
2025,COM,CB015INF01,1,1,3,CSC1010H,CSC1010H,Computer Science 1010*,18,5,option,Y1G1,2,1,,False,77
2025,COM,CB015INF01,1,1,4,ECO1110F,ECO1110F,Microeconomics,18,5,core,,,,,False,77
2025,COM,CB015INF01,1,1,5,MAM1110H,MAM1110H,Mathematics 1010,18,5,core,,,,,False,77
2025,COM,CB015INF01,1,1,6,BUS1036F/S,BUS1036F,Evidence-based Management,18,5,core,,,,,False,77
2025,COM,CB015INF01,1,1,7,ECO1011S,ECO1011S,Macroeconomics,18,5,option,Y2G1,1,1,,False,77
2025,COM,CB015INF01,2,1,1,CML1001F,CML1001F,Business Law I,18,5,option,Y2G1,2,1,,False,77
2025,COM,CB015INF01,2,1,2,INF1003F,INF1003F,Commercial Programming*,18,5,core,,,,,False,77
2025,COM,CB015INF01,2,1,3,STA1000F,STA1000F,Introductory Statistics,18,5,core,,,,,False,77
2025,COM,CB015INF01,2,1,4,ACC1021F,ACC1021F,Accounting for Business I,15,5,core,,,,,False,77
2025,COM,CB015INF01,2,1,5,ACC1022Z,ACC1022Z,Accounting for Business II,9,5,core,,,,,False,78
2025,COM,CB015INF01,2,1,6,BUS2010S,BUS2010S,Marketing I,18,6,core,,,,,False,78
2025,COM,CB015INF01,2,1,7,MAM1112S,MAM1112S,Mathematics 1012,18,5,core,,,,,False,78
2025,COM,CB015INF01,3,1,1,INF2006F,INF2006F,Business Intelligence and Analytics,6,6,core,,,,,False,78
2025,COM,CB015INF01,3,1,2,INF2007F,INF2007F,Applying Database Principles,12,6,core,,,,,False,78
2025,COM,CB015INF01,3,1,3,INF2009F,INF2009F,Systems Analysis,18,6,core,,,,,False,78
2025,COM,CB015INF01,3,1,4,STA2020F/S,STA2020F,Business Statistics,24,6,core,,,,,False,78
2025,COM,CB015INF01,3,1,5,INF2010S,INF2010S,IT Architecture,18,7,core,,,,,False,78
2025,COM,CB015INF01,3,1,6,INF2011S,INF2011S,Systems Design & Development,18,7,core,,,,,False,78
2025,COM,CB015INF01,3,1,7,PHI2043S,PHI2043S,Business Ethics,18,6,core,,,,,False,78
2025,COM,CB015INF01,4,1,1,INF3014F,INF3014F,Electronic Commerce,18,7,core,,,,,False,78
2025,COM,CB015INF01,4,1,2,FTX2020F,FTX2020F,Business Finance,18,6,option,Y4G1,1,1,,False,78
2025,COM,CB015INF01,4,1,3,INF3003W,INF3003W,Systems Development Project I,48,7,option,Y4G1,2,1,,False,78
2025,COM,CB015INF01,4,1,4,BUS3039S,BUS3039S,People Management,18,7,core,,,,,False,78
2025,COM,CB015INF01,4,1,5,INF3012S,INF3012S,BPM & Enterprise Systems,18,7,core,,,,,False,78
2025,COM,CB015INF01,4,1,6,BUS2033F,BUS2033F,Professional Communication,18,6,core,,,,,False,78
2025,COM,CB015INF01,5,1,1,INF4026F,INF4026F,Application and Technical Development,20,8,core,,,,,False,78
2025,COM,CB015INF01,5,1,2,BUS4050H,BUS4050H,Strategic Thinking,18,8,core,,,,,False,78
2025,COM,CB015INF01,5,1,3,INF4024W,INF4024W,Information Systems Research Project,60,8,core,,,,,False,78
2025,COM,CB015INF01,5,1,4,INF4027W,INF4027W,System Development Project II,40,8,core,,,,,False,78
2025,COM,CB015INF01,5,1,5,INF4025S,INF4025S,Information Systems Management,20,8,core,,,,,False,78
2025,COM,CB015ECO01,1,1,1,ACC1021F,ACC1021F,Accounting for Business I,15,5,core,,,,,False,79
2025,COM,CB015ECO01,1,1,2,ACC1022Z,ACC1022Z,Accounting for Business II,9,5,core,,,,,False,79
2025,COM,CB015ECO01,1,1,3,DOC1103H,DOC1103H,Skills for Commerce,2,5,core,,,,,False,79
2025,COM,CB015ECO01,1,1,4,ECO1110F,ECO1110F,Microeconomics,18,5,core,,,,,False,79
2025,COM,CB015ECO01,1,1,5,MAM1110H,MAM1110H,Mathematics 1010,18,5,core,,,,,False,79
2025,COM,CB015ECO01,1,1,6,INF1102F,INF1102F,Foundations of Information Systems,18,5,core,,,,,False,79
2025,COM,CB015ECO01,1,1,7,ECO1011S,ECO1011S,Macroeconomics,18,5,core,,,,,False,79
2025,COM,CB015ECO01,1,1,8,CML1004S,CML1004S,Business Law I,18,5,core,,,,,False,79
2025,COM,CB015ECO01,2,1,1,ECO2003F,ECO2003F,Microeconomics II,18,6,core,,,,,False,79
2025,COM,CB015ECO01,2,1,2,STA1000F,STA1000F,Introductory Statistics,18,5,core,,,,,False,79
2025,COM,CB015ECO01,2,1,3,ECO2004S,ECO2004S,Macroeconomics II,18,6,core,,,,,False,79
2025,COM,CB015ECO01,2,1,4,ECO2007S,ECO2007S,Co-operation and Competition,18,6,core,,,,,False,79
2025,COM,CB015ECO01,2,1,5,MAM1112S,MAM1112S,Mathematics 1012,18,5,core,,,,,False,79
2025,COM,CB015ECO01,2,1,6,BUS2010F,BUS2010F,Marketing I,18,6,core,,,,,False,79
2025,COM,CB015ECO01,3,1,1,BUS3039F,BUS3039F,People Management,18,7,core,,,,,False,79
2025,COM,CB015ECO01,3,1,2,FTX2020F,FTX2020F,Business Finance,18,6,option,Y3G1,1,1,,False,79
2025,COM,CB015ECO01,3,1,3,FTX2024F,FTX2024F,Financial Management,18,6,option,Y3G1,2,1,,False,79
2025,COM,CB015ECO01,3,1,4,BUS2033S,BUS2033S,Professional Communication,18,6,core,,,,,False,79
2025,COM,CB015ECO01,3,1,5,STA2020F,STA2020F,Applied Statistics,24,6,core,,,,,False,79
2025,COM,CB015ECO01,3,1,6,PHI2043S,PHI2043S,Business Ethics,18,6,core,,,,,False,79
2025,COM,CB015ECO01,3,1,7,STA2030S,STA2030S,Theory of Statistics,24,6,option,Y3G2,1,1,,False,79
2025,COM,CB015ECO01,3,1,8,STA3022F,STA3022F,Research & Survey Statistics**,36,7,option,Y3G2,2,1,,False,79
2025,COM,CB015ECO01,3,1,9,,,Plus 1 NQF level 7 ECO courses,18,7,elective,,,,,False,79
2025,COM,CB015ECO01,4,1,1,ECO3020F,ECO3020F,Advanced Macro & Microeconomics,18,7,core,,,,,False,79
2025,COM,CB015ECO01,4,1,2,ECO3021S,ECO3021S,Quantitative Methods in Economics,18,7,core,,,,,False,79
2025,COM,CB015ECO01,4,1,3,,,Plus 2 NQF Level 7 courses from:,,7,elective,,,,,False,79
2025,COM,CB015ECO01,4,1,4,FTX3044F,FTX3044F,Investment Management A,18,7,core,,,,,False,79
2025,COM,CB015ECO01,4,1,5,STA3030F,STA3030F,Statistical Inference & Modelling,36,7,core,,,,,False,79
2025,COM,CB015ECO01,4,1,6,FTX3045S,FTX3045S,Investment Management B,18,7,core,,,,,False,79
2025,COM,CB015ECO01,4,1,7,STA3036S,STA3036S,Operational Research Techniques,36,7,core,,,,,False,79
2025,COM,CB015ECO01,4,1,8,,,Plus ECO2008S or 1 NQF level 6 or 7 course ........................ 18+,,6,elective,,,,,False,79
2025,COM,CB015ECO01,5,1,1,BUS4050H,BUS4050H,Strategic Thinking,18,8,core,,,,,False,79
2025,COM,CB015ECO01,5,1,2,ECO4006F,ECO4006F,Macroeconomics,16,8,core,,,,,False,80
2025,COM,CB015ECO01,5,1,3,ECO4007F,ECO4007F,Microeconomics,16,8,core,,,,,False,80
2025,COM,CB015ECO01,5,1,4,ECO4016F,ECO4016F,Econometrics,16,8,core,,,,,False,80
2025,COM,CB015ECO01,5,1,5,ECO4112F,ECO4112F,Mathematics and Statistics for Economists,16,8,core,,,,,False,80
2025,COM,CB015ECO01,5,1,6,ECO4021W,ECO4021W,Research and Writing I (Long Paper),30,8,core,,,,,False,80
2025,COM,CB015ECO01,5,1,7,ECO4013S,ECO4013S,International Finance,14,8,option,Y5G1,1,2,pick 2 from menu,False,80
2025,COM,CB015ECO01,5,1,8,ECO4020S,ECO4020S,Economic Challenges in Africa,14,8,option,Y5G1,2,2,pick 2 from menu,False,80
2025,COM,CB015ECO01,5,1,9,ECO4026S,ECO4026S,The Economy and its Financial Markets,14,8,option,Y5G1,3,2,pick 2 from menu,False,80
2025,COM,CB015ECO01,5,1,10,ECO4027S,ECO4027S,The Analysis of Survey Data,14,8,option,Y5G1,4,2,pick 2 from menu,False,80
2025,COM,CB015ECO01,5,1,11,ECO4028S,ECO4028S,Policy Analysis,14,8,option,Y5G1,5,2,pick 2 from menu,False,80
2025,COM,CB015ECO01,5,1,12,ECO4029S,ECO4029S,Experiments in Economics,14,8,option,Y5G1,6,2,pick 2 from menu,False,80
2025,COM,CB015ECO01,5,1,13,ECO4032S,ECO4032S,"Economics of Industry, Regulation and Firms",14,8,option,Y5G1,7,2,pick 2 from menu,False,80
2025,COM,CB015ECO01,5,1,14,ECO4051S,ECO4051S,Development Economics,14,8,option,Y5G1,8,2,pick 2 from menu,False,80
2025,COM,CB015ECO01,5,1,15,ECO4052S,ECO4052S,Environmental Economics,14,8,option,Y5G1,9,2,pick 2 from menu,False,80
2025,COM,CB015ECO01,5,1,16,ECO4053S,ECO4053S,Financial Economics,14,8,option,Y5G1,10,2,pick 2 from menu,False,80
2025,COM,CB015ECO01,5,1,17,ECO4113S,ECO4113S,Labour Economics,14,8,option,Y5G1,11,2,pick 2 from menu,False,80
2025,COM,CB015ECO01,5,1,18,ECO4114S,ECO4114S,The Economics of Conflict,14,8,option,Y5G1,12,2,pick 2 from menu,False,80
2025,COM,CB015ECO01,5,1,19,ECO4131S,ECO4131S,Digital Economics,14,8,option,Y5G1,13,2,pick 2 from menu,False,80
2025,COM,CB015ECO01,5,1,20,ECO4132S,ECO4132S,"Economics of Inequality: Causes, Consequences and Policy",14,8,option,Y5G1,14,2,pick 2 from menu,False,80
2025,COM,CB015ECO01,5,1,21,ECO4200S,ECO4200S,Time Series Econometrics,14,8,option,Y5G1,15,2,pick 2 from menu,False,80
2025,COM,CB015ECO03,1,1,1,ACC1021F,ACC1021F,Accounting for Business I,15,5,core,,,,,False,80
2025,COM,CB015ECO03,1,1,2,ACC1022Z,ACC1022Z,Accounting for Business II,9,5,core,,,,,False,80
2025,COM,CB015ECO03,1,1,3,INF1102S,INF1102S,Foundations of Information Systems,18,5,core,,,,,False,80
2025,COM,CB015ECO03,1,1,4,DOC1103H,DOC1103H,Skills for Commerce,2,5,core,,,,,False,80
2025,COM,CB015ECO03,1,1,5,ECO1110F,ECO1110F,Microeconomics,18,5,core,,,,,False,80
2025,COM,CB015ECO03,1,1,6,MAM1110H,MAM1110H,Mathematics 1010,18,5,core,,,,,False,80
2025,COM,CB015ECO03,1,1,7,ECO1011S,ECO1011S,Macroeconomics,18,5,core,,,,,False,81
2025,COM,CB015ECO03,2,1,1,ECO2003F,ECO2003F,Microeconomics II,18,6,core,,,,,False,81
2025,COM,CB015ECO03,2,1,2,STA1000F,STA1000F,Introductory Statistics,18,5,core,,,,,False,81
2025,COM,CB015ECO03,2,1,3,ECO2004S,ECO2004S,Macroeconomics II,18,6,core,,,,,False,81
2025,COM,CB015ECO03,2,1,4,ECO2007S,ECO2007S,Co-operation and Competition,18,6,core,,,,,False,81
2025,COM,CB015ECO03,2,1,5,MAM1112S,MAM1112S,Mathematics 1012,18,5,core,,,,,False,81
2025,COM,CB015ECO03,2,1,6,PHI2043F,PHI2043F,Business Ethics,18,6,core,,,,,False,81
2025,COM,CB015ECO03,3,1,1,BUS2010F,BUS2010F,Marketing I,18,6,core,,,,,False,81
2025,COM,CB015ECO03,3,1,2,FTX2020F,FTX2020F,Business Finance,18,6,option,Y3G1,1,1,,False,81
2025,COM,CB015ECO03,3,1,3,FTX2024S,FTX2024S,Financial Management,18,6,option,Y3G1,2,1,,False,81
2025,COM,CB015ECO03,3,1,4,STA2020S,STA2020S,Applied Statistics,24,6,core,,,,,False,81
2025,COM,CB015ECO03,3,1,5,PVL1003W,PVL1003W,Foundations of South African Law*,36,5,core,,,,,False,81
2025,COM,CB015ECO03,3,1,6,PVL1004F,PVL1004F,South African Private Law: System and Context**,18,5,core,,,,,False,81
2025,COM,CB015ECO03,3,1,7,PVL1008H,PVL1008H,Law of Persons and Family**,18,5,core,,,,,False,81
2025,COM,CB015ECO03,4,1,1,BUS3039F,BUS3039F,People Management,18,7,core,,,,,False,81
2025,COM,CB015ECO03,4,1,2,ECO3020F,ECO3020F,Advanced Macro & Microeconomics,18,7,core,,,,,False,81
2025,COM,CB015ECO03,4,1,3,PBL2000W,PBL2000W,Constitutional Law,36,7,core,,,,,False,81
2025,COM,CB015ECO03,4,1,4,PVL2003H,PVL2003H,Law of Succession,18,7,core,,,,,False,81
2025,COM,CB015ECO03,4,1,5,PVL2002H,PVL2002H,Law of Property,18,6,core,,,,,False,81
2025,COM,CB015ECO03,4,1,6,ECO3021S,ECO3021S,Quantitative Methods in Economics,18,7,core,,,,,False,81
2025,COM,CB015ECO03,4,1,7,,,Plus 1 other NQF level 7 ECO course,18,7,elective,,,,,False,81
2025,COM,CB015ECO03,5,1,1,BUS4050H,BUS4050H,Strategic Thinking,18,8,core,,,,,False,81
2025,COM,CB015ECO03,5,1,2,ECO4006F,ECO4006F,Macroeconomics,16,8,core,,,,,False,81
2025,COM,CB015ECO03,5,1,3,ECO4007F,ECO4007F,Microeconomics,16,8,core,,,,,False,81
2025,COM,CB015ECO03,5,1,4,ECO4016F,ECO4016F,Econometrics,16,8,core,,,,,False,81
2025,COM,CB015ECO03,5,1,5,ECO4112F,ECO4112F,Mathematics and Statistics for Economists,16,8,core,,,,,False,81
2025,COM,CB015ECO03,5,1,6,ECO4021W,ECO4021W,Research and Writing I (Long Paper),30,8,core,,,,,False,81
2025,COM,CB015ECO03,5,1,7,ECO4013S,ECO4013S,International Finance,14,8,option,Y5G1,1,2,pick 2 from menu,False,81
2025,COM,CB015ECO03,5,1,8,ECO4020S,ECO4020S,Economic Challenges in Africa,14,8,option,Y5G1,2,2,pick 2 from menu,False,81
2025,COM,CB015ECO03,5,1,9,ECO4026S,ECO4026S,The Economy and its Financial Markets,14,8,option,Y5G1,3,2,pick 2 from menu,False,81
2025,COM,CB015ECO03,5,1,10,ECO4027S,ECO4027S,The Analysis of Survey Data,14,8,option,Y5G1,4,2,pick 2 from menu,False,81
2025,COM,CB015ECO03,5,1,11,ECO4028S,ECO4028S,Policy Analysis,14,8,option,Y5G1,5,2,pick 2 from menu,False,81
2025,COM,CB015ECO03,5,1,12,ECO4029S,ECO4029S,Experiments in Economics,14,8,option,Y5G1,6,2,pick 2 from menu,False,82
2025,COM,CB015ECO03,5,1,13,ECO4032S,ECO4032S,"Economics of Industry, Regulation and Firms",14,8,option,Y5G1,7,2,pick 2 from menu,False,82
2025,COM,CB015ECO03,5,1,14,ECO4051S,ECO4051S,Development Economics,14,8,option,Y5G1,8,2,pick 2 from menu,False,82
2025,COM,CB015ECO03,5,1,15,ECO4052S,ECO4052S,Environmental Economics,14,8,option,Y5G1,9,2,pick 2 from menu,False,82
2025,COM,CB015ECO03,5,1,16,ECO4053S,ECO4053S,Financial Economics,14,8,option,Y5G1,10,2,pick 2 from menu,False,82
2025,COM,CB015ECO03,5,1,17,ECO4113S,ECO4113S,Labour Economics,14,8,option,Y5G1,11,2,pick 2 from menu,False,82
2025,COM,CB015ECO03,5,1,18,ECO4114S,ECO4114S,The Economics of Conflict,14,8,option,Y5G1,12,2,pick 2 from menu,False,82
2025,COM,CB015ECO03,5,1,19,ECO4131S,ECO4131S,Digital Economics,14,8,option,Y5G1,13,2,pick 2 from menu,False,82
2025,COM,CB015ECO03,5,1,20,ECO4132S,ECO4132S,"Economics of Inequality: Causes, Consequences & Policy",14,8,option,Y5G1,14,2,pick 2 from menu,False,82
2025,COM,CB015ECO03,5,1,21,ECO4200S,ECO4200S,Time Series Econometrics,14,8,option,Y5G1,15,2,pick 2 from menu,False,82
2025,COM,CB015BUS07,1,1,1,ACC1021F,ACC1021F,Accounting for Business I,15,5,core,,,,,False,82
2025,COM,CB015BUS07,1,1,2,ACC1022Z,ACC1022Z,Accounting for Business II,9,5,core,,,,,False,82
2025,COM,CB015BUS07,1,1,3,CML1001F,CML1001F,Business Law I,18,5,core,,,,,False,82
2025,COM,CB015BUS07,1,1,4,DOC1103H,DOC1103H,Skills for Commerce,2,5,core,,,,,False,82
2025,COM,CB015BUS07,1,1,5,BUS1036S,BUS1036S,Evidence-Based Management,18,5,core,,,,,False,82
2025,COM,CB015BUS07,1,1,6,ECO1110S,ECO1110S,Microeconomics,18,5,core,,,,,False,82
2025,COM,CB015BUS07,1,1,7,MAM1110H,MAM1110H,Mathematics 1010,18,5,core,,,,,False,82
2025,COM,CB015BUS07,1,1,8,INF1102F,INF1102F,Foundations of Information Systems,18,5,core,,,,,False,82
2025,COM,CB015BUS07,2,1,1,ECO2003F,ECO2003F,Microeconomics II,18,6,core,,,,,False,83
2025,COM,CB015BUS07,2,1,2,STA1000F,STA1000F,Introductory Statistics,18,5,core,,,,,False,83
2025,COM,CB015BUS07,2,1,3,ECO1011F,ECO1011F,Macroeconomics,18,5,core,,,,,False,83
2025,COM,CB015BUS07,2,1,4,STA2020S,STA2020S,Introductory Statistics,24,6,core,,,,,False,83
2025,COM,CB015BUS07,2,1,5,ECO2004S,ECO2004S,Macroeconomics II,18,6,core,,,,,False,83
2025,COM,CB015BUS07,2,1,6,ECO2007S,ECO2007S,Co-operation and Competition,18,6,core,,,,,False,83
2025,COM,CB015BUS07,3,1,1,BUS2010F,BUS2010F,Marketing I,18,6,core,,,,,False,83
2025,COM,CB015BUS07,3,1,2,ECO3020F,ECO3020F,Advanced Macro & Microeconomics,18,7,core,,,,,False,83
2025,COM,CB015BUS07,3,1,3,FTX2020F,FTX2020F,Business Finance,18,6,option,Y3G1,1,1,,False,83
2025,COM,CB015BUS07,3,1,4,FTX2024S,FTX2024S,Financial Management,18,6,option,Y3G1,2,1,,False,83
2025,COM,CB015BUS07,3,1,5,BUS2033F/S,BUS2033F,Professional Communication,18,6,core,,,,,False,83
2025,COM,CB015BUS07,3,1,6,PHI2043S,PHI2043S,Business Ethics,18,6,core,,,,,False,83
2025,COM,CB015BUS07,3,1,7,ECO3009F,ECO3009F,Natural Resource Economics,18,7,option,Y3G2,1,1,pick 1 from menu,False,83
2025,COM,CB015BUS07,3,1,8,ECO3016F,ECO3016F,History of Economic Thought,18,7,option,Y3G2,2,1,pick 1 from menu,False,83
2025,COM,CB015BUS07,3,1,9,ECO3024F,ECO3024F,International Trade & Finance,18,7,option,Y3G2,3,1,pick 1 from menu,False,83
2025,COM,CB015BUS07,3,1,10,ECO3021S,ECO3021S,Quantitative Methods in Economics,18,7,option,Y3G2,4,1,pick 1 from menu,False,83
2025,COM,CB015BUS07,3,1,11,ECO3022S,ECO3022S,Advanced Labour Economics,18,7,option,Y3G2,5,1,pick 1 from menu,False,83
2025,COM,CB015BUS07,3,1,12,ECO3023S,ECO3023S,Public Sector Economics,18,7,option,Y3G2,6,1,pick 1 from menu,False,83
2025,COM,CB015BUS07,3,1,13,ECO3025S,ECO3025S,Applied International Trade Bargaining,18,7,option,Y3G2,7,1,pick 1 from menu,False,83
2025,COM,CB015BUS07,4,1,1,BUS3039F,BUS3039F,People Management,18,7,core,,,,,False,83
2025,COM,CB015BUS07,4,1,2,BUS3041F,BUS3041F,Marketing IIA,18,7,core,,,,,False,83
2025,COM,CB015BUS07,4,1,3,STA3022F,STA3022F,Research and Survey Statistics,36,7,core,,,,,False,83
2025,COM,CB015BUS07,4,1,4,BUS3008W,BUS3008W,Research in Marketing,36,7,core,,,,,False,83
2025,COM,CB015BUS07,4,1,5,BUS3038S,BUS3038S,Introduction to Project Management,18,7,core,,,,,False,83
2025,COM,CB015BUS07,4,1,6,,,An approved 3000 level course,18,7,elective,,,,,False,83
2025,COM,CB015BUS07,4,1,7,BUS3043S,BUS3043S,Marketing IIB,18,7,core,,,,,False,83
2025,COM,CB015BUS07,5,1,1,BUS4026W,BUS4026W,Marketing III,72,8,core,,,,,False,83
2025,COM,CB015BUS07,5,1,2,BUS4050H,BUS4050H,Strategic Thinking,18,8,core,,,,,False,83
2025,COM,CB015BUS07,5,1,3,BUS4052H,BUS4052H,Marketing Research Project,36,8,core,,,,,False,83
2025,COM,CB015BUS07,5,1,4,BUS4058F,BUS4058F,Strategic Marketing,36,8,core,,,,,False,83
2025,COM,CB015BUS08,1,1,1,BUS1036F,BUS1036F,Evidence-based Management,18,5,core,,,,,False,84
2025,COM,CB015BUS08,1,1,2,DOC1103H,DOC1103H,Skills for Commerce,2,5,core,,,,,False,84
2025,COM,CB015BUS08,1,1,3,ECO1110F,ECO1110F,Microeconomics,18,5,core,,,,,False,84
2025,COM,CB015BUS08,1,1,4,ECO1011S,ECO1011S,Macroeconomics,18,5,core,,,,,False,84
2025,COM,CB015BUS08,1,1,5,INF1102S,INF1102S,Foundations of Information Systems,18,5,option,Y1G1,1,1,,False,84
2025,COM,CB015BUS08,1,1,6,CSC1015S,CSC1015S,Computer Science,18,5,option,Y1G1,2,1,,False,84
2025,COM,CB015BUS08,1,1,7,MAM1110H,MAM1110H,Mathematics 1010,18,5,core,,,,,False,84
2025,COM,CB015BUS08,1,1,8,PSY1004F,PSY1004F,Introduction to Psychology (Part 1),18,5,core,,,,,False,84
2025,COM,CB015BUS08,1,1,9,PSY1005S,PSY1005S,Introduction to Psychology (Part 2),18,5,core,,,,,False,84
2025,COM,CB015BUS08,2,1,1,ACC1021F,ACC1021F,Accounting for Business I,15,5,core,,,,,False,84
2025,COM,CB015BUS08,2,1,2,ACC1022Z,ACC1022Z,Accounting for Business II,9,5,core,,,,,False,84
2025,COM,CB015BUS08,2,1,3,STA1000F,STA1000F,Introductory Statistics,18,5,core,,,,,False,84
2025,COM,CB015BUS08,2,1,4,STA2020S,STA2020S,Applied Statistics,24,6,core,,,,,False,84
2025,COM,CB015BUS08,2,1,5,BUS1007S,BUS1007S,Introduction to Organisational Psychology,18,5,core,,,,,False,84
2025,COM,CB015BUS08,2,1,6,CML1001F,CML1001F,Business Law I,18,5,core,,,,,False,84
2025,COM,CB015BUS08,3,1,1,BUS2010F/S,BUS2010F,Marketing I,18,6,core,,,,,False,84
2025,COM,CB015BUS08,3,1,2,BUS2024F,BUS2024F,Psychology of Human Resource Management,18,6,core,,,,,False,84
2025,COM,CB015BUS08,3,1,3,BUS2033F,BUS2033F,Professional Communication*,18,7,core,,,,,False,84
2025,COM,CB015BUS08,3,1,4,FTX2020F,FTX2020F,Business Finance,18,6,core,,,,,False,84
2025,COM,CB015BUS08,3,1,5,PHI2043S,PHI2043S,Business Ethics,18,6,core,,,,,False,84
2025,COM,CB015BUS08,3,1,6,BUS2023S,BUS2023S,Organisational Behaviour,18,6,core,,,,,False,84
2025,COM,CB015BUS08,3,1,7,BUS3038S,BUS3038S,Introduction to Project Management,18,7,core,,,,,False,84
2025,COM,CB015BUS08,3,1,8,,,An approved 3000 level course,18,7,elective,,,,,False,84
2025,COM,CB015BUS08,4,1,1,BUS3003F,BUS3003F,Research Design in Organisational Psychology,18,7,core,,,,,False,84
2025,COM,CB015BUS08,4,1,2,PSY2013F,PSY2013F,Social and Developmental Psychology,24,6,core,,,,,False,84
2025,COM,CB015BUS08,4,1,3,BUS3004S,BUS3004S,Research Data Analysis in Organisational Psychology,18,7,core,,,,,False,84
2025,COM,CB015BUS08,4,1,4,PSY2014S,PSY2014S,Cognitive Neuroscience and Abnormal Psychology,24,6,core,,,,,False,84
2025,COM,CB015BUS08,5,1,1,BUS4006W,BUS4006W,Organisational Psychology Change Management Coursework,60,8,core,,,,,False,84
2025,COM,CB015BUS08,5,1,2,BUS4050H,BUS4050H,Strategic Thinking,18,8,core,,,,,False,84
2025,COM,CB015BUS08,5,1,3,BUS4030H,BUS4030H,Organisational Psychology Change Management Research Report,60,8,core,,,,,False,84
2025,COM,CB019BUS01,1,1,1,ACC1006F,ACC1006F,Financial Accounting,18,5,core,,,,,False,85
2025,COM,CB019BUS01,1,1,2,BUS1036F,BUS1036F,Evidence-based Management,18,5,core,,,,,False,85
2025,COM,CB019BUS01,1,1,3,CSC1015F,CSC1015F,Computer Science 1015,18,5,core,,,,,False,85
2025,COM,CB019BUS01,1,1,4,ECO1010F,ECO1010F,Microeconomics,18,5,core,,,,,False,85
2025,COM,CB019BUS01,1,1,5,MAM1031F,MAM1031F,Mathematics 131,18,5,core,,,,,False,85
2025,COM,CB019BUS01,1,1,6,MAM1032S,MAM1032S,Mathematics 132,18,5,core,,,,,False,85
2025,COM,CB019BUS01,1,1,7,BUS1003H,BUS1003H,Introduction to Financial Risk,18,5,core,,,,,False,85
2025,COM,CB019BUS01,1,1,8,ACC1011S,ACC1011S,Financial Reporting I,18,5,core,,,,,False,85
2025,COM,CB019BUS01,1,1,9,ECO1011S,ECO1011S,Macroeconomics,18,5,core,,,,,False,85
2025,COM,CB019BUS01,1,1,10,STA1006S,STA1006S,Mathematical Statistics I,18,5,core,,,,,False,85
2025,COM,CB019BUS01,2,1,1,CML1001F,CML1001F,Business Law I,18,5,core,,,,,False,85
2025,COM,CB019BUS01,2,1,2,ECO2003F,ECO2003F,Microeconomics II,18,6,core,,,,,False,85
2025,COM,CB019BUS01,2,1,3,STA2004F,STA2004F,Statistical Theory & Inference,24,6,core,,,,,False,85
2025,COM,CB019BUS01,2,1,4,MAM2010F,MAM2010F,Advanced Calculus (2AC)*,12,6,core,,,,,False,85
2025,COM,CB019BUS01,2,1,5,MAM2011F,MAM2011F,Linear Algebra (2LA)*,12,6,core,,,,,False,85
2025,COM,CB019BUS01,2,1,6,MAM2012S,MAM2012S,Differential Equations (2DE),12,6,core,,,,,False,85
2025,COM,CB019BUS01,2,1,7,MAM2014S,MAM2014S,Real Analysis (2RA),12,6,core,,,,,False,85
2025,COM,CB019BUS01,2,1,8,BUS2016H,BUS2016H,Actuarial Science I: Financial Mathematics,18,6,core,,,,,False,85
2025,COM,CB019BUS01,2,1,9,ECO2004S,ECO2004S,Macroeconomics II,18,6,core,,,,,False,85
2025,COM,CB019BUS01,2,1,10,FTX2024S,FTX2024S,Financial Management,18,6,core,,,,,False,85
2025,COM,CB019BUS01,2,1,11,STA2005S,STA2005S,Linear Models,24,6,core,,,,,False,85
2025,COM,CB019BUS01,3,1,1,BUS3018F,BUS3018F,Actuarial Science II: Models,18,7,core,,,,,False,85
2025,COM,CB019BUS01,3,1,2,STA3041F,STA3041F,Stochastic Processes & Time Series,36,7,core,,,,,False,85
2025,COM,CB019BUS01,3,1,3,STA3045F,STA3045F,Stochastic Processes and Distribution,36,7,core,,,,,False,85
2025,COM,CB019BUS01,3,1,4,BUS3024S,BUS3024S,Actuarial Science II: Contingencies,18,7,core,,,,,False,85
2025,COM,CB019BUS01,3,1,5,PHI2043S,PHI2043S,Business Ethics,18,6,core,,,,,False,85
2025,COM,CB019BUS01,3,1,6,STA3047S,STA3047S,Introduction to Machine Learning,6,7,core,,,,,False,85
2025,COM,CB019BUS01,3,1,7,STA3048S,STA3048S,Statistical Modelling and Bayesian Analysis,30,7,core,,,,,False,85
2025,COM,CB019BUS09,1,1,1,ACC1006F,ACC1006F,Financial Accounting,18,5,core,,,,,False,86
2025,COM,CB019BUS09,1,1,2,CSC1015F,CSC1015F,Computer Science 1015,18,5,core,,,,,False,86
2025,COM,CB019BUS09,1,1,3,ECO1010F,ECO1010F,Microeconomics,18,5,core,,,,,False,86
2025,COM,CB019BUS09,1,1,4,MAM1031F,MAM1031F,Mathematics 131,18,5,core,,,,,False,86
2025,COM,CB019BUS09,1,1,5,MAM1032S,MAM1032S,Mathematics 132,18,5,core,,,,,False,86
2025,COM,CB019BUS09,1,1,6,BUS1003H,BUS1003H,Introduction to Financial Risk,18,5,core,,,,,False,86
2025,COM,CB019BUS09,1,1,7,ACC1011S,ACC1011S,Financial Reporting I,18,5,core,,,,,False,86
2025,COM,CB019BUS09,1,1,8,BUS1036F,BUS1036F,Evidence-based Management,18,5,core,,,,,False,86
2025,COM,CB019BUS09,1,1,9,ECO1011S,ECO1011S,Macroeconomics,18,5,core,,,,,False,86
2025,COM,CB019BUS09,1,1,10,STA1006S,STA1006S,Mathematical Statistics I,18,5,core,,,,,False,86
2025,COM,CB019BUS09,2,1,1,CML1001F,CML1001F,Business Law I,18,5,core,,,,,False,86
2025,COM,CB019BUS09,2,1,2,ECO2003F,ECO2003F,Microeconomics II,18,6,core,,,,,False,86
2025,COM,CB019BUS09,2,1,3,STA2004F,STA2004F,Statistical Theory & Inference,24,6,core,,,,,False,86
2025,COM,CB019BUS09,2,1,4,MAM2010F,MAM2010F,Advanced Calculus (2AC)*,12,6,core,,,,,False,86
2025,COM,CB019BUS09,2,1,5,MAM2011F,MAM2011F,Linear Algebra (2LA)*,12,6,core,,,,,False,86
2025,COM,CB019BUS09,2,1,6,MAM2012S,MAM2012S,Differential Equations (2DE),12,6,core,,,,,False,86
2025,COM,CB019BUS09,2,1,7,MAM2014S,MAM2014S,Real Analysis (2RA),12,6,core,,,,,False,86
2025,COM,CB019BUS09,2,1,8,BUS2016H,BUS2016H,Actuarial Science I: Financial Mathematics,18,6,core,,,,,False,86
2025,COM,CB019BUS09,2,1,9,ECO2004S,ECO2004S,Macroeconomics II,18,6,core,,,,,False,86
2025,COM,CB019BUS09,2,1,10,FTX2024S,FTX2024S,Financial Management,18,6,core,,,,,False,86
2025,COM,CB019BUS09,2,1,11,STA2005S,STA2005S,Linear Models,24,6,core,,,,,False,86
2025,COM,CB019BUS09,3,1,1,FTX3044F,FTX3044F,Investment Management A,18,7,core,,,,,False,86
2025,COM,CB019BUS09,3,1,2,STA3041F,STA3041F,Stochastic Processes & Time Series,36,7,core,,,,,False,86
2025,COM,CB019BUS09,3,1,3,STA3045F,STA3045F,Stochastic Processes and Distribution,36,7,core,,,,,False,86
2025,COM,CB019BUS09,3,1,4,BUS2033S,BUS2033S,Professional Communication,18,6,core,,,,,False,86
2025,COM,CB019BUS09,3,1,5,FTX3045S,FTX3045S,Investment Management B,18,7,core,,,,,False,86
2025,COM,CB019BUS09,3,1,6,PHI2043S,PHI2043S,Business Ethics,18,6,core,,,,,False,86
2025,COM,CB019BUS09,3,1,7,STA3047S,STA3047S,Introduction to Machine Learning,6,7,core,,,,,False,86
2025,COM,CB019BUS09,3,1,8,STA3048S,STA3048S,Statistical Modelling and Bayesian Analysis,30,7,core,,,,,False,86
2025,COM,CB001ACC08,1,1,1,ACC1006F,ACC1006F,Financial Accounting,18,5,core,,,,,False,87
2025,COM,CB001ACC08,1,1,2,ACC1015F,ACC1015F,Business Acumen for Accountants,15,5,core,,,,,False,87
2025,COM,CB001ACC08,1,1,3,ECO1010F,ECO1010F,Microeconomics,18,5,core,,,,,False,87
2025,COM,CB001ACC08,1,1,4,MAM1010F,MAM1010F,Mathematics 1010,18,5,core,,,,,False,87
2025,COM,CB001ACC08,1,1,5,ACC1011S,ACC1011S,Financial Reporting I,18,5,core,,,,,False,87
2025,COM,CB001ACC08,1,1,6,ECO1011S,ECO1011S,Macroeconomics,18,5,core,,,,,False,87
2025,COM,CB001ACC08,1,1,7,INF1002S,INF1002S,Information Systems I,18,5,core,,,,,False,87
2025,COM,CB001ACC08,1,1,8,STA1000S,STA1000S,Introductory Statistics,18,5,core,,,,,False,87
2025,COM,CB001ACC08,1,1,9,CML1004S,CML1004S,Business Law I*,18,5,core,,,,,False,87
2025,COM,CB001ACC08,2,1,1,ACC2022H,ACC2022H,Management Accounting I,18,6,core,,,,,False,87
2025,COM,CB001ACC08,2,1,2,FTX2024F,FTX2024F,Financial Management,18,6,core,,,,,False,87
2025,COM,CB001ACC08,2,1,3,INF2004F,INF2004F,Information Technology in Business,18,6,core,,,,,False,87
2025,COM,CB001ACC08,2,1,4,ACC2012W,ACC2012W,Financial Reporting II,36,6,core,,,,,False,87
2025,COM,CB001ACC08,2,1,5,ACC2018H,ACC2018H,"Governance, Audit and Assurance I",18,6,core,,,,,False,87
2025,COM,CB001ACC08,2,1,6,ACC2023H,ACC2023H,Taxation I,18,6,core,,,,,False,87
2025,COM,CB001ACC08,3,1,1,CML2001F,CML2001F,Company Law,18,6,core,,,,,False,87
2025,COM,CB001ACC08,3,1,2,PHI2043F,PHI2043F,Business Ethics,18,6,core,,,,,False,87
2025,COM,CB001ACC08,3,1,3,ACC3020W,ACC3020W,Financial Reporting & Analysis,36,7,core,,,,,False,87
2025,COM,CB001ACC08,3,1,4,ACC3004W,ACC3004W,Taxation II,32,7,core,,,,,False,87
2025,COM,CB001ACC08,3,1,5,ACC3022W,ACC3022W,"Governance, Audit and Assurance II",26,7,core,,,,,False,87
2025,COM,CB001ACC08,3,1,6,ACC3023W,ACC3023W,Management Accounting II,26,7,core,,,,,False,87
2025,COM,CB001ACC08,3,1,7,CML2010Z,CML2010Z,Business Law II,12,6,core,,,,,False,87
2025,COM,CB001ACC04,1,1,1,ACC1006F,ACC1006F,Financial Accounting,18,5,core,,,,,False,88
2025,COM,CB001ACC04,1,1,2,ACC1015F,ACC1015F,Business Acumen for Accountants,15,5,core,,,,,False,88
2025,COM,CB001ACC04,1,1,3,ECO1010F,ECO1010F,Microeconomics,18,5,core,,,,,False,88
2025,COM,CB001ACC04,1,1,4,MAM1010F,MAM1010F,Mathematics 1010,18,5,core,,,,,False,88
2025,COM,CB001ACC04,1,1,5,ACC1011S,ACC1011S,Financial Reporting I,18,5,core,,,,,False,88
2025,COM,CB001ACC04,1,1,6,ECO1011S,ECO1011S,Macroeconomics,18,5,core,,,,,False,88
2025,COM,CB001ACC04,1,1,7,INF1002S,INF1002S,Information Systems I,18,5,core,,,,,False,88
2025,COM,CB001ACC04,1,1,8,STA1000S,STA1000S,Introductory Statistics,18,5,core,,,,,False,88
2025,COM,CB001ACC04,1,1,9,CML1004S,CML1004S,Business Law I,18,5,core,,,,,False,88
2025,COM,CB001ACC04,2,1,1,PHI2043F,PHI2043F,Business Ethics,18,6,core,,,,,False,88
2025,COM,CB001ACC04,2,1,2,ACC2022H,ACC2022H,Management Accounting I,18,6,core,,,,,False,88
2025,COM,CB001ACC04,2,1,3,FTX2024F,FTX2024F,Financial Management,18,6,core,,,,,False,88
2025,COM,CB001ACC04,2,1,4,INF2004F,INF2004F,Information Technology in Business,18,6,core,,,,,False,88
2025,COM,CB001ACC04,2,1,5,ACC2012W,ACC2012W,Financial Reporting II,36,6,core,,,,,False,88
2025,COM,CB001ACC04,2,1,6,ACC2018H,ACC2018H,"Governance, Audit and Assurance I",18,6,core,,,,,False,88
2025,COM,CB001ACC04,2,1,7,ACC2023H,ACC2023H,Taxation I,18,6,core,,,,,False,88
2025,COM,CB001ACC04,3,1,1,CML2001F,CML2001F,Company Law,18,6,core,,,,,False,88
2025,COM,CB001ACC04,3,1,2,ACC3009W,ACC3009W,Financial Reporting III,36,7,core,,,,,False,88
2025,COM,CB001ACC04,3,1,3,ACC3004W,ACC3004W,Taxation II,32,7,core,,,,,False,88
2025,COM,CB001ACC04,3,1,4,ACC3022W,ACC3022W,"Governance, Audit and Assurance II",26,7,core,,,,,False,88
2025,COM,CB001ACC04,3,1,5,ACC3001F,ACC3001F,Business Analysis & Governance I,13,7,core,,,,,False,88
2025,COM,CB001ACC04,3,1,6,ACC3002S,ACC3002S,Business Analysis & Governance II,11,7,core,,,,,False,88
2025,COM,CB001ACC04,3,1,7,ACC3023W,ACC3023W,Management Accounting II,26,7,core,,,,,False,88
2025,COM,CB001ACC04,3,1,8,CML2010Z,CML2010Z,Business Law II,12,6,core,,,,,False,88
2025,COM,CB001ACC03,1,1,1,ACC1021F,ACC1021F,Accounting for Business I,15,5,core,,,,,False,89
2025,COM,CB001ACC03,1,1,2,ACC1022Z,ACC1022Z,Accounting for Business II,9,5,core,,,,,False,89
2025,COM,CB001ACC03,1,1,3,ACC1015F,ACC1015F,Business Acumen for Accountants,15,5,core,,,,,False,89
2025,COM,CB001ACC03,1,1,4,ECO1010F,ECO1010F,Microeconomics,18,5,core,,,,,False,89
2025,COM,CB001ACC03,1,1,5,MAM1010F,MAM1010F,Mathematics 1010,18,5,core,,,,,False,89
2025,COM,CB001ACC03,1,1,6,ECO1011S,ECO1011S,Macroeconomics,18,5,core,,,,,False,89
2025,COM,CB001ACC03,1,1,7,INF1002S,INF1002S,Information Systems I,18,5,core,,,,,False,89
2025,COM,CB001ACC03,1,1,8,STA1000S,STA1000S,Introductory Statistics,18,5,core,,,,,False,89
2025,COM,CB001ACC03,2,1,1,ACC2023H,ACC2023H,Taxation I,18,6,core,,,,,False,89
2025,COM,CB001ACC03,2,1,2,PHI2043F,PHI2043F,Business Ethics,18,6,core,,,,,False,89
2025,COM,CB001ACC03,2,1,3,ACC2012W,ACC2012W,Financial Reporting II,36,6,core,,,,,False,89
2025,COM,CB001ACC03,2,1,4,PVL1003W,PVL1003W,Foundations of South African Law**,36,5,core,,,,,False,89
2025,COM,CB001ACC03,2,1,5,PVL1004F,PVL1004F,South African Private Law: System and Context**,18,5,core,,,,,False,89
2025,COM,CB001ACC03,2,1,6,PVL1008H,PVL1008H,Law of Persons and Family**,18,5,core,,,,,False,89
2025,COM,CB001ACC03,2,1,7,ACC2018H,ACC2018H,"Governance, Audit and Assurance I",18,6,core,,,,,False,89
2025,COM,CB001ACC03,3,1,1,FTX2024F,FTX2024F,Financial Management,18,6,core,,,,,False,89
2025,COM,CB001ACC03,3,1,2,ACC3020W,ACC3020W,Financial Reporting & Analysis,36,7,core,,,,,False,89
2025,COM,CB001ACC03,3,1,3,PBL2000W,PBL2000W,Constitutional Law,36,7,core,,,,,False,89
2025,COM,CB001ACC03,3,1,4,PVL2003H,PVL2003H,Law of Succession,18,7,core,,,,,False,89
2025,COM,CB001ACC03,3,1,5,PVL2002H,PVL2002H,Law of Property,18,6,core,,,,,False,89
2025,COM,CB001ACC03,3,1,6,ACC2022H,ACC2022H,Management Accounting I,18,6,core,,,,,False,89
2025,COM,CB001INF01,1,1,1,ACC1021F,ACC1021F,Accounting for Business I,15,5,core,,,,,False,89
2025,COM,CB001INF01,1,1,2,ACC1022Z,ACC1022Z,Accounting for Business II,9,5,core,,,,,False,89
2025,COM,CB001INF01,1,1,3,INF1002F,INF1002F,Foundations of Information Systems *,18,5,option,Y1G1,1,1,,False,89
2025,COM,CB001INF01,1,1,4,CSC1015F,CSC1015F,Computer Science 1015**,18,5,option,Y1G1,2,1,,False,89
2025,COM,CB001INF01,1,1,5,ECO1010F,ECO1010F,Microeconomics,18,5,core,,,,,False,89
2025,COM,CB001INF01,1,1,6,MAM1010F,MAM1010F,Mathematics 1010,18,5,core,,,,,False,89
2025,COM,CB001INF01,1,1,7,BUS1036S,BUS1036S,Evidence-based Management,18,5,core,,,,,False,89
2025,COM,CB001INF01,1,1,8,ECO1011S,ECO1011S,Macroeconomics,18,5,core,,,,,False,89
2025,COM,CB001INF01,1,1,9,CML1004S,CML1004S,Business Law I,18,5,core,,,,,False,89
2025,COM,CB001INF01,2,1,1,INF1003F,INF1003F,Commercial Programming**,18,5,core,,,,,False,90
2025,COM,CB001INF01,2,1,2,INF2007F,INF2007F,Applying Database Principles,12,6,core,,,,,False,90
2025,COM,CB001INF01,2,1,3,INF2006F,INF2006F,Business Intelligence and Analytics,6,6,core,,,,,False,90
2025,COM,CB001INF01,2,1,4,INF2009F,INF2009F,Systems Analysis,18,6,core,,,,,False,90
2025,COM,CB001INF01,2,1,5,INF2010S,INF2010S,IT Architecture,18,7,core,,,,,False,90
2025,COM,CB001INF01,2,1,6,INF2011S,INF2011S,Systems Design & Development,18,7,core,,,,,False,90
2025,COM,CB001INF01,2,1,7,BUS2010S,BUS2010S,Marketing I,18,6,core,,,,,False,90
2025,COM,CB001INF01,2,1,8,STA1000S,STA1000S,Introductory Statistics,18,5,core,,,,,False,90
2025,COM,CB001INF01,2,1,9,,,Plus 1 approved course*** ........................................................ 18 5 or 6,,,elective,,,,,False,90
2025,COM,CB001INF01,3,1,1,BUS2033F,BUS2033F,Professional Communication,18,6,core,,,,,False,90
2025,COM,CB001INF01,3,1,2,INF3014F,INF3014F,Electronic Commerce,18,7,core,,,,,False,90
2025,COM,CB001INF01,3,1,3,INF3003W,INF3003W,Systems Development Project I,48,7,core,,,,,False,90
2025,COM,CB001INF01,3,1,4,PHI2043S,PHI2043S,Business Ethics,18,6,core,,,,,False,90
2025,COM,CB001INF01,3,1,5,INF3012S,INF3012S,BPM & Enterprise Systems,18,7,core,,,,,False,90
2025,COM,CB001INF01,3,1,6,,,Plus 2 approved courses***,36,6,elective,,,,,False,90
2025,COM,CB001INF06,1,1,1,ACC1021F,ACC1021F,Accounting for non-specialists,15,5,core,,,,,False,91
2025,COM,CB001INF06,1,1,2,ACC1022Z,ACC1022Z,Accounting for non-specialists,9,5,core,,,,,False,91
2025,COM,CB001INF06,1,1,3,ECO1010F,ECO1010F,Microeconomics,18,5,core,,,,,False,91
2025,COM,CB001INF06,1,1,4,CSC1015F,CSC1015F,Computer Science 1015,18,5,core,,,,,False,91
2025,COM,CB001INF06,1,1,5,MAM1010F,MAM1010F,Mathematics 1010,18,5,core,,,,,False,91
2025,COM,CB001INF06,1,1,6,MAM1012S,MAM1012S,Mathematics 1012,18,5,option,Y1G1,1,1,,False,91
2025,COM,CB001INF06,1,1,7,MAM1031F,MAM1031F,Mathematics 131,18,5,option,Y1G1,2,1,,False,91
2025,COM,CB001INF06,1,1,8,MAM1032S,MAM1032S,Mathematics 132,18,5,option,Y1G2,1,1,,False,91
2025,COM,CB001INF06,1,1,9,ACC1011S,ACC1011S,Financial Reporting I,18,5,option,Y1G2,2,1,,False,91
2025,COM,CB001INF06,1,1,10,ECO1011S,ECO1011S,Macroeconomics,18,5,core,,,,,False,91
2025,COM,CB001INF06,1,1,11,CSC1016S,CSC1016S,Computer Science 1016,18,5,core,,,,,False,91
2025,COM,CB001INF06,2,1,1,BUS1036F,BUS1036F,Evidence-based Management,18,5,core,,,,,False,91
2025,COM,CB001INF06,2,1,2,CML1001F,CML1001F,Business Law I,18,5,core,,,,,False,91
2025,COM,CB001INF06,2,1,3,CSC2001F,CSC2001F,Computer Science 2001,24,6,core,,,,,False,91
2025,COM,CB001INF06,2,1,4,INF2006F,INF2006F,Business Intelligence and Analytics,6,6,core,,,,,False,91
2025,COM,CB001INF06,2,1,5,INF2009F,INF2009F,Systems Analysis,18,6,core,,,,,False,91
2025,COM,CB001INF06,2,1,6,CSC2002S,CSC2002S,Computer Science 2002,24,6,core,,,,,False,91
2025,COM,CB001INF06,2,1,7,INF2011S,INF2011S,Systems Design & Development,18,7,core,,,,,False,91
2025,COM,CB001INF06,2,1,8,PHI2043S,PHI2043S,Business Ethics,18,6,core,,,,,False,91
2025,COM,CB001INF06,2,1,9,STA1000S,STA1000S,Introductory Statistics,18,5,core,,,,,False,91
2025,COM,CB001INF06,2,1,10,CSC2004Z,CSC2004Z,Programming Assessment,0,6,core,,,,,False,91
2025,COM,CB001INF06,3,1,1,CSC3002F,CSC3002F,Computer Science 3002,36,7,core,,,,,False,91
2025,COM,CB001INF06,3,1,2,INF3011F,INF3011F,IT Project Management,18,7,core,,,,,False,91
2025,COM,CB001INF06,3,1,3,INF3014F,INF3014F,Electronic Commerce,18,7,core,,,,,False,91
2025,COM,CB001INF06,3,1,4,BUS2033S,BUS2033S,Professional Communication,18,6,core,,,,,False,91
2025,COM,CB001INF06,3,1,5,CSC3003S,CSC3003S,Computer Science 3003,36,7,core,,,,,False,91
2025,COM,CB001INF06,3,1,6,INF3012S,INF3012S,BPM & Enterprise Systems,18,7,core,,,,,False,91
2025,COM,CB001INF11,1,1,1,ACC1021F,ACC1021F,Accounting for Business I,15,5,core,,,,,False,92
2025,COM,CB001INF11,1,1,2,ACC1022Z,ACC1022Z,Accounting for Business II,9,5,core,,,,,False,92
2025,COM,CB001INF11,1,1,3,INF1002F,INF1002F,Foundations of Information Systems*,18,5,option,Y1G1,1,1,,False,92
2025,COM,CB001INF11,1,1,4,CSC1015F,CSC1015F,Computer Science 1015**,18,5,option,Y1G1,2,1,,False,92
2025,COM,CB001INF11,1,1,5,ECO1010F,ECO1010F,Microeconomics,18,5,core,,,,,False,92
2025,COM,CB001INF11,1,1,6,MAM1010F,MAM1010F,Mathematics 1010,18,5,core,,,,,False,92
2025,COM,CB001INF11,1,1,7,BUS1036S,BUS1036S,Evidence-based Management,18,5,core,,,,,False,92
2025,COM,CB001INF11,1,1,8,ECO1011S,ECO1011S,Macroeconomics,18,5,core,,,,,False,92
2025,COM,CB001INF11,1,1,9,STA1000S,STA1000S,Introductory Statistics***,18,5,core,,,,,False,92
2025,COM,CB001INF11,1,1,10,MAM1012S,MAM1012S,Mathematics 1012,18,5,core,,,,,False,92
2025,COM,CB001INF11,2,1,1,INF1003F,INF1003F,Commercial Programming**,18,5,core,,,,,False,92
2025,COM,CB001INF11,2,1,2,INF2007F,INF2007F,Applying Database Principles,12,6,core,,,,,False,92
2025,COM,CB001INF11,2,1,3,INF2006F,INF2006F,Business Intelligence and Analytics,6,6,core,,,,,False,92
2025,COM,CB001INF11,2,1,4,INF2009F,INF2009F,Systems Analysis,18,6,core,,,,,False,92
2025,COM,CB001INF11,2,1,5,INF2010S,INF2010S,IT Architecture,18,7,core,,,,,False,92
2025,COM,CB001INF11,2,1,6,INF2011S,INF2011S,Systems Design & Development,18,7,core,,,,,False,92
2025,COM,CB001INF11,2,1,7,FTX2024F,FTX2024F,Financial Management,18,6,core,,,,,False,92
2025,COM,CB001INF11,2,1,8,ECO2003F,ECO2003F,Microeconomics II,18,6,core,,,,,False,92
2025,COM,CB001INF11,2,1,9,ECO2004S,ECO2004S,Macroeconomics II,18,6,core,,,,,False,92
2025,COM,CB001INF11,2,1,10,CML1004S,CML1004S,Business Law I,18,5,core,,,,,False,92
2025,COM,CB001INF11,3,1,1,BUS2033S,BUS2033S,Professional Communication,18,6,core,,,,,False,92
2025,COM,CB001INF11,3,1,2,STA2020F,STA2020F,Applied Statistics,24,6,core,,,,,False,92
2025,COM,CB001INF11,3,1,3,INF3014F,INF3014F,Electronic Commerce,18,7,core,,,,,False,92
2025,COM,CB001INF11,3,1,4,INF3011F,INF3011F,IT Project Management,18,7,core,,,,,False,92
2025,COM,CB001INF11,3,1,5,FTX3044F,FTX3044F,Investment Management A,18,7,core,,,,,False,92
2025,COM,CB001INF11,3,1,6,FTX3045S,FTX3045S,Investment Management B,18,7,core,,,,,False,92
2025,COM,CB001INF11,3,1,7,PHI2043S,PHI2043S,Business Ethics,18,6,core,,,,,False,92
2025,COM,CB001INF11,3,1,8,INF3012S,INF3012S,BPM & Enterprise Systems,18,7,core,,,,,False,92
2025,COM,CB001PHI03,1,1,1,ACC1021F,ACC1021F,Accounting for Business I,15,5,core,,,,,False,93
2025,COM,CB001PHI03,1,1,2,ACC1022Z,ACC1022Z,Accounting for Business II,9,5,core,,,,,False,93
2025,COM,CB001PHI03,1,1,3,ECO1010F,ECO1010F,Microeconomics,18,5,core,,,,,False,93
2025,COM,CB001PHI03,1,1,4,PHI1024F,PHI1024F,Introduction to Philosophy,18,5,core,,,,,False,93
2025,COM,CB001PHI03,1,1,5,POL1004F,POL1004F,Introduction to Politics,18,5,core,,,,,False,93
2025,COM,CB001PHI03,1,1,6,ECO1011S,ECO1011S,Macroeconomics,18,5,core,,,,,False,93
2025,COM,CB001PHI03,1,1,7,MAM1010S,MAM1010S,Mathematics 1010,18,5,core,,,,,False,93
2025,COM,CB001PHI03,1,1,8,POL1005S,POL1005S,Introduction to Politics B,18,5,core,,,,,False,93
2025,COM,CB001PHI03,2,1,1,ECO2003F,ECO2003F,Microeconomics II,18,6,core,,,,,False,93
2025,COM,CB001PHI03,2,1,2,INF1002F,INF1002F,Foundations of Information Systems,18,5,core,,,,,False,93
2025,COM,CB001PHI03,2,1,3,ECO2004S,ECO2004S,Macroeconomics II,18,6,core,,,,,False,93
2025,COM,CB001PHI03,2,1,4,ECO2007S,ECO2007S,Co-operation and Competition,18,6,core,,,,,False,93
2025,COM,CB001PHI03,2,1,5,PHI1010S,PHI1010S,Ethics,18,5,core,,,,,False,93
2025,COM,CB001PHI03,2,1,6,STA1000S,STA1000S,Introductory Statistics,18,5,core,,,,,False,93
2025,COM,CB001PHI03,2,1,7,,,Plus 2 NQF Level 6 courses from:,,6,elective,,,,,False,93
2025,COM,CB001PHI03,2,1,8,PHI2042F,PHI2042F,Political Philosophy,24,6,core,,,,,False,93
2025,COM,CB001PHI03,2,1,9,PHI2041S,PHI2041S,Great Philosophers,24,6,core,,,,,False,93
2025,COM,CB001PHI03,2,1,10,,,Plus 2 NQF Level 6 courses from:,,6,elective,,,,,False,93
2025,COM,CB001PHI03,2,1,11,POL2038F,POL2038F,Comparative Politics,24,6,core,,,,,False,93
2025,COM,CB001PHI03,2,1,12,POL2039F,POL2039F,The Politics of International Economic Relations,24,6,core,,,,,False,93
2025,COM,CB001PHI03,2,1,13,POL2042S,POL2042S,Comparative Public Institutions,24,6,core,,,,,False,93
2025,COM,CB001PHI03,2,1,14,POL2043S,POL2043S,South African Politics,24,6,core,,,,,False,93
2025,COM,CB001PHI03,3,1,1,ECO3020F,ECO3020F,Advanced Macro & Microeconomics,18,7,core,,,,,False,93
2025,COM,CB001PHI03,3,1,2,ECO3025S,ECO3025S,Applied International Trade Bargaining,18,7,core,,,,,False,93
2025,COM,CB001PHI03,3,1,3,,,Plus 1 other NQF level 7 ECO course,18,7,elective,,,,,False,93
2025,COM,CB001PHI03,3,1,4,,,Plus 2 NQF Level 7 courses from,,7,elective,,,,,False,93
2025,COM,CB001PHI03,3,1,5,PHI3023F,PHI3023F,Philosophy of Language,30,7,core,,,,,False,93
2025,COM,CB001PHI03,3,1,6,PHI3024S,PHI3024S,Metaphysics and Epistemology,30,7,core,,,,,False,93
2025,COM,CB001PHI03,3,1,7,POL3030F,POL3030F,Conflict in World Politics,30,7,core,,,,,False,93
2025,COM,CB001PHI03,3,1,8,POL3046S,POL3046S,South African Political Thought,30,7,core,,,,,False,93
2025,COM,CB001PHI03,3,1,9,POL3029F,POL3029F,Politics of Africa & the Global South,30,7,core,,,,,False,93
2025,COM,CB001PHI03,3,1,10,,,Plus 1 other NQF Level 7 POL 3000 course,,7,elective,,,,,False,93
2025,COM,CB001PHI03,3,1,11,,,"Plus 2 Courses from the list below, 1 of which must be at the NQF level",7,,elective,,,,,False,93
2025,COM,CB001PHI03,3,1,12,ECO2008S,ECO2008S,Development Economics,18,6,core,,,,,False,93
2025,COM,CB001ECO02,1,1,1,ACC1021F,ACC1021F,Accounting for Business I,15,5,core,,,,,False,94
2025,COM,CB001ECO02,1,1,2,ACC1022Z,ACC1022Z,Accounting for Business II,9,5,core,,,,,False,94
2025,COM,CB001ECO02,1,1,3,ECO1010F,ECO1010F,Microeconomics,18,5,core,,,,,False,94
2025,COM,CB001ECO02,1,1,4,MAM1010F,MAM1010F,Mathematics 1010,18,5,core,,,,,False,94
2025,COM,CB001ECO02,1,1,5,INF1002F,INF1002F,Foundations of Information Systems,18,5,core,,,,,False,94
2025,COM,CB001ECO02,1,1,6,ECO1011S,ECO1011S,Macroeconomics,18,5,core,,,,,False,94
2025,COM,CB001ECO02,1,1,7,MAM1012S,MAM1012S,Mathematics 1012,18,5,core,,,,,False,94
2025,COM,CB001ECO02,1,1,8,STA1000S,STA1000S,Introductory Statistics,18,5,core,,,,,False,94
2025,COM,CB001ECO02,2,1,1,CML1001F,CML1001F,Business Law I,18,5,core,,,,,False,94
2025,COM,CB001ECO02,2,1,2,ECO2003F,ECO2003F,Microeconomics II,18,6,core,,,,,False,94
2025,COM,CB001ECO02,2,1,3,STA2020F,STA2020F,Applied Statistics,24,6,core,,,,,False,94
2025,COM,CB001ECO02,2,1,4,ECO2004S,ECO2004S,Macroeconomics II,18,6,core,,,,,False,94
2025,COM,CB001ECO02,2,1,5,ECO2007S,ECO2007S,Co-operation and Competition,18,6,core,,,,,False,94
2025,COM,CB001ECO02,2,1,6,FTX2024S,FTX2024S,Financial Management,18,6,core,,,,,False,94
2025,COM,CB001ECO02,2,1,7,,,Plus ECO2008S and 1 NQF level 6 course or 2 NQF level 6 courses,18,6,elective,,,,,True,94
2025,COM,CB001ECO02,3,1,1,ECO3020F,ECO3020F,Advanced Macro & Microeconomics,18,7,core,,,,,False,94
2025,COM,CB001ECO02,3,1,2,FTX3044F,FTX3044F,Investment Management A,18,7,core,,,,,False,94
2025,COM,CB001ECO02,3,1,3,ECO3021S,ECO3021S,Quantitative Methods in Economics,18,7,core,,,,,False,94
2025,COM,CB001ECO02,3,1,4,FTX3045S,FTX3045S,Investment Management B,18,7,core,,,,,False,94
2025,COM,CB001ECO02,3,1,5,PHI2043S,PHI2043S,Business Ethics,18,6,core,,,,,False,94
2025,COM,CB001ECO02,3,1,6,ECO3009F,ECO3009F,Natural Resource Economics,18,7,option,Y3G1,1,2,pick 2 from menu,False,94
2025,COM,CB001ECO02,3,1,7,ECO3016F,ECO3016F,History of Economic Thought,18,7,option,Y3G1,2,2,pick 2 from menu,False,94
2025,COM,CB001ECO02,3,1,8,ECO3024F,ECO3024F,International Trade and Finance,18,7,option,Y3G1,3,2,pick 2 from menu,False,94
2025,COM,CB001ECO02,3,1,9,ECO3022S,ECO3022S,Advanced Labour Economics,18,7,option,Y3G1,4,2,pick 2 from menu,False,94
2025,COM,CB001ECO02,3,1,10,ECO3023S,ECO3023S,Public Sector Economics,18,7,option,Y3G1,5,2,pick 2 from menu,False,94
2025,COM,CB001ECO02,3,1,11,ECO3025S,ECO3025S,Applied International Trade Bargaining,18,7,option,Y3G1,6,2,pick 2 from menu,False,94
2025,COM,CB001ECO02,3,1,12,,,Plus one NQF Level 7 course,18,7,elective,,,,,True,95
2025,COM,CB001ECO04,1,1,1,ACC1021F,ACC1021F,Accounting for Business I,15,5,core,,,,,False,95
2025,COM,CB001ECO04,1,1,2,ACC1022Z,ACC1022Z,Accounting for Business II,9,5,core,,,,,False,95
2025,COM,CB001ECO04,1,1,3,ECO1010F,ECO1010F,Microeconomics,18,5,core,,,,,False,95
2025,COM,CB001ECO04,1,1,4,INF1002F/S,INF1002F,Foundations of Information Systems,18,5,option,Y1G1,1,1,,False,95
2025,COM,CB001ECO04,1,1,5,CSC1015F,CSC1015F,Computer Science 1015***,18,5,option,Y1G1,2,1,,False,95
2025,COM,CB001ECO04,1,1,6,ECO1011S,ECO1011S,Macroeconomics,18,5,core,,,,,False,95
2025,COM,CB001ECO04,1,1,7,MAM1010F,MAM1010F,Mathematics 1010,18,5,core,,,,,False,95
2025,COM,CB001ECO04,1,1,8,MAM1012S,MAM1012S,Mathematics 1012,18,5,option,Y1G2,1,1,,False,95
2025,COM,CB001ECO04,1,1,9,MAM1031F,MAM1031F,Mathematics 131****,18,5,option,Y1G2,2,1,,False,95
2025,COM,CB001ECO04,1,1,10,MAM1032S,MAM1032S,Mathematics 132****,18,5,option,Y1G2,2,1,,False,95
2025,COM,CB001ECO04,1,1,11,STA1000S,STA1000S,Introductory Statistics,18,5,option,Y1G3,1,1,,False,95
2025,COM,CB001ECO04,1,1,12,STA1006S,STA1006S,Mathematical Statistics I*,18,5,option,Y1G3,2,1,,False,95
2025,COM,CB001ECO04,2,1,1,CML1001F,CML1001F,Business Law I,18,5,core,,,,,False,95
2025,COM,CB001ECO04,2,1,2,ECO2003F,ECO2003F,Microeconomics II,18,6,core,,,,,False,95
2025,COM,CB001ECO04,2,1,3,ECO2004S,ECO2004S,Macroeconomics II,18,6,core,,,,,False,95
2025,COM,CB001ECO04,2,1,4,ECO2007S,ECO2007S,Co-operation and Competition,18,6,core,,,,,False,95
2025,COM,CB001ECO04,2,1,5,PHI2043F/S,PHI2043F,Business Ethics,18,6,core,,,,,False,95
2025,COM,CB001ECO04,2,1,6,STA2004F,STA2004F,Statistical Theory & Inference,24,6,option,Y2G1,1,1,Mathematical Statistics Option,False,95
2025,COM,CB001ECO04,2,1,7,STA2005S,STA2005S,Linear Models,24,6,option,Y2G1,1,1,Mathematical Statistics Option,False,95
2025,COM,CB001ECO04,2,1,8,STA2020F,STA2020F,Applied Statistics,24,6,option,Y2G2,1,1,OR Applied Statistics Option,False,95
2025,COM,CB001ECO04,2,1,9,STA2030S,STA2030S,Theory of Statistics,24,6,option,Y2G2,1,1,OR Applied Statistics Option,False,95
2025,COM,CB001ECO04,2,1,10,,,Plus ECO2008S or 1 course or 1 NQF Level 6 course,,6,elective,,,,,False,95
2025,COM,CB001ECO04,3,1,1,ECO3020F,ECO3020F,Advanced Macro & Microeconomics,18,7,core,,,,,False,96
2025,COM,CB001ECO04,3,1,2,FTX2020F,FTX2020F,Business Finance,18,6,option,Y3G1,1,1,,False,96
2025,COM,CB001ECO04,3,1,3,FTX2024S,FTX2024S,Financial Management,18,6,option,Y3G1,2,1,,False,96
2025,COM,CB001ECO04,3,1,4,ECO3021S,ECO3021S,Quantitative Methods in Economics,18,7,core,,,,,False,96
2025,COM,CB001ECO04,3,1,5,STA3041F,STA3041F,Stochastic Processes & Time Series,36,7,option,Y3G2,1,1,Mathematical Statistics Option,False,96
2025,COM,CB001ECO04,3,1,6,STA3043S,STA3043S,"Statistical Modelling, Machine Learning & Bayesian Analysis",36,7,option,Y3G2,1,1,Mathematical Statistics Option,False,96
2025,COM,CB001ECO04,3,1,7,STA3030F,STA3030F,Statistical Inference & Modelling,36,7,option,Y3G2,1,1,Mathematical Statistics Option,False,96
2025,COM,CB001ECO04,3,1,8,STA3036S,STA3036S,Operational Research Techniques,36,7,option,Y3G2,1,1,Mathematical Statistics Option,False,96
2025,COM,CB001ECO04,3,1,9,ECO3009F,ECO3009F,Natural Resource Economics,18,7,option,Y3G3,1,2,pick 2 from menu,False,96
2025,COM,CB001ECO04,3,1,10,ECO3016F,ECO3016F,History of Economic Thought,18,7,option,Y3G3,2,2,pick 2 from menu,False,96
2025,COM,CB001ECO04,3,1,11,ECO3024F,ECO3024F,International Trade and Finance,18,7,option,Y3G3,3,2,pick 2 from menu,False,96
2025,COM,CB001ECO04,3,1,12,ECO3022S,ECO3022S,Advanced Labour Economics,18,7,option,Y3G3,4,2,pick 2 from menu,False,96
2025,COM,CB001ECO04,3,1,13,ECO3023S,ECO3023S,Public Sector Economics,18,7,option,Y3G3,5,2,pick 2 from menu,False,96
2025,COM,CB001ECO04,3,1,14,ECO3025S,ECO3025S,Applied International Trade Bargaining,18,7,option,Y3G3,6,2,pick 2 from menu,False,96
2025,COM,CB001ECO04,3,1,15,,,Plus one NQF Level 7 course,18,7,elective,,,,,False,96
2025,COM,CB001ECO03,1,1,1,ACC1021F,ACC1021F,Accounting for Business I,15,5,core,,,,,False,96
2025,COM,CB001ECO03,1,1,2,ACC1022Z,ACC1022Z,Accounting for Business II,9,5,core,,,,,False,96
2025,COM,CB001ECO03,1,1,3,ECO1010F,ECO1010F,Microeconomics,18,5,core,,,,,False,96
2025,COM,CB001ECO03,1,1,4,MAM1010F,MAM1010F,Mathematics 1010,18,5,core,,,,,False,96
2025,COM,CB001ECO03,1,1,5,ECO1011S,ECO1011S,Macroeconomics,18,5,core,,,,,False,96
2025,COM,CB001ECO03,1,1,6,INF1002S,INF1002S,Information Systems 1,18,5,core,,,,,False,96
2025,COM,CB001ECO03,1,1,7,STA1000S,STA1000S,Introductory Statistics,18,5,core,,,,,False,96
2025,COM,CB001ECO03,1,1,8,MAM1012S,MAM1012S,Mathematics 1012,18,5,core,,,,,False,96
2025,COM,CB001ECO03,2,1,1,ECO2003F,ECO2003F,Microeconomics II,18,6,core,,,,,False,96
2025,COM,CB001ECO03,2,1,2,PVL1003W,PVL1003W,Foundations of South African Law**,36,5,core,,,,,False,96
2025,COM,CB001ECO03,2,1,3,PVL1004F,PVL1004F,South African Private Law: System and Context**,18,5,core,,,,,False,96
2025,COM,CB001ECO03,2,1,4,PVL1008H,PVL1008H,Law of Persons and Family,18,5,core,,,,,False,96
2025,COM,CB001ECO03,2,1,5,ECO2004S,ECO2004S,Macroeconomics II,18,6,core,,,,,False,96
2025,COM,CB001ECO03,2,1,6,ECO2007S,ECO2007S,Co-operation and Competition,18,6,core,,,,,False,96
2025,COM,CB001ECO03,2,1,7,PHI2043S,PHI2043S,Business Ethics,18,6,core,,,,,False,96
2025,COM,CB001ECO03,2,1,8,,,Plus 1 NQF Level 5 or 6 course,18,5,elective,,,,,True,96
2025,COM,CB001ECO03,3,1,1,ECO3020F,ECO3020F,Advanced Macro & Microeconomics,18,7,core,,,,,False,97
2025,COM,CB001ECO03,3,1,2,PBL2000W,PBL2000W,Constitutional Law,36,7,core,,,,,False,97
2025,COM,CB001ECO03,3,1,3,PVL2002H,PVL2002H,Law of Property,18,6,core,,,,,False,97
2025,COM,CB001ECO03,3,1,4,PVL2003H,PVL2003H,Law of Succession,18,7,core,,,,,False,97
2025,COM,CB001ECO03,3,1,5,ECO3025S,ECO3025S,Applied International Trade Bargaining,18,7,option,Y3G1,1,1,,False,97
2025,COM,CB001ECO03,3,1,6,ECO3021S,ECO3021S,Quantitative Methods in Economics,18,7,option,Y3G1,2,1,,False,97
2025,COM,CB001ECO03,3,1,7,,,Plus 2 NQF Level 7 courses from:,,7,elective,,,,,False,97
2025,COM,CB001ECO03,3,1,8,ECO3009F,ECO3009F,Natural Resource Economics,18,7,core,,,,,False,97
2025,COM,CB001ECO03,3,1,9,ECO3016F,ECO3016F,History of Economic Thought,18,7,core,,,,,False,97
2025,COM,CB001ECO03,3,1,10,ECO3024F,ECO3024F,International Trade and Finance,18,7,core,,,,,False,97
2025,COM,CB001ECO03,3,1,11,ECO3021S,ECO3021S,Quantitative Methods in Economics,18,7,option,Y3G2,1,1,,False,97
2025,COM,CB001ECO03,3,1,12,ECO3025S,ECO3025S,Applied International Trade Bargaining,18,7,option,Y3G2,2,1,,False,97
2025,COM,CB001ECO03,3,1,13,ECO3022S,ECO3022S,Advanced Labour Economics,18,7,core,,,,,False,97
2025,COM,CB001ECO03,3,1,14,ECO3023S,ECO3023S,Public Sector Economics,18,7,core,,,,,False,97
2025,COM,CB001BUS06,1,1,1,ACC1021F,ACC1021F,Accounting for Business I,15,5,core,,,,,False,97
2025,COM,CB001BUS06,1,1,2,ACC1022Z,ACC1022Z,Accounting for Business II,9,5,core,,,,,False,97
2025,COM,CB001BUS06,1,1,3,ECO1010F,ECO1010F,Microeconomics 1,18,5,core,,,,,False,97
2025,COM,CB001BUS06,1,1,4,MAM1010,MAM1010,Mathematics 1010,18,5,core,,,,,False,97
2025,COM,CB001BUS06,1,1,5,BUS1036F/S,BUS1036F,Evidence-based Management,18,5,core,,,,,False,97
2025,COM,CB001BUS06,1,1,6,ECO1011S,ECO1011S,Macroeconomics 1,18,5,core,,,,,False,97
2025,COM,CB001BUS06,1,1,7,STA1000S,STA1000S,Introductory Statistics,18,5,core,,,,,False,97
2025,COM,CB001BUS06,1,1,8,INF1002F/S,INF1002F,Foundations of Information Systems,18,5,option,Y1G1,1,1,,False,97
2025,COM,CB001BUS06,1,1,9,CSC1015F,CSC1015F,Computer Science1015,18,5,option,Y1G1,2,1,,False,97
2025,COM,CB001BUS06,1,1,10,,,One elective at 1st year level,18,5,elective,,,,,False,97
2025,COM,CB001BUS06,2,1,1,PHI2043S,PHI2043S,Business Ethics,18,6,core,,,,,False,97
2025,COM,CB001BUS06,2,1,2,CML1001F/1004S,CML1001F,Business Law,18,5,core,,,,,False,97
2025,COM,CB001BUS06,2,1,3,BUS2010F/S,BUS2010F,Marketing 1,18,6,option,Y2G1,1,1,,False,97
2025,COM,CB001BUS06,2,1,4,BUS2033S,BUS2033S,Professional Communication,18,6,option,Y2G1,2,1,,False,97
2025,COM,CB001BUS06,2,1,5,FTX2020F,FTX2020F,Business Finance,18,6,option,Y2G2,1,1,,False,97
2025,COM,CB001BUS06,2,1,6,FTX2024S,FTX2024S,Financial Management,18,6,option,Y2G2,2,1,,False,98
2025,COM,CB001BUS06,2,1,7,,,Four electives at NQF level 6,72,6,elective,,,,,False,98
2025,COM,CB001BUS06,3,1,1,,,Any NQF level 7 electives for which students meet the prerequisites,120,7,elective,,,,,True,98
2025,COM,CB026BUS01,1,1,1,ACC1106F,ACC1106F,Financial Accounting,18,5,core,,,,,False,101
2025,COM,CB026BUS01,1,1,2,BUS1036F,BUS1036F,Evidence-based Management,18,5,core,,,,,False,101
2025,COM,CB026BUS01,1,1,3,CSC1015F,CSC1015F,Computer Science 1015,18,5,core,,,,,False,101
2025,COM,CB026BUS01,1,1,4,DOC1103H,DOC1103H,Skills for Commerce,2,5,core,,,,,False,101
2025,COM,CB026BUS01,1,1,5,ECO1110F,ECO1110F,Microeconomics,18,5,core,,,,,False,101
2025,COM,CB026BUS01,1,1,6,MAM1031F,MAM1031F,Mathematics 131,18,5,core,,,,,False,101
2025,COM,CB026BUS01,1,1,7,MAM1032S,MAM1032S,Mathematics 132,18,5,core,,,,,False,101
2025,COM,CB026BUS01,1,1,8,BUS1003H,BUS1003H,Introduction to Financial Risk,18,5,core,,,,,False,101
2025,COM,CB026BUS01,1,1,9,ACC1111S,ACC1111S,Financial Reporting I,18,5,core,,,,,False,101
2025,COM,CB026BUS01,1,1,10,ECO1011S,ECO1011S,Macroeconomics,18,5,core,,,,,False,101
2025,COM,CB026BUS01,1,1,11,STA1106H,STA1106H,Mathematical Statistics I,18,5,core,,,,,False,101
2025,COM,CB026BUS01,2,1,1,CML1001F,CML1001F,Business Law I,18,5,core,,,,,False,101
2025,COM,CB026BUS01,2,1,2,ECO2003F,ECO2003F,Microeconomics II,18,6,core,,,,,False,101
2025,COM,CB026BUS01,2,1,3,STA2004F,STA2004F,Statistical Theory & Inference,24,6,core,,,,,False,101
2025,COM,CB026BUS01,2,1,4,MAM2010F,MAM2010F,Advanced Calculus (2AC)*,12,6,core,,,,,False,101
2025,COM,CB026BUS01,2,1,5,MAM2011F,MAM2011F,Linear Algebra (2LA)*,12,6,core,,,,,False,101
2025,COM,CB026BUS01,2,1,6,MAM2012S,MAM2012S,Differential Equations (2DE),12,6,core,,,,,False,101
2025,COM,CB026BUS01,2,1,7,MAM2014S,MAM2014S,Real Analysis (2RA),12,6,core,,,,,False,101
2025,COM,CB026BUS01,2,1,8,BUS2016H,BUS2016H,Actuarial Science I: Financial Mathematics,18,6,core,,,,,False,101
2025,COM,CB026BUS01,2,1,9,ECO2004S,ECO2004S,Macroeconomics II,18,6,core,,,,,False,101
2025,COM,CB026BUS01,2,1,10,FTX2024S,FTX2024S,Financial Management,18,6,core,,,,,False,101
2025,COM,CB026BUS01,2,1,11,STA2005S,STA2005S,Linear Models,24,6,core,,,,,False,101
2025,COM,CB026BUS01,3,1,1,BUS3018F,BUS3018F,Actuarial Science II: Models,18,7,core,,,,,False,101
2025,COM,CB026BUS01,3,1,2,STA3041F,STA3041F,Stochastic Processes & Time Series,36,7,core,,,,,False,101
2025,COM,CB026BUS01,3,1,3,STA3045F,STA3045F,Stochastic Processes and Distribution,36,7,core,,,,,False,101
2025,COM,CB026BUS01,3,1,4,BUS3024S,BUS3024S,Actuarial Science II: Contingencies,18,7,core,,,,,False,101
2025,COM,CB026BUS01,3,1,5,PHI2043S,PHI2043S,Business Ethics,18,6,core,,,,,False,101
2025,COM,CB026BUS01,3,1,6,STA3047S,STA3047S,Introduction to Machine Learning,6,7,core,,,,,False,101
2025,COM,CB026BUS01,3,1,7,STA3048S,STA3048S,Statistical Modelling and Bayesian Analysis,30,7,core,,,,,False,101
2025,COM,CB026BUS09,1,1,1,ACC1106F,ACC1106F,Financial Accounting,18,5,core,,,,,False,102
2025,COM,CB026BUS09,1,1,2,CSC1015F,CSC1015F,Computer Science 1015,18,5,core,,,,,False,102
2025,COM,CB026BUS09,1,1,3,DOC1103H,DOC1103H,Skills for Commerce,2,5,core,,,,,False,102
2025,COM,CB026BUS09,1,1,4,ECO1110F,ECO1110F,Microeconomics,18,5,core,,,,,False,102
2025,COM,CB026BUS09,1,1,5,MAM1031F,MAM1031F,Mathematics 131,18,5,core,,,,,False,102
2025,COM,CB026BUS09,1,1,6,MAM1032S,MAM1032S,Mathematics 132,18,5,core,,,,,False,102
2025,COM,CB026BUS09,1,1,7,BUS1003H,BUS1003H,Introduction to Financial Risk,18,5,core,,,,,False,102
2025,COM,CB026BUS09,1,1,8,ACC1111S,ACC1111S,Financial Reporting I,18,5,core,,,,,False,102
2025,COM,CB026BUS09,1,1,9,BUS1036S,BUS1036S,Evidence-based Management,18,5,core,,,,,False,102
2025,COM,CB026BUS09,1,1,10,ECO1011S,ECO1011S,Macroeconomics,18,5,core,,,,,False,102
2025,COM,CB026BUS09,1,1,11,STA1106H,STA1106H,Mathematical Statistics I,18,5,core,,,,,False,102
2025,COM,CB026BUS09,2,1,1,CML1001F,CML1001F,Business Law I,18,5,core,,,,,False,102
2025,COM,CB026BUS09,2,1,2,ECO2003F,ECO2003F,Microeconomics II,18,6,core,,,,,False,102
2025,COM,CB026BUS09,2,1,3,STA2004F,STA2004F,Statistical Theory & Inference,24,6,core,,,,,False,102
2025,COM,CB026BUS09,2,1,4,MAM2010F,MAM2010F,Advanced Calculus (2AC)*,12,6,core,,,,,False,102
2025,COM,CB026BUS09,2,1,5,MAM2011F,MAM2011F,Linear Algebra (2LA)*,12,6,core,,,,,False,102
2025,COM,CB026BUS09,2,1,6,MAM2012S,MAM2012S,Differential Equations (2DE),12,6,core,,,,,False,102
2025,COM,CB026BUS09,2,1,7,MAM2014S,MAM2014S,Real Analysis (2RA),12,6,core,,,,,False,102
2025,COM,CB026BUS09,2,1,8,BUS2016H,BUS2016H,Actuarial Science I: Financial Mathematics,18,6,core,,,,,False,102
2025,COM,CB026BUS09,2,1,9,ECO2004S,ECO2004S,Macroeconomics II,18,6,core,,,,,False,102
2025,COM,CB026BUS09,2,1,10,FTX2024S,FTX2024S,Financial Management,18,6,core,,,,,False,102
2025,COM,CB026BUS09,2,1,11,STA2005S,STA2005S,Linear Models,24,6,core,,,,,False,102
2025,COM,CB026BUS09,3,1,1,FTX3044F,FTX3044F,Investment Management A,18,7,core,,,,,False,102
2025,COM,CB026BUS09,3,1,2,STA3041F,STA3041F,Stochastic Processes & Time Series,36,7,core,,,,,False,102
2025,COM,CB026BUS09,3,1,3,STA3045F,STA3045F,Stochastic Processes and Distribution,36,7,core,,,,,False,102
2025,COM,CB026BUS09,3,1,4,BUS2033S,BUS2033S,Professional Communication,18,6,core,,,,,False,102
2025,COM,CB026BUS09,3,1,5,FTX3045S,FTX3045S,Investment Management B,18,7,core,,,,,False,102
2025,COM,CB026BUS09,3,1,6,PHI2043S,PHI2043S,Business Ethics,18,6,core,,,,,False,102
2025,COM,CB026BUS09,3,1,7,STA3047S,STA3047S,Introduction to Machine Learning,6,7,core,,,,,False,102
2025,COM,CB026BUS09,3,1,8,STA3048S,STA3048S,Statistical Modelling and Bayesian Analysis,30,7,core,,,,,False,102
2025,COM,CB023ACC08,1,1,1,ACC1106F,ACC1106F,Financial Accounting,18,5,core,,,,,False,103
2025,COM,CB023ACC08,1,1,2,ACC1015F,ACC1015F,Business Acumen for Accountants,15,5,core,,,,,False,103
2025,COM,CB023ACC08,1,1,3,DOC1103H,DOC1103H,Skills for Commerce,2,5,core,,,,,False,103
2025,COM,CB023ACC08,1,1,4,ECO1110F,ECO1110F,Microeconomics,18,5,core,,,,,False,103
2025,COM,CB023ACC08,1,1,5,MAM1110F,MAM1110F,Mathematics 1010,18,5,core,,,,,False,103
2025,COM,CB023ACC08,1,1,6,ACC1111S,ACC1111S,Financial Reporting I,18,5,core,,,,,False,103
2025,COM,CB023ACC08,1,1,7,ECO1011S,ECO1011S,Macroeconomics,18,5,core,,,,,False,103
2025,COM,CB023ACC08,1,1,8,INF1102S,INF1102S,Information Systems I,18,5,core,,,,,False,103
2025,COM,CB023ACC08,1,1,9,STA1100S,STA1100S,Introductory Statistics,18,5,core,,,,,False,103
2025,COM,CB023ACC08,1,1,10,CML1004S,CML1004S,Business Law I,18,5,core,,,,,False,103
2025,COM,CB023ACC08,2,1,1,ACC2022H,ACC2022H,Management Accounting I,18,6,core,,,,,False,103
2025,COM,CB023ACC08,2,1,2,FTX2024F,FTX2024F,Financial Management,18,6,core,,,,,False,103
2025,COM,CB023ACC08,2,1,3,INF2004F,INF2004F,Information Technology in Business,18,6,core,,,,,False,103
2025,COM,CB023ACC08,2,1,4,ACC2012W,ACC2012W,Financial Reporting II,36,6,core,,,,,False,103
2025,COM,CB023ACC08,2,1,5,ACC2018H,ACC2018H,"Governance, Audit and Assurance I",18,6,core,,,,,False,103
2025,COM,CB023ACC08,2,1,6,ACC2023H,ACC2023H,Taxation I,18,6,core,,,,,False,103
2025,COM,CB023ACC08,3,1,1,CML2001F,CML2001F,Company Law,18,6,core,,,,,False,103
2025,COM,CB023ACC08,3,1,2,PHI2043F,PHI2043F,Business Ethics,18,6,core,,,,,False,103
2025,COM,CB023ACC08,3,1,3,ACC3020W,ACC3020W,Financial Reporting & Analysis,36,7,core,,,,,False,103
2025,COM,CB023ACC08,3,1,4,ACC3004W,ACC3004W,Taxation II,32,7,core,,,,,False,103
2025,COM,CB023ACC08,3,1,5,ACC3022W,ACC3022W,"Governance, Audit and Assurance II",26,7,core,,,,,False,103
2025,COM,CB023ACC08,3,1,6,ACC3023W,ACC3023W,Management Accounting II,26,7,core,,,,,False,103
2025,COM,CB023ACC08,3,1,7,CML2010Z,CML2010Z,Business Law II,12,6,core,,,,,False,103
2025,COM,CB023ACC04,1,1,1,ACC1106F,ACC1106F,Financial Accounting,18,5,core,,,,,False,103
2025,COM,CB023ACC04,1,1,2,ACC1015F,ACC1015F,Business Acumen for Accountants,15,5,core,,,,,False,103
2025,COM,CB023ACC04,1,1,3,DOC1103H,DOC1103H,Skills for Commerce,2,5,core,,,,,False,103
2025,COM,CB023ACC04,1,1,4,ECO1110F,ECO1110F,Microeconomics,18,5,core,,,,,False,103
2025,COM,CB023ACC04,1,1,5,MAM1110F,MAM1110F,Mathematics 1010,18,5,core,,,,,False,103
2025,COM,CB023ACC04,1,1,6,ACC1111S,ACC1111S,Financial Reporting I,18,5,core,,,,,False,103
2025,COM,CB023ACC04,1,1,7,ECO1011S,ECO1011S,Macroeconomics,18,5,core,,,,,False,104
2025,COM,CB023ACC04,1,1,8,INF1102S,INF1102S,Information Systems I,18,5,core,,,,,False,104
2025,COM,CB023ACC04,1,1,9,STA1100S,STA1100S,Introductory Statistics,18,5,core,,,,,False,104
2025,COM,CB023ACC04,1,1,10,CML1004S,CML1004S,Business Law I*,18,5,core,,,,,False,104
2025,COM,CB023ACC04,2,1,1,ACC2022H,ACC2022H,Management Accounting I,18,6,core,,,,,False,104
2025,COM,CB023ACC04,2,1,2,FTX2024F,FTX2024F,Financial Management,18,6,core,,,,,False,104
2025,COM,CB023ACC04,2,1,3,INF2004F,INF2004F,Information Technology in Business,18,6,core,,,,,False,104
2025,COM,CB023ACC04,2,1,4,ACC2012W,ACC2012W,Financial Reporting II,36,6,core,,,,,False,104
2025,COM,CB023ACC04,2,1,5,ACC2018H,ACC2018H,"Governance, Audit and Assurance I",18,6,core,,,,,False,104
2025,COM,CB023ACC04,2,1,6,ACC2023H,ACC2023H,Taxation I,18,6,core,,,,,False,104
2025,COM,CB023ACC04,2,1,7,PHI2043F,PHI2043F,Business Ethics,18,6,core,,,,,False,104
2025,COM,CB023ACC04,3,1,1,CML2001F,CML2001F,Company Law,18,6,core,,,,,False,104
2025,COM,CB023ACC04,3,1,2,ACC3009W,ACC3009W,Financial Reporting III,36,7,core,,,,,False,104
2025,COM,CB023ACC04,3,1,3,ACC3004W,ACC3004W,Taxation II,32,7,core,,,,,False,104
2025,COM,CB023ACC04,3,1,4,ACC3022W,ACC3022W,"Governance, Audit and Assurance II",26,7,core,,,,,False,104
2025,COM,CB023ACC04,3,1,5,ACC3001F,ACC3001F,Business Analysis & Governance I,13,7,core,,,,,False,104
2025,COM,CB023ACC04,3,1,6,ACC3002S,ACC3002S,Business Analysis & Governance II,11,7,core,,,,,False,104
2025,COM,CB023ACC04,3,1,7,ACC3023W,ACC3023W,Management Accounting II,26,7,core,,,,,False,104
2025,COM,CB023ACC04,3,1,8,CML2010Z,CML2010Z,Business Law II,12,6,core,,,,,False,104
2025,COM,CB023PHI03,1,1,1,ACC1021F,ACC1021F,Accounting for Business I,15,5,core,,,,,False,104
2025,COM,CB023PHI03,1,1,2,ACC1022Z,ACC1022Z,Accounting for Business II,9,5,core,,,,,False,104
2025,COM,CB023PHI03,1,1,3,DOC1103H,DOC1103H,Skills for Commerce,2,5,core,,,,,False,104
2025,COM,CB023PHI03,1,1,4,ECO1110F,ECO1110F,Microeconomics,18,5,core,,,,,False,104
2025,COM,CB023PHI03,1,1,5,PHI1024F,PHI1024F,Introduction to Philosophy,18,5,core,,,,,False,104
2025,COM,CB023PHI03,1,1,6,POL1004F,POL1004F,Introduction to Politics,18,5,core,,,,,False,104
2025,COM,CB023PHI03,1,1,7,ECO1011S,ECO1011S,Macroeconomics,18,5,core,,,,,False,104
2025,COM,CB023PHI03,1,1,8,MAM1110F,MAM1110F,Mathematics 1010,18,5,core,,,,,False,104
2025,COM,CB023PHI03,1,1,9,POL1005S,POL1005S,Introduction to Politics B,18,5,core,,,,,False,104
2025,COM,CB023PHI03,2,1,1,ECO2003F,ECO2003F,Business Law I,18,6,core,,,,,False,105
2025,COM,CB023PHI03,2,1,2,ECO2004S,ECO2004S,Macroeconomics II,18,6,core,,,,,False,105
2025,COM,CB023PHI03,2,1,3,ECO2007S,ECO2007S,Co-operation and Competition,18,6,core,,,,,False,105
2025,COM,CB023PHI03,2,1,4,INF1102S,INF1102S,Foundations for Information Systems,18,5,core,,,,,False,105
2025,COM,CB023PHI03,2,1,5,PHI1010S,PHI1010S,Ethics,18,5,core,,,,,False,105
2025,COM,CB023PHI03,2,1,6,STA1000F,STA1000F,Introductory Statistics,18,5,core,,,,,False,105
2025,COM,CB023PHI03,2,1,7,,,Plus 2 NQF Level 6 courses from:,,6,elective,,,,,False,105
2025,COM,CB023PHI03,2,1,8,PHI2042F,PHI2042F,Political Philosophy,24,6,core,,,,,False,105
2025,COM,CB023PHI03,2,1,9,PHI2041S,PHI2041S,Great Philosophers,24,6,core,,,,,False,105
2025,COM,CB023PHI03,2,1,10,,,Plus 2 NQF Level 6 courses from,,6,elective,,,,,False,105
2025,COM,CB023PHI03,2,1,11,POL2042S,POL2042S,Comparative Public Institutions,24,6,core,,,,,False,105
2025,COM,CB023PHI03,2,1,12,POL2043S,POL2043S,South African Politics,24,6,core,,,,,False,105
2025,COM,CB023PHI03,2,1,13,POL2038F,POL2038F,Comparative Politics,24,6,core,,,,,False,105
2025,COM,CB023PHI03,2,1,14,POL2039F,POL2039F,The Politics of International Economics Relations,24,6,core,,,,,False,105
2025,COM,CB023PHI03,3,1,1,ECO3020F,ECO3020F,Advanced Macro & Microeconomics,18,7,core,,,,,False,105
2025,COM,CB023PHI03,3,1,2,ECO3025S,ECO3025S,Applied International Trade Bargaining,18,7,core,,,,,False,105
2025,COM,CB023PHI03,3,1,3,,,Plus 1 NQF Level 7 ECO course*,18,7,elective,,,,,False,105
2025,COM,CB023PHI03,3,1,4,,,Plus 2 NQF Level 7 courses from:**,,7,elective,,,,,False,105
2025,COM,CB023PHI03,3,1,5,PHI3023F,PHI3023F,Philosophy of Language,30,7,core,,,,,False,105
2025,COM,CB023PHI03,3,1,6,PHI3024S,PHI3024S,Metaphysics and Epistemology,30,7,core,,,,,False,105
2025,COM,CB023PHI03,3,1,7,POL3030F,POL3030F,Conflict in World Politics,30,7,core,,,,,False,105
2025,COM,CB023PHI03,3,1,8,POL3046S,POL3046S,South African Political Thought,30,7,core,,,,,False,105
2025,COM,CB023PHI03,3,1,9,POL3029F,POL3029F,Politics of Africa and the Global South,30,7,core,,,,,False,105
2025,COM,CB023PHI03,3,1,10,,,Plus 1 NQF Level 7 POL3000 course,,7,elective,,,,,False,105
2025,COM,CB023PHI03,3,1,11,,,"Plus 2 courses from the list below, 1 of which must be at NQF Level",7,,elective,,,,,False,105
2025,COM,CB023PHI03,3,1,12,ECO2008S,ECO2008S,Development Economics,18,6,core,,,,,False,105
2025,COM,CB023ECO02,1,1,1,ACC1021F,ACC1021F,Accounting for Business I,15,5,core,,,,,False,106
2025,COM,CB023ECO02,1,1,2,ACC1022Z,ACC1022Z,Accounting for Business II,9,5,core,,,,,False,106
2025,COM,CB023ECO02,1,1,3,DOC1103H,DOC1103H,Skills for Commerce,2,5,core,,,,,False,106
2025,COM,CB023ECO02,1,1,4,ECO1110F,ECO1110F,Microeconomics,18,5,core,,,,,False,106
2025,COM,CB023ECO02,1,1,5,MAM1110F,MAM1110F,Mathematics 1010,18,5,core,,,,,False,106
2025,COM,CB023ECO02,1,1,6,INF1102F,INF1102F,Foundations of Information Systems,18,5,core,,,,,False,106
2025,COM,CB023ECO02,1,1,7,ECO1011S,ECO1011S,Macroeconomics,18,5,core,,,,,False,106
2025,COM,CB023ECO02,1,1,8,MAM1112S,MAM1112S,Mathematics 1012,18,5,core,,,,,False,106
2025,COM,CB023ECO02,1,1,9,STA1100S,STA1100S,Introductory Statistics,18,5,core,,,,,False,106
2025,COM,CB023ECO02,2,1,1,CML1001F,CML1001F,Business Law I,18,5,core,,,,,False,106
2025,COM,CB023ECO02,2,1,2,ECO2003F,ECO2003F,Microeconomics II,18,6,core,,,,,False,106
2025,COM,CB023ECO02,2,1,3,STA2020F/S,STA2020F,Applied Statistics,24,6,core,,,,,False,106
2025,COM,CB023ECO02,2,1,4,ECO2004S,ECO2004S,Macroeconomics II,18,6,core,,,,,False,106
2025,COM,CB023ECO02,2,1,5,ECO2007S,ECO2007S,Co-operation and Competition,18,6,core,,,,,False,106
2025,COM,CB023ECO02,2,1,6,FTX2024S,FTX2024S,Financial Management,18,6,core,,,,,False,106
2025,COM,CB023ECO02,2,1,7,,,Plus ECO2008S and 1 NQF level 6 course or 2 NQF level 6 courses,18,6,elective,,,,,True,106
2025,COM,CB023ECO02,3,1,1,ECO3020F,ECO3020F,Advanced Macro & Microeconomics,18,7,core,,,,,False,106
2025,COM,CB023ECO02,3,1,2,FTX3044F,FTX3044F,Investment Management A,18,7,core,,,,,False,106
2025,COM,CB023ECO02,3,1,3,ECO3021S,ECO3021S,Quantitative Methods in Economics,18,7,core,,,,,False,106
2025,COM,CB023ECO02,3,1,4,FTX3045S,FTX3045S,Investment Management B,18,7,core,,,,,False,106
2025,COM,CB023ECO02,3,1,5,PHI2043S,PHI2043S,Business Ethics,18,6,core,,,,,False,106
2025,COM,CB023ECO02,3,1,6,,,Plus 2 NQF Level 7 courses from:,,7,elective,,,,,False,106
2025,COM,CB023ECO02,3,1,7,ECO3009F,ECO3009F,Natural Resource Economics,18,7,core,,,,,False,106
2025,COM,CB023ECO02,3,1,8,ECO3016F,ECO3016F,History of Economic Thought,18,7,core,,,,,False,106
2025,COM,CB023ECO02,3,1,9,ECO3024F,ECO3024F,International Trade and Finance,18,7,core,,,,,False,106
2025,COM,CB023ECO02,3,1,10,ECO3022S,ECO3022S,Advanced Labour Economics,18,7,core,,,,,False,106
2025,COM,CB023ECO02,3,1,11,ECO3023S,ECO3023S,Public Sector Economics,18,7,core,,,,,False,106
2025,COM,CB023ECO02,3,1,12,ECO3025S,ECO3025S,Applied International Trade Bargaining,18,7,core,,,,,False,106
2025,COM,CB023ECO02,3,1,13,,,Plus one NQF Level 7 course,18,7,elective,,,,,True,106
2025,COM,CB023ECO04,1,1,1,ACC1021F,ACC1021F,Accounting for Business I,15,5,core,,,,,False,107
2025,COM,CB023ECO04,1,1,2,ACC1022Z,ACC1022Z,Accounting for Business II,9,5,core,,,,,False,107
2025,COM,CB023ECO04,1,1,3,DOC1103H,DOC1103H,Skills for Commerce,2,5,core,,,,,False,107
2025,COM,CB023ECO04,1,1,4,ECO1110F,ECO1110F,Microeconomics,18,5,core,,,,,False,107
2025,COM,CB023ECO04,1,1,5,INF1102F/S,INF1102F,Foundations of Information Systems,18,5,option,Y1G1,1,1,,False,107
2025,COM,CB023ECO04,1,1,6,CSC1015F,CSC1015F,Computer Science 1015***,18,5,option,Y1G1,2,1,,False,107
2025,COM,CB023ECO04,1,1,7,ECO1011S,ECO1011S,Macroeconomics,18,5,core,,,,,False,107
2025,COM,CB023ECO04,1,1,8,MAM1110F,MAM1110F,Mathematics 1010,18,5,core,,,,,False,107
2025,COM,CB023ECO04,1,1,9,MAM1112S,MAM1112S,Mathematics 1012,18,5,option,Y1G2,1,1,,False,107
2025,COM,CB023ECO04,1,1,10,MAM1031F,MAM1031F,Mathematics 131***,18,5,option,Y1G2,2,1,,False,107
2025,COM,CB023ECO04,1,1,11,MAM1032S,MAM1032S,Mathematics I32***,18,5,option,Y1G2,2,1,,False,107
2025,COM,CB023ECO04,1,1,12,STA1100S,STA1100S,Introductory Statistics,18,5,option,Y1G3,1,1,,False,107
2025,COM,CB023ECO04,1,1,13,STA1106H,STA1106H,Mathematical Statistics I*,18,5,option,Y1G3,2,1,,False,107
2025,COM,CB023ECO04,2,1,1,CML1001F,CML1001F,Business Law I,18,5,core,,,,,False,107
2025,COM,CB023ECO04,2,1,2,ECO2003F,ECO2003F,Microeconomics II,18,6,core,,,,,False,107
2025,COM,CB023ECO04,2,1,3,ECO2004S,ECO2004S,Macroeconomics II,18,6,core,,,,,False,107
2025,COM,CB023ECO04,2,1,4,ECO2007S,ECO2007S,Co-operation and Competition,18,6,core,,,,,False,107
2025,COM,CB023ECO04,2,1,5,PHI2043S,PHI2043S,Business Ethics,18,6,core,,,,,False,107
2025,COM,CB023ECO04,2,1,6,STA2004F,STA2004F,Statistical Theory & Inference,24,6,core,,,,,False,107
2025,COM,CB023ECO04,2,1,7,STA2005S,STA2005S,Linear Models,24,6,core,,,,,False,107
2025,COM,CB023ECO04,2,1,8,STA2020F/S,STA2020F,Applied Statistics,24,6,core,,,,,False,107
2025,COM,CB023ECO04,2,1,9,STA2030S,STA2030S,Theory of Statistics,24,6,core,,,,,False,107
2025,COM,CB023ECO04,2,1,10,,,Plus ECO2008S or 1 NQF level 6 course ................................ 18+ 6,,6,elective,,,,,False,107
2025,COM,CB023ECO04,3,1,1,ECO3020F,ECO3020F,Advanced Macro & Microeconomics,18,7,core,,,,,False,107
2025,COM,CB023ECO04,3,1,2,FTX2020F,FTX2020F,Business Finance,18,6,option,Y3G1,1,1,,False,107
2025,COM,CB023ECO04,3,1,3,FTX2024S,FTX2024S,Financial Management,18,6,option,Y3G1,2,1,,False,107
2025,COM,CB023ECO04,3,1,4,ECO3021S,ECO3021S,Quantitative Methods in Economics,18,7,core,,,,,False,107
2025,COM,CB023ECO04,3,1,5,STA3041F,STA3041F,Stochastic Processes & Time Series,36,7,option,Y3G2,1,1,Mathematical Statistics Option,False,107
2025,COM,CB023ECO04,3,1,6,STA3043S,STA3043S,"Statistical Modelling, Machine Learning & Bayesian Analysis",36,7,option,Y3G2,1,1,Mathematical Statistics Option,False,107
2025,COM,CB023ECO04,3,1,7,STA3030F,STA3030F,Statistical Inference & Modelling,36,7,option,Y3G3,1,1,OR Applied Statistics Option,False,107
2025,COM,CB023ECO04,3,1,8,STA3036S,STA3036S,Operational Research Techniques,36,7,option,Y3G3,1,1,OR Applied Statistics Option,False,108
2025,COM,CB023ECO04,3,1,9,ECO3009F,ECO3009F,Natural Resource Economics,18,7,option,Y3G4,1,2,pick 2 from menu,False,108
2025,COM,CB023ECO04,3,1,10,ECO3016F,ECO3016F,History of Economic Thought,18,7,option,Y3G4,2,2,pick 2 from menu,False,108
2025,COM,CB023ECO04,3,1,11,ECO3024F,ECO3024F,International Trade and Finance,18,7,option,Y3G4,3,2,pick 2 from menu,False,108
2025,COM,CB023ECO04,3,1,12,ECO3022S,ECO3022S,Advanced Labour Economics,18,7,option,Y3G4,4,2,pick 2 from menu,False,108
2025,COM,CB023ECO04,3,1,13,ECO3023S,ECO3023S,Public Sector Economics,18,7,option,Y3G4,5,2,pick 2 from menu,False,108
2025,COM,CB023ECO04,3,1,14,ECO3025S,ECO3025S,Applied International Trade Bargaining,18,7,option,Y3G4,6,2,pick 2 from menu,False,108
2025,COM,CB023ECO03,1,1,1,ACC1021F,ACC1021F,Accounting for Business I,15,5,core,,,,,False,108
2025,COM,CB023ECO03,1,1,2,ACC1022Z,ACC1022Z,Accounting for Business II,9,5,core,,,,,False,108
2025,COM,CB023ECO03,1,1,3,ECO1110F,ECO1110F,Microeconomics,18,5,core,,,,,False,108
2025,COM,CB023ECO03,1,1,4,DOC1103H,DOC1103H,Skills for Commerce,2,5,core,,,,,False,108
2025,COM,CB023ECO03,1,1,5,MAM1110F,MAM1110F,Mathematics 1010,18,5,core,,,,,False,108
2025,COM,CB023ECO03,1,1,6,ECO1011S,ECO1011S,Macroeconomics,18,5,core,,,,,False,108
2025,COM,CB023ECO03,1,1,7,INF1102F,INF1102F,Foundations of Information Systems,18,5,core,,,,,False,108
2025,COM,CB023ECO03,1,1,8,MAM1112S,MAM1112S,Mathematics 1012,18,5,core,,,,,False,108
2025,COM,CB023ECO03,1,1,9,STA1100S,STA1100S,Introductory Statistics,18,5,core,,,,,False,108
2025,COM,CB023ECO03,2,1,1,ECO2003F,ECO2003F,Microeconomics II,18,6,core,,,,,False,108
2025,COM,CB023ECO03,2,1,2,PVL1003W,PVL1003W,Foundations of South African Law**,36,5,core,,,,,False,108
2025,COM,CB023ECO03,2,1,3,PVL1004F,PVL1004F,South African Private Law: System and Context**,18,5,core,,,,,False,108
2025,COM,CB023ECO03,2,1,4,PVL1008H,PVL1008H,Law of Persons and Family**,18,5,core,,,,,False,108
2025,COM,CB023ECO03,2,1,5,ECO2004S,ECO2004S,Macroeconomics II,18,6,core,,,,,False,108
2025,COM,CB023ECO03,2,1,6,ECO2007S,ECO2007S,Co-operation and Competition,18,6,core,,,,,False,108
2025,COM,CB023ECO03,2,1,7,PHI2043S,PHI2043S,Business Ethics,18,6,core,,,,,False,108
2025,COM,CB023ECO03,2,1,8,,,Plus 1 NQF level 5 or 6 course,18,5,elective,,,,,True,108
2025,COM,CB023ECO03,3,1,1,ECO3020F,ECO3020F,Advanced Macro & Microeconomics,18,7,core,,,,,False,108
2025,COM,CB023ECO03,3,1,2,PBL2000W,PBL2000W,Constitutional Law,36,7,core,,,,,False,108
2025,COM,CB023ECO03,3,1,3,PVL2002H,PVL2002H,Law of Property,18,6,core,,,,,False,108
2025,COM,CB023ECO03,3,1,4,PVL2003H,PVL2003H,Law of Succession,18,7,core,,,,,False,108
2025,COM,CB023ECO03,3,1,5,ECO3025S,ECO3025S,Applied International Trade Bargaining,18,7,option,Y3G1,1,1,,False,108
2025,COM,CB023ECO03,3,1,6,ECO3021S,ECO3021S,Quantitative Methods in Economics,18,7,option,Y3G1,2,1,,False,108
2025,COM,CB023ECO03,3,1,7,,,Plus 2 NQF level 7 courses from:,,7,elective,,,,,False,108
2025,COM,CB023ECO03,3,1,8,ECO3009F,ECO3009F,Natural Resource Economics,18,7,core,,,,,False,108
2025,COM,CB023ECO03,3,1,9,ECO3016F,ECO3016F,History of Economic Thought,18,7,core,,,,,False,109
2025,COM,CB023ECO03,3,1,10,ECO3024F,ECO3024F,International Trade and Finance,18,7,core,,,,,False,109
2025,COM,CB023ECO03,3,1,11,ECO3021S,ECO3021S,Quantitative Methods in Economics,18,7,option,Y3G2,1,1,,False,109
2025,COM,CB023ECO03,3,1,12,ECO3025S,ECO3025S,Applied International Trade Bargaining,18,7,option,Y3G2,2,1,,False,109
2025,COM,CB023ECO03,3,1,13,ECO3022S,ECO3022S,Advanced Labour Economics,18,7,core,,,,,False,109
2025,COM,CB023ECO03,3,1,14,ECO3023S,ECO3023S,Public Sector Economics,18,7,core,,,,,False,109
2025,COM,CB023INF01,1,1,1,ACC1021F,ACC1021F,Accounting for Business I,15,5,core,,,,,False,109
2025,COM,CB023INF01,1,1,2,ACC1022Z,ACC1022Z,Accounting for Business II,9,5,core,,,,,False,109
2025,COM,CB023INF01,1,1,3,INF1102F/S,INF1102F,Foundations of Information Systems *,18,5,option,Y1G1,1,1,,False,109
2025,COM,CB023INF01,1,1,4,CSC1015F,CSC1015F,Computer Science 1015*,18,5,option,Y1G1,2,1,,False,109
2025,COM,CB023INF01,1,1,5,DOC1103H,DOC1103H,Skills for Commerce,2,5,core,,,,,False,109
2025,COM,CB023INF01,1,1,6,ECO1110F,ECO1110F,Microeconomics,18,5,core,,,,,False,109
2025,COM,CB023INF01,1,1,7,MAM1110F/S,MAM1110F,Mathematics 1010,18,5,core,,,,,False,109
2025,COM,CB023INF01,1,1,8,BUS1036S,BUS1036S,Evidence-based Management,18,5,core,,,,,False,109
2025,COM,CB023INF01,1,1,9,ECO1011S,ECO1011S,Macroeconomics,18,5,core,,,,,False,109
2025,COM,CB023INF01,1,1,10,CML1004S,CML1004S,Business Law I,18,5,core,,,,,False,109
2025,COM,CB023INF01,2,1,1,INF1003F,INF1003F,Commercial Programming*,18,5,core,,,,,False,109
2025,COM,CB023INF01,2,1,2,INF2007F,INF2007F,Applying Database Principles,12,6,core,,,,,False,109
2025,COM,CB023INF01,2,1,3,INF2006F,INF2006F,Business Intelligence and Analytics,6,6,core,,,,,False,109
2025,COM,CB023INF01,2,1,4,INF2009F,INF2009F,Systems Analysis,18,6,core,,,,,False,109
2025,COM,CB023INF01,2,1,5,INF2010S,INF2010S,IT Architecture,18,7,core,,,,,False,109
2025,COM,CB023INF01,2,1,6,INF2011S,INF2011S,Systems Design & Development,18,7,core,,,,,False,109
2025,COM,CB023INF01,2,1,7,BUS2010F/S,BUS2010F,Marketing,18,6,core,,,,,False,109
2025,COM,CB023INF01,2,1,8,STA1100S,STA1100S,Introductory Statistics,18,5,core,,,,,False,109
2025,COM,CB023INF01,2,1,9,,,Plus 1 approved course**........................................................... 18 5 or 6,,,elective,,,,,False,109
2025,COM,CB023INF01,3,1,1,BUS2033F/S,BUS2033F,Professional Communication,18,6,core,,,,,False,109
2025,COM,CB023INF01,3,1,2,INF3014F,INF3014F,Electronic Commerce,18,7,core,,,,,False,109
2025,COM,CB023INF01,3,1,3,INF3003W,INF3003W,Systems Development Project I,48,7,core,,,,,False,109
2025,COM,CB023INF01,3,1,4,PHI2043S,PHI2043S,Business Ethics,18,6,core,,,,,False,109
2025,COM,CB023INF01,3,1,5,INF3012S,INF3012S,BPM & Enterprise Systems,18,7,core,,,,,False,109
2025,COM,CB023INF01,3,1,6,,,Plus 2 approved courses**,36,6,elective,,,,,False,109
2025,COM,CB023INF06,1,1,1,ACC1021F,ACC1021F,Accounting for Business I,15,5,core,,,,,False,110
2025,COM,CB023INF06,1,1,2,ACC1022Z,ACC1022Z,Accounting for Business II,9,5,core,,,,,False,110
2025,COM,CB023INF06,1,1,3,CSC1015F,CSC1015F,Computer Science 1015,18,5,core,,,,,False,110
2025,COM,CB023INF06,1,1,4,DOC1103H,DOC1103H,Skills for Commerce,2,5,core,,,,,False,110
2025,COM,CB023INF06,1,1,5,ECO1110F,ECO1110F,Microeconomics,18,5,core,,,,,False,110
2025,COM,CB023INF06,1,1,6,MAM1110F,MAM1110F,Mathematics 1010,18,5,core,,,,,False,110
2025,COM,CB023INF06,1,1,7,MAM1112S,MAM1112S,Mathematics 1012,18,5,option,Y1G1,1,1,,False,110
2025,COM,CB023INF06,1,1,8,MAM1031F,MAM1031F,Mathematics 131,18,5,option,Y1G1,2,1,,False,110
2025,COM,CB023INF06,1,1,9,MAM1032S,MAM1032S,Mathematics 132,18,5,core,,,,,False,110
2025,COM,CB023INF06,1,1,10,ECO1011S,ECO1011S,Macroeconomics,18,5,core,,,,,False,110
2025,COM,CB023INF06,1,1,11,CSC1016S,CSC1016S,Computer Science 1016,18,5,core,,,,,False,110
2025,COM,CB023INF06,2,1,1,BUS1036F,BUS1036F,Evidence-based Management,18,5,core,,,,,False,110
2025,COM,CB023INF06,2,1,2,CML1001F,CML1001F,Business Law I,18,5,core,,,,,False,110
2025,COM,CB023INF06,2,1,3,CSC2001F,CSC2001F,Computer Science 2001,24,6,core,,,,,False,110
2025,COM,CB023INF06,2,1,4,INF2006F,INF2006F,Business Intelligence and Analytics,6,6,core,,,,,False,110
2025,COM,CB023INF06,2,1,5,INF2009F,INF2009F,Systems Analysis,18,6,core,,,,,False,110
2025,COM,CB023INF06,2,1,6,CSC2002S,CSC2002S,Computer Science 2002,24,6,core,,,,,False,110
2025,COM,CB023INF06,2,1,7,INF2011S,INF2011S,Systems Design & Development,18,7,core,,,,,False,110
2025,COM,CB023INF06,2,1,8,PHI2043S,PHI2043S,Business Ethics,18,6,core,,,,,False,111
2025,COM,CB023INF06,2,1,9,STA1100S,STA1100S,Introductory Statistics,18,5,core,,,,,False,111
2025,COM,CB023INF06,2,1,10,CSC2004Z,CSC2004Z,Programming Assessment,0,6,core,,,,,False,111
2025,COM,CB023INF06,3,1,1,CSC3002F,CSC3002F,Computer Science 3002,36,7,core,,,,,False,111
2025,COM,CB023INF06,3,1,2,INF3011F,INF3011F,IT Project Management,18,7,core,,,,,False,111
2025,COM,CB023INF06,3,1,3,INF3014F,INF3014F,Electronic Commerce,18,7,core,,,,,False,111
2025,COM,CB023INF06,3,1,4,BUS2033F/S,BUS2033F,Professional Communication,18,6,core,,,,,False,111
2025,COM,CB023INF06,3,1,5,CSC3003S,CSC3003S,Computer Science 3003,36,7,core,,,,,False,111
2025,COM,CB023INF06,3,1,6,INF3012S,INF3012S,BPM & Enterprise Systems,18,7,core,,,,,False,111
2025,COM,CB023INF11,1,1,1,ACC1021F,ACC1021F,Accounting for Business I,15,5,core,,,,,False,111
2025,COM,CB023INF11,1,1,2,ACC1022Z,ACC1022Z,Accounting for Business II,9,5,core,,,,,False,111
2025,COM,CB023INF11,1,1,3,INF1102F/S,INF1102F,Foundations of Information Systems *,18,5,option,Y1G1,1,1,,False,111
2025,COM,CB023INF11,1,1,4,CSC1015F,CSC1015F,Computer Science 1015**,18,5,option,Y1G1,2,1,,False,111
2025,COM,CB023INF11,1,1,5,DOC1103H,DOC1103H,Skills for Commerce,2,5,core,,,,,False,111
2025,COM,CB023INF11,1,1,6,ECO1110F,ECO1110F,Microeconomics,18,5,core,,,,,False,111
2025,COM,CB023INF11,1,1,7,MAM1110F,MAM1110F,Mathematics 1010,18,5,core,,,,,False,111
2025,COM,CB023INF11,1,1,8,BUS1036S,BUS1036S,Evidence-based Management,18,5,core,,,,,False,111
2025,COM,CB023INF11,1,1,9,ECO1011S,ECO1011S,Macroeconomics,18,5,core,,,,,False,111
2025,COM,CB023INF11,1,1,10,STA1100S,STA1100S,Introductory Statistics,18,5,core,,,,,False,111
2025,COM,CB023INF11,1,1,11,MAM1112S,MAM1112S,Mathematics 1012,18,5,core,,,,,False,111
2025,COM,CB023INF11,2,1,1,INF1003F,INF1003F,Commercial Programming**,18,5,core,,,,,False,111
2025,COM,CB023INF11,2,1,2,INF2007F,INF2007F,Applying Database Principles,12,6,core,,,,,False,111
2025,COM,CB023INF11,2,1,3,INF2006F,INF2006F,Business Intelligence and Analytics,6,6,core,,,,,False,111
2025,COM,CB023INF11,2,1,4,INF2009F,INF2009F,Systems Analysis,18,6,core,,,,,False,111
2025,COM,CB023INF11,2,1,5,INF2010S,INF2010S,IT Architecture,18,7,core,,,,,False,111
2025,COM,CB023INF11,2,1,6,INF2011S,INF2011S,Systems Design & Development,18,7,core,,,,,False,111
2025,COM,CB023INF11,2,1,7,FTX2024F,FTX2024F,Financial Management,18,6,core,,,,,False,111
2025,COM,CB023INF11,2,1,8,ECO2003F,ECO2003F,Microeconomics II,18,6,core,,,,,False,111
2025,COM,CB023INF11,2,1,9,ECO2004S,ECO2004S,Macroeconomics II,18,6,core,,,,,False,111
2025,COM,CB023INF11,2,1,10,CML1004S,CML1004S,Business Law I,18,5,core,,,,,False,111
2025,COM,CB023INF11,3,1,1,BUS2033F/S,BUS2033F,Professional Communication,18,6,core,,,,,False,112
2025,COM,CB023INF11,3,1,2,STA2020F,STA2020F,Applied Statistics,24,6,core,,,,,False,112
2025,COM,CB023INF11,3,1,3,INF3014F,INF3014F,Electronic Commerce,18,7,core,,,,,False,112
2025,COM,CB023INF11,3,1,4,INF3011F,INF3011F,IT Project Management,18,7,core,,,,,False,112
2025,COM,CB023INF11,3,1,5,FTX3044F,FTX3044F,Investment Management A,18,7,core,,,,,False,112
2025,COM,CB023INF11,3,1,6,FTX3045S,FTX3045S,Investment Management B,18,7,core,,,,,False,112
2025,COM,CB023INF11,3,1,7,PHI2043S,PHI2043S,Business Ethics,18,6,core,,,,,False,112
2025,COM,CB023INF11,3,1,8,INF3012S,INF3012S,BPM & Enterprise Systems,18,7,core,,,,,False,112
2025,COM,CB023BUS06,1,1,1,ACC1021F,ACC1021F,Accounting for Business I,15,5,core,,,,,False,112
2025,COM,CB023BUS06,1,1,2,ACC1022Z,ACC1022Z,Accounting for Business II,9,5,core,,,,,False,112
2025,COM,CB023BUS06,1,1,3,DOC1103H,DOC1103H,Skills for Commerce,2,5,core,,,,,False,112
2025,COM,CB023BUS06,1,1,4,ECO1110F,ECO1110F,Microeconomics,18,5,core,,,,,False,112
2025,COM,CB023BUS06,1,1,5,INF1102F,INF1102F,Foundations of Information Systems,18,5,option,Y1G1,1,1,,False,112
2025,COM,CB023BUS06,1,1,6,CSC1015F,CSC1015F,Computer Science 1015,18,5,option,Y1G1,2,1,,False,112
2025,COM,CB023BUS06,1,1,7,MAM1110F,MAM1110F,Mathematics 1010,18,5,core,,,,,False,112
2025,COM,CB023BUS06,1,1,8,BUS1036S,BUS1036S,Evidence-based Management,18,5,core,,,,,False,112
2025,COM,CB023BUS06,1,1,9,ECO1011S,ECO1011S,Macroeconomics,18,5,core,,,,,False,112
2025,COM,CB023BUS06,1,1,10,STA1100S,STA1100S,Introductory Statistics,18,5,core,,,,,False,112
2025,COM,CB023BUS06,1,1,11,,,PLUS one elective at 1st year level,,1,elective,,,,,False,112
2025,COM,CB023BUS06,2,1,1,BUS2010F/S,BUS2010F,Marketing I,18,6,option,Y2G1,1,1,,False,112
2025,COM,CB023BUS06,2,1,2,BUS2033F/S,BUS2033F,Professional Communication,18,6,option,Y2G1,2,1,,False,112
2025,COM,CB023BUS06,2,1,3,FTX2020F,FTX2020F,Business Finance,18,6,option,Y2G2,1,1,,False,112
2025,COM,CB023BUS06,2,1,4,FTX2024F/S,FTX2024F,Financial Management,18,6,option,Y2G2,2,1,,False,112
2025,COM,CB023BUS06,2,1,5,PHI2043F/S,PHI2043F,Business Ethics,18,6,core,,,,,False,112
2025,COM,CB023BUS06,2,1,6,CML1001F,CML1001F,Business Law I,18,5,option,Y2G3,1,1,,False,112
2025,COM,CB023BUS06,2,1,7,CML1004S,CML1004S,Business Law I,18,5,option,Y2G3,2,1,,False,112
2025,COM,CB023BUS06,2,1,8,,,PLUS 4 electives at NQF level 6,72,6,elective,,,,,False,112
2025,COM,CB023BUS06,3,1,1,,,Any NQF level 7 electives for which students meet the prerequisites totalling a,120,7,elective,,,,,True,113
2025,COM,CB020BUS01,1,1,1,ACC1106F,ACC1106F,Financial Accounting,18,5,core,,,,,False,115
2025,COM,CB020BUS01,1,1,2,DOC1103H,DOC1103H,Skills for Commerce,2,5,core,,,,,False,115
2025,COM,CB020BUS01,1,1,3,ECO1110F,ECO1110F,Microeconomics,18,5,core,,,,,False,115
2025,COM,CB020BUS01,1,1,4,CSC1010H,CSC1010H,Computer Science 1010,18,5,core,,,,,False,115
2025,COM,CB020BUS01,1,1,5,MAM1005H,MAM1005H,Mathematics 1005,18,5,core,,,,,False,115
2025,COM,CB020BUS01,1,1,6,ACC1111S,ACC1111S,Financial Reporting I,18,5,core,,,,,False,115
2025,COM,CB020BUS01,1,1,7,ECO1011S,ECO1011S,Macroeconomics,18,5,core,,,,,False,115
2025,COM,CB020BUS01,2,1,1,BUS1036S,BUS1036S,Evidence-based Management,18,5,core,,,,,False,116
2025,COM,CB020BUS01,2,1,2,ECO2003F,ECO2003F,Microeconomics II,18,6,core,,,,,False,116
2025,COM,CB020BUS01,2,1,3,BUS1003H,BUS1003H,Introduction to Financial Risk,18,5,core,,,,,False,116
2025,COM,CB020BUS01,2,1,4,MAM1006H,MAM1006H,Mathematics 1006,18,5,core,,,,,False,116
2025,COM,CB020BUS01,2,1,5,ECO2004S,ECO2004S,Macroeconomics II,18,6,core,,,,,False,116
2025,COM,CB020BUS01,2,1,6,STA1106H,STA1106H,Mathematical Statistics I,18,5,core,,,,,False,116
2025,COM,CB020BUS01,3,1,1,CML1001F,CML1001F,Business Law I,18,5,core,,,,,False,116
2025,COM,CB020BUS01,3,1,2,STA2004F,STA2004F,Statistical Theory & Inference,24,6,core,,,,,False,116
2025,COM,CB020BUS01,3,1,3,MAM2010F,MAM2010F,Advanced Calculus (2AC)*,12,6,core,,,,,False,116
2025,COM,CB020BUS01,3,1,4,MAM2011F,MAM2011F,Linear Algebra (2LA)*,12,6,core,,,,,False,116
2025,COM,CB020BUS01,3,1,5,MAM2012S,MAM2012S,Differential Equations (2DE),12,6,core,,,,,False,116
2025,COM,CB020BUS01,3,1,6,MAM2014S,MAM2014S,Real Analysis (2RA),12,6,core,,,,,False,116
2025,COM,CB020BUS01,3,1,7,BUS2016H,BUS2016H,Actuarial Science I: Financial Mathematics,18,7,core,,,,,False,116
2025,COM,CB020BUS01,3,1,8,FTX2024S,FTX2024S,Financial Management,18,6,core,,,,,False,116
2025,COM,CB020BUS01,3,1,9,STA2005S,STA2005S,Linear Models,24,6,core,,,,,False,116
2025,COM,CB020BUS01,4,1,1,BUS3018F,BUS3018F,Actuarial Science II: Models,18,7,core,,,,,False,116
2025,COM,CB020BUS01,4,1,2,STA3041F,STA3041F,Stochastic Processes & Time Series,36,7,core,,,,,False,116
2025,COM,CB020BUS01,4,1,3,STA3045F,STA3045F,Stochastic Processes and Distribution,36,7,core,,,,,False,116
2025,COM,CB020BUS01,4,1,4,BUS3024S,BUS3024S,Actuarial Science II: Contingencies,18,7,core,,,,,False,116
2025,COM,CB020BUS01,4,1,5,PHI2043S,PHI2043S,Business Ethics,18,6,core,,,,,False,116
2025,COM,CB020BUS01,4,1,6,STA3047S,STA3047S,Introduction to Machine Learning,6,7,core,,,,,False,116
2025,COM,CB020BUS01,4,1,7,STA3048S,STA3048S,Statistical Modelling and Bayesian Analysis,30,7,core,,,,,False,116
2025,COM,CB020BUS09,1,1,1,ACC1106F,ACC1106F,Financial Accounting,18,5,core,,,,,False,116
2025,COM,CB020BUS09,1,1,2,DOC1103H,DOC1103H,Skills for Commerce,2,5,core,,,,,False,117
2025,COM,CB020BUS09,1,1,3,ECO1110F,ECO1110F,Microeconomics,18,5,core,,,,,False,117
2025,COM,CB020BUS09,1,1,4,CSC1010H,CSC1010H,Computer Science 1010,18,5,core,,,,,False,117
2025,COM,CB020BUS09,1,1,5,MAM1005H,MAM1005H,Mathematics 1005,18,5,core,,,,,False,117
2025,COM,CB020BUS09,1,1,6,ACC1111S,ACC1111S,Financial Reporting I,18,5,core,,,,,False,117
2025,COM,CB020BUS09,1,1,7,ECO1011S,ECO1011S,Macroeconomics,18,5,core,,,,,False,117
2025,COM,CB020BUS09,2,1,1,BUS1036S,BUS1036S,Evidence-based Management,18,5,core,,,,,False,117
2025,COM,CB020BUS09,2,1,2,CML1001F,CML1001F,Business Law I,18,5,core,,,,,False,117
2025,COM,CB020BUS09,2,1,3,ECO2003F,ECO2003F,Microeconomics II,18,6,core,,,,,False,117
2025,COM,CB020BUS09,2,1,4,BUS1003H,BUS1003H,Introduction to Financial Risk,18,5,core,,,,,False,117
2025,COM,CB020BUS09,2,1,5,MAM1006H,MAM1006H,Mathematics 1006,18,5,core,,,,,False,117
2025,COM,CB020BUS09,2,1,6,ECO2004S,ECO2004S,Macroeconomics II,18,6,core,,,,,False,117
2025,COM,CB020BUS09,2,1,7,STA1106H,STA1106H,Mathematical Statistics I,18,5,core,,,,,False,117
2025,COM,CB020BUS09,3,1,1,FTX2024F,FTX2024F,Financial Management,18,6,core,,,,,False,117
2025,COM,CB020BUS09,3,1,2,STA2004F,STA2004F,Statistics Theory & Inference,24,6,core,,,,,False,117
2025,COM,CB020BUS09,3,1,3,MAM2010F,MAM2010F,Advanced Calculus (2AC)*,12,6,core,,,,,False,117
2025,COM,CB020BUS09,3,1,4,MAM2011F,MAM2011F,Linear Algebra (2LA)*,12,6,core,,,,,False,117
2025,COM,CB020BUS09,3,1,5,MAM2012S,MAM2012S,Differential Equations (2DE),12,6,core,,,,,False,117
2025,COM,CB020BUS09,3,1,6,MAM2014S,MAM2014S,Real Analysis (2RA),12,6,core,,,,,False,117
2025,COM,CB020BUS09,3,1,7,BUS2016H,BUS2016H,Actuarial Science I: Financial Mathematics,18,6,core,,,,,False,117
2025,COM,CB020BUS09,3,1,8,STA2005S,STA2005S,Linear Models,24,6,core,,,,,False,117
2025,COM,CB020BUS09,4,1,1,FTX3044F,FTX3044F,Investment Management A,18,7,core,,,,,False,117
2025,COM,CB020BUS09,4,1,2,STA3041F,STA3041F,Stochastic Processes & Time Series,36,7,core,,,,,False,117
2025,COM,CB020BUS09,4,1,3,STA3045F,STA3045F,Stochastic Processes and Distribution,36,7,core,,,,,False,117
2025,COM,CB020BUS09,4,1,4,BUS2033F/S,BUS2033F,Professional Communication,18,6,core,,,,,False,117
2025,COM,CB020BUS09,4,1,5,FTX3045S,FTX3045S,Investment Management B,18,7,core,,,,,False,117
2025,COM,CB020BUS09,4,1,6,PHI2043S,PHI2043S,Business Ethics,18,6,core,,,,,False,117
2025,COM,CB020BUS09,4,1,7,STA3047S,STA3047S,Introduction to Machine Learning,6,7,core,,,,,False,117
2025,COM,CB020BUS09,4,1,8,STA3048S,STA3048S,Statistical Modelling and Bayesian Analysis,30,7,core,,,,,False,117
2025,COM,CB011ACC08,1,1,1,ACC1106F,ACC1106F,Financial Accounting,18,5,core,,,,,False,118
2025,COM,CB011ACC08,1,1,2,ACC1015F,ACC1015F,Business Acumen for Accountants,15,5,core,,,,,False,118
2025,COM,CB011ACC08,1,1,3,DOC1103H,DOC1103H,Skills for Commerce,2,5,core,,,,,False,118
2025,COM,CB011ACC08,1,1,4,ECO1110S,ECO1110S,Microeconomics,18,5,core,,,,,False,118
2025,COM,CB011ACC08,1,1,5,MAM1110H,MAM1110H,Mathematics 1010,18,5,core,,,,,False,118
2025,COM,CB011ACC08,1,1,6,INF1102F,INF1102F,Foundations of Information Systems,18,5,core,,,,,False,118
2025,COM,CB011ACC08,1,1,7,ACC1111S,ACC1111S,Financial Reporting I,18,5,core,,,,,False,118
2025,COM,CB011ACC08,1,1,8,CML1004S,CML1004S,Business Law I,18,5,core,,,,,False,118
2025,COM,CB011ACC08,2,1,1,STA1000F,STA1000F,Introductory Statistics,18,5,core,,,,,False,118
2025,COM,CB011ACC08,2,1,2,ACC2022H,ACC2022H,Management Accounting I,18,6,core,,,,,False,118
2025,COM,CB011ACC08,2,1,3,ACC2012W,ACC2012W,Financial Reporting II,36,6,core,,,,,False,118
2025,COM,CB011ACC08,2,1,4,ACC2023H,ACC2023H,Taxation I,18,6,core,,,,,False,118
2025,COM,CB011ACC08,2,1,5,ACC2018H,ACC2018H,"Governance, Audit and Assurance I",18,6,core,,,,,False,118
2025,COM,CB011ACC08,2,1,6,ECO1011F,ECO1011F,Macroeconomics,18,5,core,,,,,False,118
2025,COM,CB011ACC08,3,1,1,FTX2024F,FTX2024F,Financial Management,18,6,core,,,,,False,118
2025,COM,CB011ACC08,3,1,2,INF2004F,INF2004F,Information Technology in Business,18,6,core,,,,,False,118
2025,COM,CB011ACC08,3,1,3,ACC3020W,ACC3020W,Financial Reporting & Analysis,36,7,core,,,,,False,118
2025,COM,CB011ACC08,3,1,4,PHI2043S,PHI2043S,Business Ethics,18,6,core,,,,,False,118
2025,COM,CB011ACC08,3,1,5,ACC3004W,ACC3004W,Taxation II,32,7,core,,,,,False,118
2025,COM,CB011ACC08,4,1,1,CML2001F,CML2001F,Company Law,18,6,core,,,,,False,118
2025,COM,CB011ACC08,4,1,2,ACC3022W,ACC3022W,"Governance, Audit and Assurance II",26,7,core,,,,,False,118
2025,COM,CB011ACC08,4,1,3,ACC3023W,ACC3023W,Management Accounting II,26,7,core,,,,,False,118
2025,COM,CB011ACC08,4,1,4,CML2010Z,CML2010Z,Business Law II,12,6,core,,,,,False,118
2025,COM,CB011ACC04,1,1,1,ACC1106F,ACC1106F,Financial Accounting,18,5,core,,,,,False,119
2025,COM,CB011ACC04,1,1,2,ACC1015F,ACC1015F,Business Acumen for Accountants,15,5,core,,,,,False,119
2025,COM,CB011ACC04,1,1,3,DOC1103H,DOC1103H,Skills for Commerce,2,5,core,,,,,False,119
2025,COM,CB011ACC04,1,1,4,INF1102F,INF1102F,Foundations of Information Systems,18,5,core,,,,,False,119
2025,COM,CB011ACC04,1,1,5,MAM1110H,MAM1110H,Mathematics 1010,18,5,core,,,,,False,119
2025,COM,CB011ACC04,1,1,6,ACC1111S,ACC1111S,Financial Reporting I,18,5,core,,,,,False,119
2025,COM,CB011ACC04,1,1,7,ECO1110S,ECO1110S,Microeconomics,18,5,core,,,,,False,119
2025,COM,CB011ACC04,1,1,8,CML1004S,CML1004S,Business Law I*,18,5,core,,,,,False,119
2025,COM,CB011ACC04,2,1,1,ACC2022H,ACC2022H,Management Accounting I,18,6,core,,,,,False,119
2025,COM,CB011ACC04,2,1,2,ACC2023H,ACC2023H,Taxation I,18,6,core,,,,,False,119
2025,COM,CB011ACC04,2,1,3,ACC2018H,ACC2018H,"Governance, Audit and Assurance I",18,6,core,,,,,False,119
2025,COM,CB011ACC04,2,1,4,ECO1011F,ECO1011F,Macroeconomics,18,5,core,,,,,False,119
2025,COM,CB011ACC04,2,1,5,STA1000F,STA1000F,Introductory Statistics,18,5,core,,,,,False,119
2025,COM,CB011ACC04,2,1,6,ACC2012W,ACC2012W,Financial Reporting II,36,6,core,,,,,False,119
2025,COM,CB011ACC04,3,1,1,CML2001F,CML2001F,Company Law,18,6,core,,,,,False,119
2025,COM,CB011ACC04,3,1,2,FTX2024F,FTX2024F,Financial Management,18,6,core,,,,,False,119
2025,COM,CB011ACC04,3,1,3,PHI2043S,PHI2043S,Business Ethics,18,6,core,,,,,False,119
2025,COM,CB011ACC04,3,1,4,ACC3020W,ACC3020W,Financial Reporting & Analysis (not required for degree) *,36,7,core,,,,,False,119
2025,COM,CB011ACC04,3,1,5,INF2004F,INF2004F,Information Technology in Business,18,6,core,,,,,False,119
2025,COM,CB011ACC04,3,1,6,CML2010Z,CML2010Z,Business Law II,12,6,core,,,,,False,119
2025,COM,CB011ACC04,3,1,7,ACC3004W,ACC3004W,Taxation II***,32,7,core,,,,,False,119
2025,COM,CB011ACC04,4,1,1,ACC3009W,ACC3009W,Financial Reporting III,36,7,core,,,,,False,119
2025,COM,CB011ACC04,4,1,2,ACC3022W,ACC3022W,"Governance, Audit and Assurance II",26,7,core,,,,,False,119
2025,COM,CB011ACC04,4,1,3,ACC3001F,ACC3001F,Business Analysis & Governance I,13,7,core,,,,,False,119
2025,COM,CB011ACC04,4,1,4,ACC3002S,ACC3002S,Business Analysis & Governance II,11,7,core,,,,,False,119
2025,COM,CB011ACC04,4,1,5,ACC3023W,ACC3023W,Management Accounting II,26,7,core,,,,,False,119
2025,COM,CB011PHI03,1,1,1,ECO1110F,ECO1110F,Microeconomics,18,5,core,,,,,False,120
2025,COM,CB011PHI03,1,1,2,DOC1103H,DOC1103H,Skills for Commerce,2,5,core,,,,,False,120
2025,COM,CB011PHI03,1,1,3,PHI1024F,PHI1024F,Introduction to Philosophy,18,5,core,,,,,False,120
2025,COM,CB011PHI03,1,1,4,POL1004F,POL1004F,Introduction to Politics,18,5,core,,,,,False,120
2025,COM,CB011PHI03,1,1,5,MAM1110H,MAM1110H,Mathematics 1010,18,5,core,,,,,False,120
2025,COM,CB011PHI03,1,1,6,ECO1011S,ECO1011S,Microeconomics I,18,5,core,,,,,False,120
2025,COM,CB011PHI03,1,1,7,POL1005S,POL1005S,Introduction to Politics B,18,5,core,,,,,False,120
2025,COM,CB011PHI03,2,1,1,ACC1021F,ACC1021F,Accounting for Business I,15,5,core,,,,,False,120
2025,COM,CB011PHI03,2,1,2,ACC1022Z,ACC1022Z,Accounting for Business II,9,5,core,,,,,False,120
2025,COM,CB011PHI03,2,1,3,ECO2003F,ECO2003F,Microeconomics II,18,6,core,,,,,False,120
2025,COM,CB011PHI03,2,1,4,INF1102F,INF1102F,Foundations of Information Systems,18,5,core,,,,,False,120
2025,COM,CB011PHI03,2,1,5,ECO2004S,ECO2004S,Macroeconomics II,18,6,core,,,,,False,120
2025,COM,CB011PHI03,2,1,6,STA1100S,STA1100S,Introductory Statistics,18,5,core,,,,,False,120
2025,COM,CB011PHI03,2,1,7,PHI1010S,PHI1010S,Ethics,18,5,core,,,,,False,120
2025,COM,CB011PHI03,3,1,1,ECO2007S,ECO2007S,Co-operation and Competition,18,6,core,,,,,False,120
2025,COM,CB011PHI03,3,1,2,ECO3020F,ECO3020F,Advanced Macro & Microeconomics,18,7,core,,,,,False,120
2025,COM,CB011PHI03,3,1,3,ECO3025S,ECO3025S,Applied International Trade Bargaining,18,7,core,,,,,False,120
2025,COM,CB011PHI03,3,1,4,,,Plus 2 NQF Level 6 courses from:,,6,elective,,,,,False,120
2025,COM,CB011PHI03,3,1,5,PHI2041S,PHI2041S,Great Philosophers,24,6,core,,,,,False,120
2025,COM,CB011PHI03,3,1,6,PHI2042F,PHI2042F,Political Philosophy,24,6,core,,,,,False,120
2025,COM,CB011PHI03,3,1,7,POL2038F,POL2038F,Comparative Politics,24,6,core,,,,,False,120
2025,COM,CB011PHI03,3,1,8,POL2039F,POL2039F,The Politics of International Economic Relations,24,6,core,,,,,False,120
2025,COM,CB011PHI03,3,1,9,POL2042S,POL2042S,Comparative Public Institutions,24,6,core,,,,,False,120
2025,COM,CB011PHI03,3,1,10,POL2043S,POL2043S,South African Politics,24,6,core,,,,,False,120
2025,COM,CB011PHI03,4,1,1,,,Plus 2 NQF Level 7 courses from:**,,7,elective,,,,,False,120
2025,COM,CB011PHI03,4,1,2,PHI3023F,PHI3023F,Philosophy of Language,30,7,core,,,,,False,120
2025,COM,CB011PHI03,4,1,3,PHI3024S,PHI3024S,Metaphysics and Epistemology,30,7,core,,,,,False,120
2025,COM,CB011PHI03,4,1,4,POL3030F,POL3030F,Conflict in World Politics,30,7,core,,,,,False,120
2025,COM,CB011PHI03,4,1,5,POL3046S,POL3046S,South African Political Thought,30,7,core,,,,,False,120
2025,COM,CB011PHI03,4,1,6,POL3029F,POL3029F,Politics of Africa and the Global South,30,7,core,,,,,False,120
2025,COM,CB011PHI03,4,1,7,,,Plus 1 NQF Level 7 POL course,,7,elective,,,,,False,120
2025,COM,CB011PHI03,4,1,8,,,"Plus 2 courses from the list below, 1 of which must be NQF Level",7,,elective,,,,,False,121
2025,COM,CB011PHI03,4,1,9,ECO2008S,ECO2008S,Development Economics,18,6,core,,,,,False,121
2025,COM,CB011ECO02,1,1,1,ACC1021F,ACC1021F,Accounting for Business I,15,5,core,,,,,False,121
2025,COM,CB011ECO02,1,1,2,ACC1022Z,ACC1022Z,Accounting for Business II,9,5,core,,,,,False,121
2025,COM,CB011ECO02,1,1,3,DOC1103H,DOC1103H,Skills for Commerce,2,5,core,,,,,False,121
2025,COM,CB011ECO02,1,1,4,ECO1110F,ECO1110F,Microeconomics,18,5,core,,,,,False,121
2025,COM,CB011ECO02,1,1,5,MAM1110H,MAM1110H,Mathematics 1010,18,5,core,,,,,False,121
2025,COM,CB011ECO02,1,1,6,CML1004S,CML1004S,Business Law I,18,5,core,,,,,False,121
2025,COM,CB011ECO02,1,1,7,ECO1011S,ECO1011S,Macroeconomics,18,5,core,,,,,False,121
2025,COM,CB011ECO02,2,1,1,ECO2003F,ECO2003F,Microeconomics II,18,6,core,,,,,False,121
2025,COM,CB011ECO02,2,1,2,STA1000F,STA1000F,Introductory Statistics,18,5,core,,,,,False,121
2025,COM,CB011ECO02,2,1,3,ECO2004S,ECO2004S,Macroeconomics II,18,6,core,,,,,False,121
2025,COM,CB011ECO02,2,1,4,INF1102S,INF1102S,Information Systems I,18,5,core,,,,,False,121
2025,COM,CB011ECO02,2,1,5,MAM1112S,MAM1112S,Mathematics 1012,18,5,core,,,,,False,121
2025,COM,CB011ECO02,3,1,1,STA2020F/S,STA2020F,Applied Statistics,24,6,core,,,,,False,121
2025,COM,CB011ECO02,3,1,2,ECO2007S,ECO2007S,Co-operation and Competition,18,6,core,,,,,False,121
2025,COM,CB011ECO02,3,1,3,FTX2024S,FTX2024S,Financial Management,18,6,core,,,,,False,121
2025,COM,CB011ECO02,3,1,4,PHI2043F,PHI2043F,Business Ethics,18,6,core,,,,,False,121
2025,COM,CB011ECO02,3,1,5,,,Plus ECO2008S and 1 NQF level 6 course or 2 NQF level 6 courses,18,6,elective,,,,,True,121
2025,COM,CB011ECO02,4,1,1,ECO3020F,ECO3020F,Advanced Macro & Microeconomics,18,7,core,,,,,False,122
2025,COM,CB011ECO02,4,1,2,FTX3044F,FTX3044F,Investment Management A,18,7,core,,,,,False,122
2025,COM,CB011ECO02,4,1,3,ECO3021S,ECO3021S,Quantitative Methods in Economics,18,7,core,,,,,False,122
2025,COM,CB011ECO02,4,1,4,FTX3045S,FTX3045S,Investment Management B,18,7,core,,,,,False,122
2025,COM,CB011ECO02,4,1,5,,,Plus two NQF Level 7 courses from:,,7,elective,,,,,False,122
2025,COM,CB011ECO02,4,1,6,ECO3009F,ECO3009F,Natural Resource Economics,18,7,core,,,,,False,122
2025,COM,CB011ECO02,4,1,7,ECO3016F,ECO3016F,History of Economic Thought,18,7,core,,,,,False,122
2025,COM,CB011ECO02,4,1,8,ECO3024F,ECO3024F,International Trade and Finance,18,7,core,,,,,False,122
2025,COM,CB011ECO02,4,1,9,ECO3022S,ECO3022S,Advanced Labour Economics,18,7,core,,,,,False,122
2025,COM,CB011ECO02,4,1,10,ECO3023S,ECO3023S,Public Sector Economics,18,7,core,,,,,False,122
2025,COM,CB011ECO02,4,1,11,ECO3025S,ECO3025S,Applied International Trade Bargaining,18,7,core,,,,,False,122
2025,COM,CB011ECO02,4,1,12,,,Plus one NQF Level 7 course,18,7,elective,,,,,True,122
2025,COM,CB011ECO04,1,1,1,ACC1021F,ACC1021F,Accounting for Business I,15,5,core,,,,,False,122
2025,COM,CB011ECO04,1,1,2,ACC1022Z,ACC1022Z,Accounting for Business II,9,5,core,,,,,False,122
2025,COM,CB011ECO04,1,1,3,DOC1103H,DOC1103H,Skills for Commerce,2,5,core,,,,,False,122
2025,COM,CB011ECO04,1,1,4,ECO1110F,ECO1110F,Microeconomics,18,5,core,,,,,False,122
2025,COM,CB011ECO04,1,1,5,INF1102F,INF1102F,Foundations of Information Systems,18,5,option,Y1G1,1,1,,False,122
2025,COM,CB011ECO04,1,1,6,CSC1010H,CSC1010H,Computer Science 1010***,18,5,option,Y1G1,2,1,,False,122
2025,COM,CB011ECO04,1,1,7,MAM1110H,MAM1110H,Mathematics 1010,18,5,option,Y1G2,1,1,,False,122
2025,COM,CB011ECO04,1,1,8,MAM1005H,MAM1005H,Mathematics 1005,18,5,option,Y1G2,2,1,,False,122
2025,COM,CB011ECO04,1,1,9,ECO1011S,ECO1011S,Macroeconomics,18,5,core,,,,,False,122
2025,COM,CB011ECO04,2,1,1,CML1001F,CML1001F,Business Law I,18,5,core,,,,,False,122
2025,COM,CB011ECO04,2,1,2,ECO2003F,ECO2003F,Microeconomics II,18,6,core,,,,,False,122
2025,COM,CB011ECO04,2,1,3,ECO2004S,ECO2004S,Macroeconomics II,18,6,core,,,,,False,122
2025,COM,CB011ECO04,2,1,4,MAM1112S,MAM1112S,Mathematics 1012,18,5,option,Y2G1,1,1,,False,122
2025,COM,CB011ECO04,2,1,5,MAM1006H,MAM1006H,Mathematics 1006,18,5,option,Y2G1,2,1,,False,122
2025,COM,CB011ECO04,2,1,6,STA1106H,STA1106H,Mathematical Statistics*,18,5,option,Y2G2,1,1,,False,122
2025,COM,CB011ECO04,2,1,7,STA1100S,STA1100S,Introductory Statistics,18,5,option,Y2G2,2,1,,False,122
2025,COM,CB011ECO04,3,1,1,FTX2020F,FTX2020F,Business Finance,18,6,option,Y3G1,1,1,,False,122
2025,COM,CB011ECO04,3,1,2,FTX2024S,FTX2024S,Financial Management,18,6,option,Y3G1,2,1,,False,122
2025,COM,CB011ECO04,3,1,3,ECO2007S,ECO2007S,Co-operation and Competition,18,6,core,,,,,False,122
2025,COM,CB011ECO04,3,1,4,PHI2043S,PHI2043S,Business Ethics,18,6,core,,,,,False,123
2025,COM,CB011ECO04,3,1,5,STA2004F,STA2004F,Statistical Theory & Inference,24,6,option,Y3G2,1,1,Mathematical Statistics Option,False,123
2025,COM,CB011ECO04,3,1,6,STA2005S,STA2005S,Linear Models,24,6,option,Y3G2,1,1,Mathematical Statistics Option,False,123
2025,COM,CB011ECO04,3,1,7,STA2020F/S,STA2020F,Applied Statistics,24,6,option,Y3G2,2,1,Mathematical Statistics Option,False,123
2025,COM,CB011ECO04,3,1,8,STA2030S,STA2030S,Theory of Statistics,24,6,option,Y3G2,2,1,Mathematical Statistics Option,False,123
2025,COM,CB011ECO04,3,1,9,,,Plus ECO2008S or 1 NQF Level 6 course ................................ 18 6,,6,elective,,,,,False,123
2025,COM,CB011ECO04,4,1,1,ECO3020F,ECO3020F,Advanced Macro & Microeconomics,18,7,core,,,,,False,123
2025,COM,CB011ECO04,4,1,2,ECO3021S,ECO3021S,Quantitative Methods in Economics,18,7,core,,,,,False,123
2025,COM,CB011ECO04,4,1,3,STA3041F,STA3041F,Stochastic Processes & Time Series,36,7,option,Y4G1,1,1,Mathematical Statistics Option,False,123
2025,COM,CB011ECO04,4,1,4,STA3043S,STA3043S,"Statistical Modelling, Machine Learning & Bayesian Analysis",36,7,option,Y4G1,1,1,Mathematical Statistics Option,False,123
2025,COM,CB011ECO04,4,1,5,STA3030F,STA3030F,Statistical Inference & Modelling,36,7,option,Y4G1,2,1,Mathematical Statistics Option,False,123
2025,COM,CB011ECO04,4,1,6,STA3036S,STA3036S,Operational Research Techniques,36,7,option,Y4G1,2,1,Mathematical Statistics Option,False,123
2025,COM,CB011ECO04,4,1,7,,,Plus 1 NQF Level 7 course from:,,7,elective,,,,,False,123
2025,COM,CB011ECO04,4,1,8,ECO3009F,ECO3009F,Natural Resource Economics,18,7,option,Y4G1,2,1,Mathematical Statistics Option,False,123
2025,COM,CB011ECO04,4,1,9,ECO3016F,ECO3016F,History of Economic Thought,18,7,option,Y4G1,2,1,Mathematical Statistics Option,False,123
2025,COM,CB011ECO04,4,1,10,ECO3024F,ECO3024F,International Trade & Finance,18,7,option,Y4G1,2,1,Mathematical Statistics Option,False,123
2025,COM,CB011ECO04,4,1,11,ECO3022S,ECO3022S,Advanced Labour Economics,18,7,option,Y4G1,2,1,Mathematical Statistics Option,False,123
2025,COM,CB011ECO04,4,1,12,ECO3023S,ECO3023S,Public Sector Economics,18,7,option,Y4G1,2,1,Mathematical Statistics Option,False,123
2025,COM,CB011ECO04,4,1,13,ECO3025S,ECO3025S,Applied International Trade Bargaining,18,7,option,Y4G1,2,1,Mathematical Statistics Option,False,123
2025,COM,CB011ECO03,1,1,1,ACC1021F,ACC1021F,Accounting for Business I,15,5,core,,,,,False,123
2025,COM,CB011ECO03,1,1,2,ACC1022Z,ACC1022Z,Accounting for Business II,9,5,core,,,,,False,123
2025,COM,CB011ECO03,1,1,3,DOC1103H,DOC1103H,Skills for Commerce,2,5,core,,,,,False,123
2025,COM,CB011ECO03,1,1,4,ECO1110F,ECO1110F,Microeconomics,18,5,core,,,,,False,123
2025,COM,CB011ECO03,1,1,5,MAM1110H,MAM1110H,Mathematics 1010,18,5,core,,,,,False,123
2025,COM,CB011ECO03,1,1,6,INF1102F,INF1102F,Foundations of Information Systems,18,5,core,,,,,False,123
2025,COM,CB011ECO03,1,1,7,ECO1011S,ECO1011S,Macroeconomics,18,5,core,,,,,False,123
2025,COM,CB011ECO03,2,1,1,STA1000F,STA1000F,Introductory Statistics,18,5,core,,,,,False,124
2025,COM,CB011ECO03,2,1,2,MAM1012S,MAM1012S,Mathematics 1012,18,5,core,,,,,False,124
2025,COM,CB011ECO03,2,1,3,ECO2003F,ECO2003F,Microeconomics II,18,6,core,,,,,False,124
2025,COM,CB011ECO03,2,1,4,PHI2043F,PHI2043F,Business Ethics,18,6,core,,,,,False,124
2025,COM,CB011ECO03,2,1,5,ECO2004S,ECO2004S,Macroeconomics II,18,6,core,,,,,False,124
2025,COM,CB011ECO03,2,1,6,ECO2007S,ECO2007S,Co-operation and Competition,18,6,core,,,,,False,124
2025,COM,CB011ECO03,2,1,7,,,Plus 1 NQF Level 5 or 6 course,18,5,elective,,,,,True,124
2025,COM,CB011ECO03,3,1,1,ECO3020F,ECO3020F,Advanced Macro & Microeconomics,18,7,core,,,,,False,124
2025,COM,CB011ECO03,3,1,2,PVL1003W,PVL1003W,Foundations of South African Law**,36,5,core,,,,,False,124
2025,COM,CB011ECO03,3,1,3,PVL1004F,PVL1004F,South African Private Law: System and Context**,18,5,core,,,,,False,124
2025,COM,CB011ECO03,3,1,4,PVL1008H,PVL1008H,Law of Persons and Family**,18,5,core,,,,,False,124
2025,COM,CB011ECO03,3,1,5,ECO3025S,ECO3025S,Applied International Trade Bargaining,18,7,option,Y3G1,1,1,,False,124
2025,COM,CB011ECO03,3,1,6,ECO3021S,ECO3021S,Quantitative Methods in Economics,18,7,option,Y3G1,2,1,,False,124
2025,COM,CB011ECO03,4,1,1,PBL2000W,PBL2000W,Constitutional Law,36,7,core,,,,,False,124
2025,COM,CB011ECO03,4,1,2,PVL2002H,PVL2002H,Law of Property,18,6,core,,,,,False,124
2025,COM,CB011ECO03,4,1,3,PVL2003H,PVL2003H,Law of Succession,18,7,core,,,,,False,124
2025,COM,CB011ECO03,4,1,4,,,Plus 2 NQF Level 7 courses from:,,7,elective,,,,,False,124
2025,COM,CB011ECO03,4,1,5,ECO3009F,ECO3009F,Natural Resource Economics,18,7,core,,,,,False,124
2025,COM,CB011ECO03,4,1,6,ECO3024F,ECO3024F,International Trade and Finance,18,7,core,,,,,False,124
2025,COM,CB011ECO03,4,1,7,ECO3016F,ECO3016F,History of Economic Thought,18,7,core,,,,,False,124
2025,COM,CB011ECO03,4,1,8,ECO3021S,ECO3021S,Quantitative Methods in Economics,18,7,option,Y4G1,1,1,,False,124
2025,COM,CB011ECO03,4,1,9,ECO3025S,ECO3025S,Applied International Trade Bargaining,18,7,option,Y4G1,2,1,,False,124
2025,COM,CB011ECO03,4,1,10,ECO3022S,ECO3022S,Advanced Labour Economics,18,7,core,,,,,False,124
2025,COM,CB011ECO03,4,1,11,ECO3023S,ECO3023S,Public Sector Economics,18,7,core,,,,,False,124
2025,COM,CB011INF01,1,1,1,ACC1021F,ACC1021F,Accounting for Business I,15,5,core,,,,,False,124
2025,COM,CB011INF01,1,1,2,ACC1022Z,ACC1022Z,Accounting for Business II,9,5,core,,,,,False,124
2025,COM,CB011INF01,1,1,3,INF1102F,INF1102F,Foundations of Information Systems *,18,5,option,Y1G1,1,1,,False,124
2025,COM,CB011INF01,1,1,4,CSC1010H,CSC1010H,Computer Science 1010*,18,5,option,Y1G1,2,1,,False,124
2025,COM,CB011INF01,1,1,5,MAM1110H,MAM1110H,Mathematics 1010,18,5,core,,,,,False,124
2025,COM,CB011INF01,1,1,6,ECO1010F,ECO1010F,Microeconomics,18,5,core,,,,,False,125
2025,COM,CB011INF01,1,1,7,ECO1011S,ECO1011S,Macroeconomics,18,5,core,,,,,False,125
2025,COM,CB011INF01,1,1,8,CML1004S,CML1004S,B u s i ness Law 1,18,5,option,Y1G2,1,1,,False,125
2025,COM,CB011INF01,1,1,9,CML1001F,CML1001F,Business Law 1,18,5,option,Y1G2,2,1,,False,125
2025,COM,CB011INF01,1,1,10,BUS1036F,BUS1036F,Evidence-based Management,18,5,core,,,,,False,125
2025,COM,CB011INF01,1,1,11,DOC1103H,DOC1103H,Skills for Commerce,2,5,core,,,,,False,125
2025,COM,CB011INF01,2,1,1,INF1003F,INF1003F,Commercial Programming *,18,5,core,,,,,False,125
2025,COM,CB011INF01,2,1,2,INF2006F,INF2006F,Business Intelligence and Analytics,6,6,core,,,,,False,125
2025,COM,CB011INF01,2,1,3,INF2007F,INF2007F,Applying Database Principles,12,6,core,,,,,False,125
2025,COM,CB011INF01,2,1,4,INF2009F,INF2009F,Systems Analysis,18,6,core,,,,,False,125
2025,COM,CB011INF01,2,1,5,ECO1011S,ECO1011S,Macroeconomics,18,5,core,,,,,False,125
2025,COM,CB011INF01,2,1,6,INF2010S,INF2010S,IT Architecture,18,7,core,,,,,False,125
2025,COM,CB011INF01,2,1,7,INF2011S,INF2011S,Systems Design & Development,18,7,core,,,,,False,125
2025,COM,CB011INF01,2,1,8,STA1100S,STA1100S,Introductory Statistics,18,5,core,,,,,False,125
2025,COM,CB011INF01,3,1,1,BUS2033F,BUS2033F,Professional Communication,18,6,core,,,,,False,125
2025,COM,CB011INF01,3,1,2,INF3014F,INF3014F,Electronic Commerce,18,7,core,,,,,False,125
2025,COM,CB011INF01,3,1,3,INF3003W,INF3003W,Systems Development Project I,48,7,core,,,,,False,125
2025,COM,CB011INF01,3,1,4,INF3012S,INF3012S,BPM & Enterprise Systems,18,7,core,,,,,False,125
2025,COM,CB011INF01,4,1,1,PHI2043F,PHI2043F,Business Ethics,18,6,core,,,,,False,125
2025,COM,CB011INF01,4,1,2,BUS2010S,BUS2010S,Marketing,18,6,core,,,,,False,125
2025,COM,CB011INF01,4,1,3,,,Plus 2 approved courses*** …………………………………..36 6,,,elective,,,,,False,125
2025,COM,CB011INF06,1,1,1,ECO1110S,ECO1110S,Microeconomics,18,5,core,,,,,False,126
2025,COM,CB011INF06,1,1,2,ACC1021F,ACC1021F,Accounting for Business I,15,5,core,,,,,False,126
2025,COM,CB011INF06,1,1,3,ACC1022Z,ACC1022Z,Accounting for Business II,9,5,core,,,,,False,126
2025,COM,CB011INF06,1,1,4,DOC1103H,DOC1103H,Skills for Commerce,2,5,core,,,,,False,126
2025,COM,CB011INF06,1,1,5,CSC1010H,CSC1010H,Computer Science 1010,18,5,core,,,,,False,126
2025,COM,CB011INF06,1,1,6,MAM1005H,MAM1005H,Mathematics 1005,18,5,option,Y1G1,1,1,,False,126
2025,COM,CB011INF06,1,1,7,MAM1110H,MAM1110H,Mathematics 1010,18,5,option,Y1G1,2,1,,False,126
2025,COM,CB011INF06,1,1,8,BUS1036F,BUS1036F,Evidence-based Management,18,5,core,,,,,False,126
2025,COM,CB011INF06,2,1,1,PHI2043F,PHI2043F,Business Ethics,18,6,core,,,,,False,126
2025,COM,CB011INF06,2,1,2,ECO1011F,ECO1011F,Macroeconomics,18,5,core,,,,,False,126
2025,COM,CB011INF06,2,1,3,CML1001F,CML1001F,Business Law I,18,5,core,,,,,False,126
2025,COM,CB011INF06,2,1,4,CSC1016S,CSC1016S,Computer Science 1016,18,5,core,,,,,False,126
2025,COM,CB011INF06,2,1,5,MAM1006H,MAM1006H,Mathematics 1006,18,5,option,Y2G1,1,1,,False,126
2025,COM,CB011INF06,2,1,6,MAM1112S,MAM1112S,Mathematics 1012,18,5,option,Y2G1,2,1,,False,126
2025,COM,CB011INF06,2,1,7,STA1100S,STA1100S,Introductory Statistics,18,5,core,,,,,False,126
2025,COM,CB011INF06,3,1,1,BUS2033F/S,BUS2033F,Professional Communication,18,6,core,,,,,False,126
2025,COM,CB011INF06,3,1,2,CSC2001F,CSC2001F,Computer Science 2001,24,6,core,,,,,False,126
2025,COM,CB011INF06,3,1,3,INF2006F,INF2006F,Business Intelligence and Analytics,6,6,core,,,,,False,126
2025,COM,CB011INF06,3,1,4,INF2009F,INF2009F,Systems Analysis,18,6,core,,,,,False,126
2025,COM,CB011INF06,3,1,5,CSC2002S,CSC2002S,Computer Science 2002,24,6,core,,,,,False,126
2025,COM,CB011INF06,3,1,6,INF2011S,INF2011S,Systems Design and Development,18,7,core,,,,,False,127
2025,COM,CB011INF06,3,1,7,CSC2004Z,CSC2004Z,Programming Assessment,0,6,core,,,,,False,127
2025,COM,CB011INF06,4,1,1,CSC3002F,CSC3002F,Computer Science 3002,36,7,core,,,,,False,127
2025,COM,CB011INF06,4,1,2,INF3011F,INF3011F,IT Project Management,18,7,core,,,,,False,127
2025,COM,CB011INF06,4,1,3,INF3014F,INF3014F,Electronic Commerce,18,7,core,,,,,False,127
2025,COM,CB011INF06,4,1,4,CSC3003S,CSC3003S,Computer Science 3003,36,7,core,,,,,False,127
2025,COM,CB011INF06,4,1,5,INF3012S,INF3012S,BPM & Enterprise Systems,18,7,core,,,,,False,127
2025,COM,CB011INF11,1,1,1,ACC1021F,ACC1021F,Accounting for Business I,15,5,core,,,,,False,127
2025,COM,CB011INF11,1,1,2,ACC1022Z,ACC1022Z,Accounting for Business II,9,5,core,,,,,False,127
2025,COM,CB011INF11,1,1,3,INF1102F,INF1102F,Foundations of Information Systems *,18,5,option,Y1G1,1,1,,False,127
2025,COM,CB011INF11,1,1,4,CSC1015F,CSC1015F,Computer Science 1015**,18,5,option,Y1G1,2,1,,False,127
2025,COM,CB011INF11,1,1,5,DOC1103H,DOC1103H,Skills for Commerce,2,5,core,,,,,False,127
2025,COM,CB011INF11,1,1,6,ECO1110F,ECO1110F,Microeconomics,18,5,core,,,,,False,127
2025,COM,CB011INF11,1,1,7,MAM1110H,MAM1110H,Mathematics 1010,18,5,core,,,,,False,127
2025,COM,CB011INF11,1,1,8,BUS1036S,BUS1036S,Evidence-based Management,18,5,core,,,,,False,127
2025,COM,CB011INF11,1,1,9,ECO1011S,ECO1011S,Macroeconomics,18,5,core,,,,,False,127
2025,COM,CB011INF11,2,1,1,INF1003F,INF1003F,Commercial Programming**,18,5,core,,,,,False,127
2025,COM,CB011INF11,2,1,2,INF2007F,INF2007F,Applying Database Principles,12,6,core,,,,,False,127
2025,COM,CB011INF11,2,1,3,INF2006F,INF2006F,Business Intelligence and Analytics,6,6,core,,,,,False,127
2025,COM,CB011INF11,2,1,4,INF2009F,INF2009F,Systems Analysis,18,6,core,,,,,False,127
2025,COM,CB011INF11,2,1,5,INF2010S,INF2010S,IT Architecture,18,7,core,,,,,False,127
2025,COM,CB011INF11,2,1,6,INF2011S,INF2011S,Systems Design & Development,18,7,core,,,,,False,127
2025,COM,CB011INF11,2,1,7,STA1000S,STA1000S,Introductory Statistics***,18,5,core,,,,,False,127
2025,COM,CB011INF11,3,1,1,FTX2024F,FTX2024F,Financial Management,18,6,core,,,,,False,127
2025,COM,CB011INF11,3,1,2,MAM1112S,MAM1112S,Mathematics 1012,18,5,core,,,,,False,127
2025,COM,CB011INF11,3,1,3,ECO2003F,ECO2003F,Microeconomics I,18,6,core,,,,,False,128
2025,COM,CB011INF11,3,1,4,ECO2004S,ECO2004S,Macroeconomics II,18,6,core,,,,,False,128
2025,COM,CB011INF11,3,1,5,INF3014F,INF3014F,Electronic Commerce,18,7,core,,,,,False,128
2025,COM,CB011INF11,3,1,6,INF3011F,INF3011F,IT Project Management,18,7,core,,,,,False,128
2025,COM,CB011INF11,3,1,7,INF3012S,INF3012S,BPM & Enterprise Systems,18,7,core,,,,,False,128
2025,COM,CB011INF11,4,1,1,CML1004S,CML1004S,Business Law I,18,5,core,,,,,False,128
2025,COM,CB011INF11,4,1,2,STA2020F,STA2020F,Applied Statistics,24,6,core,,,,,False,128
2025,COM,CB011INF11,4,1,3,FTX3044F,FTX3044F,Investment Management A,18,7,core,,,,,False,128
2025,COM,CB011INF11,4,1,4,FTX3045S,FTX3045S,Investment Management B,18,7,core,,,,,False,128
2025,COM,CB011INF11,4,1,5,BUS2033S,BUS2033S,Professional Communication,18,6,core,,,,,False,128
2025,COM,CB011INF11,4,1,6,PHI2043S,PHI2043S,Business Ethics,18,6,core,,,,,False,128
2025,COM,CB011BUS06,1,1,1,ACC1021F,ACC1021F,Accounting for Business I,15,5,core,,,,,False,128
2025,COM,CB011BUS06,1,1,2,ACC1022Z,ACC1022Z,Accounting for Business II,9,5,core,,,,,False,128
2025,COM,CB011BUS06,1,1,3,BUS1036F,BUS1036F,Evidence-based Management,18,5,core,,,,,False,128
2025,COM,CB011BUS06,1,1,4,INF1102F,INF1102F,Foundations of Information Systems,18,5,option,Y1G1,1,1,,False,128
2025,COM,CB011BUS06,1,1,5,CSC1015F,CSC1015F,Computer Science 1015,18,5,option,Y1G1,2,1,,False,128
2025,COM,CB011BUS06,1,1,6,DOC1103H,DOC1103H,Skills for Commerce,2,5,core,,,,,False,128
2025,COM,CB011BUS06,1,1,7,MAM1110H,MAM1110H,Mathematics 1010,18,5,core,,,,,False,128
2025,COM,CB011BUS06,1,1,8,ECO1110S,ECO1110S,Microeconomics,18,5,core,,,,,False,128
2025,COM,CB011BUS06,2,1,1,BUS2010F/S,BUS2010F,Marketing I,18,6,option,Y2G1,1,1,,False,128
2025,COM,CB011BUS06,2,1,2,BUS2033F/S,BUS2033F,Professional Communication*,18,6,option,Y2G1,2,1,,False,128
2025,COM,CB011BUS06,2,1,3,CML1001F,CML1001F,Business Law I,18,5,option,Y2G2,1,1,,False,128
2025,COM,CB011BUS06,2,1,4,CML1004S,CML1004S,Business Law I,18,5,option,Y2G2,2,1,,False,128
2025,COM,CB011BUS06,2,1,5,ECO1011F,ECO1011F,Macroeconomics I,18,5,core,,,,,False,128
2025,COM,CB011BUS06,2,1,6,STA1000F,STA1000F,Introductory Statistics,18,5,core,,,,,False,128
2025,COM,CB011BUS06,2,1,7,,,PLUS one elective at 1st year level,18,5,elective,,,,,False,128
2025,COM,CB011BUS06,3,1,1,PHI2043S,PHI2043S,Business Ethics,18,6,core,,,,,False,128
2025,COM,CB011BUS06,3,1,2,FTX2020F,FTX2020F,Business Finance,18,6,option,Y3G1,1,1,,False,128
2025,COM,CB011BUS06,3,1,3,FTX2024S,FTX2024S,Financial Management,18,6,option,Y3G1,2,1,,False,128
2025,COM,CB011BUS06,3,1,4,,,PLUS four electives of NQF level 6,72,6,elective,,,,,False,128
2025,COM,CB011BUS06,4,1,1,,,Any NQF level 7 electives for which students meet the prerequisites totalling,120,7,elective,,,,,True,129
