year,faculty,plan_code,degree_abbrev,specialisation,variant,study_year,credits_ideal,credits_unresolved_slots,credits_stated,stated_is_minimum,credit_delta,fee_ideal_zar,fee_estimated_component_zar,fee_slots_missing,fee_published_zar,fee_published_label,fee_match_method,fee_delta_pct,final_credits,credits_stated_corrected,final_credit_status,final_fee_zar,final_fee_status,resolution_class,resolution_ref,confidence,resolution_rationale
2021,COM,CB001ACC03,BCom,Financial Accounting: Accounting with Law,regular,1,149,0,149,False,0,68490,0,0,68490,BCom specialising in Financial Accounting: Accounting with Law Stream,label_match,0.0,149,,consistent,68490,reconciled,none,,high,computed credits equal the stated total
2021,COM,CB001ACC03,BCom,Financial Accounting: Accounting with Law,regular,2,162,0,162,False,0,74090,0,0,74090,BCom specialising in Financial Accounting: Accounting with Law Stream,label_match,0.0,162,,consistent,74090,reconciled,none,,high,computed credits equal the stated total
2021,COM,CB001ACC03,BCom,Financial Accounting: Accounting with Law,regular,3,144,0,144,False,0,65720,0,0,65720,BCom specialising in Financial Accounting: Accounting with Law Stream,label_match,0.0,144,,consistent,65720,reconciled,none,,high,computed credits equal the stated total
2021,COM,CB001ACC04,BCom,Financial Accounting: Chartered Accountant,regular,1,149,0,149,False,0,68490,0,0,68490,Bachelor of Commerce specialising in Financial | Chartered Accounting Stream,label_match,0.0,149,,consistent,68490,reconciled,none,,high,computed credits equal the stated total
2021,COM,CB001ACC04,BCom,Financial Accounting: Chartered Accountant,regular,2,180,0,162,False,18,84930,0,0,84930,Bachelor of Commerce specialising in Financial | Chartered Accounting Stream,label_match,0.0,180,,unresolved,84930,reconciled,none,,low,no rule or adjudication applies; default-trust=computed
2021,COM,CB001ACC04,BCom,Financial Accounting: Chartered Accountant,regular,3,144,0,144,False,0,67140,0,0,67140,Bachelor of Commerce specialising in Financial | Chartered Accounting Stream,label_match,0.0,144,,consistent,67140,reconciled,none,,high,computed credits equal the stated total
2021,COM,CB001ACC08,,,regular,1,149,0,149,False,0,68490,0,0,,,unmatched,,149,,consistent,68490,no_published,none,,high,computed credits equal the stated total
2021,COM,CB001ACC08,,,regular,2,162,0,162,False,0,76560,0,0,,,unmatched,,162,,consistent,76560,no_published,none,,high,computed credits equal the stated total
2021,COM,CB001ACC08,,,regular,3,144,0,144,False,0,66910,0,0,,,unmatched,,144,,consistent,66910,no_published,none,,high,computed credits equal the stated total
2021,COM,CB001BUS06,BCom,Management Studies,regular,1,185,0,185,False,0,84890,0,0,84640,BCom in the field of Management Studies,label_match,0.3,185,,consistent,84890,reconciled,none,,high,computed credits equal the stated total
2021,COM,CB001BUS06,BCom,Management Studies,regular,2,168,0,168,False,0,79630,17200,0,79630,BCom in the field of Management Studies,label_match,0.0,168,,consistent,79630,reconciled,none,,high,computed credits equal the stated total
2021,COM,CB001BUS06,BCom,Management Studies,regular,3,43,0,144,False,-101,20544,11944,0,68800,BCom in the field of Management Studies,label_match,-70.1,144,,resolved_manual,20544,published_divergent,R3,COM-2021-001,high,"The extracted course set for this year is demonstrably incomplete (rows unparsed in this edition's layout or an open-elective year without a parsable slot line); the stated total, corroborated by sibling editions, is the reliable carrier of the load."
2021,COM,CB001ECO02,BCom,Economics and Finance,regular,1,167,0,167,False,0,77030,0,0,77030,BCom specialising in Economics & Finance,label_match,0.0,167,,consistent,77030,reconciled,none,,high,computed credits equal the stated total
2021,COM,CB001ECO02,BCom,Economics and Finance,regular,2,150,0,150,True,0,70520,0,0,70520,BCom specialising in Economics & Finance,label_match,0.0,150,,consistent,70520,reconciled,none,,high,computed credits equal the stated total
2021,COM,CB001ECO02,BCom,Economics and Finance,regular,3,144,0,144,False,0,68570,8600,0,68570,BCom specialising in Economics & Finance,label_match,0.0,144,,consistent,68570,reconciled,none,,high,computed credits equal the stated total
2021,COM,CB001ECO03,BCom,Economics with Law,regular,1,149,0,149,False,0,68490,0,0,68490,BCom specialising in Economics with Law,label_match,0.0,149,,consistent,68490,reconciled,none,,high,computed credits equal the stated total
2021,COM,CB001ECO03,BCom,Economics with Law,regular,2,162,0,162,True,0,73370,0,0,73370,BCom specialising in Economics with Law,label_match,0.0,162,,consistent,73370,reconciled,none,,high,computed credits equal the stated total
2021,COM,CB001ECO03,BCom,Economics with Law,regular,3,144,0,162,False,-18,65820,0,0,65820,BCom specialising in Economics with Law,label_match,0.0,144,,resolved_computed,65820,reconciled,R1a,R1a,high,"stated total exceeds the taken-course sum by exactly the credits of the non-taken alternatives (one choice group, 18 cr) — the printed total double-counts choices"
2021,COM,CB001ECO04,BCom,Economics and Statistics,regular,1,167,0,167,False,0,77030,0,0,76780,BCom specialising in Economics & Statistics,label_match,0.3,167,,consistent,77030,reconciled,none,,high,computed credits equal the stated total
2021,COM,CB001ECO04,BCom,Economics and Statistics,regular,2,210,0,156,False,54,97540,0,0,72750,BCom specialising in Economics & Statistics,label_match,34.1,210,,unresolved,97540,published_divergent,none,,low,no rule or adjudication applies; default-trust=computed
2021,COM,CB001ECO04,BCom,Economics and Statistics,regular,3,198,1,180,False,18,92830,0,1,84820,BCom specialising in Economics & Statistics,label_match,9.4,198,,unresolved,92830,published_divergent,none,,low,no rule or adjudication applies; default-trust=computed
2021,COM,CB001INF01,BCom,Information Systems,regular,1,149,0,149,False,0,68000,0,0,67750,BCom specialising in Information Systems,label_match,0.4,149,,consistent,68000,reconciled,none,,high,computed credits equal the stated total
2021,COM,CB001INF01,BCom,Information Systems,regular,2,126,0,126,False,0,60010,0,1,77210,BCom specialising in Information Systems,label_match,-22.3,126,,consistent,60010,published_divergent,none,,high,computed credits equal the stated total
2021,COM,CB001INF01,BCom,Information Systems,regular,3,156,0,156,False,0,77080,17200,0,77080,BCom specialising in Information Systems,label_match,0.0,156,,consistent,77080,reconciled,none,,high,computed credits equal the stated total
2021,COM,CB001INF06,BCom,Information Systems and Computer Science,regular,1,149,0,149,False,0,68180,0,0,68180,BCom specialising in Information Systems & Computer Science,label_match,0.0,149,,consistent,68180,reconciled,none,,high,computed credits equal the stated total
2021,COM,CB001INF06,BCom,Information Systems and Computer Science,regular,2,162,0,162,False,0,74990,0,0,74990,BCom specialising in Information Systems & Computer Science,label_match,0.0,162,,consistent,74990,reconciled,none,,high,computed credits equal the stated total
2021,COM,CB001INF06,BCom,Information Systems and Computer Science,regular,3,144,0,144,False,0,67620,0,0,67620,BCom specialising in Information Systems & Computer Science,label_match,0.0,144,,consistent,67620,reconciled,none,,high,computed credits equal the stated total
2021,COM,CB001INF11,BCom,Information Systems and Finance,regular,1,167,0,167,False,0,77030,0,0,76690,BCom specialising in Information Systems & Finance,label_match,0.4,167,,consistent,77030,reconciled,none,,high,computed credits equal the stated total
2021,COM,CB001INF11,BCom,Information Systems and Finance,regular,2,162,0,162,False,0,76720,0,0,76720,BCom specialising in Information Systems & Finance,label_match,0.0,162,,consistent,76720,reconciled,none,,high,computed credits equal the stated total
2021,COM,CB001INF11,BCom,Information Systems and Finance,regular,3,150,0,150,False,0,71030,0,0,71030,BCom specialising in Information Systems & Finance,label_match,0.0,150,,consistent,71030,reconciled,none,,high,computed credits equal the stated total
2021,COM,CB001PHI03,BCom,"Philosophy, Politics & Economics",regular,1,149,0,149,False,0,66280,0,0,66280,"BCom specialising in Philosophy, Politics & Economics",label_match,0.0,149,,consistent,66280,reconciled,none,,high,computed credits equal the stated total
2021,COM,CB001PHI03,BCom,"Philosophy, Politics & Economics",regular,2,246,0,174,False,72,110240,0,0,79130,"BCom specialising in Philosophy, Politics & Economics",label_match,39.3,246,,unresolved,110240,published_divergent,none,,low,no rule or adjudication applies; default-trust=computed
2021,COM,CB001PHI03,BCom,"Philosophy, Politics & Economics",regular,3,222,2,168,False,54,88020,10370,2,74110,"BCom specialising in Philosophy, Politics & Economics",label_match,18.8,222,,unresolved,88020,published_divergent,none,,low,no rule or adjudication applies; default-trust=computed
2021,COM,CB003BUS01,BBusSc,Actuarial Science,regular,1,185,0,185,False,0,85250,0,0,85250,Bachelor of Business Science BBusSc specialising in Actuarial Science,label_match,0.0,185,,consistent,85250,reconciled,none,,high,computed credits equal the stated total
2021,COM,CB003BUS01,BBusSc,Actuarial Science,regular,2,186,0,186,False,0,87680,0,0,87680,Bachelor of Business Science BBusSc specialising in Actuarial Science,label_match,0.0,186,,consistent,87680,reconciled,none,,high,computed credits equal the stated total
2021,COM,CB003BUS01,BBusSc,Actuarial Science,regular,3,180,0,180,False,0,86140,0,0,86240,Bachelor of Business Science BBusSc specialising in Actuarial Science,label_match,-0.1,180,,consistent,86140,reconciled,none,,high,computed credits equal the stated total
2021,COM,CB003BUS01,BBusSc,Actuarial Science,regular,4,174,0,174,False,0,73530,0,0,73000,Bachelor of Business Science BBusSc specialising in Actuarial Science,label_match,0.7,174,,consistent,73530,reconciled,none,,high,computed credits equal the stated total
2021,COM,CB003BUS09,BBusSc,Actuarial Science: Quantitative Finance,regular,1,185,0,185,False,0,85250,0,0,85250,BBusSc specialising in Actuarial Science: Quantitative Finance Stream,label_match,0.0,185,,consistent,85250,reconciled,none,,high,computed credits equal the stated total
2021,COM,CB003BUS09,BBusSc,Actuarial Science: Quantitative Finance,regular,2,186,0,186,False,0,87680,0,0,86900,BBusSc specialising in Actuarial Science: Quantitative Finance Stream,label_match,0.9,186,,consistent,87680,reconciled,none,,high,computed credits equal the stated total
2021,COM,CB003BUS09,BBusSc,Actuarial Science: Quantitative Finance,regular,3,198,0,198,False,0,92620,0,0,92620,BBusSc specialising in Actuarial Science: Quantitative Finance Stream,label_match,0.0,198,,consistent,92620,reconciled,none,,high,computed credits equal the stated total
2021,COM,CB003BUS09,BBusSc,Actuarial Science: Quantitative Finance,regular,4,147,0,147,False,0,68510,0,0,68510,BBusSc specialising in Actuarial Science: Quantitative Finance Stream,label_match,0.0,147,,consistent,68510,reconciled,none,,high,computed credits equal the stated total
2021,COM,CB004BUS07,BBusSc,Marketing,regular,1,167,0,167,False,0,77030,0,0,77030,BBusSc specialising in Marketing,label_match,0.0,167,,consistent,77030,reconciled,none,,high,computed credits equal the stated total
2021,COM,CB004BUS07,BBusSc,Marketing,regular,2,168,0,168,False,0,78890,0,0,78890,BBusSc specialising in Marketing,label_match,0.0,168,,consistent,78890,reconciled,none,,high,computed credits equal the stated total
2021,COM,CB004BUS07,BBusSc,Marketing,regular,3,198,0,180,False,18,85410,8600,0,76810,BBusSc specialising in Marketing,label_match,11.2,198,,unresolved,85410,published_divergent,none,,low,no rule or adjudication applies; default-trust=computed
2021,COM,CB004BUS07,BBusSc,Marketing,regular,4,180,0,180,False,0,84360,0,0,84360,BBusSc specialising in Marketing,label_match,0.0,180,,consistent,84360,reconciled,none,,high,computed credits equal the stated total
2021,COM,CB004BUS08,BBusSc,Organisational Psychology,regular,1,167,0,167,False,0,75390,0,0,75390,BBusSc specialising in Organisational Psychology,label_match,0.0,167,,consistent,75390,reconciled,none,,high,computed credits equal the stated total
2021,COM,CB004BUS08,BBusSc,Organisational Psychology,regular,2,162,0,162,False,0,60200,0,2,77010,BBusSc specialising in Organisational Psychology,label_match,-21.8,162,,consistent,60200,published_divergent,none,,high,computed credits equal the stated total
2021,COM,CB004BUS08,BBusSc,Organisational Psychology,regular,3,198,0,180,False,18,91030,8600,0,84200,BBusSc specialising in Organisational Psychology,label_match,8.1,198,,unresolved,91030,published_divergent,none,,low,no rule or adjudication applies; default-trust=computed
2021,COM,CB004BUS08,BBusSc,Organisational Psychology,regular,4,156,0,156,False,0,80210,0,0,80210,BBusSc specialising in Organisational Psychology,label_match,0.0,156,,consistent,80210,reconciled,none,,high,computed credits equal the stated total
2021,COM,CB004BUS22,BBusSc,Analytics,regular,1,185,0,185,False,0,85000,0,0,85000,BBusSc specialising in Analytics,label_match,0.0,185,,consistent,85000,reconciled,none,,high,computed credits equal the stated total
2021,COM,CB004BUS22,BBusSc,Analytics,regular,2,186,0,186,False,0,86670,0,0,86670,BBusSc specialising in Analytics,label_match,0.0,186,,consistent,86670,reconciled,none,,high,computed credits equal the stated total
2021,COM,CB004BUS22,BBusSc,Analytics,regular,3,210,0,198,True,12,97750,0,0,103950,BBusSc specialising in Analytics,label_match,-6.0,210,,consistent,97750,published_divergent,none,,high,computed credits equal the stated total
2021,COM,CB004BUS22,BBusSc,Analytics,regular,4,178,0,178,False,0,71030,0,0,71030,BBusSc specialising in Analytics,label_match,0.0,178,,consistent,71030,reconciled,none,,high,computed credits equal the stated total
2021,COM,CB004CSC05,BBusSc,Computer Science,regular,1,149,0,147,False,2,67800,0,0,59390,BBusSc specialising in Computer Science,label_match,14.2,149,,unresolved,67800,published_divergent,none,,low,no rule or adjudication applies; default-trust=computed
2021,COM,CB004CSC05,BBusSc,Computer Science,regular,2,162,0,162,False,0,75950,0,0,75950,BBusSc specialising in Computer Science,label_match,0.0,162,,consistent,75950,reconciled,none,,high,computed credits equal the stated total
2021,COM,CB004CSC05,BBusSc,Computer Science,regular,3,180,0,180,False,0,84080,0,0,84080,BBusSc specialising in Computer Science,label_match,0.0,180,,consistent,84080,reconciled,none,,high,computed credits equal the stated total
2021,COM,CB004CSC05,BBusSc,Computer Science,regular,4,166,0,166,False,0,67080,0,0,67080,BBusSc specialising in Computer Science,label_match,0.0,166,,consistent,67080,reconciled,none,,high,computed credits equal the stated total
2021,COM,CB004ECO01,BBusSc,Economics,regular,1,167,0,167,False,0,77030,0,0,77030,BBusSc specialising in Economics,label_match,0.0,167,,consistent,77030,reconciled,none,,high,computed credits equal the stated total
2021,COM,CB004ECO01,BBusSc,Economics,regular,2,156,0,150,False,6,72980,0,0,72980,BBusSc specialising in Economics,label_match,0.0,156,,resolved_computed,72980,reconciled,R2a,R2a,medium,"identical taken-course set reconciles exactly in editions 2022, 2025, 2026; the divergent stated total here is edition-local drift"
2021,COM,CB004ECO01,BBusSc,Economics,regular,3,282,1,162,False,120,133400,8600,1,77170,BBusSc specialising in Economics,label_match,72.9,162,,resolved_manual,133400,published_divergent,R3,COM-2021-002,high,"The year table lists a module menu with no printed selection rule, so the row sum counts every offering; the stated total is the only authoritative signal of the intended load and is stable across editions. Computed fee is left as the sum of listed modules and will show as published_divergent until the menu rule is confirmed."
2021,COM,CB004ECO01,BBusSc,Economics,regular,4,156,0,156,False,0,85900,0,0,85900,BBusSc specialising in Economics,label_match,0.0,156,,consistent,85900,reconciled,none,,high,computed credits equal the stated total
2021,COM,CB004ECO03,BBusSc,Economics with Law,regular,1,167,0,167,False,0,77030,0,0,77030,BBusSc specialising in Economics with Law,label_match,0.0,167,,consistent,77030,reconciled,none,,high,computed credits equal the stated total
2021,COM,CB004ECO03,BBusSc,Economics with Law,regular,2,168,0,168,False,0,76880,0,0,76880,BBusSc specialising in Economics with Law,label_match,0.0,168,,consistent,76880,reconciled,none,,high,computed credits equal the stated total
2021,COM,CB004ECO03,BBusSc,Economics with Law,regular,3,162,0,144,False,18,74190,8600,0,74190,BBusSc specialising in Economics with Law,label_match,0.0,162,,resolved_computed,74190,reconciled,R2a,R2a,medium,"identical taken-course set reconciles exactly in editions 2022, 2023; the divergent stated total here is edition-local drift"
2021,COM,CB004ECO03,BBusSc,Economics with Law,regular,4,174,0,174,False,0,94500,0,0,94500,BBusSc specialising in Economics with Law,label_match,0.0,174,,consistent,94500,reconciled,none,,high,computed credits equal the stated total
2021,COM,CB004FTX04,BBusSc,Finance with Accounting,regular,1,167,0,167,False,0,77030,0,0,77030,BBusSc specialising in Finance with Accounting (CA Option),label_match,0.0,167,,consistent,77030,reconciled,none,,high,computed credits equal the stated total
2021,COM,CB004FTX04,BBusSc,Finance with Accounting,regular,2,168,0,168,False,0,78150,0,0,78150,BBusSc specialising in Finance with Accounting (CA Option),label_match,0.0,168,,consistent,78150,reconciled,none,,high,computed credits equal the stated total
2021,COM,CB004FTX04,BBusSc,Finance with Accounting,regular,3,180,0,180,False,0,85080,0,0,85080,BBusSc specialising in Finance with Accounting (CA Option),label_match,0.0,180,,consistent,85080,reconciled,none,,high,computed credits equal the stated total
2021,COM,CB004FTX04,BBusSc,Finance with Accounting,regular,4,162,0,162,False,0,77200,0,0,77200,BBusSc specialising in Finance with Accounting (CA Option),label_match,0.0,162,,consistent,77200,reconciled,none,,high,computed credits equal the stated total
2021,COM,CB004FTX05,BBusSc,Finance,regular,1,167,0,167,False,0,77030,0,0,77030,BBusSc specialising in Finance (Non CA Option),label_match,0.0,167,,consistent,77030,reconciled,none,,high,computed credits equal the stated total
2021,COM,CB004FTX05,BBusSc,Finance,regular,2,168,0,168,False,0,78890,0,0,78890,BBusSc specialising in Finance (Non CA Option),label_match,0.0,168,,consistent,78890,reconciled,none,,high,computed credits equal the stated total
2021,COM,CB004FTX05,BBusSc,Finance,regular,3,18,0,180,False,-162,8600,8600,0,76730,BBusSc specialising in Finance (Non CA Option),label_match,-88.8,180,,resolved_manual,8600,published_divergent,R3,COM-2021-003,high,"The extracted course set for this year is demonstrably incomplete (rows unparsed in this edition's layout or an open-elective year without a parsable slot line); the stated total, corroborated by sibling editions, is the reliable carrier of the load."
2021,COM,CB004FTX05,BBusSc,Finance,regular,4,144,0,144,False,0,68600,0,0,68600,BBusSc specialising in Finance (Non CA Option),label_match,0.0,144,,consistent,68600,reconciled,none,,high,computed credits equal the stated total
2021,COM,CB004INF01,BBusSc,Information Systems,regular,1,185,0,185,False,0,84890,0,0,84640,BBusSc specialising in Information Systems,label_match,0.3,185,,consistent,84890,reconciled,none,,high,computed credits equal the stated total
2021,COM,CB004INF01,BBusSc,Information Systems,regular,2,168,0,168,False,0,79920,0,0,79920,BBusSc specialising in Information Systems,label_match,0.0,168,,consistent,79920,reconciled,none,,high,computed credits equal the stated total
2021,COM,CB004INF01,BBusSc,Information Systems,regular,3,156,0,156,False,0,77080,0,0,77080,BBusSc specialising in Information Systems,label_match,0.0,156,,consistent,77080,reconciled,none,,high,computed credits equal the stated total
2021,COM,CB004INF01,BBusSc,Information Systems,regular,4,176,0,176,False,0,78900,0,0,78900,BBusSc specialising in Information Systems,label_match,0.0,176,,consistent,78900,reconciled,none,,high,computed credits equal the stated total
2021,COM,CB011ACC03,BCom,Financial Accounting: Accounting with Law,extended,1,113,0,113,False,0,51540,0,0,51540,BCom Academic Development specialising in Financial Accounting: Accounting with Law Stream,ad_duration,0.0,113,,consistent,51540,reconciled,none,,high,computed credits equal the stated total
2021,COM,CB011ACC03,BCom,Financial Accounting: Accounting with Law,extended,2,126,0,126,False,0,59620,0,0,59620,BCom Academic Development specialising in Financial Accounting: Accounting with Law Stream,ad_duration,0.0,126,,consistent,59620,reconciled,none,,high,computed credits equal the stated total
2021,COM,CB011ACC03,BCom,Financial Accounting: Accounting with Law,extended,3,126,0,126,False,0,57120,0,0,57120,BCom Academic Development specialising in Financial Accounting: Accounting with Law Stream,ad_duration,0.0,126,,consistent,57120,reconciled,none,,high,computed credits equal the stated total
2021,COM,CB011ACC03,BCom,Financial Accounting: Accounting with Law,extended,4,90,0,90,False,0,40020,0,0,40020,BCom Academic Development specialising in Financial Accounting: Accounting with Law Stream,ad_duration,0.0,90,,consistent,40020,reconciled,none,,high,computed credits equal the stated total
2021,COM,CB011ACC04,BCom,Financial Accounting: Chartered Accountant,extended,1,131,0,131,False,0,59890,0,0,59950,Bachelor of Commerce Academic Development specialising in Financial Accounting Chartered Accounting Stream,ad_duration,-0.1,131,,consistent,59890,reconciled,none,,high,computed credits equal the stated total
2021,COM,CB011ACC04,BCom,Financial Accounting: Chartered Accountant,extended,2,144,0,144,False,0,67960,0,0,67960,Bachelor of Commerce Academic Development specialising in Financial Accounting Chartered Accounting Stream,ad_duration,0.0,144,,consistent,67960,reconciled,none,,high,computed credits equal the stated total
2021,COM,CB011ACC04,BCom,Financial Accounting: Chartered Accountant,extended,3,126,0,126,False,0,58390,0,0,58390,Bachelor of Commerce Academic Development specialising in Financial Accounting Chartered Accounting Stream,ad_duration,0.0,126,,consistent,58390,reconciled,none,,high,computed credits equal the stated total
2021,COM,CB011ACC04,BCom,Financial Accounting: Chartered Accountant,extended,4,108,0,108,False,0,51420,0,0,51420,Bachelor of Commerce Academic Development specialising in Financial Accounting Chartered Accounting Stream,ad_duration,0.0,108,,consistent,51420,reconciled,none,,high,computed credits equal the stated total
2021,COM,CB011ACC08,BCom,Financial Accounting: General Accounting,extended,1,131,0,131,False,0,59890,0,0,59890,BCom Academic Development specialising in Financial Accounting General Accounting Stream,ad_duration,0.0,131,,consistent,59890,reconciled,none,,high,computed credits equal the stated total
2021,COM,CB011ACC08,BCom,Financial Accounting: General Accounting,extended,2,126,0,126,False,0,59360,0,0,59360,BCom Academic Development specialising in Financial Accounting General Accounting Stream,ad_duration,0.0,126,,consistent,59360,reconciled,none,,high,computed credits equal the stated total
2021,COM,CB011ACC08,BCom,Financial Accounting: General Accounting,extended,3,108,0,126,False,-18,51500,0,0,50760,BCom Academic Development specialising in Financial Accounting General Accounting Stream,ad_duration,1.5,108,,resolved_computed,51500,reconciled,R1a,R1a,high,"stated total exceeds the taken-course sum by exactly the credits of the non-taken alternatives (all choice groups, 18 cr) — the printed total double-counts choices"
2021,COM,CB011ACC08,BCom,Financial Accounting: General Accounting,extended,4,108,0,108,False,0,49810,0,0,49810,BCom Academic Development specialising in Financial Accounting General Accounting Stream,ad_duration,0.0,108,,consistent,49810,reconciled,none,,high,computed credits equal the stated total
2021,COM,CB011BUS06,,,extended,1,131,0,131,False,0,59400,0,0,,,unmatched,,131,,consistent,59400,no_published,none,,high,computed credits equal the stated total
2021,COM,CB011BUS06,,,extended,2,108,0,108,False,0,51230,8540,0,,,unmatched,,108,,consistent,51230,no_published,none,,high,computed credits equal the stated total
2021,COM,CB011BUS06,,,extended,3,132,0,132,False,0,62430,17200,0,,,unmatched,,132,,consistent,62430,no_published,none,,high,computed credits equal the stated total
2021,COM,CB011BUS06,,,extended,4,18,0,126,False,-108,8600,0,1,,,unmatched,,126,,resolved_manual,8600,no_published,R3,COM-2021-004,high,"The extracted course set for this year is demonstrably incomplete (rows unparsed in this edition's layout or an open-elective year without a parsable slot line); the stated total, corroborated by sibling editions, is the reliable carrier of the load."
2021,COM,CB011ECO02,BCom,Economics and Finance,extended,1,113,0,113,False,0,51290,0,0,51290,BCom Academic Development specialising in Economics & Finance,ad_duration,0.0,113,,consistent,51290,reconciled,none,,high,computed credits equal the stated total
2021,COM,CB011ECO02,BCom,Economics and Finance,extended,2,108,0,108,False,0,50800,0,0,50800,BCom Academic Development specialising in Economics & Finance,ad_duration,0.0,108,,consistent,50800,reconciled,none,,high,computed credits equal the stated total
2021,COM,CB011ECO02,BCom,Economics and Finance,extended,3,114,0,132,False,-18,53830,0,0,67350,BCom Academic Development specialising in Economics & Finance,ad_duration,-20.1,114,,unresolved,53830,published_divergent,none,,low,no rule or adjudication applies; default-trust=computed
2021,COM,CB011ECO02,BCom,Economics and Finance,extended,4,108,0,108,False,0,51600,0,1,51600,BCom Academic Development specialising in Economics & Finance,ad_duration,0.0,108,,consistent,51600,reconciled,none,,high,computed credits equal the stated total
2021,COM,CB011ECO03,BCom,Economics with Law,extended,1,131,0,131,False,0,59890,0,0,59890,BCom Academic Development specialising in Economics with Law,ad_duration,0.0,131,,consistent,59890,reconciled,none,,high,computed credits equal the stated total
2021,COM,CB011ECO03,BCom,Economics with Law,extended,2,204,0,108,False,96,92860,0,1,51370,BCom Academic Development specialising in Economics with Law,ad_duration,80.8,108,,resolved_manual,92860,published_divergent,R3,COM-2021-005,high,"The year table lists a module menu with no printed selection rule, so the row sum counts every offering; the stated total is the only authoritative signal of the intended load and is stable across editions. Computed fee is left as the sum of listed modules and will show as published_divergent until the menu rule is confirmed."
2021,COM,CB011ECO03,BCom,Economics with Law,extended,3,108,0,108,False,0,48620,0,0,57220,BCom Academic Development specialising in Economics with Law,ad_duration,-15.0,108,,consistent,48620,published_divergent,none,,high,computed credits equal the stated total
2021,COM,CB011ECO03,BCom,Economics with Law,extended,4,108,0,198,False,-90,48620,0,0,57220,BCom Academic Development specialising in Economics with Law,ad_duration,-15.0,108,,resolved_computed,48620,published_divergent,R1a,R1a,high,"stated total exceeds the taken-course sum by exactly the credits of the non-taken alternatives (all choice groups, 90 cr) — the printed total double-counts choices"
2021,COM,CB011ECO04,BCom,Economics and Statistics,extended,1,131,0,113,False,18,60080,0,0,51540,BCom Academic Development specialising in Economics & Statistics,ad_duration,16.6,131,,unresolved,60080,published_divergent,none,,low,no rule or adjudication applies; default-trust=computed
2021,COM,CB011ECO04,BCom,Economics and Statistics,extended,2,126,0,108,False,18,59090,0,0,50550,BCom Academic Development specialising in Economics & Statistics,ad_duration,16.9,126,,unresolved,59090,published_divergent,none,,low,no rule or adjudication applies; default-trust=computed
2021,COM,CB011ECO04,BCom,Economics and Statistics,extended,3,144,0,144,True,0,67560,8600,0,58750,BCom Academic Development specialising in Economics & Statistics,ad_duration,15.0,144,,consistent,67560,published_divergent,none,,high,computed credits equal the stated total
2021,COM,CB011ECO04,BCom,Economics and Statistics,extended,4,162,0,162,False,0,76220,8600,0,76220,BCom Academic Development specialising in Economics & Statistics,ad_duration,0.0,162,,consistent,76220,reconciled,none,,high,computed credits equal the stated total
2021,COM,CB011INF01,BCom,Information Systems,extended,1,113,0,113,False,0,51540,0,0,51540,BCom Academic Development specialising in Information Systems,ad_duration,0.0,113,,consistent,51540,reconciled,none,,high,computed credits equal the stated total
2021,COM,CB011INF01,BCom,Information Systems,extended,2,108,0,108,False,0,51660,0,0,51660,BCom Academic Development specialising in Information Systems,ad_duration,0.0,108,,consistent,51660,reconciled,none,,high,computed credits equal the stated total
2021,COM,CB011INF01,BCom,Information Systems,extended,3,120,0,120,False,0,59800,8540,0,68460,BCom Academic Development specialising in Information Systems,ad_duration,-12.6,120,,consistent,59800,published_divergent,none,,high,computed credits equal the stated total
2021,COM,CB011INF01,BCom,Information Systems,extended,4,108,0,108,False,0,50630,17200,0,50630,BCom Academic Development specialising in Information Systems,ad_duration,0.0,108,,consistent,50630,reconciled,none,,high,computed credits equal the stated total
2021,COM,CB011INF06,BCom,Information Systems and Computer Science,extended,1,113,0,113,False,0,51290,0,0,51290,BCom Academic Development specialising in Information Systems & Computer Science,ad_duration,0.0,113,,consistent,51290,reconciled,none,,high,computed credits equal the stated total
2021,COM,CB011INF06,BCom,Information Systems and Computer Science,extended,2,108,0,108,False,0,50070,0,0,50070,BCom Academic Development specialising in Information Systems & Computer Science,ad_duration,0.0,108,,consistent,50070,reconciled,none,,high,computed credits equal the stated total
2021,COM,CB011INF06,BCom,Information Systems and Computer Science,extended,3,108,0,108,False,0,50410,0,0,61470,BCom Academic Development specialising in Information Systems & Computer Science,ad_duration,-18.0,108,,consistent,50410,published_divergent,none,,high,computed credits equal the stated total
2021,COM,CB011INF06,BCom,Information Systems and Computer Science,extended,4,126,0,126,False,0,59020,0,0,59020,BCom Academic Development specialising in Information Systems & Computer Science,ad_duration,0.0,126,,consistent,59020,reconciled,none,,high,computed credits equal the stated total
2021,COM,CB011INF11,BCom,Information Systems and Finance,extended,1,131,0,131,False,0,60140,0,0,60140,BCom Academic Development specialising in Information Systems & Finance,ad_duration,0.0,131,,consistent,60140,reconciled,none,,high,computed credits equal the stated total
2021,COM,CB011INF11,BCom,Information Systems and Finance,extended,2,108,0,108,False,0,51410,0,0,51410,BCom Academic Development specialising in Information Systems & Finance,ad_duration,0.0,108,,consistent,51410,reconciled,none,,high,computed credits equal the stated total
2021,COM,CB011INF11,BCom,Information Systems and Finance,extended,3,126,0,126,False,0,60140,0,0,60140,BCom Academic Development specialising in Information Systems & Finance,ad_duration,0.0,126,,consistent,60140,reconciled,none,,high,computed credits equal the stated total
2021,COM,CB011INF11,BCom,Information Systems and Finance,extended,4,114,0,114,False,0,53090,0,0,53090,BCom Academic Development specialising in Information Systems & Finance,ad_duration,0.0,114,,consistent,53090,reconciled,none,,high,computed credits equal the stated total
2021,COM,CB011PHI03,BCom,"Philosophy, Politics & Economics",extended,1,113,0,113,False,0,49080,0,0,49080,"BCom Academic Development specialising in Philosophy, Politics & Economics",ad_duration,0.0,113,,consistent,49080,reconciled,none,,high,computed credits equal the stated total
2021,COM,CB011PHI03,BCom,"Philosophy, Politics & Economics",extended,2,108,0,108,False,0,51350,0,0,51350,"BCom Academic Development specialising in Philosophy, Politics & Economics",ad_duration,0.0,108,,consistent,51350,reconciled,none,,high,computed credits equal the stated total
2021,COM,CB011PHI03,BCom,"Philosophy, Politics & Economics",extended,3,198,0,102,False,96,86460,0,0,44980,"BCom Academic Development specialising in Philosophy, Politics & Economics",ad_duration,92.2,102,,resolved_manual,86460,published_divergent,R3,COM-2021-006,high,"The year table lists a module menu with no printed selection rule, so the row sum counts every offering; the stated total is the only authoritative signal of the intended load and is stable across editions. Computed fee is left as the sum of listed modules and will show as published_divergent until the menu rule is confirmed."
2021,COM,CB011PHI03,BCom,"Philosophy, Politics & Economics",extended,4,222,3,162,True,60,88020,10370,3,82710,"BCom Academic Development specialising in Philosophy, Politics & Economics",ad_duration,6.4,222,,unresolved,88020,published_divergent,none,,low,no rule or adjudication applies; default-trust=computed
2021,COM,CB015BUS07,,,extended,1,131,0,131,False,0,59150,0,0,,,unmatched,,131,,consistent,59150,no_published,none,,high,computed credits equal the stated total
2021,COM,CB015BUS07,,,extended,2,132,0,132,False,0,62600,0,0,,,unmatched,,132,,consistent,62600,no_published,none,,high,computed credits equal the stated total
2021,COM,CB015BUS07,,,extended,3,108,0,108,False,0,51370,0,0,,,unmatched,,108,,consistent,51370,no_published,none,,high,computed credits equal the stated total
2021,COM,CB015BUS07,,,extended,4,144,0,144,False,0,59610,0,1,,,unmatched,,144,,consistent,59610,no_published,none,,high,computed credits equal the stated total
2021,COM,CB015BUS07,,,extended,5,180,0,180,False,0,84360,0,0,,,unmatched,,180,,consistent,84360,no_published,none,,high,computed credits equal the stated total
2021,COM,CB015BUS08,,,extended,1,131,0,131,False,0,58250,0,0,,,unmatched,,131,,consistent,58250,no_published,none,,high,computed credits equal the stated total
2021,COM,CB015BUS08,,,extended,2,132,0,132,False,0,62600,0,0,,,unmatched,,132,,consistent,62600,no_published,none,,high,computed credits equal the stated total
2021,COM,CB015BUS08,,,extended,3,126,0,126,False,0,42260,0,2,,,unmatched,,126,,consistent,42260,no_published,none,,high,computed credits equal the stated total
2021,COM,CB015BUS08,,,extended,4,138,0,120,False,18,63510,8600,0,,,unmatched,,138,,unresolved,63510,no_published,none,,low,no rule or adjudication applies; default-trust=computed
2021,COM,CB015BUS08,,,extended,5,156,0,156,False,0,80210,0,0,,,unmatched,,156,,consistent,80210,no_published,none,,high,computed credits equal the stated total
2021,COM,CB015BUS22,,,extended,1,113,0,113,False,0,50550,0,0,,,unmatched,,113,,consistent,50550,no_published,none,,high,computed credits equal the stated total
2021,COM,CB015BUS22,,,extended,2,126,0,108,False,18,59640,0,0,,,unmatched,,126,,unresolved,59640,no_published,none,,low,no rule or adjudication applies; default-trust=computed
2021,COM,CB015BUS22,,,extended,3,186,0,168,False,18,87410,0,0,,,unmatched,,186,,unresolved,87410,no_published,none,,low,no rule or adjudication applies; default-trust=computed
2021,COM,CB015BUS22,,,extended,4,192,0,180,True,12,89150,0,0,,,unmatched,,192,,consistent,89150,no_published,none,,high,computed credits equal the stated total
2021,COM,CB015BUS22,,,extended,5,178,0,178,False,0,71030,0,0,,,unmatched,,178,,consistent,71030,no_published,none,,high,computed credits equal the stated total
2021,COM,CB015CSC05,,,extended,1,113,0,113,False,0,51040,0,0,,,unmatched,,113,,consistent,51040,no_published,none,,high,computed credits equal the stated total
2021,COM,CB015CSC05,,,extended,2,126,0,126,False,0,58920,0,0,,,unmatched,,126,,consistent,58920,no_published,none,,high,computed credits equal the stated total
2021,COM,CB015CSC05,,,extended,3,126,0,132,False,-6,58980,0,0,,,unmatched,,126,,resolved_computed,58980,no_published,R2a,R2a,medium,"identical taken-course set reconciles exactly in editions 2022, 2023, 2024; the divergent stated total here is edition-local drift"
2021,COM,CB015CSC05,,,extended,4,126,0,126,False,0,59020,0,0,,,unmatched,,126,,consistent,59020,no_published,none,,high,computed credits equal the stated total
2021,COM,CB015CSC05,,,extended,5,166,0,166,False,0,67080,0,0,,,unmatched,,166,,consistent,67080,no_published,none,,high,computed credits equal the stated total
2021,COM,CB015ECO01,,,extended,1,149,0,131,False,18,68490,0,0,,,unmatched,,149,,unresolved,68490,no_published,none,,low,no rule or adjudication applies; default-trust=computed
2021,COM,CB015ECO01,,,extended,2,144,0,126,False,18,68000,0,0,,,unmatched,,144,,unresolved,68000,no_published,none,,low,no rule or adjudication applies; default-trust=computed
2021,COM,CB015ECO01,,,extended,3,138,0,138,False,0,64890,8600,0,,,unmatched,,138,,consistent,64890,no_published,none,,high,computed credits equal the stated total
2021,COM,CB015ECO01,,,extended,4,210,1,90,True,120,99230,0,1,,,unmatched,,90,,resolved_manual,99230,no_published,R3,COM-2021-007,high,"The extracted course set for this year is demonstrably incomplete (rows unparsed in this edition's layout or an open-elective year without a parsable slot line); the stated total, corroborated by sibling editions, is the reliable carrier of the load."
2021,COM,CB015ECO01,,,extended,5,156,0,156,False,0,85900,0,0,,,unmatched,,156,,consistent,85900,no_published,none,,high,computed credits equal the stated total
2021,COM,CB015ECO03,,,extended,1,149,0,131,False,18,68490,0,0,,,unmatched,,149,,unresolved,68490,no_published,none,,low,no rule or adjudication applies; default-trust=computed
2021,COM,CB015ECO03,,,extended,2,114,0,114,False,0,54000,0,0,,,unmatched,,114,,consistent,54000,no_published,none,,high,computed credits equal the stated total
2021,COM,CB015ECO03,,,extended,3,144,0,126,False,18,65590,0,0,,,unmatched,,144,,unresolved,65590,no_published,none,,low,no rule or adjudication applies; default-trust=computed
2021,COM,CB015ECO03,,,extended,4,126,0,126,False,0,57220,0,1,,,unmatched,,126,,consistent,57220,no_published,none,,high,computed credits equal the stated total
2021,COM,CB015ECO03,,,extended,5,156,0,166,False,-10,85900,0,0,,,unmatched,,156,,unresolved,85900,no_published,none,,low,no rule or adjudication applies; default-trust=computed
2021,COM,CB015FTX04,,,extended,1,131,0,131,False,0,59150,0,0,,,unmatched,,131,,consistent,59150,no_published,none,,high,computed credits equal the stated total
2021,COM,CB015FTX04,,,extended,2,126,0,126,False,0,59170,0,0,,,unmatched,,126,,consistent,59170,no_published,none,,high,computed credits equal the stated total
2021,COM,CB015FTX04,,,extended,3,168,0,168,False,0,79760,0,0,,,unmatched,,168,,consistent,79760,no_published,none,,high,computed credits equal the stated total
2021,COM,CB015FTX04,,,extended,4,144,0,144,False,0,67880,0,0,,,unmatched,,144,,consistent,67880,no_published,none,,high,computed credits equal the stated total
2021,COM,CB015FTX04,,,extended,5,144,0,144,False,0,68600,0,0,,,unmatched,,144,,consistent,68600,no_published,none,,high,computed credits equal the stated total
2021,COM,CB015FTX05,,,extended,1,131,0,131,False,0,59890,0,0,,,unmatched,,131,,consistent,59890,no_published,none,,high,computed credits equal the stated total
2021,COM,CB015FTX05,,,extended,2,150,0,150,False,0,70460,0,0,,,unmatched,,150,,consistent,70460,no_published,none,,high,computed credits equal the stated total
2021,COM,CB015FTX05,,,extended,3,90,0,90,False,0,42690,8600,0,,,unmatched,,90,,consistent,42690,no_published,none,,high,computed credits equal the stated total
2021,COM,CB015FTX05,,,extended,4,144,0,144,False,0,68210,0,0,,,unmatched,,144,,consistent,68210,no_published,none,,high,computed credits equal the stated total
2021,COM,CB015FTX05,,,extended,5,144,0,144,False,0,68600,0,0,,,unmatched,,144,,consistent,68600,no_published,none,,high,computed credits equal the stated total
2021,COM,CB015INF01,,,extended,1,149,0,131,False,18,67500,0,0,,,unmatched,,149,,unresolved,67500,no_published,none,,low,no rule or adjudication applies; default-trust=computed
2021,COM,CB015INF01,,,extended,2,108,0,108,False,0,51540,0,0,,,unmatched,,108,,consistent,51540,no_published,none,,high,computed credits equal the stated total
2021,COM,CB015INF01,,,extended,3,150,0,150,False,0,71090,0,0,,,unmatched,,150,,consistent,71090,no_published,none,,high,computed credits equal the stated total
2021,COM,CB015INF01,,,extended,4,120,0,120,False,0,60110,0,0,,,unmatched,,120,,consistent,60110,no_published,none,,high,computed credits equal the stated total
2021,COM,CB015INF01,,,extended,5,176,0,176,False,0,78900,0,0,,,unmatched,,176,,consistent,78900,no_published,none,,high,computed credits equal the stated total
2021,COM,CB018BUS01,,,extended,1,113,0,113,False,0,51290,0,0,,,unmatched,,113,,consistent,51290,no_published,none,,high,computed credits equal the stated total
2021,COM,CB018BUS01,,,extended,2,108,0,108,False,0,51290,0,0,,,unmatched,,108,,consistent,51290,no_published,none,,high,computed credits equal the stated total
2021,COM,CB018BUS01,,,extended,3,150,0,150,False,0,70480,0,0,,,unmatched,,150,,consistent,70480,no_published,none,,high,computed credits equal the stated total
2021,COM,CB018BUS01,,,extended,4,180,0,180,False,0,86140,0,0,,,unmatched,,180,,consistent,86140,no_published,none,,high,computed credits equal the stated total
2021,COM,CB018BUS01,,,extended,5,174,0,,False,,73530,0,0,,,unmatched,,174,,unresolved,73530,no_published,none,,low,no rule or adjudication applies; default-trust=computed
2021,COM,CB018BUS09,,,extended,1,113,0,113,False,0,51290,0,0,,,unmatched,,113,,consistent,51290,no_published,none,,high,computed credits equal the stated total
2021,COM,CB018BUS09,,,extended,2,108,0,108,False,0,51290,0,0,,,unmatched,,108,,consistent,51290,no_published,none,,high,computed credits equal the stated total
2021,COM,CB018BUS09,,,extended,3,150,0,150,False,0,70480,0,0,,,unmatched,,150,,consistent,70480,no_published,none,,high,computed credits equal the stated total
2021,COM,CB018BUS09,,,extended,4,198,0,198,False,0,92620,0,0,,,unmatched,,198,,consistent,92620,no_published,none,,high,computed credits equal the stated total
2021,COM,CB018BUS09,,,extended,5,147,0,147,False,0,68510,0,0,,,unmatched,,147,,consistent,68510,no_published,none,,high,computed credits equal the stated total
2021,COM,CB019BUS01,BCom,Actuarial Science,regular,1,185,0,185,False,0,85250,0,0,85250,BCom specialising in Actuarial Science,label_match,0.0,185,,consistent,85250,reconciled,none,,high,computed credits equal the stated total
2021,COM,CB019BUS01,BCom,Actuarial Science,regular,2,186,0,186,False,0,87680,0,0,86900,BCom specialising in Actuarial Science,label_match,0.9,186,,consistent,87680,reconciled,none,,high,computed credits equal the stated total
2021,COM,CB019BUS01,BCom,Actuarial Science,regular,3,162,0,162,False,0,77540,0,0,84020,BCom specialising in Actuarial Science,label_match,-7.7,162,,consistent,77540,published_divergent,none,,high,computed credits equal the stated total
2021,COM,CB019BUS09,BCom,Actuarial Science: Quantitative Finance,regular,1,185,0,185,False,0,85250,0,0,85250,BCom specialising in Actuarial Science Quantitative Finance Stream,label_match,0.0,185,,consistent,85250,reconciled,none,,high,computed credits equal the stated total
2021,COM,CB019BUS09,BCom,Actuarial Science: Quantitative Finance,regular,2,186,0,186,False,0,87680,0,0,86900,BCom specialising in Actuarial Science Quantitative Finance Stream,label_match,0.9,186,,consistent,87680,reconciled,none,,high,computed credits equal the stated total
2021,COM,CB019BUS09,BCom,Actuarial Science: Quantitative Finance,regular,3,180,0,180,False,0,84020,0,0,84020,BCom specialising in Actuarial Science Quantitative Finance Stream,label_match,0.0,180,,consistent,84020,reconciled,none,,high,computed credits equal the stated total
2021,COM,CB020BUS01,BCom,Actuarial Science,extended,1,113,0,113,False,0,51290,0,0,51290,BCom Academic Development specialising in Actuarial Science,ad_duration,0.0,113,,consistent,51290,reconciled,none,,high,computed credits equal the stated total
2021,COM,CB020BUS01,BCom,Actuarial Science,extended,2,108,0,108,False,0,51290,0,0,51290,BCom Academic Development specialising in Actuarial Science,ad_duration,0.0,108,,consistent,51290,reconciled,none,,high,computed credits equal the stated total
2021,COM,CB020BUS01,BCom,Actuarial Science,extended,3,150,0,150,False,0,70480,0,0,70480,BCom Academic Development specialising in Actuarial Science,ad_duration,0.0,150,,consistent,70480,reconciled,none,,high,computed credits equal the stated total
2021,COM,CB020BUS01,BCom,Actuarial Science,extended,4,162,0,162,False,0,77540,0,0,77540,BCom Academic Development specialising in Actuarial Science,ad_duration,0.0,162,,consistent,77540,reconciled,none,,high,computed credits equal the stated total
2021,COM,CB020BUS09,BCom,Actuarial Science: Quantitative Finance,extended,1,113,0,113,False,0,51290,0,0,51290,BCom Academic Development specialising in Actuarial Science Quantitative Finance Stream,ad_duration,0.0,113,,consistent,51290,reconciled,none,,high,computed credits equal the stated total
2021,COM,CB020BUS09,BCom,Actuarial Science: Quantitative Finance,extended,2,126,0,126,False,0,59150,0,0,59150,BCom Academic Development specialising in Actuarial Science Quantitative Finance Stream,ad_duration,0.0,126,,consistent,59150,reconciled,none,,high,computed credits equal the stated total
2021,COM,CB020BUS09,BCom,Actuarial Science: Quantitative Finance,extended,3,132,0,132,False,0,62620,0,0,62620,BCom Academic Development specialising in Actuarial Science Quantitative Finance Stream,ad_duration,0.0,132,,consistent,62620,reconciled,none,,high,computed credits equal the stated total
2021,COM,CB020BUS09,BCom,Actuarial Science: Quantitative Finance,extended,4,180,0,180,False,0,84020,0,0,84020,BCom Academic Development specialising in Actuarial Science Quantitative Finance Stream,ad_duration,0.0,180,,consistent,84020,reconciled,none,,high,computed credits equal the stated total
2021,COM,CB023ACC03,BCom,Financial Accounting: Accounting with Law,augmented,1,149,0,149,False,0,68490,0,0,,,unmatched,,149,,consistent,68490,no_published,none,,high,computed credits equal the stated total
2021,COM,CB023ACC03,BCom,Financial Accounting: Accounting with Law,augmented,2,162,0,162,False,0,74090,0,0,,,unmatched,,162,,consistent,74090,no_published,none,,high,computed credits equal the stated total
2021,COM,CB023ACC03,BCom,Financial Accounting: Accounting with Law,augmented,3,144,0,144,False,0,65720,0,0,,,unmatched,,144,,consistent,65720,no_published,none,,high,computed credits equal the stated total
2021,COM,CB023ACC04,BCom,Financial Accounting: Chartered Accountant,augmented,1,149,0,149,False,0,68490,0,0,,,unmatched,,149,,consistent,68490,no_published,none,,high,computed credits equal the stated total
2021,COM,CB023ACC04,BCom,Financial Accounting: Chartered Accountant,augmented,2,198,0,162,False,36,93530,0,0,,,unmatched,,198,,unresolved,93530,no_published,none,,low,no rule or adjudication applies; default-trust=computed
2021,COM,CB023ACC04,BCom,Financial Accounting: Chartered Accountant,augmented,3,144,0,144,False,0,67140,0,0,,,unmatched,,144,,consistent,67140,no_published,none,,high,computed credits equal the stated total
2021,COM,CB023ACC08,BCom,Financial Accounting: General Accounting,augmented,1,149,0,149,False,0,68490,0,0,,,unmatched,,149,,consistent,68490,no_published,none,,high,computed credits equal the stated total
2021,COM,CB023ACC08,BCom,Financial Accounting: General Accounting,augmented,2,162,0,162,False,0,76560,0,0,,,unmatched,,162,,consistent,76560,no_published,none,,high,computed credits equal the stated total
2021,COM,CB023ACC08,BCom,Financial Accounting: General Accounting,augmented,3,144,0,144,False,0,66910,0,0,,,unmatched,,144,,consistent,66910,no_published,none,,high,computed credits equal the stated total
2021,COM,CB023BUS06,BCom,Management Studies,augmented,1,185,0,185,False,0,84890,0,0,,,unmatched,,185,,consistent,84890,no_published,none,,high,computed credits equal the stated total
2021,COM,CB023BUS06,BCom,Management Studies,augmented,2,168,0,168,False,0,79630,17200,0,,,unmatched,,168,,consistent,79630,no_published,none,,high,computed credits equal the stated total
2021,COM,CB023BUS06,BCom,Management Studies,augmented,3,18,0,18,False,0,8600,0,2,,,unmatched,,18,,consistent,8600,no_published,none,,high,computed credits equal the stated total
2021,COM,CB023ECO02,BCom,Economics and Finance,augmented,1,167,0,167,False,0,77030,0,0,,,unmatched,,167,,consistent,77030,no_published,none,,high,computed credits equal the stated total
2021,COM,CB023ECO02,BCom,Economics and Finance,augmented,2,150,0,162,True,-12,70520,0,0,,,unmatched,,150,,resolved_computed,70520,no_published,R2a,R2a,medium,"identical taken-course set reconciles exactly in editions 2022, 2023; the divergent stated total here is edition-local drift"
2021,COM,CB023ECO02,BCom,Economics and Finance,augmented,3,144,0,144,False,0,68570,8600,0,,,unmatched,,144,,consistent,68570,no_published,none,,high,computed credits equal the stated total
2021,COM,CB023ECO03,BCom,Economics with Law,augmented,1,149,0,149,False,0,68490,0,0,,,unmatched,,149,,consistent,68490,no_published,none,,high,computed credits equal the stated total
2021,COM,CB023ECO03,BCom,Economics with Law,augmented,2,162,0,162,True,0,73370,0,0,,,unmatched,,162,,consistent,73370,no_published,none,,high,computed credits equal the stated total
2021,COM,CB023ECO03,BCom,Economics with Law,augmented,3,144,0,144,False,0,65820,0,0,,,unmatched,,144,,consistent,65820,no_published,none,,high,computed credits equal the stated total
2021,COM,CB023ECO04,BCom,Economics and Statistics,augmented,1,167,0,167,False,0,77030,0,0,,,unmatched,,167,,consistent,77030,no_published,none,,high,computed credits equal the stated total
2021,COM,CB023ECO04,BCom,Economics and Statistics,augmented,2,210,0,156,True,54,97540,0,0,,,unmatched,,210,,consistent,97540,no_published,none,,high,computed credits equal the stated total
2021,COM,CB023ECO04,BCom,Economics and Statistics,augmented,3,216,0,180,False,36,101430,8600,0,,,unmatched,,216,,unresolved,101430,no_published,none,,low,no rule or adjudication applies; default-trust=computed
2021,COM,CB023INF01,BCom,Information Systems,augmented,1,149,0,149,False,0,68000,0,0,,,unmatched,,149,,consistent,68000,no_published,none,,high,computed credits equal the stated total
2021,COM,CB023INF01,BCom,Information Systems,augmented,2,144,0,144,False,0,68610,8600,0,,,unmatched,,144,,consistent,68610,no_published,none,,high,computed credits equal the stated total
2021,COM,CB023INF01,BCom,Information Systems,augmented,3,156,0,156,False,0,77080,17200,0,,,unmatched,,156,,consistent,77080,no_published,none,,high,computed credits equal the stated total
2021,COM,CB023INF06,BCom,Information Systems and Computer Science,augmented,1,149,0,149,False,0,68180,0,0,,,unmatched,,149,,consistent,68180,no_published,none,,high,computed credits equal the stated total
2021,COM,CB023INF06,BCom,Information Systems and Computer Science,augmented,2,162,0,324,False,-162,74990,0,0,,,unmatched,,162,,resolved_computed,74990,no_published,R2a,R2a,medium,"identical taken-course set reconciles exactly in editions 2022, 2023, 2025, 2026; the divergent stated total here is edition-local drift"
2021,COM,CB023INF06,BCom,Information Systems and Computer Science,augmented,3,144,0,144,False,0,67620,0,0,,,unmatched,,144,,consistent,67620,no_published,none,,high,computed credits equal the stated total
2021,COM,CB023INF11,BCom,Information Systems and Finance,augmented,1,167,0,167,False,0,77030,0,0,,,unmatched,,167,,consistent,77030,no_published,none,,high,computed credits equal the stated total
2021,COM,CB023INF11,BCom,Information Systems and Finance,augmented,2,162,0,162,False,0,76720,0,0,,,unmatched,,162,,consistent,76720,no_published,none,,high,computed credits equal the stated total
2021,COM,CB023INF11,BCom,Information Systems and Finance,augmented,3,150,0,150,False,0,71030,0,0,,,unmatched,,150,,consistent,71030,no_published,none,,high,computed credits equal the stated total
2021,COM,CB023PHI03,BCom,"Philosophy, Politics & Economics",augmented,1,149,0,149,False,0,66280,0,0,,,unmatched,,149,,consistent,66280,no_published,none,,high,computed credits equal the stated total
2021,COM,CB023PHI03,BCom,"Philosophy, Politics & Economics",augmented,2,246,0,174,False,72,110240,0,0,,,unmatched,,246,,unresolved,110240,no_published,none,,low,no rule or adjudication applies; default-trust=computed
2021,COM,CB023PHI03,BCom,"Philosophy, Politics & Economics",augmented,3,222,3,168,False,54,88020,10370,3,,,unmatched,,222,,unresolved,88020,no_published,none,,low,no rule or adjudication applies; default-trust=computed
2021,COM,CB024BUS07,BBusSc,Marketing,augmented,1,167,0,167,False,0,77030,0,0,59150,BBusSc Academic Development specialising in Marketing,label_match,30.2,167,,consistent,77030,published_divergent,none,,high,computed credits equal the stated total
2021,COM,CB024BUS07,BBusSc,Marketing,augmented,2,168,0,168,False,0,78890,0,0,51540,BBusSc Academic Development specialising in Marketing,label_match,53.1,168,,consistent,78890,published_divergent,none,,high,computed credits equal the stated total
2021,COM,CB024BUS07,BBusSc,Marketing,augmented,3,198,0,180,False,18,85410,8600,0,71090,BBusSc Academic Development specialising in Marketing,label_match,20.1,198,,unresolved,85410,published_divergent,none,,low,no rule or adjudication applies; default-trust=computed
2021,COM,CB024BUS07,BBusSc,Marketing,augmented,4,180,0,180,False,0,84360,0,0,60110,BBusSc Academic Development specialising in Marketing,label_match,40.3,180,,consistent,84360,published_divergent,none,,high,computed credits equal the stated total
2021,COM,CB024BUS08,BBusSc,Organisational Psychology,augmented,1,167,0,167,False,0,75390,0,0,58250,BBusSc Academic Development specialising in Organisational Psychology,label_match,29.4,167,,consistent,75390,published_divergent,none,,high,computed credits equal the stated total
2021,COM,CB024BUS08,BBusSc,Organisational Psychology,augmented,2,162,0,162,False,0,60200,0,2,62600,BBusSc Academic Development specialising in Organisational Psychology,label_match,-3.8,162,,consistent,60200,reconciled,none,,high,computed credits equal the stated total
2021,COM,CB024BUS08,BBusSc,Organisational Psychology,augmented,3,198,0,180,False,18,91030,8600,0,59460,BBusSc Academic Development specialising in Organisational Psychology,label_match,53.1,198,,unresolved,91030,published_divergent,none,,low,no rule or adjudication applies; default-trust=computed
2021,COM,CB024BUS08,BBusSc,Organisational Psychology,augmented,4,156,0,156,False,0,80210,0,0,54910,BBusSc Academic Development specialising in Organisational Psychology,label_match,46.1,156,,consistent,80210,published_divergent,none,,high,computed credits equal the stated total
2021,COM,CB024BUS22,BBusSc,Analytics,augmented,1,185,0,185,False,0,85000,0,0,50550,BBusSc Academic Development specialising in Analytics,label_match,68.2,185,,consistent,85000,published_divergent,none,,high,computed credits equal the stated total
2021,COM,CB024BUS22,BBusSc,Analytics,augmented,2,186,0,186,False,0,86670,0,0,51040,BBusSc Academic Development specialising in Analytics,label_match,69.8,186,,consistent,86670,published_divergent,none,,high,computed credits equal the stated total
2021,COM,CB024BUS22,BBusSc,Analytics,augmented,3,264,0,198,True,66,123550,0,0,78810,BBusSc Academic Development specialising in Analytics,label_match,56.8,264,,consistent,123550,published_divergent,none,,high,computed credits equal the stated total
2021,COM,CB024BUS22,BBusSc,Analytics,augmented,4,178,0,178,False,0,71030,0,0,105760,BBusSc Academic Development specialising in Analytics,label_match,-32.8,178,,consistent,71030,published_divergent,none,,high,computed credits equal the stated total
2021,COM,CB024CSC05,BBusSc,Computer Science,augmented,1,149,0,149,False,0,67800,0,0,51040,BBusSc Academic Development specialising in Computer Science,label_match,32.8,149,,consistent,67800,published_divergent,none,,high,computed credits equal the stated total
2021,COM,CB024CSC05,BBusSc,Computer Science,augmented,2,162,0,162,False,0,75950,0,0,58920,BBusSc Academic Development specialising in Computer Science,label_match,28.9,162,,consistent,75950,published_divergent,none,,high,computed credits equal the stated total
2021,COM,CB024CSC05,BBusSc,Computer Science,augmented,3,180,0,180,False,0,84080,0,0,58980,BBusSc Academic Development specialising in Computer Science,label_match,42.6,180,,consistent,84080,published_divergent,none,,high,computed credits equal the stated total
2021,COM,CB024CSC05,BBusSc,Computer Science,augmented,4,166,0,166,False,0,67080,0,0,64560,BBusSc Academic Development specialising in Computer Science,label_match,3.9,166,,consistent,67080,reconciled,none,,high,computed credits equal the stated total
2021,COM,CB024ECO01,BBusSc,Economics,augmented,1,167,0,167,False,0,77030,0,0,59890,BBusSc Academic Development specialising in Economics,label_match,28.6,167,,consistent,77030,published_divergent,none,,high,computed credits equal the stated total
2021,COM,CB024ECO01,BBusSc,Economics,augmented,2,156,0,150,False,6,72980,0,0,59400,BBusSc Academic Development specialising in Economics,label_match,22.9,156,,resolved_computed,72980,published_divergent,R2a,R2a,medium,"identical taken-course set reconciles exactly in editions 2022, 2023, 2024, 2025, 2026; the divergent stated total here is edition-local drift"
2021,COM,CB024ECO01,BBusSc,Economics,augmented,3,264,1,162,True,102,124800,8600,1,70440,BBusSc Academic Development specialising in Economics,label_match,77.2,162,,resolved_manual,124800,published_divergent,R3,COM-2021-008,high,"The year table lists a module menu with no printed selection rule, so the row sum counts every offering; the stated total is the only authoritative signal of the intended load and is stable across editions. Computed fee is left as the sum of listed modules and will show as published_divergent until the menu rule is confirmed."
2021,COM,CB024ECO01,BBusSc,Economics,augmented,4,156,0,156,False,0,85900,0,0,59020,BBusSc Academic Development specialising in Economics,label_match,45.5,156,,consistent,85900,published_divergent,none,,high,computed credits equal the stated total
2021,COM,CB024ECO03,BBusSc,Economics with Law,augmented,1,167,0,167,False,0,77030,0,0,59890,BBusSc Academic Development specialising in Economics with Law,label_match,28.6,167,,consistent,77030,published_divergent,none,,high,computed credits equal the stated total
2021,COM,CB024ECO03,BBusSc,Economics with Law,augmented,2,168,0,168,False,0,76880,0,0,54000,BBusSc Academic Development specialising in Economics with Law,label_match,42.4,168,,consistent,76880,published_divergent,none,,high,computed credits equal the stated total
2021,COM,CB024ECO03,BBusSc,Economics with Law,augmented,3,144,1,144,False,0,65590,0,1,56990,BBusSc Academic Development specialising in Economics with Law,label_match,15.1,144,,unresolved,65590,published_divergent,none,,low,no rule or adjudication applies; default-trust=computed
2021,COM,CB024ECO03,BBusSc,Economics with Law,augmented,4,174,0,174,False,0,94500,0,0,65820,BBusSc Academic Development specialising in Economics with Law,label_match,43.6,174,,consistent,94500,published_divergent,none,,high,computed credits equal the stated total
2021,COM,CB024FTX04,BBusSc,Finance with Accounting,augmented,1,167,0,167,False,0,77030,0,0,59090,BBusSc Academic Development specialising in Finance with Accounting,label_match,30.4,167,,consistent,77030,published_divergent,none,,high,computed credits equal the stated total
2021,COM,CB024FTX04,BBusSc,Finance with Accounting,augmented,2,168,0,168,False,0,78150,0,0,59170,BBusSc Academic Development specialising in Finance with Accounting,label_match,32.1,168,,consistent,78150,published_divergent,none,,high,computed credits equal the stated total
2021,COM,CB024FTX04,BBusSc,Finance with Accounting,augmented,3,180,0,180,False,0,85080,0,0,79760,BBusSc Academic Development specialising in Finance with Accounting,label_match,6.7,180,,consistent,85080,published_divergent,none,,high,computed credits equal the stated total
2021,COM,CB024FTX04,BBusSc,Finance with Accounting,augmented,4,162,0,162,False,0,77200,0,0,67880,BBusSc Academic Development specialising in Finance with Accounting,label_match,13.7,162,,consistent,77200,published_divergent,none,,high,computed credits equal the stated total
2021,COM,CB024FTX05,BBusSc,Finance,augmented,1,185,0,185,False,0,85630,0,0,59830,BBusSc Academic Development specialising in Finance,label_match,43.1,185,,consistent,85630,published_divergent,none,,high,computed credits equal the stated total
2021,COM,CB024FTX05,BBusSc,Finance,augmented,2,168,0,168,False,0,78890,0,0,70460,BBusSc Academic Development specialising in Finance,label_match,12.0,168,,consistent,78890,published_divergent,none,,high,computed credits equal the stated total
2021,COM,CB024FTX05,BBusSc,Finance,augmented,3,162,0,180,False,-18,76730,0,0,42690,BBusSc Academic Development specialising in Finance,label_match,79.7,162,,unresolved,76730,published_divergent,none,,low,no rule or adjudication applies; default-trust=computed
2021,COM,CB024FTX05,BBusSc,Finance,augmented,4,144,0,144,False,0,68600,0,0,68210,BBusSc Academic Development specialising in Finance,label_match,0.6,144,,consistent,68600,reconciled,none,,high,computed credits equal the stated total
2021,COM,CB024INF01,BBusSc,Information Systems,augmented,1,185,0,185,False,0,84890,0,0,56460,BBusSc Academic Development specialising in Information Systems,label_match,50.4,185,,consistent,84890,published_divergent,none,,high,computed credits equal the stated total
2021,COM,CB024INF01,BBusSc,Information Systems,augmented,2,168,0,168,False,0,79920,0,0,49200,BBusSc Academic Development specialising in Information Systems,label_match,62.4,168,,consistent,79920,published_divergent,none,,high,computed credits equal the stated total
2021,COM,CB024INF01,BBusSc,Information Systems,augmented,3,156,0,156,False,0,77080,0,0,70180,BBusSc Academic Development specialising in Information Systems,label_match,9.8,156,,consistent,77080,published_divergent,none,,high,computed credits equal the stated total
2021,COM,CB024INF01,BBusSc,Information Systems,augmented,4,176,0,176,False,0,78900,0,0,57390,BBusSc Academic Development specialising in Information Systems,label_match,37.5,176,,consistent,78900,published_divergent,none,,high,computed credits equal the stated total
2021,COM,CB025BUS01,BBusSc,Actuarial Science,augmented,1,185,0,185,False,0,85250,0,0,51100,Bachelor of Business Science Academic Development specialising in Actuarial Science,label_match,66.8,185,,consistent,85250,published_divergent,none,,high,computed credits equal the stated total
2021,COM,CB025BUS01,BBusSc,Actuarial Science,augmented,2,186,0,186,False,0,87680,0,0,51290,Bachelor of Business Science Academic Development specialising in Actuarial Science,label_match,70.9,186,,consistent,87680,published_divergent,none,,high,computed credits equal the stated total
2021,COM,CB025BUS01,BBusSc,Actuarial Science,augmented,3,180,0,180,False,0,86140,0,0,70480,Bachelor of Business Science Academic Development specialising in Actuarial Science,label_match,22.2,180,,consistent,86140,published_divergent,none,,high,computed credits equal the stated total
2021,COM,CB025BUS01,BBusSc,Actuarial Science,augmented,4,174,0,174,False,0,73530,0,0,86140,Bachelor of Business Science Academic Development specialising in Actuarial Science,label_match,-14.6,174,,consistent,73530,published_divergent,none,,high,computed credits equal the stated total
2021,COM,CB025BUS09,BBusSc,Actuarial Science: Quantitative Finance,augmented,1,185,0,185,False,0,85250,0,0,51290,BBusSc Academic Development specialising in Actuarial Science: Quantitative Finance Stream,label_match,66.2,185,,consistent,85250,published_divergent,none,,high,computed credits equal the stated total
2021,COM,CB025BUS09,BBusSc,Actuarial Science: Quantitative Finance,augmented,2,186,0,186,False,0,87680,0,0,51290,BBusSc Academic Development specialising in Actuarial Science: Quantitative Finance Stream,label_match,70.9,186,,consistent,87680,published_divergent,none,,high,computed credits equal the stated total
2021,COM,CB025BUS09,BBusSc,Actuarial Science: Quantitative Finance,augmented,3,198,0,198,False,0,92620,0,0,70480,BBusSc Academic Development specialising in Actuarial Science: Quantitative Finance Stream,label_match,31.4,198,,consistent,92620,published_divergent,none,,high,computed credits equal the stated total
2021,COM,CB025BUS09,BBusSc,Actuarial Science: Quantitative Finance,augmented,4,147,0,147,False,0,68510,0,0,92620,BBusSc Academic Development specialising in Actuarial Science: Quantitative Finance Stream,label_match,-26.0,147,,consistent,68510,published_divergent,none,,high,computed credits equal the stated total
2021,COM,CB026BUS01,BCom,Actuarial Science,augmented,1,185,0,185,False,0,85250,0,0,,,unmatched,,185,,consistent,85250,no_published,none,,high,computed credits equal the stated total
2021,COM,CB026BUS01,BCom,Actuarial Science,augmented,2,186,0,186,False,0,87680,0,0,,,unmatched,,186,,consistent,87680,no_published,none,,high,computed credits equal the stated total
2021,COM,CB026BUS01,BCom,Actuarial Science,augmented,3,162,0,162,False,0,77540,0,0,,,unmatched,,162,,consistent,77540,no_published,none,,high,computed credits equal the stated total
2021,COM,CB026BUS09,BCom,Actuarial Science: Quantitative Finance,augmented,1,185,0,185,False,0,85250,0,0,,,unmatched,,185,,consistent,85250,no_published,none,,high,computed credits equal the stated total
2021,COM,CB026BUS09,BCom,Actuarial Science: Quantitative Finance,augmented,2,186,0,186,False,0,87680,0,0,,,unmatched,,186,,consistent,87680,no_published,none,,high,computed credits equal the stated total
2021,COM,CB026BUS09,BCom,Actuarial Science: Quantitative Finance,augmented,3,180,0,180,False,0,84020,0,0,,,unmatched,,180,,consistent,84020,no_published,none,,high,computed credits equal the stated total
2021,COM,CU020BUS01,AdvDip,Actuarial Science,regular,1,672,0,126,True,546,255470,0,7,,,unmatched,,672,,consistent,255470,no_published,none,,high,computed credits equal the stated total
2021,EBE,EB001CHE01,,,regular,1,146,0,146,False,0,70130,0,0,70130,BSc Eng (Chemical),duration,0.0,146,,consistent,70130,reconciled,none,,high,computed credits equal the stated total
2021,EBE,EB001CHE01,,,regular,2,144,0,144,True,0,77650,20660,0,76990,BSc Eng (Chemical),duration,0.9,144,,consistent,77650,reconciled,none,,high,computed credits equal the stated total
2021,EBE,EB001CHE01,,,regular,3,126,0,142,True,-16,40494,28694,0,79500,BSc Eng (Chemical),duration,-49.1,126,,unresolved,40494,published_divergent,none,,low,no rule or adjudication applies; default-trust=computed
2021,EBE,EB001CHE01,,,regular,4,128,0,128,True,0,72422,9182,0,78240,BSc Eng (Chemical),duration,-7.4,128,,consistent,72422,published_divergent,none,,high,computed credits equal the stated total
2021,EBE,EB002CIV01,BSc(Eng),Civil Engineering,regular,1,144,0,144,False,0,67510,0,0,70490,BSc Eng (Civil),duration,-4.2,144,,consistent,67510,reconciled,none,,high,computed credits equal the stated total
2021,EBE,EB002CIV01,BSc(Eng),Civil Engineering,regular,2,144,0,144,False,0,70570,0,0,70570,BSc Eng (Civil),duration,0.0,144,,consistent,70570,reconciled,none,,high,computed credits equal the stated total
2021,EBE,EB002CIV01,BSc(Eng),Civil Engineering,regular,3,134,0,152,False,-18,47350,0,0,70270,BSc Eng (Civil),duration,-32.6,134,,unresolved,47350,published_divergent,none,,low,no rule or adjudication applies; default-trust=computed
2021,EBE,EB002CIV01,BSc(Eng),Civil Engineering,regular,4,144,0,144,False,0,79050,0,0,95440,BSc Eng (Civil),duration,-17.2,144,,consistent,79050,published_divergent,none,,high,computed credits equal the stated total
2021,EBE,EB005MEC01,BSc(Eng),Mechanical Engineering,regular,1,144,0,144,False,0,68350,0,0,72350,BSc Eng (Mechanical),duration,-5.5,144,,consistent,68350,published_divergent,none,,high,computed credits equal the stated total
2021,EBE,EB005MEC01,BSc(Eng),Mechanical Engineering,regular,2,144,0,144,False,0,59470,0,0,73470,BSc Eng (Mechanical),duration,-19.1,144,,consistent,59470,published_divergent,none,,high,computed credits equal the stated total
2021,EBE,EB005MEC01,BSc(Eng),Mechanical Engineering,regular,3,144,0,144,False,0,68210,0,0,76210,BSc Eng (Mechanical),duration,-10.5,144,,consistent,68210,published_divergent,none,,high,computed credits equal the stated total
2021,EBE,EB005MEC01,BSc(Eng),Mechanical Engineering,regular,4,144,0,144,False,0,63020,8540,1,54480,BSc Eng (Mechanical),duration,15.7,144,,consistent,63020,published_divergent,none,,high,computed credits equal the stated total
2021,EBE,EB009EEE01,BSc(Eng),Electrical Engineering,regular,1,148,0,148,False,0,71700,0,0,78840,BSc Eng (Electrical),duration,-9.1,148,,consistent,71700,published_divergent,none,,high,computed credits equal the stated total
2021,EBE,EB009EEE01,BSc(Eng),Electrical Engineering,regular,2,144,0,144,False,0,78840,0,0,78840,BSc Eng (Electrical),duration,0.0,144,,consistent,78840,reconciled,none,,high,computed credits equal the stated total
2021,EBE,EB009EEE01,BSc(Eng),Electrical Engineering,regular,3,144,0,144,False,0,64291,7591,0,65700,BSc Eng (Electrical),duration,-2.1,144,,consistent,64291,reconciled,none,,high,computed credits equal the stated total
2021,EBE,EB009EEE01,BSc(Eng),Electrical Engineering,regular,4,172,0,140,True,32,63433,22773,0,44650,BSc Eng (Electrical),duration,42.1,172,,consistent,63433,published_divergent,none,,high,computed credits equal the stated total
2021,EBE,EB010MEC05,BSc(Eng),Mechanical & Mechatronic Engineering,regular,1,144,0,144,False,0,68350,0,0,,,unmatched,,144,,consistent,68350,no_published,none,,high,computed credits equal the stated total
2021,EBE,EB010MEC05,BSc(Eng),Mechanical & Mechatronic Engineering,regular,2,144,0,144,False,0,59470,0,0,,,unmatched,,144,,consistent,59470,no_published,none,,high,computed credits equal the stated total
2021,EBE,EB010MEC05,BSc(Eng),Mechanical & Mechatronic Engineering,regular,3,144,0,144,False,0,76340,0,0,,,unmatched,,144,,consistent,76340,no_published,none,,high,computed credits equal the stated total
2021,EBE,EB010MEC05,BSc(Eng),Mechanical & Mechatronic Engineering,regular,4,156,0,144,False,12,81543,14233,0,,,unmatched,,156,,unresolved,81543,no_published,none,,low,no rule or adjudication applies; default-trust=computed
2021,EBE,EB011EEE05,BSc(Eng),Mechatronics,regular,1,148,0,148,False,0,71700,0,0,71700,BSc Eng (Mechatronics),duration,0.0,148,,consistent,71700,reconciled,none,,high,computed credits equal the stated total
2021,EBE,EB011EEE05,BSc(Eng),Mechatronics,regular,2,144,0,144,False,0,78840,0,0,78540,BSc Eng (Mechatronics),duration,0.4,144,,consistent,78840,reconciled,none,,high,computed credits equal the stated total
2021,EBE,EB011EEE05,BSc(Eng),Mechatronics,regular,3,144,0,144,False,0,66521,7591,0,76930,BSc Eng (Mechatronics),duration,-13.5,144,,consistent,66521,published_divergent,none,,high,computed credits equal the stated total
2021,EBE,EB011EEE05,BSc(Eng),Mechatronics,regular,4,138,0,136,True,2,47423,22773,0,65450,BSc Eng (Mechatronics),duration,-27.5,138,,consistent,47423,published_divergent,none,,high,computed credits equal the stated total
2021,EBE,EB012APG01,BAS,,regular,1,144,0,144,False,0,71440,0,2,71440,Bachelor of Architectural Studies,label_match,0.0,144,,consistent,71440,reconciled,none,,high,computed credits equal the stated total
2021,EBE,EB012APG01,BAS,,regular,2,144,0,144,False,0,68170,0,0,68170,Bachelor of Architectural Studies,label_match,0.0,144,,consistent,68170,reconciled,none,,high,computed credits equal the stated total
2021,EBE,EB012APG01,BAS,,regular,3,144,0,144,False,0,71240,0,0,71240,Bachelor of Architectural Studies,label_match,0.0,144,,consistent,71240,reconciled,none,,high,computed credits equal the stated total
2021,EBE,EB015CON04,BSc(ConStud),,regular,1,144,0,144,False,0,62320,0,0,68240,BSc in Construction Studies,label_match,-8.7,144,,consistent,62320,published_divergent,none,,high,computed credits equal the stated total
2021,EBE,EB015CON04,BSc(ConStud),,regular,2,150,0,150,False,0,67770,0,0,73470,BSc in Construction Studies,label_match,-7.8,150,,consistent,67770,published_divergent,none,,high,computed credits equal the stated total
2021,EBE,EB015CON04,BSc(ConStud),,regular,3,156,0,156,False,0,57350,0,0,71350,BSc in Construction Studies,label_match,-19.6,156,,consistent,57350,published_divergent,none,,high,computed credits equal the stated total
2021,EBE,EB017CON03,BSc(PropStud),,regular,1,152,0,152,False,0,71690,0,0,57600,BSc in Property Studies | MPhil In Conservation of Built Environment,label_match,24.5,152,,consistent,71690,published_divergent,none,,high,computed credits equal the stated total
2021,EBE,EB017CON03,BSc(PropStud),,regular,2,154,0,154,False,0,59680,0,0,52200,BSc in Property Studies | MPhil In Conservation of Built Environment,label_match,14.3,154,,consistent,59680,published_divergent,none,,high,computed credits equal the stated total
2021,EBE,EB017CON03,BSc(PropStud),,regular,3,148,0,148,False,0,67600,8600,0,61920,BSc in Property Studies,label_match,9.2,148,,consistent,67600,published_divergent,none,,high,computed credits equal the stated total
2021,EBE,EB019APG09,BSc(Geomatics),Surveying Stream,regular,1,124,0,124,False,0,58390,8540,0,67280,courses BSc (Geomatics),duration,-13.2,124,,consistent,58390,published_divergent,none,,high,computed credits equal the stated total
2021,EBE,EB019APG09,BSc(Geomatics),Surveying Stream,regular,2,148,0,148,False,0,72630,0,0,84650,courses BSc (Geomatics),duration,-14.2,148,,consistent,72630,published_divergent,none,,high,computed credits equal the stated total
2021,EBE,EB019APG09,BSc(Geomatics),Surveying Stream,regular,3,144,0,144,False,0,52650,0,2,75750,courses BSc (Geomatics),duration,-30.5,144,,consistent,52650,published_divergent,none,,high,computed credits equal the stated total
2021,EBE,EB019APG09,BSc(Geomatics),Surveying Stream,regular,4,150,0,150,False,0,77070,0,0,77070,courses BSc (Geomatics),duration,0.0,150,,consistent,77070,reconciled,none,,high,computed credits equal the stated total
2021,EBE,EB019APG11,BSc(Geomatics),Geoinformatics Stream Environmental and Geographical Science Specialisation,regular,1,126,0,126,False,0,59120,0,0,67280,courses BSc (Geomatics),duration,-12.1,126,,consistent,59120,published_divergent,none,,high,computed credits equal the stated total
2021,EBE,EB019APG11,BSc(Geomatics),Geoinformatics Stream Environmental and Geographical Science Specialisation,regular,2,148,0,148,False,0,72630,0,0,84650,courses BSc (Geomatics),duration,-14.2,148,,consistent,72630,published_divergent,none,,high,computed credits equal the stated total
2021,EBE,EB019APG11,BSc(Geomatics),Geoinformatics Stream Environmental and Geographical Science Specialisation,regular,3,154,0,154,False,0,63100,0,2,75750,courses BSc (Geomatics),duration,-16.7,154,,consistent,63100,published_divergent,none,,high,computed credits equal the stated total
2021,EBE,EB019APG11,BSc(Geomatics),Geoinformatics Stream Environmental and Geographical Science Specialisation,regular,4,180,0,180,False,0,90340,0,0,77070,courses BSc (Geomatics),duration,17.2,180,,consistent,90340,published_divergent,none,,high,computed credits equal the stated total
2021,EBE,EB022EEE02,BSc(Eng),Electrical and Computer Engineering,regular,1,148,0,148,False,0,71700,0,0,71700,BSc Eng (Electrical & Computer),duration,0.0,148,,consistent,71700,reconciled,none,,high,computed credits equal the stated total
2021,EBE,EB022EEE02,BSc(Eng),Electrical and Computer Engineering,regular,2,144,0,144,False,0,78840,0,0,75150,BSc Eng (Electrical & Computer),duration,4.9,144,,consistent,78840,reconciled,none,,high,computed credits equal the stated total
2021,EBE,EB022EEE02,BSc(Eng),Electrical and Computer Engineering,regular,3,160,0,152,True,8,71308,7338,0,62860,BSc Eng (Electrical & Computer),duration,13.4,160,,consistent,71308,published_divergent,none,,high,computed credits equal the stated total
2021,EBE,EB022EEE02,BSc(Eng),Electrical and Computer Engineering,regular,4,138,0,136,True,2,47423,22773,0,33670,BSc Eng (Electrical & Computer),duration,40.8,138,,consistent,47423,published_divergent,none,,high,computed credits equal the stated total
2021,EBE,EB801CHE01,BSc(Eng),Chemical Engineering,extended,1,102,0,102,False,0,48130,0,0,,,unmatched,,102,,consistent,48130,no_published,none,,high,computed credits equal the stated total
2021,EBE,EB801CHE01,BSc(Eng),Chemical Engineering,extended,2,112,0,112,True,0,54120,17080,0,,,unmatched,,112,,consistent,54120,no_published,none,,high,computed credits equal the stated total
2021,EBE,EB801CHE01,BSc(Eng),Chemical Engineering,extended,3,112,0,112,True,0,59030,17080,0,,,unmatched,,112,,consistent,59030,no_published,none,,high,computed credits equal the stated total
2021,EBE,EB801CHE01,BSc(Eng),Chemical Engineering,extended,4,110,0,126,True,-16,27931,16131,0,,,unmatched,,110,,unresolved,27931,no_published,none,,low,no rule or adjudication applies; default-trust=computed
2021,EBE,EB801CHE01,BSc(Eng),Chemical Engineering,extended,5,128,0,128,False,0,70831,7591,0,,,unmatched,,128,,consistent,70831,no_published,none,,high,computed credits equal the stated total
2021,EBE,EB802CIV01,BSc(Eng),Civil Engineering,extended,1,104,0,104,False,0,50220,0,0,,,unmatched,,104,,consistent,50220,no_published,none,,high,computed credits equal the stated total
2021,EBE,EB802CIV01,BSc(Eng),Civil Engineering,extended,2,104,0,104,False,0,47370,0,0,,,unmatched,,104,,consistent,47370,no_published,none,,high,computed credits equal the stated total
2021,EBE,EB802CIV01,BSc(Eng),Civil Engineering,extended,3,124,0,124,False,0,54220,0,0,,,unmatched,,124,,consistent,54220,no_published,none,,high,computed credits equal the stated total
2021,EBE,EB802CIV01,BSc(Eng),Civil Engineering,extended,4,108,0,126,False,-18,42610,0,0,,,unmatched,,108,,unresolved,42610,no_published,none,,low,no rule or adjudication applies; default-trust=computed
2021,EBE,EB802CIV01,BSc(Eng),Civil Engineering,extended,5,126,0,126,False,0,70060,0,0,,,unmatched,,126,,consistent,70060,no_published,none,,high,computed credits equal the stated total
2021,EBE,EB805MEC01,BSc(Eng),Mechanical Engineering,extended,1,102,0,102,False,0,51170,0,0,,,unmatched,,102,,consistent,51170,no_published,none,,high,computed credits equal the stated total
2021,EBE,EB805MEC01,BSc(Eng),Mechanical Engineering,extended,2,98,0,98,False,0,38220,0,0,,,unmatched,,98,,consistent,38220,no_published,none,,high,computed credits equal the stated total
2021,EBE,EB805MEC01,BSc(Eng),Mechanical Engineering,extended,3,114,0,114,False,0,51330,8540,0,,,unmatched,,114,,consistent,51330,no_published,none,,high,computed credits equal the stated total
2021,EBE,EB805MEC01,BSc(Eng),Mechanical Engineering,extended,4,136,0,136,False,0,63850,0,0,,,unmatched,,136,,consistent,63850,no_published,none,,high,computed credits equal the stated total
2021,EBE,EB805MEC01,BSc(Eng),Mechanical Engineering,extended,5,126,0,126,False,0,65867,11387,0,,,unmatched,,126,,consistent,65867,no_published,none,,high,computed credits equal the stated total
2021,EBE,EB809EEE01,BSc(Eng),Electrical Engineering,extended,1,96,0,96,False,0,47180,0,0,,,unmatched,,96,,consistent,47180,no_published,none,,high,computed credits equal the stated total
2021,EBE,EB809EEE01,BSc(Eng),Electrical Engineering,extended,2,116,0,116,False,0,59670,0,0,,,unmatched,,116,,consistent,59670,no_published,none,,high,computed credits equal the stated total
2021,EBE,EB809EEE01,BSc(Eng),Electrical Engineering,extended,3,112,0,112,False,0,51790,0,0,,,unmatched,,112,,consistent,51790,no_published,none,,high,computed credits equal the stated total
2021,EBE,EB809EEE01,BSc(Eng),Electrical Engineering,extended,4,122,0,122,False,0,60238,7338,0,,,unmatched,,122,,consistent,60238,no_published,none,,high,computed credits equal the stated total
2021,EBE,EB809EEE01,BSc(Eng),Electrical Engineering,extended,5,162,0,128,True,34,59133,22773,0,,,unmatched,,162,,consistent,59133,no_published,none,,high,computed credits equal the stated total
2021,EBE,EB810MEC05,BSc(Eng),Mechanical & Mechatronic Engineering,extended,1,102,0,102,False,0,51170,0,0,,,unmatched,,102,,consistent,51170,no_published,none,,high,computed credits equal the stated total
2021,EBE,EB810MEC05,BSc(Eng),Mechanical & Mechatronic Engineering,extended,2,98,0,98,False,0,38220,0,0,,,unmatched,,98,,consistent,38220,no_published,none,,high,computed credits equal the stated total
2021,EBE,EB810MEC05,BSc(Eng),Mechanical & Mechatronic Engineering,extended,3,114,0,114,False,0,51330,8540,0,,,unmatched,,114,,consistent,51330,no_published,none,,high,computed credits equal the stated total
2021,EBE,EB810MEC05,BSc(Eng),Mechanical & Mechatronic Engineering,extended,4,136,0,136,False,0,71980,0,0,,,unmatched,,136,,consistent,71980,no_published,none,,high,computed credits equal the stated total
2021,EBE,EB810MEC05,BSc(Eng),Mechanical & Mechatronic Engineering,extended,5,126,0,126,False,0,66593,5693,0,,,unmatched,,126,,consistent,66593,no_published,none,,high,computed credits equal the stated total
2021,EBE,EB811EEE05,BSc(Eng),Mechatronics,extended,1,96,0,96,False,0,47180,0,0,,,unmatched,,96,,consistent,47180,no_published,none,,high,computed credits equal the stated total
2021,EBE,EB811EEE05,BSc(Eng),Mechatronics,extended,2,116,0,116,False,0,59670,0,0,,,unmatched,,116,,consistent,59670,no_published,none,,high,computed credits equal the stated total
2021,EBE,EB811EEE05,BSc(Eng),Mechatronics,extended,3,112,0,112,False,0,51790,0,0,,,unmatched,,112,,consistent,51790,no_published,none,,high,computed credits equal the stated total
2021,EBE,EB811EEE05,BSc(Eng),Mechatronics,extended,4,122,0,122,False,0,62721,7591,0,,,unmatched,,122,,consistent,62721,no_published,none,,high,computed credits equal the stated total
2021,EBE,EB811EEE05,BSc(Eng),Mechatronics,extended,5,128,0,128,True,0,43123,22773,0,,,unmatched,,128,,consistent,43123,no_published,none,,high,computed credits equal the stated total
2021,EBE,EB819APG09,BSc(Geomatics),Surveying Stream,extended,1,124,0,124,False,0,58390,0,0,,,unmatched,,124,,consistent,58390,no_published,none,,high,computed credits equal the stated total
2021,EBE,EB819APG09,BSc(Geomatics),Surveying Stream,extended,2,110,0,110,False,0,53130,8540,0,,,unmatched,,110,,consistent,53130,no_published,none,,high,computed credits equal the stated total
2021,EBE,EB819APG09,BSc(Geomatics),Surveying Stream,extended,3,102,0,102,False,0,39083,5503,2,,,unmatched,,102,,consistent,39083,no_published,none,,high,computed credits equal the stated total
2021,EBE,EB819APG09,BSc(Geomatics),Surveying Stream,extended,4,136,0,136,False,0,62870,0,0,,,unmatched,,136,,consistent,62870,no_published,none,,high,computed credits equal the stated total
2021,EBE,EB819APG09,BSc(Geomatics),Surveying Stream,extended,5,106,0,106,False,0,52770,0,0,,,unmatched,,106,,consistent,52770,no_published,none,,high,computed credits equal the stated total
2021,EBE,EB819APG11,BSc(Geomatics),Geoinformatics Stream Environmental and Geographical Science Specialisation,extended,1,126,0,126,False,0,59310,0,0,,,unmatched,,126,,consistent,59310,no_published,none,,high,computed credits equal the stated total
2021,EBE,EB819APG11,BSc(Geomatics),Geoinformatics Stream Environmental and Geographical Science Specialisation,extended,2,110,0,110,False,0,52940,0,0,,,unmatched,,110,,consistent,52940,no_published,none,,high,computed credits equal the stated total
2021,EBE,EB819APG11,BSc(Geomatics),Geoinformatics Stream Environmental and Geographical Science Specialisation,extended,3,150,0,150,False,0,61730,0,2,,,unmatched,,150,,consistent,61730,no_published,none,,high,computed credits equal the stated total
2021,EBE,EB819APG11,BSc(Geomatics),Geoinformatics Stream Environmental and Geographical Science Specialisation,extended,4,142,0,142,False,0,70760,0,0,,,unmatched,,142,,consistent,70760,no_published,none,,high,computed credits equal the stated total
2021,EBE,EB819APG11,BSc(Geomatics),Geoinformatics Stream Environmental and Geographical Science Specialisation,extended,5,80,0,80,False,0,40450,0,0,,,unmatched,,80,,consistent,40450,no_published,none,,high,computed credits equal the stated total
2021,EBE,EB822EEE02,BSc(Eng),Electrical and Computer Engineering,extended,1,96,0,96,False,0,47180,0,0,,,unmatched,,96,,consistent,47180,no_published,none,,high,computed credits equal the stated total
2021,EBE,EB822EEE02,BSc(Eng),Electrical and Computer Engineering,extended,2,116,0,116,False,0,59670,0,0,,,unmatched,,116,,consistent,59670,no_published,none,,high,computed credits equal the stated total
2021,EBE,EB822EEE02,BSc(Eng),Electrical and Computer Engineering,extended,3,120,0,120,False,0,62341,7591,0,,,unmatched,,120,,consistent,62341,no_published,none,,high,computed credits equal the stated total
2021,EBE,EB822EEE02,BSc(Eng),Electrical and Computer Engineering,extended,4,130,0,122,True,8,57210,0,0,,,unmatched,,130,,consistent,57210,no_published,none,,high,computed credits equal the stated total
2021,EBE,EB822EEE02,BSc(Eng),Electrical and Computer Engineering,extended,5,128,0,128,True,0,43123,22773,0,,,unmatched,,128,,consistent,43123,no_published,none,,high,computed credits equal the stated total
2021,HUM,HB001AGE01,BA/BSocSc,Archaeology,regular,2,48,0,,False,,22560,0,0,62220,Bachelor of Arts and Bachelor of Social Science,degree_flat,-63.7,48,,no_anchor,22560,published_divergent,none,,low,no rule or adjudication applies; default-trust=computed
2021,HUM,HB001AGE01,BA/BSocSc,Archaeology,regular,3,36,1,,False,,33900,0,0,62220,Bachelor of Arts and Bachelor of Social Science,degree_flat,-45.5,36,,no_anchor,33900,published_divergent,none,,low,no rule or adjudication applies; default-trust=computed
2021,HUM,HB001AXL01,BA/BSocSc,Gender Studies,regular,1,18,0,,False,,7780,0,0,62240,Bachelor of Arts and Bachelor of Social Science,degree_flat,-87.5,18,,no_anchor,7780,published_divergent,none,,low,no rule or adjudication applies; default-trust=computed
2021,HUM,HB001AXL01,BA/BSocSc,Gender Studies,regular,2,48,0,,False,,20740,0,0,62220,Bachelor of Arts and Bachelor of Social Science,degree_flat,-66.7,48,,no_anchor,20740,published_divergent,none,,low,no rule or adjudication applies; default-trust=computed
2021,HUM,HB001AXL01,BA/BSocSc,Gender Studies,regular,3,60,0,,False,,20740,0,0,62220,Bachelor of Arts and Bachelor of Social Science,degree_flat,-66.7,60,,no_anchor,20740,published_divergent,none,,low,no rule or adjudication applies; default-trust=computed
2021,HUM,HB001AXL02,BA/BSocSc,African Studies,regular,1,18,0,,False,,7780,0,0,62240,Bachelor of Arts and Bachelor of Social Science,degree_flat,-87.5,18,,no_anchor,7780,published_divergent,none,,low,no rule or adjudication applies; default-trust=computed
2021,HUM,HB001AXL02,BA/BSocSc,African Studies,regular,2,48,0,,False,,20740,0,0,62220,Bachelor of Arts and Bachelor of Social Science,degree_flat,-66.7,48,,no_anchor,20740,published_divergent,none,,low,no rule or adjudication applies; default-trust=computed
2021,HUM,HB001AXL02,BA/BSocSc,African Studies,regular,3,60,0,,False,,20740,0,0,62220,Bachelor of Arts and Bachelor of Social Science,degree_flat,-66.7,60,,no_anchor,20740,published_divergent,none,,low,no rule or adjudication applies; default-trust=computed
2021,HUM,HB001AXL03,BA/BSocSc,Linguistics,regular,1,18,0,,False,,7780,0,0,62240,Bachelor of Arts and Bachelor of Social Science,degree_flat,-87.5,18,,no_anchor,7780,published_divergent,none,,low,no rule or adjudication applies; default-trust=computed
2021,HUM,HB001AXL03,BA/BSocSc,Linguistics,regular,2,48,0,,False,,20740,0,0,62220,Bachelor of Arts and Bachelor of Social Science,degree_flat,-66.7,48,,no_anchor,20740,published_divergent,none,,low,no rule or adjudication applies; default-trust=computed
2021,HUM,HB001AXL03,BA/BSocSc,Linguistics,regular,3,60,0,,False,,20740,0,0,62220,Bachelor of Arts and Bachelor of Social Science,degree_flat,-66.7,60,,no_anchor,20740,published_divergent,none,,low,no rule or adjudication applies; default-trust=computed
2021,HUM,HB001AXL04,BA/BSocSc,Anthropology,regular,1,18,0,,False,,7780,0,0,62240,Bachelor of Arts and Bachelor of Social Science,degree_flat,-87.5,18,,no_anchor,7780,published_divergent,none,,low,no rule or adjudication applies; default-trust=computed
2021,HUM,HB001AXL04,BA/BSocSc,Anthropology,regular,3,60,0,,False,,20740,0,0,62220,Bachelor of Arts and Bachelor of Social Science,degree_flat,-66.7,60,,no_anchor,20740,published_divergent,none,,low,no rule or adjudication applies; default-trust=computed
2021,HUM,HB001BUS08,BA/BSocSc,Organisational Psychology,regular,1,36,1,,False,,24160,0,0,62240,Bachelor of Arts and Bachelor of Social Science,degree_flat,-61.2,36,,no_anchor,24160,published_divergent,none,,low,no rule or adjudication applies; default-trust=computed
2021,HUM,HB001BUS08,BA/BSocSc,Organisational Psychology,regular,2,36,0,,False,,0,0,2,62220,Bachelor of Arts and Bachelor of Social Science,degree_flat,,36,,no_anchor,0,published_divergent,none,,low,no rule or adjudication applies; default-trust=computed
2021,HUM,HB001BUS08,BA/BSocSc,Organisational Psychology,regular,3,36,0,,False,,17200,0,0,62220,Bachelor of Arts and Bachelor of Social Science,degree_flat,-72.4,36,,no_anchor,17200,published_divergent,none,,low,no rule or adjudication applies; default-trust=computed
2021,HUM,HB001ECO01,BA/BSocSc,Economics,regular,2,54,0,,False,,25800,0,0,62220,Bachelor of Arts and Bachelor of Social Science,degree_flat,-58.5,54,,no_anchor,25800,published_divergent,none,,low,no rule or adjudication applies; default-trust=computed
2021,HUM,HB001ECO01,BA/BSocSc,Economics,regular,3,54,0,,False,,25800,0,0,62220,Bachelor of Arts and Bachelor of Social Science,degree_flat,-58.5,54,,no_anchor,25800,published_divergent,none,,low,no rule or adjudication applies; default-trust=computed
2021,HUM,HB001EGS02,BA/BSocSc,Environmental and Geographical Science,regular,1,36,1,,False,,25620,0,0,62240,Bachelor of Arts and Bachelor of Social Science,degree_flat,-58.8,36,,no_anchor,25620,published_divergent,none,,low,no rule or adjudication applies; default-trust=computed
2021,HUM,HB001EGS02,BA/BSocSc,Environmental and Geographical Science,regular,2,48,0,,False,,22560,0,0,62220,Bachelor of Arts and Bachelor of Social Science,degree_flat,-63.7,48,,no_anchor,22560,published_divergent,none,,low,no rule or adjudication applies; default-trust=computed
2021,HUM,HB001EGS02,BA/BSocSc,Environmental and Geographical Science,regular,3,72,0,,False,,33900,0,0,62220,Bachelor of Arts and Bachelor of Social Science,degree_flat,-45.5,72,,no_anchor,33900,published_divergent,none,,low,no rule or adjudication applies; default-trust=computed
2021,HUM,HB001ELL01,BA/BSocSc,English,regular,1,36,0,,False,,15560,0,0,62240,Bachelor of Arts and Bachelor of Social Science,degree_flat,-75.0,36,,no_anchor,15560,published_divergent,none,,low,no rule or adjudication applies; default-trust=computed
2021,HUM,HB001ELL01,BA/BSocSc,English,regular,2,48,0,,False,,20740,0,0,62220,Bachelor of Arts and Bachelor of Social Science,degree_flat,-66.7,48,,no_anchor,20740,published_divergent,none,,low,no rule or adjudication applies; default-trust=computed
2021,HUM,HB001ELL01,BA/BSocSc,English,regular,3,60,0,,False,,20740,0,0,62220,Bachelor of Arts and Bachelor of Social Science,degree_flat,-66.7,60,,no_anchor,20740,published_divergent,none,,low,no rule or adjudication applies; default-trust=computed
2021,HUM,HB001FAM01,BA/BSocSc,Film and Television Studies,regular,1,18,0,,False,,7780,0,0,62240,Bachelor of Arts and Bachelor of Social Science,degree_flat,-87.5,18,,no_anchor,7780,published_divergent,none,,low,no rule or adjudication applies; default-trust=computed
2021,HUM,HB001FAM01,BA/BSocSc,Film and Television Studies,regular,2,48,0,,False,,20740,0,0,62220,Bachelor of Arts and Bachelor of Social Science,degree_flat,-66.7,48,,no_anchor,20740,published_divergent,none,,low,no rule or adjudication applies; default-trust=computed
2021,HUM,HB001FAM01,BA/BSocSc,Film and Television Studies,regular,3,60,0,,False,,20740,0,0,62220,Bachelor of Arts and Bachelor of Social Science,degree_flat,-66.7,60,,no_anchor,20740,published_divergent,none,,low,no rule or adjudication applies; default-trust=computed
2021,HUM,HB001FAM07,BA/BSocSc,Media and Writing,regular,1,18,0,,False,,7780,0,0,62240,Bachelor of Arts and Bachelor of Social Science,degree_flat,-87.5,18,,no_anchor,7780,published_divergent,none,,low,no rule or adjudication applies; default-trust=computed
2021,HUM,HB001FAM07,BA/BSocSc,Media and Writing,regular,2,48,0,,False,,20740,0,0,62220,Bachelor of Arts and Bachelor of Social Science,degree_flat,-66.7,48,,no_anchor,20740,published_divergent,none,,low,no rule or adjudication applies; default-trust=computed
2021,HUM,HB001FAM07,BA/BSocSc,Media and Writing,regular,3,60,0,,False,,20740,0,0,62220,Bachelor of Arts and Bachelor of Social Science,degree_flat,-66.7,60,,no_anchor,20740,published_divergent,none,,low,no rule or adjudication applies; default-trust=computed
2021,HUM,HB001FIN05,BA/BSocSc,Art History and Discourse of Art,regular,1,36,0,,False,,15560,0,0,62240,Bachelor of Arts and Bachelor of Social Science,degree_flat,-75.0,36,,no_anchor,15560,published_divergent,none,,low,no rule or adjudication applies; default-trust=computed
2021,HUM,HB001FIN05,BA/BSocSc,Art History and Discourse of Art,regular,2,24,0,,False,,10370,0,0,62220,Bachelor of Arts and Bachelor of Social Science,degree_flat,-83.3,24,,no_anchor,10370,published_divergent,none,,low,no rule or adjudication applies; default-trust=computed
2021,HUM,HB001FIN05,BA/BSocSc,Art History and Discourse of Art,regular,3,30,0,,False,,10370,0,0,62220,Bachelor of Arts and Bachelor of Social Science,degree_flat,-83.3,30,,no_anchor,10370,published_divergent,none,,low,no rule or adjudication applies; default-trust=computed
2021,HUM,HB001HST04,BA/BSocSc,History,regular,1,36,0,,False,,15560,0,0,62240,Bachelor of Arts and Bachelor of Social Science,degree_flat,-75.0,36,,no_anchor,15560,published_divergent,none,,low,no rule or adjudication applies; default-trust=computed
2021,HUM,HB001HST04,BA/BSocSc,History,regular,2,48,0,,False,,20740,0,0,62220,Bachelor of Arts and Bachelor of Social Science,degree_flat,-66.7,48,,no_anchor,20740,published_divergent,none,,low,no rule or adjudication applies; default-trust=computed
2021,HUM,HB001HST04,BA/BSocSc,History,regular,3,60,0,,False,,20740,0,0,62220,Bachelor of Arts and Bachelor of Social Science,degree_flat,-66.7,60,,no_anchor,20740,published_divergent,none,,low,no rule or adjudication applies; default-trust=computed
2021,HUM,HB001INF09,BA/BSocSc,Informatics,regular,1,18,0,,False,,8350,0,0,62240,Bachelor of Arts and Bachelor of Social Science,degree_flat,-86.6,18,,no_anchor,8350,published_divergent,none,,low,no rule or adjudication applies; default-trust=computed
2021,HUM,HB001INF09,BA/BSocSc,Informatics,regular,3,54,0,,False,,25800,0,0,62220,Bachelor of Arts and Bachelor of Social Science,degree_flat,-58.5,54,,no_anchor,25800,published_divergent,none,,low,no rule or adjudication applies; default-trust=computed
2021,HUM,HB001MAM02,BA/BSocSc,Mathematics,regular,1,54,0,,False,,25490,0,0,62240,Bachelor of Arts and Bachelor of Social Science,degree_flat,-59.0,54,,no_anchor,25490,published_divergent,none,,low,no rule or adjudication applies; default-trust=computed
2021,HUM,HB001MAM02,BA/BSocSc,Mathematics,regular,2,0,1,,False,,22520,0,0,62220,Bachelor of Arts and Bachelor of Social Science,degree_flat,-63.8,0,,no_anchor,22520,published_divergent,none,,low,no rule or adjudication applies; default-trust=computed
2021,HUM,HB001MAM02,BA/BSocSc,Mathematics,regular,3,0,1,,False,,33800,0,0,62220,Bachelor of Arts and Bachelor of Social Science,degree_flat,-45.7,0,,no_anchor,33800,published_divergent,none,,low,no rule or adjudication applies; default-trust=computed
2021,HUM,HB001PHI01,BA/BSocSc,Philosophy,regular,1,36,0,,False,,15560,0,0,62240,Bachelor of Arts and Bachelor of Social Science,degree_flat,-75.0,36,,no_anchor,15560,published_divergent,none,,low,no rule or adjudication applies; default-trust=computed
2021,HUM,HB001PHI01,BA/BSocSc,Philosophy,regular,2,48,0,,False,,20740,0,0,62220,Bachelor of Arts and Bachelor of Social Science,degree_flat,-66.7,48,,no_anchor,20740,published_divergent,none,,low,no rule or adjudication applies; default-trust=computed
2021,HUM,HB001PHI01,BA/BSocSc,Philosophy,regular,3,60,0,,False,,20740,0,0,62220,Bachelor of Arts and Bachelor of Social Science,degree_flat,-66.7,60,,no_anchor,20740,published_divergent,none,,low,no rule or adjudication applies; default-trust=computed
2021,HUM,HB001POL10,BA/BSocSc,Politics & Governance,regular,1,18,0,,False,,7780,0,0,62240,Bachelor of Arts and Bachelor of Social Science,degree_flat,-87.5,18,,no_anchor,7780,published_divergent,none,,low,no rule or adjudication applies; default-trust=computed
2021,HUM,HB001PSY01,BA/BSocSc,Psychology,regular,1,18,1,,False,,15560,0,0,62240,Bachelor of Arts and Bachelor of Social Science,degree_flat,-75.0,18,,no_anchor,15560,published_divergent,none,,low,no rule or adjudication applies; default-trust=computed
2021,HUM,HB001PSY01,BA/BSocSc,Psychology,regular,2,72,0,,False,,31110,0,0,62220,Bachelor of Arts and Bachelor of Social Science,degree_flat,-50.0,72,,no_anchor,31110,published_divergent,none,,low,no rule or adjudication applies; default-trust=computed
2021,HUM,HB001PSY01,BA/BSocSc,Psychology,regular,3,60,1,,False,,20740,0,1,62220,Bachelor of Arts and Bachelor of Social Science,degree_flat,-66.7,60,,no_anchor,20740,published_divergent,none,,low,no rule or adjudication applies; default-trust=computed
2021,HUM,HB001REL01,BA/BSocSc,Religious Studies,regular,3,60,0,,False,,20740,0,0,62220,Bachelor of Arts and Bachelor of Social Science,degree_flat,-66.7,60,,no_anchor,20740,published_divergent,none,,low,no rule or adjudication applies; default-trust=computed
2021,HUM,HB001SLL01,BA/BSocSc,African Languages & Literatures,regular,1,36,0,,False,,15560,0,0,62240,Bachelor of Arts and Bachelor of Social Science,degree_flat,-75.0,36,,no_anchor,15560,published_divergent,none,,low,no rule or adjudication applies; default-trust=computed
2021,HUM,HB001SLL01,BA/BSocSc,African Languages & Literatures,regular,2,48,0,,False,,20740,0,0,62220,Bachelor of Arts and Bachelor of Social Science,degree_flat,-66.7,48,,no_anchor,20740,published_divergent,none,,low,no rule or adjudication applies; default-trust=computed
2021,HUM,HB001SLL01,BA/BSocSc,African Languages & Literatures,regular,3,60,0,,False,,20740,0,0,62220,Bachelor of Arts and Bachelor of Social Science,degree_flat,-66.7,60,,no_anchor,20740,published_divergent,none,,low,no rule or adjudication applies; default-trust=computed
2021,HUM,HB001SLL02,BA/BSocSc,Afrikaans,regular,2,48,0,,False,,20740,0,0,62220,Bachelor of Arts and Bachelor of Social Science,degree_flat,-66.7,48,,no_anchor,20740,published_divergent,none,,low,no rule or adjudication applies; default-trust=computed
2021,HUM,HB001SLL02,BA/BSocSc,Afrikaans,regular,3,60,0,,False,,20740,0,0,62220,Bachelor of Arts and Bachelor of Social Science,degree_flat,-66.7,60,,no_anchor,20740,published_divergent,none,,low,no rule or adjudication applies; default-trust=computed
2021,HUM,HB001SLL03,BA/BSocSc,Arabic Language and Literature,regular,2,48,0,,False,,20740,0,0,62220,Bachelor of Arts and Bachelor of Social Science,degree_flat,-66.7,48,,no_anchor,20740,published_divergent,none,,low,no rule or adjudication applies; default-trust=computed
2021,HUM,HB001SLL03,BA/BSocSc,Arabic Language and Literature,regular,3,60,0,,False,,20740,0,0,62220,Bachelor of Arts and Bachelor of Social Science,degree_flat,-66.7,60,,no_anchor,20740,published_divergent,none,,low,no rule or adjudication applies; default-trust=computed
2021,HUM,HB001SLL04,BA/BSocSc,Business French,regular,2,48,0,,False,,20740,0,0,62220,Bachelor of Arts and Bachelor of Social Science,degree_flat,-66.7,48,,no_anchor,20740,published_divergent,none,,low,no rule or adjudication applies; default-trust=computed
2021,HUM,HB001SLL04,BA/BSocSc,Business French,regular,3,60,0,,False,,20740,0,0,62220,Bachelor of Arts and Bachelor of Social Science,degree_flat,-66.7,60,,no_anchor,20740,published_divergent,none,,low,no rule or adjudication applies; default-trust=computed
2021,HUM,HB001SLL05,BA/BSocSc,Classical Studies,regular,2,48,0,,False,,10370,0,1,62220,Bachelor of Arts and Bachelor of Social Science,degree_flat,-83.3,48,,no_anchor,10370,published_divergent,none,,low,no rule or adjudication applies; default-trust=computed
2021,HUM,HB001SLL05,BA/BSocSc,Classical Studies,regular,3,60,0,,False,,0,0,2,62220,Bachelor of Arts and Bachelor of Social Science,degree_flat,,60,,no_anchor,0,published_divergent,none,,low,no rule or adjudication applies; default-trust=computed
2021,HUM,HB001SLL06,BA/BSocSc,French,regular,2,48,0,,False,,20740,0,0,62220,Bachelor of Arts and Bachelor of Social Science,degree_flat,-66.7,48,,no_anchor,20740,published_divergent,none,,low,no rule or adjudication applies; default-trust=computed
2021,HUM,HB001SLL06,BA/BSocSc,French,regular,3,60,0,,False,,20740,0,0,62220,Bachelor of Arts and Bachelor of Social Science,degree_flat,-66.7,60,,no_anchor,20740,published_divergent,none,,low,no rule or adjudication applies; default-trust=computed
2021,HUM,HB001SLL08,BA/BSocSc,German,regular,2,48,0,,False,,20740,0,0,62220,Bachelor of Arts and Bachelor of Social Science,degree_flat,-66.7,48,,no_anchor,20740,published_divergent,none,,low,no rule or adjudication applies; default-trust=computed
2021,HUM,HB001SLL08,BA/BSocSc,German,regular,3,60,0,,False,,20740,0,0,62220,Bachelor of Arts and Bachelor of Social Science,degree_flat,-66.7,60,,no_anchor,20740,published_divergent,none,,low,no rule or adjudication applies; default-trust=computed
2021,HUM,HB001SLL09,BA/BSocSc,Hebrew Language and Literature,regular,2,48,0,,False,,0,0,2,62220,Bachelor of Arts and Bachelor of Social Science,degree_flat,,48,,no_anchor,0,published_divergent,none,,low,no rule or adjudication applies; default-trust=computed
2021,HUM,HB001SLL09,BA/BSocSc,Hebrew Language and Literature,regular,3,60,0,,False,,0,0,2,62220,Bachelor of Arts and Bachelor of Social Science,degree_flat,,60,,no_anchor,0,published_divergent,none,,low,no rule or adjudication applies; default-trust=computed
2021,HUM,HB001SLL10,BA/BSocSc,Italian,regular,2,48,0,,False,,20740,0,0,62220,Bachelor of Arts and Bachelor of Social Science,degree_flat,-66.7,48,,no_anchor,20740,published_divergent,none,,low,no rule or adjudication applies; default-trust=computed
2021,HUM,HB001SLL10,BA/BSocSc,Italian,regular,3,60,0,,False,,20740,0,0,62220,Bachelor of Arts and Bachelor of Social Science,degree_flat,-66.7,60,,no_anchor,20740,published_divergent,none,,low,no rule or adjudication applies; default-trust=computed
2021,HUM,HB001SLL13,BA/BSocSc,Spanish,regular,2,48,0,,False,,20740,0,0,62220,Bachelor of Arts and Bachelor of Social Science,degree_flat,-66.7,48,,no_anchor,20740,published_divergent,none,,low,no rule or adjudication applies; default-trust=computed
2021,HUM,HB001SLL13,BA/BSocSc,Spanish,regular,3,60,0,,False,,20740,0,0,62220,Bachelor of Arts and Bachelor of Social Science,degree_flat,-66.7,60,,no_anchor,20740,published_divergent,none,,low,no rule or adjudication applies; default-trust=computed
2021,HUM,HB001SLL15,BA/BSocSc,Xhosa Communication,regular,2,48,0,,False,,20740,0,0,62220,Bachelor of Arts and Bachelor of Social Science,degree_flat,-66.7,48,,no_anchor,20740,published_divergent,none,,low,no rule or adjudication applies; default-trust=computed
2021,HUM,HB001SLL15,BA/BSocSc,Xhosa Communication,regular,3,60,0,,False,,20740,0,0,62220,Bachelor of Arts and Bachelor of Social Science,degree_flat,-66.7,60,,no_anchor,20740,published_divergent,none,,low,no rule or adjudication applies; default-trust=computed
2021,HUM,HB001SLL20,BA/BSocSc,Portuguese,regular,2,48,0,,False,,20740,0,0,62220,Bachelor of Arts and Bachelor of Social Science,degree_flat,-66.7,48,,no_anchor,20740,published_divergent,none,,low,no rule or adjudication applies; default-trust=computed
2021,HUM,HB001SLL20,BA/BSocSc,Portuguese,regular,3,120,0,,False,,41470,0,0,62220,Bachelor of Arts and Bachelor of Social Science,degree_flat,-33.3,120,,no_anchor,41470,published_divergent,none,,low,no rule or adjudication applies; default-trust=computed
2021,HUM,HB001SLL21,BA/BSocSc,Chinese Studies,regular,1,36,0,,False,,15560,0,0,62240,Bachelor of Arts and Bachelor of Social Science,degree_flat,-75.0,36,,no_anchor,15560,published_divergent,none,,low,no rule or adjudication applies; default-trust=computed
2021,HUM,HB001SLL21,BA/BSocSc,Chinese Studies,regular,2,48,0,,False,,20740,0,0,62220,Bachelor of Arts and Bachelor of Social Science,degree_flat,-66.7,48,,no_anchor,20740,published_divergent,none,,low,no rule or adjudication applies; default-trust=computed
2021,HUM,HB001SLL21,BA/BSocSc,Chinese Studies,regular,3,60,0,,False,,20740,0,0,62220,Bachelor of Arts and Bachelor of Social Science,degree_flat,-66.7,60,,no_anchor,20740,published_divergent,none,,low,no rule or adjudication applies; default-trust=computed
2021,HUM,HB001SOC01,BA/BSocSc,Sociology,regular,3,60,0,,False,,20740,0,0,62220,Bachelor of Arts and Bachelor of Social Science,degree_flat,-66.7,60,,no_anchor,20740,published_divergent,none,,low,no rule or adjudication applies; default-trust=computed
2021,HUM,HB001SOC02,BA/BSocSc,Industrial Sociology,regular,2,24,0,,False,,10370,0,0,62220,Bachelor of Arts and Bachelor of Social Science,degree_flat,-83.3,24,,no_anchor,10370,published_divergent,none,,low,no rule or adjudication applies; default-trust=computed
2021,HUM,HB001SOC02,BA/BSocSc,Industrial Sociology,regular,3,60,0,,False,,20740,0,0,62220,Bachelor of Arts and Bachelor of Social Science,degree_flat,-66.7,60,,no_anchor,20740,published_divergent,none,,low,no rule or adjudication applies; default-trust=computed
2021,HUM,HB001STA01,BA/BSocSc,Applied Statistics,regular,1,72,2,,False,,50730,0,0,62240,Bachelor of Arts and Bachelor of Social Science,degree_flat,-18.5,72,,no_anchor,50730,published_divergent,none,,low,no rule or adjudication applies; default-trust=computed
2021,HUM,HB001STA01,BA/BSocSc,Applied Statistics,regular,2,48,1,,False,,33180,0,0,62220,Bachelor of Arts and Bachelor of Social Science,degree_flat,-46.7,48,,no_anchor,33180,published_divergent,none,,low,no rule or adjudication applies; default-trust=computed
2021,HUM,HB001STA01,BA/BSocSc,Applied Statistics,regular,3,72,1,,False,,49830,0,0,62220,Bachelor of Arts and Bachelor of Social Science,degree_flat,-19.9,72,,no_anchor,49830,published_divergent,none,,low,no rule or adjudication applies; default-trust=computed
2021,HUM,HB001SWK03,BA/BSocSc,Social Development,regular,1,36,0,,False,,15560,0,0,62240,Bachelor of Arts and Bachelor of Social Science,degree_flat,-75.0,36,,no_anchor,15560,published_divergent,none,,low,no rule or adjudication applies; default-trust=computed
2021,HUM,HB001SWK03,BA/BSocSc,Social Development,regular,2,24,0,,False,,10370,0,0,62220,Bachelor of Arts and Bachelor of Social Science,degree_flat,-83.3,24,,no_anchor,10370,published_divergent,none,,low,no rule or adjudication applies; default-trust=computed
2021,HUM,HB001SWK03,BA/BSocSc,Social Development,regular,3,54,0,,False,,20740,0,0,62220,Bachelor of Arts and Bachelor of Social Science,degree_flat,-66.7,54,,no_anchor,20740,published_divergent,none,,low,no rule or adjudication applies; default-trust=computed
2021,HUM,HB001TDP09,BA/BSocSc,Theatre and Dance Studies,regular,1,18,0,,False,,7780,0,0,62240,Bachelor of Arts and Bachelor of Social Science,degree_flat,-87.5,18,,no_anchor,7780,published_divergent,none,,low,no rule or adjudication applies; default-trust=computed
2021,HUM,HB001TDP09,BA/BSocSc,Theatre and Dance Studies,regular,2,48,0,,False,,20740,0,0,62220,Bachelor of Arts and Bachelor of Social Science,degree_flat,-66.7,48,,no_anchor,20740,published_divergent,none,,low,no rule or adjudication applies; default-trust=computed
2021,HUM,HB001TDP09,BA/BSocSc,Theatre and Dance Studies,regular,3,60,0,,False,,20740,0,0,62220,Bachelor of Arts and Bachelor of Social Science,degree_flat,-66.7,60,,no_anchor,20740,published_divergent,none,,low,no rule or adjudication applies; default-trust=computed
2021,LAW,LB002,LLB,Four-year undergraduate LLB stream,regular,1,144,0,144,False,0,65580,25620,0,63300,Degrees Undergraduate LLB Regular curriculum 1st Year – depending on electives,flat_annual,3.6,144,,consistent,65580,reconciled,none,,high,computed credits equal the stated total
2021,LAW,LB002,LLB,Four-year undergraduate LLB stream,regular,2,156,0,156,False,0,71273,39853,0,63300,Degrees Undergraduate LLB Regular curriculum 1st Year – depending on electives,flat_annual,12.6,156,,consistent,71273,published_divergent,none,,high,computed credits equal the stated total
2021,LAW,LB002,LLB,Four-year undergraduate LLB stream,regular,3,180,0,180,False,0,71700,0,0,63300,Degrees Undergraduate LLB Regular curriculum 1st Year – depending on electives,flat_annual,13.3,180,,consistent,71700,published_divergent,none,,high,computed credits equal the stated total
2021,LAW,LB002,LLB,Four-year undergraduate LLB stream,regular,4,180,0,180,False,0,74390,15320,0,63300,Degrees Undergraduate LLB Regular curriculum 1st Year – depending on electives,flat_annual,17.5,180,,consistent,74390,published_divergent,none,,high,computed credits equal the stated total
2021,LAW,LB003,LLB,Five-year stream,extended,1,90,0,90,False,0,16320,0,2,,,unmatched,,90,,consistent,16320,no_published,none,,high,computed credits equal the stated total
2021,LAW,LB003,LLB,Five-year stream,extended,2,90,0,90,False,0,39120,15560,0,,,unmatched,,90,,consistent,39120,no_published,none,,high,computed credits equal the stated total
2021,LAW,LB003,LLB,Five-year stream,extended,3,156,0,156,False,0,70037,40147,0,,,unmatched,,156,,consistent,70037,no_published,none,,high,computed credits equal the stated total
2021,LAW,LB003,LLB,Five-year stream,extended,4,144,0,144,False,0,57530,0,0,,,unmatched,,144,,consistent,57530,no_published,none,,high,computed credits equal the stated total
2021,LAW,LB003,LLB,Five-year stream,extended,5,180,1,180,False,0,77510,18440,1,,,unmatched,,180,,unresolved,77510,no_published,none,,low,no rule or adjudication applies; default-trust=computed
2021,LAW,LP001,LLB,Graduate LLB Stream,regular,1,144,0,144,False,0,62840,0,0,62840,Graduate LLB,flat_annual,0.0,144,,consistent,62840,reconciled,none,,high,computed credits equal the stated total
2021,LAW,LP001,LLB,Graduate LLB Stream,regular,2,180,0,180,False,0,71700,0,0,62840,Graduate LLB,flat_annual,14.1,180,,consistent,71700,published_divergent,none,,high,computed credits equal the stated total
2021,LAW,LP001,LLB,Graduate LLB Stream,regular,3,180,0,180,False,0,73290,14220,0,62840,Graduate LLB,flat_annual,16.6,180,,consistent,73290,published_divergent,none,,high,computed credits equal the stated total
2021,FHS,MB003AHS09,,,extended,,112,0,,False,,52370,0,0,,,unmatched,,112,,unresolved,52370,no_published,none,,low,no rule or adjudication applies; default-trust=computed
2021,FHS,MB003AHS09,,,extended,1,144,0,144,False,0,69620,0,0,,,unmatched,,144,,consistent,69620,no_published,none,,high,computed credits equal the stated total
2021,FHS,MB003AHS09,,,extended,2,267,0,123,False,144,113470,0,1,,,unmatched,,267,,unresolved,113470,no_published,none,,low,no rule or adjudication applies; default-trust=computed
2021,FHS,MB003AHS09,,,extended,3,148,0,148,False,0,59130,0,1,,,unmatched,,148,,consistent,59130,no_published,none,,high,computed credits equal the stated total
2021,FHS,MB003AHS09,,,extended,4,144,0,144,False,0,75200,0,0,,,unmatched,,144,,consistent,75200,no_published,none,,high,computed credits equal the stated total
2021,FHS,MB004AHS08,,,extended,,136,0,,False,,55020,0,0,,,unmatched,,136,,unresolved,55020,no_published,none,,low,no rule or adjudication applies; default-trust=computed
2021,FHS,MB004AHS08,,,extended,1,142,0,142,False,0,66100,0,0,,,unmatched,,142,,consistent,66100,no_published,none,,high,computed credits equal the stated total
2021,FHS,MB004AHS08,,,extended,2,329,0,164,False,165,139380,0,0,,,unmatched,,329,,unresolved,139380,no_published,none,,low,no rule or adjudication applies; default-trust=computed
2021,FHS,MB004AHS08,,,extended,3,150,0,150,False,0,60500,0,1,,,unmatched,,150,,consistent,60500,no_published,none,,high,computed credits equal the stated total
2021,FHS,MB004AHS08,,,extended,4,132,0,132,False,0,68280,0,1,,,unmatched,,132,,consistent,68280,no_published,none,,high,computed credits equal the stated total
2021,FHS,MB010,BSc(SLP),Speech-Language Pathology,regular,,236,0,,False,,60520,0,0,,,unmatched,,236,,unresolved,60520,no_published,none,,low,no rule or adjudication applies; default-trust=computed
2021,FHS,MB010,BSc(SLP),Speech-Language Pathology,regular,1,194,0,176,False,18,83390,0,0,76280,BSc (Speech & Language Pathology),duration,9.3,194,,unresolved,83390,published_divergent,none,,low,no rule or adjudication applies; default-trust=computed
2021,FHS,MB010,BSc(SLP),Speech-Language Pathology,regular,2,443,0,162,False,281,162390,0,0,71760,BSc (Speech & Language Pathology),duration,126.3,443,,unresolved,162390,published_divergent,none,,low,no rule or adjudication applies; default-trust=computed
2021,FHS,MB010,BSc(SLP),Speech-Language Pathology,regular,3,262,0,140,False,122,136480,0,1,73060,BSc (Speech & Language Pathology),duration,86.8,262,,unresolved,136480,published_divergent,none,,low,no rule or adjudication applies; default-trust=computed
2021,FHS,MB010,BSc(SLP),Speech-Language Pathology,regular,4,214,0,124,False,90,125470,0,1,72710,BSc (Speech & Language Pathology),duration,72.6,214,,unresolved,125470,published_divergent,none,,low,no rule or adjudication applies; default-trust=computed
2021,FHS,MB026,,,regular,1,201,0,,False,,104940,0,2,,,unmatched,,201,,unresolved,104940,no_published,none,,low,no rule or adjudication applies; default-trust=computed
2021,FHS,MB026,,,regular,2,817,0,,False,,408200,0,0,,,unmatched,,817,,unresolved,408200,no_published,none,,low,no rule or adjudication applies; default-trust=computed
2021,FHS,MU002AHS21,,,regular,,120,0,,False,,28450,0,1,,,unmatched,,120,,unresolved,28450,no_published,none,,low,no rule or adjudication applies; default-trust=computed
2021,FHS,MU003MDN27,,ADVANCED DIPLOMA IN COSMETIC FORMULATION SCIENCE Convener: Professor N Khuma,regular,1,120,0,120,False,0,47600,0,0,,,unmatched,,120,,consistent,47600,no_published,none,,high,computed credits equal the stated total
2021,SCI,SB001AGE01,BSc,Archaeology,regular,1,108,0,,False,,50730,0,0,68000,Bachelor of Science,degree_flat,-25.4,108,,no_anchor,50730,published_divergent,none,,low,no rule or adjudication applies; default-trust=computed
2021,SCI,SB001AGE01,BSc,Archaeology,regular,2,48,0,,False,,22560,0,0,68000,Bachelor of Science,degree_flat,-66.8,48,,no_anchor,22560,published_divergent,none,,low,no rule or adjudication applies; default-trust=computed
2021,SCI,SB001AGE01,BSc,Archaeology,regular,3,108,0,,False,,50850,0,0,68000,Bachelor of Science,degree_flat,-25.2,108,,no_anchor,50850,published_divergent,none,,low,no rule or adjudication applies; default-trust=computed
2021,SCI,SB001AST02,BSc,Astrophysics,regular,1,90,0,,False,,42440,0,0,68000,Bachelor of Science,degree_flat,-37.6,90,,no_anchor,42440,published_divergent,none,,low,no rule or adjudication applies; default-trust=computed
2021,SCI,SB001AST02,BSc,Astrophysics,regular,2,144,0,,False,,67600,0,0,68000,Bachelor of Science,degree_flat,-0.6,144,,no_anchor,67600,reconciled,none,,low,no rule or adjudication applies; default-trust=computed
2021,SCI,SB001AST02,BSc,Astrophysics,regular,3,72,0,,False,,33900,0,0,68000,Bachelor of Science,degree_flat,-50.1,72,,no_anchor,33900,published_divergent,none,,low,no rule or adjudication applies; default-trust=computed
2021,SCI,SB001BIO01,BSc,Applied Biology (for students registered before 2019 only),regular,1,108,0,,False,,50920,0,0,68000,Bachelor of Science,degree_flat,-25.1,108,,no_anchor,50920,published_divergent,none,,low,no rule or adjudication applies; default-trust=computed
2021,SCI,SB001BIO01,BSc,Applied Biology (for students registered before 2019 only),regular,2,96,0,,False,,0,0,4,68000,Bachelor of Science,degree_flat,,96,,no_anchor,0,published_divergent,none,,low,no rule or adjudication applies; default-trust=computed
2021,SCI,SB001BIO01,BSc,Applied Biology (for students registered before 2019 only),regular,3,72,0,,False,,33900,0,0,68000,Bachelor of Science,degree_flat,-50.1,72,,no_anchor,33900,published_divergent,none,,low,no rule or adjudication applies; default-trust=computed
2021,SCI,SB001BIO04,BSc,Ecology & Evolution (for students registered before 2019 only),regular,1,108,0,,False,,50920,0,0,68000,Bachelor of Science,degree_flat,-25.1,108,,no_anchor,50920,published_divergent,none,,low,no rule or adjudication applies; default-trust=computed
2021,SCI,SB001BIO04,BSc,Ecology & Evolution (for students registered before 2019 only),regular,2,96,0,,False,,0,0,4,68000,Bachelor of Science,degree_flat,,96,,no_anchor,0,published_divergent,none,,low,no rule or adjudication applies; default-trust=computed
2021,SCI,SB001BIO04,BSc,Ecology & Evolution (for students registered before 2019 only),regular,3,72,0,,False,,0,0,2,68000,Bachelor of Science,degree_flat,,72,,no_anchor,0,published_divergent,none,,low,no rule or adjudication applies; default-trust=computed
2021,SCI,SB001BIO05,BSc,Marine Biology (for students registered from 2019 only),regular,1,216,0,,False,,101840,0,0,68000,Bachelor of Science,degree_flat,49.8,216,,no_anchor,101840,published_divergent,none,,low,no rule or adjudication applies; default-trust=computed
2021,SCI,SB001BIO05,BSc,Marine Biology (for students registered from 2019 only),regular,2,192,0,,False,,67680,0,2,68000,Bachelor of Science,degree_flat,-0.5,192,,no_anchor,67680,reconciled,none,,low,no rule or adjudication applies; default-trust=computed
2021,SCI,SB001BIO05,BSc,Marine Biology (for students registered from 2019 only),regular,3,144,0,,False,,67800,0,0,68000,Bachelor of Science,degree_flat,-0.3,144,,no_anchor,67800,reconciled,none,,low,no rule or adjudication applies; default-trust=computed
2021,SCI,SB001BIO12,BSc,Biology (for students registered from 2019 only),regular,1,108,0,,False,,50920,0,0,68000,Bachelor of Science,degree_flat,-25.1,108,,no_anchor,50920,published_divergent,none,,low,no rule or adjudication applies; default-trust=computed
2021,SCI,SB001BIO12,BSc,Biology (for students registered from 2019 only),regular,2,96,0,,False,,45120,0,0,68000,Bachelor of Science,degree_flat,-33.6,96,,no_anchor,45120,published_divergent,none,,low,no rule or adjudication applies; default-trust=computed
2021,SCI,SB001BIO12,BSc,Biology (for students registered from 2019 only),regular,3,144,0,,False,,67800,0,0,68000,Bachelor of Science,degree_flat,-0.3,144,,no_anchor,67800,reconciled,none,,low,no rule or adjudication applies; default-trust=computed
2021,SCI,SB001BIO13,BSc,Quantitative Biology (for students registered from 2019 only),regular,1,72,0,,False,,34160,0,0,68000,Bachelor of Science,degree_flat,-49.8,72,,no_anchor,34160,published_divergent,none,,low,no rule or adjudication applies; default-trust=computed
2021,SCI,SB001BIO13,BSc,Quantitative Biology (for students registered from 2019 only),regular,2,96,0,,False,,45120,0,0,68000,Bachelor of Science,degree_flat,-33.6,96,,no_anchor,45120,published_divergent,none,,low,no rule or adjudication applies; default-trust=computed
2021,SCI,SB001BIO13,BSc,Quantitative Biology (for students registered from 2019 only),regular,3,36,0,,False,,16950,0,0,68000,Bachelor of Science,degree_flat,-75.1,36,,no_anchor,16950,published_divergent,none,,low,no rule or adjudication applies; default-trust=computed
2021,SCI,SB001CEM01,BSc,Chemistry,regular,1,108,0,,False,,50980,0,0,68000,Bachelor of Science,degree_flat,-25.0,108,,no_anchor,50980,published_divergent,none,,low,no rule or adjudication applies; default-trust=computed
2021,SCI,SB001CEM01,BSc,Chemistry,regular,2,48,0,,False,,22520,0,0,68000,Bachelor of Science,degree_flat,-66.9,48,,no_anchor,22520,published_divergent,none,,low,no rule or adjudication applies; default-trust=computed
2021,SCI,SB001CEM01,BSc,Chemistry,regular,3,72,0,,False,,33800,0,0,68000,Bachelor of Science,degree_flat,-50.3,72,,no_anchor,33800,published_divergent,none,,low,no rule or adjudication applies; default-trust=computed
2021,SCI,SB001CSC02,BSc,Business Computing,regular,1,90,0,,False,,42380,0,0,68000,Bachelor of Science,degree_flat,-37.7,90,,no_anchor,42380,published_divergent,none,,low,no rule or adjudication applies; default-trust=computed
2021,SCI,SB001CSC02,BSc,Business Computing,regular,2,42,0,,False,,19690,0,0,68000,Bachelor of Science,degree_flat,-71.0,42,,no_anchor,19690,published_divergent,none,,low,no rule or adjudication applies; default-trust=computed
2021,SCI,SB001CSC02,BSc,Business Computing,regular,3,54,0,,False,,25800,0,0,68000,Bachelor of Science,degree_flat,-62.1,54,,no_anchor,25800,published_divergent,none,,low,no rule or adjudication applies; default-trust=computed
2021,SCI,SB001CSC03,BSc,Computer Engineering,regular,1,72,0,,False,,33780,0,0,68000,Bachelor of Science,degree_flat,-50.3,72,,no_anchor,33780,published_divergent,none,,low,no rule or adjudication applies; default-trust=computed
2021,SCI,SB001CSC03,BSc,Computer Engineering,regular,2,42,0,,False,,21400,0,0,68000,Bachelor of Science,degree_flat,-68.5,42,,no_anchor,21400,published_divergent,none,,low,no rule or adjudication applies; default-trust=computed
2021,SCI,SB001CSC03,BSc,Computer Engineering,regular,3,54,0,,False,,26400,0,0,68000,Bachelor of Science,degree_flat,-61.2,54,,no_anchor,26400,published_divergent,none,,low,no rule or adjudication applies; default-trust=computed
2021,SCI,SB001CSC05,BSc,Computer Science,regular,1,72,0,,False,,33780,0,0,68000,Bachelor of Science,degree_flat,-50.3,72,,no_anchor,33780,published_divergent,none,,low,no rule or adjudication applies; default-trust=computed
2021,SCI,SB001CSC05,BSc,Computer Science,regular,2,66,0,,False,,30720,0,0,68000,Bachelor of Science,degree_flat,-54.8,66,,no_anchor,30720,published_divergent,none,,low,no rule or adjudication applies; default-trust=computed
2021,SCI,SB001CSC05,BSc,Computer Science,regular,3,72,0,,False,,33220,0,0,68000,Bachelor of Science,degree_flat,-51.1,72,,no_anchor,33220,published_divergent,none,,low,no rule or adjudication applies; default-trust=computed
2021,SCI,SB001EGS02,BSc,Environmental & Geographical Science,regular,1,108,0,,False,,50730,0,0,68000,Bachelor of Science,degree_flat,-25.4,108,,no_anchor,50730,published_divergent,none,,low,no rule or adjudication applies; default-trust=computed
2021,SCI,SB001EGS02,BSc,Environmental & Geographical Science,regular,2,48,0,,False,,22560,0,0,68000,Bachelor of Science,degree_flat,-66.8,48,,no_anchor,22560,published_divergent,none,,low,no rule or adjudication applies; default-trust=computed
2021,SCI,SB001EGS02,BSc,Environmental & Geographical Science,regular,3,144,0,,False,,67800,0,0,68000,Bachelor of Science,degree_flat,-0.3,144,,no_anchor,67800,reconciled,none,,low,no rule or adjudication applies; default-trust=computed
2021,SCI,SB001GEO02,BSc,Geology,regular,1,162,0,,False,,76220,0,0,68000,Bachelor of Science,degree_flat,12.1,162,,no_anchor,76220,published_divergent,none,,low,no rule or adjudication applies; default-trust=computed
2021,SCI,SB001GEO02,BSc,Geology,regular,2,48,0,,False,,22560,0,0,68000,Bachelor of Science,degree_flat,-66.8,48,,no_anchor,22560,published_divergent,none,,low,no rule or adjudication applies; default-trust=computed
2021,SCI,SB001GEO02,BSc,Geology,regular,3,72,0,,False,,33900,0,0,68000,Bachelor of Science,degree_flat,-50.1,72,,no_anchor,33900,published_divergent,none,,low,no rule or adjudication applies; default-trust=computed
2021,SCI,SB001HUB17,BSc,Human Anatomy & Physiology,regular,1,108,0,,False,,50920,0,0,68000,Bachelor of Science,degree_flat,-25.1,108,,no_anchor,50920,published_divergent,none,,low,no rule or adjudication applies; default-trust=computed
2021,SCI,SB001HUB17,BSc,Human Anatomy & Physiology,regular,2,48,0,,False,,22560,0,0,68000,Bachelor of Science,degree_flat,-66.8,48,,no_anchor,22560,published_divergent,none,,low,no rule or adjudication applies; default-trust=computed
2021,SCI,SB001HUB17,BSc,Human Anatomy & Physiology,regular,3,72,0,,False,,34100,0,0,68000,Bachelor of Science,degree_flat,-49.9,72,,no_anchor,34100,published_divergent,none,,low,no rule or adjudication applies; default-trust=computed
2021,SCI,SB001MAM01,BSc,Applied Mathematics,regular,1,72,0,,False,,34030,0,0,68000,Bachelor of Science,degree_flat,-50.0,72,,no_anchor,34030,published_divergent,none,,low,no rule or adjudication applies; default-trust=computed
2021,SCI,SB001MAM01,BSc,Applied Mathematics,regular,2,96,0,,False,,45040,0,0,68000,Bachelor of Science,degree_flat,-33.8,96,,no_anchor,45040,published_divergent,none,,low,no rule or adjudication applies; default-trust=computed
2021,SCI,SB001MAM01,BSc,Applied Mathematics,regular,3,72,0,,False,,33800,0,0,68000,Bachelor of Science,degree_flat,-50.3,72,,no_anchor,33800,published_divergent,none,,low,no rule or adjudication applies; default-trust=computed
2021,SCI,SB001MAM02,BSc,Mathematics,regular,1,54,0,,False,,25490,0,0,68000,Bachelor of Science,degree_flat,-62.5,54,,no_anchor,25490,published_divergent,none,,low,no rule or adjudication applies; default-trust=computed
2021,SCI,SB001MAM02,BSc,Mathematics,regular,2,48,0,,False,,22520,0,0,68000,Bachelor of Science,degree_flat,-66.9,48,,no_anchor,22520,published_divergent,none,,low,no rule or adjudication applies; default-trust=computed
2021,SCI,SB001MAM02,BSc,Mathematics,regular,3,72,0,,False,,33800,0,0,68000,Bachelor of Science,degree_flat,-50.3,72,,no_anchor,33800,published_divergent,none,,low,no rule or adjudication applies; default-trust=computed
2021,SCI,SB001MCB01,BSc,Biochemistry,regular,1,108,0,,False,,50920,0,0,68000,Bachelor of Science,degree_flat,-25.1,108,,no_anchor,50920,published_divergent,none,,low,no rule or adjudication applies; default-trust=computed
2021,SCI,SB001MCB01,BSc,Biochemistry,regular,2,72,0,,False,,33840,0,0,68000,Bachelor of Science,degree_flat,-50.2,72,,no_anchor,33840,published_divergent,none,,low,no rule or adjudication applies; default-trust=computed
2021,SCI,SB001MCB01,BSc,Biochemistry,regular,3,72,0,,False,,33900,0,0,68000,Bachelor of Science,degree_flat,-50.1,72,,no_anchor,33900,published_divergent,none,,low,no rule or adjudication applies; default-trust=computed
2021,SCI,SB001MCB04,BSc,Genetics,regular,1,108,0,,False,,50920,0,0,68000,Bachelor of Science,degree_flat,-25.1,108,,no_anchor,50920,published_divergent,none,,low,no rule or adjudication applies; default-trust=computed
2021,SCI,SB001MCB04,BSc,Genetics,regular,2,72,0,,False,,33840,0,0,68000,Bachelor of Science,degree_flat,-50.2,72,,no_anchor,33840,published_divergent,none,,low,no rule or adjudication applies; default-trust=computed
2021,SCI,SB001MCB04,BSc,Genetics,regular,3,72,0,,False,,33900,0,0,68000,Bachelor of Science,degree_flat,-50.1,72,,no_anchor,33900,published_divergent,none,,low,no rule or adjudication applies; default-trust=computed
2021,SCI,SB001PHY01,BSc,Physics,regular,1,108,0,,False,,50980,0,0,68000,Bachelor of Science,degree_flat,-25.0,108,,no_anchor,50980,published_divergent,none,,low,no rule or adjudication applies; default-trust=computed
2021,SCI,SB001PHY01,BSc,Physics,regular,2,96,0,,False,,45040,0,0,68000,Bachelor of Science,degree_flat,-33.8,96,,no_anchor,45040,published_divergent,none,,low,no rule or adjudication applies; default-trust=computed
2021,SCI,SB001PHY01,BSc,Physics,regular,3,72,0,,False,,33800,0,0,68000,Bachelor of Science,degree_flat,-50.3,72,,no_anchor,33800,published_divergent,none,,low,no rule or adjudication applies; default-trust=computed
2021,SCI,SB001SEA03,BSc,Ocean & Atmosphere Science,regular,1,126,0,,False,,59330,0,0,68000,Bachelor of Science,degree_flat,-12.8,126,,no_anchor,59330,published_divergent,none,,low,no rule or adjudication applies; default-trust=computed
2021,SCI,SB001SEA03,BSc,Ocean & Atmosphere Science,regular,2,48,0,,False,,22560,0,0,68000,Bachelor of Science,degree_flat,-66.8,48,,no_anchor,22560,published_divergent,none,,low,no rule or adjudication applies; default-trust=computed
2021,SCI,SB001SEA03,BSc,Ocean & Atmosphere Science,regular,3,72,0,,False,,33900,0,0,68000,Bachelor of Science,degree_flat,-50.1,72,,no_anchor,33900,published_divergent,none,,low,no rule or adjudication applies; default-trust=computed
2021,SCI,SB001STA01,BSc,Applied Statistics,regular,1,54,0,,False,,25430,0,0,68000,Bachelor of Science,degree_flat,-62.6,54,,no_anchor,25430,published_divergent,none,,low,no rule or adjudication applies; default-trust=computed
2021,SCI,SB001STA01,BSc,Applied Statistics,regular,2,24,0,,False,,11060,0,0,68000,Bachelor of Science,degree_flat,-83.7,24,,no_anchor,11060,published_divergent,none,,low,no rule or adjudication applies; default-trust=computed
2021,SCI,SB001STA01,BSc,Applied Statistics,regular,3,72,0,,False,,33220,0,0,68000,Bachelor of Science,degree_flat,-51.1,72,,no_anchor,33220,published_divergent,none,,low,no rule or adjudication applies; default-trust=computed
2021,SCI,SB001STA02,BSc,Mathematical Statistics,regular,1,54,0,,False,,25300,0,0,68000,Bachelor of Science,degree_flat,-62.8,54,,no_anchor,25300,published_divergent,none,,low,no rule or adjudication applies; default-trust=computed
2021,SCI,SB001STA02,BSc,Mathematical Statistics,regular,2,48,0,,False,,22120,0,0,68000,Bachelor of Science,degree_flat,-67.5,48,,no_anchor,22120,published_divergent,none,,low,no rule or adjudication applies; default-trust=computed
2021,SCI,SB001STA02,BSc,Mathematical Statistics,regular,3,72,0,,False,,33220,0,0,68000,Bachelor of Science,degree_flat,-51.1,72,,no_anchor,33220,published_divergent,none,,low,no rule or adjudication applies; default-trust=computed
2022,COM,CB001ACC03,BCom,Financial Accounting: Accounting with Law,regular,1,149,0,149,False,0,71440,0,0,71440,BCom specialising in Financial Accounting: Accounting with Law Stream,label_match,0.0,149,,consistent,71440,reconciled,none,,high,computed credits equal the stated total
2022,COM,CB001ACC03,BCom,Financial Accounting: Accounting with Law,regular,2,162,0,162,False,0,77270,0,0,77270,BCom specialising in Financial Accounting: Accounting with Law Stream,label_match,0.0,162,,consistent,77270,reconciled,none,,high,computed credits equal the stated total
2022,COM,CB001ACC03,BCom,Financial Accounting: Accounting with Law,regular,3,144,0,144,False,0,68540,0,0,68540,BCom specialising in Financial Accounting: Accounting with Law Stream,label_match,0.0,144,,consistent,68540,reconciled,none,,high,computed credits equal the stated total
2022,COM,CB001ACC04,BCom,Financial Accounting: Chartered Accountant,regular,1,149,0,149,False,0,71440,0,0,71440,Bachelor of Commerce specialising in Financial | Chartered Accounting Stream,label_match,0.0,149,,consistent,71440,reconciled,none,,high,computed credits equal the stated total
2022,COM,CB001ACC04,BCom,Financial Accounting: Chartered Accountant,regular,2,162,0,162,False,0,79610,0,0,79610,Bachelor of Commerce specialising in Financial | Chartered Accounting Stream,label_match,0.0,162,,consistent,79610,reconciled,none,,high,computed credits equal the stated total
2022,COM,CB001ACC04,BCom,Financial Accounting: Chartered Accountant,regular,3,144,0,144,False,0,70030,0,0,70030,Bachelor of Commerce specialising in Financial | Chartered Accounting Stream,label_match,0.0,144,,consistent,70030,reconciled,none,,high,computed credits equal the stated total
2022,COM,CB001ACC08,BCom,Financial Accounting: General Accounting,regular,1,149,0,149,False,0,71440,0,0,71440,Bachelor of Commerce specialising in Financial Accounting General Accounting Stream,label_match,0.0,149,,consistent,71440,reconciled,none,,high,computed credits equal the stated total
2022,COM,CB001ACC08,BCom,Financial Accounting: General Accounting,regular,2,144,0,144,False,0,70880,0,0,70880,Bachelor of Commerce specialising in Financial Accounting General Accounting Stream,label_match,0.0,144,,consistent,70880,reconciled,none,,high,computed credits equal the stated total
2022,COM,CB001ACC08,BCom,Financial Accounting: General Accounting,regular,3,144,0,144,False,0,69790,0,0,69790,Bachelor of Commerce specialising in Financial Accounting General Accounting Stream,label_match,0.0,144,,consistent,69790,reconciled,none,,high,computed credits equal the stated total
2022,COM,CB001BUS06,BCom,Management Studies,regular,1,185,0,185,False,0,88550,0,0,88290,BCom in the field of Management Studies,label_match,0.3,185,,consistent,88550,reconciled,none,,high,computed credits equal the stated total
2022,COM,CB001BUS06,BCom,Management Studies,regular,2,168,0,168,False,0,83050,17940,0,83050,BCom in the field of Management Studies,label_match,0.0,168,,consistent,83050,reconciled,none,,high,computed credits equal the stated total
2022,COM,CB001BUS06,BCom,Management Studies,regular,3,43,0,144,False,-101,21428,12458,0,71680,BCom in the field of Management Studies,label_match,-70.1,144,,resolved_manual,21428,published_divergent,R3,COM-2022-001,high,"The extracted course set for this year is demonstrably incomplete (rows unparsed in this edition's layout or an open-elective year without a parsable slot line); the stated total, corroborated by sibling editions, is the reliable carrier of the load."
2022,COM,CB001ECO02,BCom,Economics and Finance,regular,1,167,0,167,False,0,80350,0,0,80350,BCom specialising in Economics & Finance,label_match,0.0,167,,consistent,80350,reconciled,none,,high,computed credits equal the stated total
2022,COM,CB001ECO02,BCom,Economics and Finance,regular,2,150,0,150,True,0,73550,0,0,73550,BCom specialising in Economics & Finance,label_match,0.0,150,,consistent,73550,reconciled,none,,high,computed credits equal the stated total
2022,COM,CB001ECO02,BCom,Economics and Finance,regular,3,144,0,144,False,0,71520,8970,0,71520,BCom specialising in Economics & Finance,label_match,0.0,144,,consistent,71520,reconciled,none,,high,computed credits equal the stated total
2022,COM,CB001ECO03,BCom,Economics with Law,regular,1,149,0,149,False,0,71440,0,0,71440,BCom specialising in Economics with Law,label_match,0.0,149,,consistent,71440,reconciled,none,,high,computed credits equal the stated total
2022,COM,CB001ECO03,BCom,Economics with Law,regular,2,162,0,162,True,0,76520,0,0,77380,BCom specialising in Economics with Law,label_match,-1.1,162,,consistent,76520,reconciled,none,,high,computed credits equal the stated total
2022,COM,CB001ECO03,BCom,Economics with Law,regular,3,144,0,144,False,0,68650,0,0,68650,BCom specialising in Economics with Law,label_match,0.0,144,,consistent,68650,reconciled,none,,high,computed credits equal the stated total
2022,COM,CB001ECO04,BCom,Economics and Statistics,regular,1,167,0,167,False,0,80350,0,0,80090,BCom specialising in Economics & Statistics,label_match,0.3,167,,consistent,80350,reconciled,none,,high,computed credits equal the stated total
2022,COM,CB001ECO04,BCom,Economics and Statistics,regular,2,210,0,156,False,54,101710,0,0,75870,BCom specialising in Economics & Statistics,label_match,34.1,210,,unresolved,101710,published_divergent,none,,low,no rule or adjudication applies; default-trust=computed
2022,COM,CB001ECO04,BCom,Economics and Statistics,regular,3,234,1,180,False,54,114130,0,1,88460,BCom specialising in Economics & Statistics,label_match,29.0,234,,unresolved,114130,published_divergent,none,,low,no rule or adjudication applies; default-trust=computed
2022,COM,CB001INF01,BCom,Information Systems,regular,1,149,0,149,False,0,70930,0,0,70670,BCom specialising in Information Systems,label_match,0.4,149,,consistent,70930,reconciled,none,,high,computed credits equal the stated total
2022,COM,CB001INF01,BCom,Information Systems,regular,2,144,0,144,False,0,71570,8970,0,71570,BCom specialising in Information Systems,label_match,0.0,144,,consistent,71570,reconciled,none,,high,computed credits equal the stated total
2022,COM,CB001INF01,BCom,Information Systems,regular,3,156,0,156,False,0,80380,17940,0,80380,BCom specialising in Information Systems,label_match,0.0,156,,consistent,80380,reconciled,none,,high,computed credits equal the stated total
2022,COM,CB001INF06,BCom,Information Systems and Computer Science,regular,1,149,0,149,False,0,71120,0,0,70970,BCom specialising in Information Systems & Computer Science,label_match,0.2,149,,consistent,71120,reconciled,none,,high,computed credits equal the stated total
2022,COM,CB001INF06,BCom,Information Systems and Computer Science,regular,2,162,0,162,False,0,78210,0,0,78210,BCom specialising in Information Systems & Computer Science,label_match,0.0,162,,consistent,78210,reconciled,none,,high,computed credits equal the stated total
2022,COM,CB001INF06,BCom,Information Systems and Computer Science,regular,3,144,0,144,False,0,70520,0,0,70520,BCom specialising in Information Systems & Computer Science,label_match,0.0,144,,consistent,70520,reconciled,none,,high,computed credits equal the stated total
2022,COM,CB001INF11,BCom,Information Systems and Finance,regular,1,167,0,167,False,0,80350,0,0,80090,BCom specialising in Information Systems & Finance,label_match,0.3,167,,consistent,80350,reconciled,none,,high,computed credits equal the stated total
2022,COM,CB001INF11,BCom,Information Systems and Finance,regular,2,162,0,162,False,0,80030,0,0,80030,BCom specialising in Information Systems & Finance,label_match,0.0,162,,consistent,80030,reconciled,none,,high,computed credits equal the stated total
2022,COM,CB001INF11,BCom,Information Systems and Finance,regular,3,150,0,150,False,0,74080,0,0,74080,BCom specialising in Information Systems & Finance,label_match,0.0,150,,consistent,74080,reconciled,none,,high,computed credits equal the stated total
2022,COM,CB001PHI03,BCom,"Philosophy, Politics & Economics",regular,1,149,0,149,False,0,69120,0,0,69120,"BCom specialising in Philosophy, Politics & Economics",label_match,0.0,149,,consistent,69120,reconciled,none,,high,computed credits equal the stated total
2022,COM,CB001PHI03,BCom,"Philosophy, Politics & Economics",regular,2,246,0,174,False,72,114950,0,0,82520,"BCom specialising in Philosophy, Politics & Economics",label_match,39.3,246,,unresolved,114950,published_divergent,none,,low,no rule or adjudication applies; default-trust=computed
2022,COM,CB001PHI03,BCom,"Philosophy, Politics & Economics",regular,3,222,2,168,False,54,91770,10810,2,77280,"BCom specialising in Philosophy, Politics & Economics",label_match,18.8,222,,unresolved,91770,published_divergent,none,,low,no rule or adjudication applies; default-trust=computed
2022,COM,CB003BUS01,BBusSc,Actuarial Science,regular,1,185,0,185,False,0,88910,0,0,88910,Bachelor of Business Science BBusSc specialising in Actuarial Science,label_match,0.0,185,,consistent,88910,reconciled,none,,high,computed credits equal the stated total
2022,COM,CB003BUS01,BBusSc,Actuarial Science,regular,2,186,0,186,False,0,91430,0,0,91430,Bachelor of Business Science BBusSc specialising in Actuarial Science,label_match,0.0,186,,consistent,91430,reconciled,none,,high,computed credits equal the stated total
2022,COM,CB003BUS01,BBusSc,Actuarial Science,regular,3,180,0,180,False,0,89830,0,0,89830,Bachelor of Business Science BBusSc specialising in Actuarial Science,label_match,0.0,180,,consistent,89830,reconciled,none,,high,computed credits equal the stated total
2022,COM,CB003BUS01,BBusSc,Actuarial Science,regular,4,174,0,174,False,0,76670,0,0,76670,Bachelor of Business Science BBusSc specialising in Actuarial Science,label_match,0.0,174,,consistent,76670,reconciled,none,,high,computed credits equal the stated total
2022,COM,CB003BUS09,BBusSc,Actuarial Science: Quantitative Finance,regular,1,185,0,185,False,0,88910,0,0,88910,BBusSc specialising in Actuarial Science: Quantitative Finance Stream,label_match,0.0,185,,consistent,88910,reconciled,none,,high,computed credits equal the stated total
2022,COM,CB003BUS09,BBusSc,Actuarial Science: Quantitative Finance,regular,2,186,0,186,False,0,91430,0,0,91430,BBusSc specialising in Actuarial Science: Quantitative Finance Stream,label_match,0.0,186,,consistent,91430,reconciled,none,,high,computed credits equal the stated total
2022,COM,CB003BUS09,BBusSc,Actuarial Science: Quantitative Finance,regular,3,198,0,198,False,0,96590,0,0,95590,BBusSc specialising in Actuarial Science: Quantitative Finance Stream,label_match,1.0,198,,consistent,96590,reconciled,none,,high,computed credits equal the stated total
2022,COM,CB003BUS09,BBusSc,Actuarial Science: Quantitative Finance,regular,4,147,0,147,False,0,71450,0,0,71450,BBusSc specialising in Actuarial Science: Quantitative Finance Stream,label_match,0.0,147,,consistent,71450,reconciled,none,,high,computed credits equal the stated total
2022,COM,CB004BUS07,BBusSc,Marketing,regular,1,167,0,167,False,0,80350,0,0,80350,BBusSc specialising in Marketing,label_match,0.0,167,,consistent,80350,reconciled,none,,high,computed credits equal the stated total
2022,COM,CB004BUS07,BBusSc,Marketing,regular,2,168,0,168,False,0,82280,0,0,82280,BBusSc specialising in Marketing,label_match,0.0,168,,consistent,82280,reconciled,none,,high,computed credits equal the stated total
2022,COM,CB004BUS07,BBusSc,Marketing,regular,3,198,0,180,False,18,89080,8970,0,80110,BBusSc specialising in Marketing,label_match,11.2,198,,unresolved,89080,published_divergent,none,,low,no rule or adjudication applies; default-trust=computed
2022,COM,CB004BUS07,BBusSc,Marketing,regular,4,180,0,180,False,0,87950,0,0,87950,BBusSc specialising in Marketing,label_match,0.0,180,,consistent,87950,reconciled,none,,high,computed credits equal the stated total
2022,COM,CB004BUS08,BBusSc,Organisational Psychology,regular,1,167,0,167,False,0,78630,0,0,78630,BBusSc specialising in Organisational Psychology,label_match,0.0,167,,consistent,78630,reconciled,none,,high,computed credits equal the stated total
2022,COM,CB004BUS08,BBusSc,Organisational Psychology,regular,2,162,0,162,False,0,80730,0,0,80730,BBusSc specialising in Organisational Psychology,label_match,0.0,162,,consistent,80730,reconciled,none,,high,computed credits equal the stated total
2022,COM,CB004BUS08,BBusSc,Organisational Psychology,regular,3,180,0,180,False,0,85960,8970,0,85960,BBusSc specialising in Organisational Psychology,label_match,0.0,180,,consistent,85960,reconciled,none,,high,computed credits equal the stated total
2022,COM,CB004BUS08,BBusSc,Organisational Psychology,regular,4,96,0,156,False,-60,71770,0,0,83620,BBusSc specialising in Organisational Psychology,label_match,-14.2,96,,unresolved,71770,published_divergent,none,,low,no rule or adjudication applies; default-trust=computed
2022,COM,CB004BUS22,BBusSc,Analytics,regular,1,185,0,185,False,0,88650,0,0,88650,BBusSc specialising in Analytics,label_match,0.0,185,,consistent,88650,reconciled,none,,high,computed credits equal the stated total
2022,COM,CB004BUS22,BBusSc,Analytics,regular,2,186,0,186,False,0,90380,0,0,90380,BBusSc specialising in Analytics,label_match,0.0,186,,consistent,90380,reconciled,none,,high,computed credits equal the stated total
2022,COM,CB004BUS22,BBusSc,Analytics,regular,3,246,0,198,True,48,119250,0,0,108410,BBusSc specialising in Analytics,label_match,10.0,246,,consistent,119250,published_divergent,none,,high,computed credits equal the stated total
2022,COM,CB004BUS22,BBusSc,Analytics,regular,4,178,0,178,False,0,74050,0,0,74050,BBusSc specialising in Analytics,label_match,0.0,178,,consistent,74050,reconciled,none,,high,computed credits equal the stated total
2022,COM,CB004CSC05,BBusSc,Computer Science,regular,1,149,0,149,False,0,70710,0,0,70860,BBusSc specialising in Computer Science,label_match,-0.2,149,,consistent,70710,reconciled,none,,high,computed credits equal the stated total
2022,COM,CB004CSC05,BBusSc,Computer Science,regular,2,162,0,162,False,0,79200,0,0,79200,BBusSc specialising in Computer Science,label_match,0.0,162,,consistent,79200,reconciled,none,,high,computed credits equal the stated total
2022,COM,CB004CSC05,BBusSc,Computer Science,regular,3,180,0,180,False,0,87690,0,0,87690,BBusSc specialising in Computer Science,label_match,0.0,180,,consistent,87690,reconciled,none,,high,computed credits equal the stated total
2022,COM,CB004CSC05,BBusSc,Computer Science,regular,4,262,0,160,False,102,108160,0,0,67360,BBusSc specialising in Computer Science,label_match,60.6,160,,resolved_manual,108160,published_divergent,R3,COM-2022-002,high,"The year table lists a module menu with no printed selection rule, so the row sum counts every offering; the stated total is the only authoritative signal of the intended load and is stable across editions. Computed fee is left as the sum of listed modules and will show as published_divergent until the menu rule is confirmed."
2022,COM,CB004ECO01,BBusSc,Economics,regular,1,167,0,167,False,0,80350,0,0,80350,BBusSc specialising in Economics,label_match,0.0,167,,consistent,80350,reconciled,none,,high,computed credits equal the stated total
2022,COM,CB004ECO01,BBusSc,Economics,regular,2,156,0,156,True,0,76110,0,0,76110,BBusSc specialising in Economics,label_match,0.0,156,,consistent,76110,reconciled,none,,high,computed credits equal the stated total
2022,COM,CB004ECO01,BBusSc,Economics,regular,3,264,1,162,False,102,130150,8970,1,88840,BBusSc specialising in Economics,label_match,46.5,162,,resolved_manual,130150,published_divergent,R3,COM-2022-003,high,"The year table lists a module menu with no printed selection rule, so the row sum counts every offering; the stated total is the only authoritative signal of the intended load and is stable across editions. Computed fee is left as the sum of listed modules and will show as published_divergent until the menu rule is confirmed."
2022,COM,CB004ECO01,BBusSc,Economics,regular,4,156,0,156,False,0,89590,0,0,89590,BBusSc specialising in Economics,label_match,0.0,156,,consistent,89590,reconciled,none,,high,computed credits equal the stated total
2022,COM,CB004ECO03,BBusSc,Economics with Law,regular,1,167,0,167,False,0,80350,0,0,80350,BBusSc specialising in Economics with Law,label_match,0.0,167,,consistent,80350,reconciled,none,,high,computed credits equal the stated total
2022,COM,CB004ECO03,BBusSc,Economics with Law,regular,2,168,0,168,False,0,80180,0,0,80180,BBusSc specialising in Economics with Law,label_match,0.0,168,,consistent,80180,reconciled,none,,high,computed credits equal the stated total
2022,COM,CB004ECO03,BBusSc,Economics with Law,regular,3,162,0,162,False,0,77380,8970,0,77380,BBusSc specialising in Economics with Law,label_match,0.0,162,,consistent,77380,reconciled,none,,high,computed credits equal the stated total
2022,COM,CB004ECO03,BBusSc,Economics with Law,regular,4,174,0,174,False,0,98560,0,0,98560,BBusSc specialising in Economics with Law,label_match,0.0,174,,consistent,98560,reconciled,none,,high,computed credits equal the stated total
2022,COM,CB004FTX04,BBusSc,Finance with Accounting,regular,1,167,0,167,False,0,80350,0,0,80350,BBusSc specialising in Finance with Accounting (CA Option),label_match,0.0,167,,consistent,80350,reconciled,none,,high,computed credits equal the stated total
2022,COM,CB004FTX04,BBusSc,Finance with Accounting,regular,2,168,0,168,False,0,81510,0,0,81510,BBusSc specialising in Finance with Accounting (CA Option),label_match,0.0,168,,consistent,81510,reconciled,none,,high,computed credits equal the stated total
2022,COM,CB004FTX04,BBusSc,Finance with Accounting,regular,3,180,0,180,False,0,88740,0,0,88740,BBusSc specialising in Finance with Accounting (CA Option),label_match,0.0,180,,consistent,88740,reconciled,none,,high,computed credits equal the stated total
2022,COM,CB004FTX04,BBusSc,Finance with Accounting,regular,4,162,0,162,False,0,80510,0,0,80510,BBusSc specialising in Finance with Accounting (CA Option),label_match,0.0,162,,consistent,80510,reconciled,none,,high,computed credits equal the stated total
2022,COM,CB004FTX05,BBusSc,Finance,regular,1,167,0,167,False,0,80350,0,0,80350,BBusSc specialising in Finance (Non CA Option),label_match,0.0,167,,consistent,80350,reconciled,none,,high,computed credits equal the stated total
2022,COM,CB004FTX05,BBusSc,Finance,regular,2,168,0,168,False,0,82280,0,0,82280,BBusSc specialising in Finance (Non CA Option),label_match,0.0,168,,consistent,82280,reconciled,none,,high,computed credits equal the stated total
2022,COM,CB004FTX05,BBusSc,Finance,regular,3,180,0,180,False,0,89000,8970,0,44150,BBusSc specialising in Finance (Non CA Option),label_match,101.6,180,,consistent,89000,published_divergent,none,,high,computed credits equal the stated total
2022,COM,CB004FTX05,BBusSc,Finance,regular,4,144,0,144,False,0,71540,0,0,71540,BBusSc specialising in Finance (Non CA Option),label_match,0.0,144,,consistent,71540,reconciled,none,,high,computed credits equal the stated total
2022,COM,CB004INF01,BBusSc,Information Systems,regular,1,185,0,185,False,0,88550,0,0,88290,BBusSc specialising in Information Systems,label_match,0.3,185,,consistent,88550,reconciled,none,,high,computed credits equal the stated total
2022,COM,CB004INF01,BBusSc,Information Systems,regular,2,168,0,168,False,0,83360,0,0,83360,BBusSc specialising in Information Systems,label_match,0.0,168,,consistent,83360,reconciled,none,,high,computed credits equal the stated total
2022,COM,CB004INF01,BBusSc,Information Systems,regular,3,156,0,156,False,0,80380,0,0,80380,BBusSc specialising in Information Systems,label_match,0.0,156,,consistent,80380,reconciled,none,,high,computed credits equal the stated total
2022,COM,CB004INF01,BBusSc,Information Systems,regular,4,176,0,176,False,0,82260,0,0,82260,BBusSc specialising in Information Systems,label_match,0.0,176,,consistent,82260,reconciled,none,,high,computed credits equal the stated total
2022,COM,CB011ACC03,BCom,Financial Accounting: Accounting with Law#,extended,1,113,0,113,False,0,53760,0,0,53760,BCom Academic Development specialising in Financial Accounting: Accounting with Law Stream,ad_duration,0.0,113,,consistent,53760,reconciled,none,,high,computed credits equal the stated total
2022,COM,CB011ACC03,BCom,Financial Accounting: Accounting with Law#,extended,2,126,0,126,False,0,62180,0,0,62180,BCom Academic Development specialising in Financial Accounting: Accounting with Law Stream,ad_duration,0.0,126,,consistent,62180,reconciled,none,,high,computed credits equal the stated total
2022,COM,CB011ACC03,BCom,Financial Accounting: Accounting with Law#,extended,3,126,0,126,False,0,59570,0,0,59570,BCom Academic Development specialising in Financial Accounting: Accounting with Law Stream,ad_duration,0.0,126,,consistent,59570,reconciled,none,,high,computed credits equal the stated total
2022,COM,CB011ACC03,BCom,Financial Accounting: Accounting with Law#,extended,4,90,0,90,False,0,41740,0,0,41740,BCom Academic Development specialising in Financial Accounting: Accounting with Law Stream,ad_duration,0.0,90,,consistent,41740,reconciled,none,,high,computed credits equal the stated total
2022,COM,CB011ACC04,BCom,Financial Accounting: Chartered Accountant,extended,1,131,0,131,False,0,62470,0,0,62470,Bachelor of Commerce Academic Development specialising in Financial Accounting Chartered Accounting Stream,ad_duration,0.0,131,,consistent,62470,reconciled,none,,high,computed credits equal the stated total
2022,COM,CB011ACC04,BCom,Financial Accounting: Chartered Accountant,extended,2,126,0,126,False,0,61910,0,0,61910,Bachelor of Commerce Academic Development specialising in Financial Accounting Chartered Accounting Stream,ad_duration,0.0,126,,consistent,61910,reconciled,none,,high,computed credits equal the stated total
2022,COM,CB011ACC04,BCom,Financial Accounting: Chartered Accountant,extended,3,126,0,126,False,0,60900,0,0,60900,Bachelor of Commerce Academic Development specialising in Financial Accounting Chartered Accounting Stream,ad_duration,0.0,126,,consistent,60900,reconciled,none,,high,computed credits equal the stated total
2022,COM,CB011ACC04,BCom,Financial Accounting: Chartered Accountant,extended,4,108,0,108,False,0,53630,0,0,53630,Bachelor of Commerce Academic Development specialising in Financial Accounting Chartered Accounting Stream,ad_duration,0.0,108,,consistent,53630,reconciled,none,,high,computed credits equal the stated total
2022,COM,CB011ACC08,BCom,Financial Accounting: General Accounting,extended,1,131,0,131,False,0,62470,0,0,62470,BCom Academic Development specialising in Financial Accounting General Accounting Stream,ad_duration,0.0,131,,consistent,62470,reconciled,none,,high,computed credits equal the stated total
2022,COM,CB011ACC08,BCom,Financial Accounting: General Accounting,extended,2,108,0,108,False,0,52940,0,0,52940,BCom Academic Development specialising in Financial Accounting General Accounting Stream,ad_duration,0.0,108,,consistent,52940,reconciled,none,,high,computed credits equal the stated total
2022,COM,CB011ACC08,BCom,Financial Accounting: General Accounting,extended,3,90,0,90,False,0,44740,0,0,44740,BCom Academic Development specialising in Financial Accounting General Accounting Stream,ad_duration,0.0,90,,consistent,44740,reconciled,none,,high,computed credits equal the stated total
2022,COM,CB011ACC08,BCom,Financial Accounting: General Accounting,extended,4,108,0,108,False,0,51960,0,0,51960,BCom Academic Development specialising in Financial Accounting General Accounting Stream,ad_duration,0.0,108,,consistent,51960,reconciled,none,,high,computed credits equal the stated total
2022,COM,CB011BUS06,,,extended,1,131,0,131,False,0,61960,0,0,,,unmatched,,131,,consistent,61960,no_published,none,,high,computed credits equal the stated total
2022,COM,CB011BUS06,,,extended,2,108,0,108,False,0,53440,8910,0,,,unmatched,,108,,consistent,53440,no_published,none,,high,computed credits equal the stated total
2022,COM,CB011BUS06,,,extended,3,132,0,132,False,0,65110,17940,0,,,unmatched,,132,,consistent,65110,no_published,none,,high,computed credits equal the stated total
2022,COM,CB011BUS06,,,extended,4,18,0,126,False,-108,8970,0,1,,,unmatched,,126,,resolved_manual,8970,no_published,R3,COM-2022-004,high,"The extracted course set for this year is demonstrably incomplete (rows unparsed in this edition's layout or an open-elective year without a parsable slot line); the stated total, corroborated by sibling editions, is the reliable carrier of the load."
2022,COM,CB011ECO02,BCom,Economics and Finance,extended,1,113,0,113,False,0,53500,0,0,53500,BCom Academic Development specialising in Economics & Finance,ad_duration,0.0,113,,consistent,53500,reconciled,none,,high,computed credits equal the stated total
2022,COM,CB011ECO02,BCom,Economics and Finance,extended,2,108,0,108,False,0,52990,0,0,52990,BCom Academic Development specialising in Economics & Finance,ad_duration,0.0,108,,consistent,52990,reconciled,none,,high,computed credits equal the stated total
2022,COM,CB011ECO02,BCom,Economics and Finance,extended,3,114,0,132,False,-18,56140,0,0,56140,BCom Academic Development specialising in Economics & Finance,ad_duration,0.0,114,,unresolved,56140,reconciled,none,,low,no rule or adjudication applies; default-trust=computed
2022,COM,CB011ECO02,BCom,Economics and Finance,extended,4,126,0,108,False,18,62790,8970,0,62790,BCom Academic Development specialising in Economics & Finance,ad_duration,0.0,126,,unresolved,62790,reconciled,none,,low,no rule or adjudication applies; default-trust=computed
2022,COM,CB011ECO03,BCom,Economics with Law,extended,1,131,0,131,False,0,62470,0,0,62470,BCom Academic Development specialising in Economics with Law,ad_duration,0.0,131,,consistent,62470,reconciled,none,,high,computed credits equal the stated total
2022,COM,CB011ECO03,BCom,Economics with Law,extended,2,108,0,108,False,0,52720,0,0,52720,BCom Academic Development specialising in Economics with Law,ad_duration,0.0,108,,consistent,52720,reconciled,none,,high,computed credits equal the stated total
2022,COM,CB011ECO03,BCom,Economics with Law,extended,3,108,0,108,False,0,50710,0,0,50710,BCom Academic Development specialising in Economics with Law,ad_duration,0.0,108,,consistent,50710,reconciled,none,,high,computed credits equal the stated total
2022,COM,CB011ECO03,BCom,Economics with Law,extended,4,108,0,198,False,-90,50710,0,0,50710,BCom Academic Development specialising in Economics with Law,ad_duration,0.0,108,,resolved_computed,50710,reconciled,R1a,R1a,high,"stated total exceeds the taken-course sum by exactly the credits of the non-taken alternatives (all choice groups, 90 cr) — the printed total double-counts choices"
2022,COM,CB011ECO04,BCom,Economics and Statistics,extended,1,113,0,113,False,0,53760,0,0,53500,BCom Academic Development specialising in Economics & Statistics,ad_duration,0.5,113,,consistent,53760,reconciled,none,,high,computed credits equal the stated total
2022,COM,CB011ECO04,BCom,Economics and Statistics,extended,2,108,0,108,False,0,52730,0,0,52730,BCom Academic Development specialising in Economics & Statistics,ad_duration,0.0,108,,consistent,52730,reconciled,none,,high,computed credits equal the stated total
2022,COM,CB011ECO04,BCom,Economics and Statistics,extended,3,144,0,144,True,0,70450,8970,0,67670,BCom Academic Development specialising in Economics & Statistics,ad_duration,4.1,144,,consistent,70450,reconciled,none,,high,computed credits equal the stated total
2022,COM,CB011ECO04,BCom,Economics and Statistics,extended,4,162,0,162,False,0,79490,8970,0,79490,BCom Academic Development specialising in Economics & Statistics,ad_duration,0.0,162,,consistent,79490,reconciled,none,,high,computed credits equal the stated total
2022,COM,CB011INF01,BCom,Information Systems,extended,1,113,0,113,False,0,53760,0,0,62730,BCom Academic Development specialising in Information Systems,ad_duration,-14.3,113,,consistent,53760,published_divergent,none,,high,computed credits equal the stated total
2022,COM,CB011INF01,BCom,Information Systems,extended,2,108,0,108,False,0,53890,0,0,53890,BCom Academic Development specialising in Information Systems,ad_duration,0.0,108,,consistent,53890,reconciled,none,,high,computed credits equal the stated total
2022,COM,CB011INF01,BCom,Information Systems,extended,3,120,0,120,False,0,62360,8910,0,62420,BCom Academic Development specialising in Information Systems,ad_duration,-0.1,120,,consistent,62360,reconciled,none,,high,computed credits equal the stated total
2022,COM,CB011INF01,BCom,Information Systems,extended,4,108,0,108,False,0,52810,17940,0,61780,BCom Academic Development specialising in Information Systems,ad_duration,-14.5,108,,consistent,52810,published_divergent,none,,high,computed credits equal the stated total
2022,COM,CB011INF06,BCom,Information Systems and Computer Science,extended,1,113,0,113,False,0,53500,0,0,53500,BCom Academic Development specialising in Information Systems & Computer Science,ad_duration,0.0,113,,consistent,53500,reconciled,none,,high,computed credits equal the stated total
2022,COM,CB011INF06,BCom,Information Systems and Computer Science,extended,2,108,0,108,False,0,52230,0,0,52230,BCom Academic Development specialising in Information Systems & Computer Science,ad_duration,0.0,108,,consistent,52230,reconciled,none,,high,computed credits equal the stated total
2022,COM,CB011INF06,BCom,Information Systems and Computer Science,extended,3,108,0,108,False,0,52570,0,0,52570,BCom Academic Development specialising in Information Systems & Computer Science,ad_duration,0.0,108,,consistent,52570,reconciled,none,,high,computed credits equal the stated total
2022,COM,CB011INF06,BCom,Information Systems and Computer Science,extended,4,126,0,126,False,0,61550,0,0,61550,BCom Academic Development specialising in Information Systems & Computer Science,ad_duration,0.0,126,,consistent,61550,reconciled,none,,high,computed credits equal the stated total
2022,COM,CB011INF11,BCom,Information Systems and Finance,extended,1,131,0,131,False,0,62730,0,0,62470,BCom Academic Development specialising in Information Systems & Finance,ad_duration,0.4,131,,consistent,62730,reconciled,none,,high,computed credits equal the stated total
2022,COM,CB011INF11,BCom,Information Systems and Finance,extended,2,108,0,108,False,0,53630,0,0,53630,BCom Academic Development specialising in Information Systems & Finance,ad_duration,0.0,108,,consistent,53630,reconciled,none,,high,computed credits equal the stated total
2022,COM,CB011INF11,BCom,Information Systems and Finance,extended,3,126,0,126,False,0,62730,0,0,62730,BCom Academic Development specialising in Information Systems & Finance,ad_duration,0.0,126,,consistent,62730,reconciled,none,,high,computed credits equal the stated total
2022,COM,CB011INF11,BCom,Information Systems and Finance,extended,4,114,0,114,False,0,55370,0,0,55370,BCom Academic Development specialising in Information Systems & Finance,ad_duration,0.0,114,,consistent,55370,reconciled,none,,high,computed credits equal the stated total
2022,COM,CB011PHI03,BCom,"Philosophy, Politics & Economics",extended,1,113,0,113,False,0,51180,0,0,51180,"BCom Academic Development specialising in Philosophy, Politics & Economics",ad_duration,0.0,113,,consistent,51180,reconciled,none,,high,computed credits equal the stated total
2022,COM,CB011PHI03,BCom,"Philosophy, Politics & Economics",extended,2,108,0,108,False,0,53560,0,0,53560,"BCom Academic Development specialising in Philosophy, Politics & Economics",ad_duration,0.0,108,,consistent,53560,reconciled,none,,high,computed credits equal the stated total
2022,COM,CB011PHI03,BCom,"Philosophy, Politics & Economics",extended,3,198,0,102,False,96,90140,0,0,46900,"BCom Academic Development specialising in Philosophy, Politics & Economics",ad_duration,92.2,102,,resolved_manual,90140,published_divergent,R3,COM-2022-005,high,"The year table lists a module menu with no printed selection rule, so the row sum counts every offering; the stated total is the only authoritative signal of the intended load and is stable across editions. Computed fee is left as the sum of listed modules and will show as published_divergent until the menu rule is confirmed."
2022,COM,CB011PHI03,BCom,"Philosophy, Politics & Economics",extended,4,222,3,162,True,60,91770,10810,3,75440,"BCom Academic Development specialising in Philosophy, Politics & Economics",ad_duration,21.6,222,,unresolved,91770,published_divergent,none,,low,no rule or adjudication applies; default-trust=computed
2022,COM,CB015BUS07,,,extended,1,131,0,131,False,0,61700,0,0,,,unmatched,,131,,consistent,61700,no_published,none,,high,computed credits equal the stated total
2022,COM,CB015BUS07,,,extended,2,132,0,132,False,0,65290,0,0,,,unmatched,,132,,consistent,65290,no_published,none,,high,computed credits equal the stated total
2022,COM,CB015BUS07,,,extended,3,108,0,108,False,0,53580,0,0,,,unmatched,,108,,consistent,53580,no_published,none,,high,computed credits equal the stated total
2022,COM,CB015BUS07,,,extended,4,162,0,144,False,18,71140,8970,0,,,unmatched,,162,,unresolved,71140,no_published,none,,low,no rule or adjudication applies; default-trust=computed
2022,COM,CB015BUS07,,,extended,5,180,0,180,False,0,87950,0,0,,,unmatched,,180,,consistent,87950,no_published,none,,high,computed credits equal the stated total
2022,COM,CB015BUS08,,,extended,1,131,0,131,False,0,60750,0,0,,,unmatched,,131,,consistent,60750,no_published,none,,high,computed credits equal the stated total
2022,COM,CB015BUS08,,,extended,2,132,0,132,False,0,65290,0,0,,,unmatched,,132,,consistent,65290,no_published,none,,high,computed credits equal the stated total
2022,COM,CB015BUS08,,,extended,3,126,0,126,False,0,62020,0,0,,,unmatched,,126,,consistent,62020,no_published,none,,high,computed credits equal the stated total
2022,COM,CB015BUS08,,,extended,4,138,0,120,False,18,57260,8970,1,,,unmatched,,138,,unresolved,57260,no_published,none,,low,no rule or adjudication applies; default-trust=computed
2022,COM,CB015BUS08,,,extended,5,156,0,156,False,0,83620,0,0,,,unmatched,,156,,consistent,83620,no_published,none,,high,computed credits equal the stated total
2022,COM,CB015BUS22,,,extended,1,113,0,113,False,0,52730,0,0,,,unmatched,,113,,consistent,52730,no_published,none,,high,computed credits equal the stated total
2022,COM,CB015BUS22,,,extended,2,108,0,108,False,0,53240,0,0,,,unmatched,,108,,consistent,53240,no_published,none,,high,computed credits equal the stated total
2022,COM,CB015BUS22,,,extended,3,168,0,168,False,0,82180,0,0,,,unmatched,,168,,consistent,82180,no_published,none,,high,computed credits equal the stated total
2022,COM,CB015BUS22,,,extended,4,228,0,180,True,48,110280,0,0,,,unmatched,,228,,consistent,110280,no_published,none,,high,computed credits equal the stated total
2022,COM,CB015BUS22,,,extended,5,178,0,178,False,0,74050,0,0,,,unmatched,,178,,consistent,74050,no_published,none,,high,computed credits equal the stated total
2022,COM,CB015CSC05,,,extended,1,113,0,113,False,0,53240,0,0,,,unmatched,,113,,consistent,53240,no_published,none,,high,computed credits equal the stated total
2022,COM,CB015CSC05,,,extended,2,126,0,126,False,0,61460,0,0,,,unmatched,,126,,consistent,61460,no_published,none,,high,computed credits equal the stated total
2022,COM,CB015CSC05,,,extended,3,126,0,126,False,0,61500,0,0,,,unmatched,,126,,consistent,61500,no_published,none,,high,computed credits equal the stated total
2022,COM,CB015CSC05,,,extended,4,126,0,126,False,0,61550,0,0,,,unmatched,,126,,consistent,61550,no_published,none,,high,computed credits equal the stated total
2022,COM,CB015CSC05,,,extended,5,262,0,160,False,102,108160,0,0,,,unmatched,,160,,resolved_manual,108160,no_published,R3,COM-2022-006,high,"The year table lists a module menu with no printed selection rule, so the row sum counts every offering; the stated total is the only authoritative signal of the intended load and is stable across editions. Computed fee is left as the sum of listed modules and will show as published_divergent until the menu rule is confirmed."
2022,COM,CB015ECO01,,,extended,1,149,0,131,False,18,71440,0,0,,,unmatched,,149,,unresolved,71440,no_published,none,,low,no rule or adjudication applies; default-trust=computed
2022,COM,CB015ECO01,,,extended,2,144,0,126,False,18,70930,0,0,,,unmatched,,144,,unresolved,70930,no_published,none,,low,no rule or adjudication applies; default-trust=computed
2022,COM,CB015ECO01,,,extended,3,138,0,138,False,0,67670,8970,0,,,unmatched,,138,,consistent,67670,no_published,none,,high,computed credits equal the stated total
2022,COM,CB015ECO01,,,extended,4,192,1,90,True,102,94510,0,1,,,unmatched,,90,,resolved_manual,94510,no_published,R3,COM-2022-007,high,"The extracted course set for this year is demonstrably incomplete (rows unparsed in this edition's layout or an open-elective year without a parsable slot line); the stated total, corroborated by sibling editions, is the reliable carrier of the load."
2022,COM,CB015ECO01,,,extended,5,156,0,156,False,0,89590,0,0,,,unmatched,,156,,consistent,89590,no_published,none,,high,computed credits equal the stated total
2022,COM,CB015ECO03,,,extended,1,149,0,131,False,18,71440,0,0,,,unmatched,,149,,unresolved,71440,no_published,none,,low,no rule or adjudication applies; default-trust=computed
2022,COM,CB015ECO03,,,extended,2,114,0,114,False,0,56320,0,0,,,unmatched,,114,,consistent,56320,no_published,none,,high,computed credits equal the stated total
2022,COM,CB015ECO03,,,extended,3,144,0,126,False,18,68410,0,0,,,unmatched,,144,,unresolved,68410,no_published,none,,low,no rule or adjudication applies; default-trust=computed
2022,COM,CB015ECO03,,,extended,4,144,0,144,False,0,68650,8970,0,,,unmatched,,144,,consistent,68650,no_published,none,,high,computed credits equal the stated total
2022,COM,CB015ECO03,,,extended,5,156,0,156,False,0,89590,0,0,,,unmatched,,156,,consistent,89590,no_published,none,,high,computed credits equal the stated total
2022,COM,CB015FTX04,,,extended,1,131,0,131,False,0,61700,0,0,,,unmatched,,131,,consistent,61700,no_published,none,,high,computed credits equal the stated total
2022,COM,CB015FTX04,,,extended,2,126,0,126,False,0,61720,0,0,,,unmatched,,126,,consistent,61720,no_published,none,,high,computed credits equal the stated total
2022,COM,CB015FTX04,,,extended,3,168,0,168,False,0,83180,0,0,,,unmatched,,168,,consistent,83180,no_published,none,,high,computed credits equal the stated total
2022,COM,CB015FTX04,,,extended,4,144,0,144,False,0,70800,0,0,,,unmatched,,144,,consistent,70800,no_published,none,,high,computed credits equal the stated total
2022,COM,CB015FTX04,,,extended,5,144,0,144,False,0,71540,0,0,,,unmatched,,144,,consistent,71540,no_published,none,,high,computed credits equal the stated total
2022,COM,CB015FTX05,,,extended,1,131,0,131,False,0,62470,0,0,,,unmatched,,131,,consistent,62470,no_published,none,,high,computed credits equal the stated total
2022,COM,CB015FTX05,,,extended,2,150,0,150,False,0,73490,0,0,,,unmatched,,150,,consistent,73490,no_published,none,,high,computed credits equal the stated total
2022,COM,CB015FTX05,,,extended,3,90,0,90,False,0,44530,8970,0,,,unmatched,,90,,consistent,44530,no_published,none,,high,computed credits equal the stated total
2022,COM,CB015FTX05,,,extended,4,144,0,144,False,0,71140,0,0,,,unmatched,,144,,consistent,71140,no_published,none,,high,computed credits equal the stated total
2022,COM,CB015FTX05,,,extended,5,144,0,144,False,0,71540,0,0,,,unmatched,,144,,consistent,71540,no_published,none,,high,computed credits equal the stated total
2022,COM,CB015INF01,,,extended,1,149,0,131,False,18,70410,0,0,,,unmatched,,149,,unresolved,70410,no_published,none,,low,no rule or adjudication applies; default-trust=computed
2022,COM,CB015INF01,,,extended,2,108,0,108,False,0,53760,0,0,,,unmatched,,108,,consistent,53760,no_published,none,,high,computed credits equal the stated total
2022,COM,CB015INF01,,,extended,3,150,0,150,False,0,74150,0,0,,,unmatched,,150,,consistent,74150,no_published,none,,high,computed credits equal the stated total
2022,COM,CB015INF01,,,extended,4,120,0,138,False,-18,62680,0,0,,,unmatched,,120,,resolved_computed,62680,no_published,R1a,R1a,high,"stated total exceeds the taken-course sum by exactly the credits of the non-taken alternatives (all choice groups, 18 cr) — the printed total double-counts choices"
2022,COM,CB015INF01,,,extended,5,176,0,176,False,0,82260,0,0,,,unmatched,,176,,consistent,82260,no_published,none,,high,computed credits equal the stated total
2022,COM,CB018BUS01,,,extended,1,113,0,113,False,0,53500,0,0,,,unmatched,,113,,consistent,53500,no_published,none,,high,computed credits equal the stated total
2022,COM,CB018BUS01,,,extended,2,108,0,108,False,0,53500,0,0,,,unmatched,,108,,consistent,53500,no_published,none,,high,computed credits equal the stated total
2022,COM,CB018BUS01,,,extended,3,150,0,150,False,0,73490,0,0,,,unmatched,,150,,consistent,73490,no_published,none,,high,computed credits equal the stated total
2022,COM,CB018BUS01,,,extended,4,180,0,180,False,0,89830,0,0,,,unmatched,,180,,consistent,89830,no_published,none,,high,computed credits equal the stated total
2022,COM,CB018BUS01,,,extended,5,174,0,,False,,76670,0,0,,,unmatched,,174,,unresolved,76670,no_published,none,,low,no rule or adjudication applies; default-trust=computed
2022,COM,CB018BUS09,,,extended,1,113,0,113,False,0,53500,0,0,,,unmatched,,113,,consistent,53500,no_published,none,,high,computed credits equal the stated total
2022,COM,CB018BUS09,,,extended,2,108,0,108,False,0,53500,0,0,,,unmatched,,108,,consistent,53500,no_published,none,,high,computed credits equal the stated total
2022,COM,CB018BUS09,,,extended,3,150,0,150,False,0,73490,0,0,,,unmatched,,150,,consistent,73490,no_published,none,,high,computed credits equal the stated total
2022,COM,CB018BUS09,,,extended,4,198,0,198,False,0,96590,0,0,,,unmatched,,198,,consistent,96590,no_published,none,,high,computed credits equal the stated total
2022,COM,CB018BUS09,,,extended,5,147,0,147,False,0,71450,0,0,,,unmatched,,147,,consistent,71450,no_published,none,,high,computed credits equal the stated total
2022,COM,CB019BUS01,BCom,Actuarial Science,regular,1,185,0,185,False,0,88910,0,0,88910,BCom specialising in Actuarial Science,label_match,0.0,185,,consistent,88910,reconciled,none,,high,computed credits equal the stated total
2022,COM,CB019BUS01,BCom,Actuarial Science,regular,2,186,0,186,False,0,91430,0,0,91430,BCom specialising in Actuarial Science,label_match,0.0,186,,consistent,91430,reconciled,none,,high,computed credits equal the stated total
2022,COM,CB019BUS01,BCom,Actuarial Science,regular,3,162,0,162,False,0,80860,0,0,80860,BCom specialising in Actuarial Science,label_match,0.0,162,,consistent,80860,reconciled,none,,high,computed credits equal the stated total
2022,COM,CB019BUS09,BCom,Actuarial Science: Quantitative Finance,regular,1,185,0,185,False,0,88910,0,0,88910,BCom specialising in Actuarial Science Quantitative Finance Stream,label_match,0.0,185,,consistent,88910,reconciled,none,,high,computed credits equal the stated total
2022,COM,CB019BUS09,BCom,Actuarial Science: Quantitative Finance,regular,2,186,0,186,False,0,91430,0,0,91430,BCom specialising in Actuarial Science Quantitative Finance Stream,label_match,0.0,186,,consistent,91430,reconciled,none,,high,computed credits equal the stated total
2022,COM,CB019BUS09,BCom,Actuarial Science: Quantitative Finance,regular,3,180,0,180,False,0,87620,0,0,87620,BCom specialising in Actuarial Science Quantitative Finance Stream,label_match,0.0,180,,consistent,87620,reconciled,none,,high,computed credits equal the stated total
2022,COM,CB020BUS01,BCom,Actuarial Science,extended,1,113,0,113,False,0,53500,0,0,53500,BCom Academic Development specialising in Actuarial Science,ad_duration,0.0,113,,consistent,53500,reconciled,none,,high,computed credits equal the stated total
2022,COM,CB020BUS01,BCom,Actuarial Science,extended,2,108,0,108,False,0,53500,0,0,53500,BCom Academic Development specialising in Actuarial Science,ad_duration,0.0,108,,consistent,53500,reconciled,none,,high,computed credits equal the stated total
2022,COM,CB020BUS01,BCom,Actuarial Science,extended,3,150,0,150,False,0,73490,0,0,73490,BCom Academic Development specialising in Actuarial Science,ad_duration,0.0,150,,consistent,73490,reconciled,none,,high,computed credits equal the stated total
2022,COM,CB020BUS01,BCom,Actuarial Science,extended,4,162,0,162,False,0,80860,0,0,80860,BCom Academic Development specialising in Actuarial Science,ad_duration,0.0,162,,consistent,80860,reconciled,none,,high,computed credits equal the stated total
2022,COM,CB020BUS09,BCom,Actuarial Science: Quantitative Finance,extended,1,113,0,113,False,0,53500,0,0,53500,BCom Academic Development specialising in Actuarial Science Quantitative Finance Stream,ad_duration,0.0,113,,consistent,53500,reconciled,none,,high,computed credits equal the stated total
2022,COM,CB020BUS09,BCom,Actuarial Science: Quantitative Finance,extended,2,126,0,126,False,0,61700,0,0,61700,BCom Academic Development specialising in Actuarial Science Quantitative Finance Stream,ad_duration,0.0,126,,consistent,61700,reconciled,none,,high,computed credits equal the stated total
2022,COM,CB020BUS09,BCom,Actuarial Science: Quantitative Finance,extended,3,132,0,132,False,0,65290,0,0,65290,BCom Academic Development specialising in Actuarial Science Quantitative Finance Stream,ad_duration,0.0,132,,consistent,65290,reconciled,none,,high,computed credits equal the stated total
2022,COM,CB020BUS09,BCom,Actuarial Science: Quantitative Finance,extended,4,180,0,180,False,0,87620,0,0,87620,BCom Academic Development specialising in Actuarial Science Quantitative Finance Stream,ad_duration,0.0,180,,consistent,87620,reconciled,none,,high,computed credits equal the stated total
2022,COM,CB023ACC03,BCom,Financial Accounting: Accounting with Law,augmented,1,149,0,149,False,0,71440,0,0,,,unmatched,,149,,consistent,71440,no_published,none,,high,computed credits equal the stated total
2022,COM,CB023ACC03,BCom,Financial Accounting: Accounting with Law,augmented,2,162,0,162,False,0,77270,0,0,,,unmatched,,162,,consistent,77270,no_published,none,,high,computed credits equal the stated total
2022,COM,CB023ACC03,BCom,Financial Accounting: Accounting with Law,augmented,3,144,0,144,False,0,68540,0,0,,,unmatched,,144,,consistent,68540,no_published,none,,high,computed credits equal the stated total
2022,COM,CB023ACC04,BCom,Financial Accounting: Chartered Accountant,augmented,1,149,0,149,False,0,71440,0,0,,,unmatched,,149,,consistent,71440,no_published,none,,high,computed credits equal the stated total
2022,COM,CB023ACC04,BCom,Financial Accounting: Chartered Accountant,augmented,2,162,0,162,False,0,79610,0,0,,,unmatched,,162,,consistent,79610,no_published,none,,high,computed credits equal the stated total
2022,COM,CB023ACC04,BCom,Financial Accounting: Chartered Accountant,augmented,3,144,0,144,False,0,70030,0,0,,,unmatched,,144,,consistent,70030,no_published,none,,high,computed credits equal the stated total
2022,COM,CB023ACC08,BCom,Financial Accounting: General Accounting,augmented,1,149,0,149,False,0,71440,0,0,,,unmatched,,149,,consistent,71440,no_published,none,,high,computed credits equal the stated total
2022,COM,CB023ACC08,BCom,Financial Accounting: General Accounting,augmented,2,144,0,144,False,0,70880,0,0,,,unmatched,,144,,consistent,70880,no_published,none,,high,computed credits equal the stated total
2022,COM,CB023ACC08,BCom,Financial Accounting: General Accounting,augmented,3,144,0,144,False,0,69790,0,0,,,unmatched,,144,,consistent,69790,no_published,none,,high,computed credits equal the stated total
2022,COM,CB023BUS06,BCom,Management Studies,augmented,1,185,0,185,False,0,88550,0,0,61700,BCom Academic Development specialising in Management Studies,label_match,43.5,185,,consistent,88550,published_divergent,none,,high,computed credits equal the stated total
2022,COM,CB023BUS06,BCom,Management Studies,augmented,2,168,0,168,False,0,83050,17940,0,53440,BCom Academic Development specialising in Management Studies,label_match,55.4,168,,consistent,83050,published_divergent,none,,high,computed credits equal the stated total
2022,COM,CB023BUS06,BCom,Management Studies,augmented,3,144,0,144,False,0,8970,0,2,65110,BCom Academic Development specialising in Management Studies,label_match,-86.2,144,,consistent,8970,published_divergent,none,,high,computed credits equal the stated total
2022,COM,CB023ECO02,BCom,Economics and Finance,augmented,1,167,0,167,False,0,80350,0,0,,,unmatched,,167,,consistent,80350,no_published,none,,high,computed credits equal the stated total
2022,COM,CB023ECO02,BCom,Economics and Finance,augmented,2,150,0,150,True,0,73550,0,0,,,unmatched,,150,,consistent,73550,no_published,none,,high,computed credits equal the stated total
2022,COM,CB023ECO02,BCom,Economics and Finance,augmented,3,144,0,144,False,0,71520,8970,0,,,unmatched,,144,,consistent,71520,no_published,none,,high,computed credits equal the stated total
2022,COM,CB023ECO03,BCom,Economics with Law,augmented,1,149,0,149,False,0,71440,0,0,,,unmatched,,149,,consistent,71440,no_published,none,,high,computed credits equal the stated total
2022,COM,CB023ECO03,BCom,Economics with Law,augmented,2,162,0,162,True,0,76520,0,0,,,unmatched,,162,,consistent,76520,no_published,none,,high,computed credits equal the stated total
2022,COM,CB023ECO03,BCom,Economics with Law,augmented,3,144,0,144,False,0,68650,0,0,,,unmatched,,144,,consistent,68650,no_published,none,,high,computed credits equal the stated total
2022,COM,CB023ECO04,BCom,Economics and Statistics,augmented,1,167,0,167,False,0,80350,0,0,,,unmatched,,167,,consistent,80350,no_published,none,,high,computed credits equal the stated total
2022,COM,CB023ECO04,BCom,Economics and Statistics,augmented,2,210,0,156,True,54,101710,0,0,,,unmatched,,210,,consistent,101710,no_published,none,,high,computed credits equal the stated total
2022,COM,CB023ECO04,BCom,Economics and Statistics,augmented,3,252,0,180,False,72,123100,8970,0,,,unmatched,,252,,unresolved,123100,no_published,none,,low,no rule or adjudication applies; default-trust=computed
2022,COM,CB023INF01,BCom,Information Systems,augmented,1,149,0,149,False,0,70930,0,0,,,unmatched,,149,,consistent,70930,no_published,none,,high,computed credits equal the stated total
2022,COM,CB023INF01,BCom,Information Systems,augmented,2,144,0,144,False,0,71570,8970,0,,,unmatched,,144,,consistent,71570,no_published,none,,high,computed credits equal the stated total
2022,COM,CB023INF01,BCom,Information Systems,augmented,3,156,0,156,False,0,80380,17940,0,,,unmatched,,156,,consistent,80380,no_published,none,,high,computed credits equal the stated total
2022,COM,CB023INF06,BCom,Information Systems and Computer Science,augmented,1,149,0,149,False,0,71120,0,0,,,unmatched,,149,,consistent,71120,no_published,none,,high,computed credits equal the stated total
2022,COM,CB023INF06,BCom,Information Systems and Computer Science,augmented,2,162,0,162,False,0,78210,0,0,,,unmatched,,162,,consistent,78210,no_published,none,,high,computed credits equal the stated total
2022,COM,CB023INF06,BCom,Information Systems and Computer Science,augmented,3,144,0,144,False,0,70520,0,0,,,unmatched,,144,,consistent,70520,no_published,none,,high,computed credits equal the stated total
2022,COM,CB023INF11,BCom,Information Systems and Finance,augmented,1,167,0,167,False,0,80350,0,0,,,unmatched,,167,,consistent,80350,no_published,none,,high,computed credits equal the stated total
2022,COM,CB023INF11,BCom,Information Systems and Finance,augmented,2,162,0,162,False,0,80030,0,0,,,unmatched,,162,,consistent,80030,no_published,none,,high,computed credits equal the stated total
2022,COM,CB023INF11,BCom,Information Systems and Finance,augmented,3,150,0,150,False,0,74080,0,0,,,unmatched,,150,,consistent,74080,no_published,none,,high,computed credits equal the stated total
2022,COM,CB023PHI03,BCom,"Philosophy, Politics & Economics",augmented,1,149,0,149,False,0,69120,0,0,,,unmatched,,149,,consistent,69120,no_published,none,,high,computed credits equal the stated total
2022,COM,CB023PHI03,BCom,"Philosophy, Politics & Economics",augmented,2,246,0,174,False,72,114950,0,0,,,unmatched,,246,,unresolved,114950,no_published,none,,low,no rule or adjudication applies; default-trust=computed
2022,COM,CB023PHI03,BCom,"Philosophy, Politics & Economics",augmented,3,222,3,168,False,54,91770,10810,3,,,unmatched,,222,,unresolved,91770,no_published,none,,low,no rule or adjudication applies; default-trust=computed
2022,COM,CB024BUS07,BBusSc,Marketing,augmented,1,167,0,167,False,0,80350,0,0,70670,BBusSc Academic Development specialising in Marketing,label_match,13.7,167,,consistent,80350,published_divergent,none,,high,computed credits equal the stated total
2022,COM,CB024BUS07,BBusSc,Marketing,augmented,2,168,0,168,False,0,82280,0,0,65290,BBusSc Academic Development specialising in Marketing,label_match,26.0,168,,consistent,82280,published_divergent,none,,high,computed credits equal the stated total
2022,COM,CB024BUS07,BBusSc,Marketing,augmented,3,198,0,180,False,18,89080,8970,0,62550,BBusSc Academic Development specialising in Marketing,label_match,42.4,198,,unresolved,89080,published_divergent,none,,low,no rule or adjudication applies; default-trust=computed
2022,COM,CB024BUS07,BBusSc,Marketing,augmented,4,180,0,180,False,0,87950,0,0,62170,BBusSc Academic Development specialising in Marketing,label_match,41.5,180,,consistent,87950,published_divergent,none,,high,computed credits equal the stated total
2022,COM,CB024BUS08,BBusSc,Organisational Psychology,augmented,1,167,0,167,False,0,78630,0,0,60750,BBusSc Academic Development specialising in Organisational Psychology,label_match,29.4,167,,consistent,78630,published_divergent,none,,high,computed credits equal the stated total
2022,COM,CB024BUS08,BBusSc,Organisational Psychology,augmented,2,162,0,162,False,0,80730,0,0,65290,BBusSc Academic Development specialising in Organisational Psychology,label_match,23.6,162,,consistent,80730,published_divergent,none,,high,computed credits equal the stated total
2022,COM,CB024BUS08,BBusSc,Organisational Psychology,augmented,3,198,0,180,False,18,85960,8970,1,62020,BBusSc Academic Development specialising in Organisational Psychology,label_match,38.6,198,,unresolved,85960,published_divergent,none,,low,no rule or adjudication applies; default-trust=computed
2022,COM,CB024BUS08,BBusSc,Organisational Psychology,augmented,4,156,0,156,False,0,83620,0,0,57260,BBusSc Academic Development specialising in Organisational Psychology,label_match,46.0,156,,consistent,83620,published_divergent,none,,high,computed credits equal the stated total
2022,COM,CB024BUS22,,,augmented,1,185,0,185,False,0,88650,0,0,,,unmatched,,185,,consistent,88650,no_published,none,,high,computed credits equal the stated total
2022,COM,CB024BUS22,,,augmented,2,186,0,186,False,0,90380,0,0,,,unmatched,,186,,consistent,90380,no_published,none,,high,computed credits equal the stated total
2022,COM,CB024BUS22,,,augmented,3,210,0,198,True,12,101930,0,0,,,unmatched,,210,,consistent,101930,no_published,none,,high,computed credits equal the stated total
2022,COM,CB024BUS22,,,augmented,4,178,0,178,False,0,74050,0,0,,,unmatched,,178,,consistent,74050,no_published,none,,high,computed credits equal the stated total
2022,COM,CB024CSC05,BBusSc,Computer Science,augmented,1,149,0,149,False,0,70710,0,0,53240,BBusSc Academic Development specialising in Computer Science,label_match,32.8,149,,consistent,70710,published_divergent,none,,high,computed credits equal the stated total
2022,COM,CB024CSC05,BBusSc,Computer Science,augmented,2,162,0,162,False,0,79200,0,0,61460,BBusSc Academic Development specialising in Computer Science,label_match,28.9,162,,consistent,79200,published_divergent,none,,high,computed credits equal the stated total
2022,COM,CB024CSC05,BBusSc,Computer Science,augmented,3,180,0,180,False,0,87690,0,0,61500,BBusSc Academic Development specialising in Computer Science,label_match,42.6,180,,consistent,87690,published_divergent,none,,high,computed credits equal the stated total
2022,COM,CB024CSC05,BBusSc,Computer Science,augmented,4,262,0,160,False,102,108160,0,0,61550,BBusSc Academic Development specialising in Computer Science,label_match,75.7,160,,resolved_manual,108160,published_divergent,R3,COM-2022-008,high,"The year table lists a module menu with no printed selection rule, so the row sum counts every offering; the stated total is the only authoritative signal of the intended load and is stable across editions. Computed fee is left as the sum of listed modules and will show as published_divergent until the menu rule is confirmed."
2022,COM,CB024ECO01,BBusSc,Economics,augmented,1,167,0,167,False,0,80350,0,0,62470,BBusSc Academic Development specialising in Economics,label_match,28.6,167,,consistent,80350,published_divergent,none,,high,computed credits equal the stated total
2022,COM,CB024ECO01,BBusSc,Economics,augmented,2,156,0,156,True,0,76110,0,0,61960,BBusSc Academic Development specialising in Economics,label_match,22.8,156,,consistent,76110,published_divergent,none,,high,computed credits equal the stated total
2022,COM,CB024ECO01,BBusSc,Economics,augmented,3,264,1,162,True,102,130150,8970,1,67670,BBusSc Academic Development specialising in Economics,label_match,92.3,162,,resolved_manual,130150,published_divergent,R3,COM-2022-009,high,"The year table lists a module menu with no printed selection rule, so the row sum counts every offering; the stated total is the only authoritative signal of the intended load and is stable across editions. Computed fee is left as the sum of listed modules and will show as published_divergent until the menu rule is confirmed."
2022,COM,CB024ECO01,BBusSc,Economics,augmented,4,156,0,156,False,0,89590,0,0,44850,BBusSc Academic Development specialising in Economics,label_match,99.8,156,,consistent,89590,published_divergent,none,,high,computed credits equal the stated total
2022,COM,CB024ECO03,BBusSc,Economics with Law,augmented,1,167,0,167,False,0,80350,0,0,62470,BBusSc Academic Development specialising in Economics with Law,label_match,28.6,167,,consistent,80350,published_divergent,none,,high,computed credits equal the stated total
2022,COM,CB024ECO03,BBusSc,Economics with Law,augmented,2,168,0,168,False,0,80180,0,0,56320,BBusSc Academic Development specialising in Economics with Law,label_match,42.4,168,,consistent,80180,published_divergent,none,,high,computed credits equal the stated total
2022,COM,CB024ECO03,BBusSc,Economics with Law,augmented,3,162,0,162,False,0,77380,8970,0,59440,BBusSc Academic Development specialising in Economics with Law,label_match,30.2,162,,consistent,77380,published_divergent,none,,high,computed credits equal the stated total
2022,COM,CB024ECO03,BBusSc,Economics with Law,augmented,4,174,0,174,False,0,98560,0,0,68650,BBusSc Academic Development specialising in Economics with Law,label_match,43.6,174,,consistent,98560,published_divergent,none,,high,computed credits equal the stated total
2022,COM,CB024FTX04,BBusSc,Finance with Accounting,augmented,1,167,0,167,False,0,80350,0,0,61700,BBusSc Academic Development specialising in Finance with Accounting,label_match,30.2,167,,consistent,80350,published_divergent,none,,high,computed credits equal the stated total
2022,COM,CB024FTX04,BBusSc,Finance with Accounting,augmented,2,168,0,168,False,0,81510,0,0,61720,BBusSc Academic Development specialising in Finance with Accounting,label_match,32.1,168,,consistent,81510,published_divergent,none,,high,computed credits equal the stated total
2022,COM,CB024FTX04,BBusSc,Finance with Accounting,augmented,3,180,0,180,False,0,88740,0,0,83180,BBusSc Academic Development specialising in Finance with Accounting,label_match,6.7,180,,consistent,88740,published_divergent,none,,high,computed credits equal the stated total
2022,COM,CB024FTX04,BBusSc,Finance with Accounting,augmented,4,162,0,162,False,0,80510,0,0,70800,BBusSc Academic Development specialising in Finance with Accounting,label_match,13.7,162,,consistent,80510,published_divergent,none,,high,computed credits equal the stated total
2022,COM,CB024FTX05,BBusSc,Finance,augmented,1,167,0,167,False,0,80350,0,0,53500,BBusSc Academic Development specialising in Finance,label_match,50.2,167,,consistent,80350,published_divergent,none,,high,computed credits equal the stated total
2022,COM,CB024FTX05,BBusSc,Finance,augmented,2,168,0,168,False,0,82280,0,0,73490,BBusSc Academic Development specialising in Finance,label_match,12.0,168,,consistent,82280,published_divergent,none,,high,computed credits equal the stated total
2022,COM,CB024FTX05,BBusSc,Finance,augmented,3,162,0,180,False,-18,80030,0,0,44530,BBusSc Academic Development specialising in Finance,label_match,79.7,162,,unresolved,80030,published_divergent,none,,low,no rule or adjudication applies; default-trust=computed
2022,COM,CB024FTX05,BBusSc,Finance,augmented,4,144,0,144,False,0,71540,0,0,71140,BBusSc Academic Development specialising in Finance,label_match,0.6,144,,consistent,71540,reconciled,none,,high,computed credits equal the stated total
2022,COM,CB024INF01,BBusSc,Information Systems,augmented,1,185,0,185,False,0,88550,0,0,61440,BBusSc Academic Development specialising in Information Systems,label_match,44.1,185,,consistent,88550,published_divergent,none,,high,computed credits equal the stated total
2022,COM,CB024INF01,BBusSc,Information Systems,augmented,2,168,0,168,False,0,83360,0,0,62730,BBusSc Academic Development specialising in Information Systems,label_match,32.9,168,,consistent,83360,published_divergent,none,,high,computed credits equal the stated total
2022,COM,CB024INF01,BBusSc,Information Systems,augmented,3,156,0,156,False,0,80380,0,0,74150,BBusSc Academic Development specialising in Information Systems,label_match,8.4,156,,consistent,80380,published_divergent,none,,high,computed credits equal the stated total
2022,COM,CB024INF01,BBusSc,Information Systems,augmented,4,176,0,176,False,0,82260,0,0,71650,BBusSc Academic Development specialising in Information Systems,label_match,14.8,176,,consistent,82260,published_divergent,none,,high,computed credits equal the stated total
2022,COM,CB025BUS01,BBusSc,Actuarial Science,augmented,1,185,0,185,False,0,88910,0,0,,,unmatched,,185,,consistent,88910,no_published,none,,high,computed credits equal the stated total
2022,COM,CB025BUS01,BBusSc,Actuarial Science,augmented,2,186,0,186,False,0,91430,0,0,,,unmatched,,186,,consistent,91430,no_published,none,,high,computed credits equal the stated total
2022,COM,CB025BUS01,BBusSc,Actuarial Science,augmented,3,180,0,180,False,0,89830,0,0,,,unmatched,,180,,consistent,89830,no_published,none,,high,computed credits equal the stated total
2022,COM,CB025BUS01,BBusSc,Actuarial Science,augmented,4,174,0,174,False,0,76670,0,0,,,unmatched,,174,,consistent,76670,no_published,none,,high,computed credits equal the stated total
2022,COM,CB025BUS09,BBusSc,Actuarial Science: Quantitative Finance,augmented,1,185,0,185,False,0,88910,0,0,53500,BBusSc Academic Development specialising in Actuarial Science: Quantitative Finance Stream,label_match,66.2,185,,consistent,88910,published_divergent,none,,high,computed credits equal the stated total
2022,COM,CB025BUS09,BBusSc,Actuarial Science: Quantitative Finance,augmented,2,186,0,186,False,0,91430,0,0,53500,BBusSc Academic Development specialising in Actuarial Science: Quantitative Finance Stream,label_match,70.9,186,,consistent,91430,published_divergent,none,,high,computed credits equal the stated total
2022,COM,CB025BUS09,BBusSc,Actuarial Science: Quantitative Finance,augmented,3,198,0,198,False,0,96590,0,0,73490,BBusSc Academic Development specialising in Actuarial Science: Quantitative Finance Stream,label_match,31.4,198,,consistent,96590,published_divergent,none,,high,computed credits equal the stated total
2022,COM,CB025BUS09,BBusSc,Actuarial Science: Quantitative Finance,augmented,4,147,0,147,False,0,71450,0,0,95590,BBusSc Academic Development specialising in Actuarial Science: Quantitative Finance Stream,label_match,-25.3,147,,consistent,71450,published_divergent,none,,high,computed credits equal the stated total
2022,COM,CB026BUS01,BCom,Actuarial Science,augmented,1,185,0,185,False,0,88910,0,0,,,unmatched,,185,,consistent,88910,no_published,none,,high,computed credits equal the stated total
2022,COM,CB026BUS01,BCom,Actuarial Science,augmented,2,186,0,186,False,0,91430,0,0,,,unmatched,,186,,consistent,91430,no_published,none,,high,computed credits equal the stated total
2022,COM,CB026BUS01,BCom,Actuarial Science,augmented,3,162,0,162,False,0,80860,0,0,,,unmatched,,162,,consistent,80860,no_published,none,,high,computed credits equal the stated total
2022,COM,CB026BUS09,BCom,Actuarial Science: Quantitative Finance,augmented,1,185,0,185,False,0,88910,0,0,,,unmatched,,185,,consistent,88910,no_published,none,,high,computed credits equal the stated total
2022,COM,CB026BUS09,BCom,Actuarial Science: Quantitative Finance,augmented,2,186,0,186,False,0,91430,0,0,,,unmatched,,186,,consistent,91430,no_published,none,,high,computed credits equal the stated total
2022,COM,CB026BUS09,BCom,Actuarial Science: Quantitative Finance,augmented,3,180,0,180,False,0,87620,0,0,,,unmatched,,180,,consistent,87620,no_published,none,,high,computed credits equal the stated total
2022,COM,CU020BUS01,AdvDip,Actuarial Science,regular,1,300,0,126,True,174,149820,0,0,,,unmatched,,300,,consistent,149820,no_published,none,,high,computed credits equal the stated total
2022,COM,CU021GSB48,AdvDip,Management Development,regular,1,120,0,,False,,0,0,7,,,unmatched,,120,,unresolved,0,no_published,none,,low,no rule or adjudication applies; default-trust=computed
2022,EBE,EB001CHE01,,,regular,1,146,0,146,False,0,73140,0,0,73140,BSc Eng (Chemical),duration,0.0,146,,consistent,73140,reconciled,none,,high,computed credits equal the stated total
2022,EBE,EB001CHE01,,,regular,2,144,0,144,True,0,80960,21540,0,85820,BSc Eng (Chemical),duration,-5.7,144,,consistent,80960,published_divergent,none,,high,computed credits equal the stated total
2022,EBE,EB001CHE01,,,regular,3,126,0,142,True,-16,71407,29917,0,82150,BSc Eng (Chemical),duration,-13.1,126,,unresolved,71407,published_divergent,none,,low,no rule or adjudication applies; default-trust=computed
2022,EBE,EB001CHE01,,,regular,4,128,0,128,True,0,75513,9573,0,89040,BSc Eng (Chemical),duration,-15.2,128,,consistent,75513,published_divergent,none,,high,computed credits equal the stated total
2022,EBE,EB002CIV01,BSc(Eng),Civil Engineering,regular,1,144,0,144,False,0,73740,0,0,74600,BSc Eng (Civil),shared,-1.2,144,,consistent,73740,reconciled,none,,high,computed credits equal the stated total
2022,EBE,EB002CIV01,BSc(Eng),Civil Engineering,regular,2,144,0,144,False,0,72140,0,0,73590,BSc Eng (Civil),shared,-2.0,144,,consistent,72140,reconciled,none,,high,computed credits equal the stated total
2022,EBE,EB002CIV01,BSc(Eng),Civil Engineering,regular,3,134,0,152,False,-18,47720,0,0,63980,BSc Eng (Civil),shared,-25.4,134,,unresolved,47720,published_divergent,none,,low,no rule or adjudication applies; default-trust=computed
2022,EBE,EB002CIV01,BSc(Eng),Civil Engineering,regular,4,144,0,144,False,0,79420,0,0,,,unmatched,,144,,consistent,79420,no_published,none,,high,computed credits equal the stated total
2022,EBE,EB005MEC01,BSc(Eng),Mechanical Engineering,regular,1,144,0,144,False,0,75480,0,0,75480,BSc Eng (Mechanical),duration,0.0,144,,consistent,75480,reconciled,none,,high,computed credits equal the stated total
2022,EBE,EB005MEC01,BSc(Eng),Mechanical Engineering,regular,2,144,0,144,False,0,76630,0,0,76630,BSc Eng (Mechanical),duration,0.0,144,,consistent,76630,reconciled,none,,high,computed credits equal the stated total
2022,EBE,EB005MEC01,BSc(Eng),Mechanical Engineering,regular,3,144,0,144,False,0,79520,0,0,79520,BSc Eng (Mechanical),duration,0.0,144,,consistent,79520,reconciled,none,,high,computed credits equal the stated total
2022,EBE,EB005MEC01,BSc(Eng),Mechanical Engineering,regular,4,144,0,144,False,0,77620,20790,0,79930,BSc Eng (Mechanical),duration,-2.9,144,,consistent,77620,reconciled,none,,high,computed credits equal the stated total
2022,EBE,EB009EEE01,BSc(Eng),Electrical Engineering,regular,1,148,0,148,False,0,74800,0,0,74800,BSc Eng (Electrical),duration,0.0,148,,consistent,74800,reconciled,none,,high,computed credits equal the stated total
2022,EBE,EB009EEE01,BSc(Eng),Electrical Engineering,regular,2,144,0,144,False,0,82230,0,0,82230,BSc Eng (Electrical),duration,0.0,144,,consistent,82230,reconciled,none,,high,computed credits equal the stated total
2022,EBE,EB009EEE01,BSc(Eng),Electrical Engineering,regular,3,146,0,146,True,0,76430,8910,0,77520,BSc Eng (Electrical),duration,-1.4,146,,consistent,76430,reconciled,none,,high,computed credits equal the stated total
2022,EBE,EB009EEE01,BSc(Eng),Electrical Engineering,regular,4,138,0,138,True,0,71250,23760,0,73890,BSc Eng (Electrical),duration,-3.6,138,,consistent,71250,reconciled,none,,high,computed credits equal the stated total
2022,EBE,EB010MEC05,BSc(Eng),Mechanical & Mechatronic Engineering,regular,1,144,0,144,False,0,75480,0,0,75480,BSc Eng (Mechanical and Mechatronic Engineering),duration,0.0,144,,consistent,75480,reconciled,none,,high,computed credits equal the stated total
2022,EBE,EB010MEC05,BSc(Eng),Mechanical & Mechatronic Engineering,regular,2,144,0,144,False,0,76630,0,0,76630,BSc Eng (Mechanical and Mechatronic Engineering),duration,0.0,144,,consistent,76630,reconciled,none,,high,computed credits equal the stated total
2022,EBE,EB010MEC05,BSc(Eng),Mechanical & Mechatronic Engineering,regular,3,144,0,144,False,0,79650,0,0,79650,BSc Eng (Mechanical and Mechatronic Engineering),duration,0.0,144,,consistent,79650,reconciled,none,,high,computed credits equal the stated total
2022,EBE,EB010MEC05,BSc(Eng),Mechanical & Mechatronic Engineering,regular,4,144,0,144,False,0,78380,14850,0,80030,BSc Eng (Mechanical and Mechatronic Engineering),duration,-2.1,144,,consistent,78380,reconciled,none,,high,computed credits equal the stated total
2022,EBE,EB011EEE05,BSc(Eng),Mechatronics,regular,1,148,0,148,True,0,74800,0,0,74800,BSc Eng (Mechatronics),duration,0.0,148,,consistent,74800,reconciled,none,,high,computed credits equal the stated total
2022,EBE,EB011EEE05,BSc(Eng),Mechatronics,regular,2,144,0,144,True,0,82230,0,0,82230,BSc Eng (Mechatronics),duration,0.0,144,,consistent,82230,reconciled,none,,high,computed credits equal the stated total
2022,EBE,EB011EEE05,BSc(Eng),Mechatronics,regular,3,146,0,146,True,0,78750,8910,0,79840,BSc Eng (Mechatronics),duration,-1.4,146,,consistent,78750,reconciled,none,,high,computed credits equal the stated total
2022,EBE,EB011EEE05,BSc(Eng),Mechatronics,regular,4,138,0,138,True,0,71250,23760,0,73890,BSc Eng (Mechatronics),duration,-3.6,138,,consistent,71250,reconciled,none,,high,computed credits equal the stated total
2022,EBE,EB012APG01,BAS,,regular,1,144,0,144,False,0,74490,0,2,74490,Bachelor of Architectural Studies,label_match,0.0,144,,consistent,74490,reconciled,none,,high,computed credits equal the stated total
2022,EBE,EB012APG01,BAS,,regular,2,144,0,144,False,0,71100,0,0,71100,Bachelor of Architectural Studies,label_match,0.0,144,,consistent,71100,reconciled,none,,high,computed credits equal the stated total
2022,EBE,EB012APG01,BAS,,regular,3,144,0,144,False,0,74300,0,0,74300,Bachelor of Architectural Studies,label_match,0.0,144,,consistent,74300,reconciled,none,,high,computed credits equal the stated total
2022,EBE,EB015CON04,BSc(ConStud),,regular,1,144,0,144,False,0,64980,0,0,72300,BSc in Construction Studies,label_match,-10.1,144,,consistent,64980,published_divergent,none,,high,computed credits equal the stated total
2022,EBE,EB015CON04,BSc(ConStud),,regular,2,150,0,150,False,0,70670,0,0,70670,BSc in Construction Studies,label_match,0.0,150,,consistent,70670,reconciled,none,,high,computed credits equal the stated total
2022,EBE,EB015CON04,BSc(ConStud),,regular,3,156,0,156,False,0,74380,0,0,74380,BSc in Construction Studies,label_match,0.0,156,,consistent,74380,reconciled,none,,high,computed credits equal the stated total
2022,EBE,EB017CON03,BSc(PropStud),,regular,1,152,0,152,False,0,74760,0,0,40390,BSc in Property Studies | MPhil In Conservation of Built Environment,label_match,85.1,152,,consistent,74760,published_divergent,none,,high,computed credits equal the stated total
2022,EBE,EB017CON03,BSc(PropStud),,regular,2,154,0,154,False,0,74750,0,0,34890,BSc in Property Studies | MPhil In Conservation of Built Environment,label_match,114.2,154,,consistent,74750,published_divergent,none,,high,computed credits equal the stated total
2022,EBE,EB017CON03,BSc(PropStud),,regular,3,162,0,162,False,0,79360,0,0,79360,BSc in Property Studies,label_match,0.0,162,,consistent,79360,reconciled,none,,high,computed credits equal the stated total
2022,EBE,EB019APG09,BSc(Geomatics),Surveying Stream,regular,1,124,0,124,False,0,60910,8910,0,64000,courses BSc (Geomatics),duration,-4.8,124,,consistent,60910,reconciled,none,,high,computed credits equal the stated total
2022,EBE,EB019APG09,BSc(Geomatics),Surveying Stream,regular,2,148,0,148,False,0,75740,0,0,85120,courses BSc (Geomatics),duration,-11.0,148,,consistent,75740,published_divergent,none,,high,computed credits equal the stated total
2022,EBE,EB019APG09,BSc(Geomatics),Surveying Stream,regular,3,144,0,144,False,0,74730,0,0,74730,courses BSc (Geomatics),duration,0.0,144,,consistent,74730,reconciled,none,,high,computed credits equal the stated total
2022,EBE,EB019APG09,BSc(Geomatics),Surveying Stream,regular,4,150,0,150,False,0,80360,0,0,80360,courses BSc (Geomatics),duration,0.0,150,,consistent,80360,reconciled,none,,high,computed credits equal the stated total
2022,EBE,EB019APG11,BSc(Geomatics),Geoinformatics Stream Environmental and Geographical Science Specialisation,regular,1,126,0,126,False,0,61670,0,0,64000,courses BSc (Geomatics),duration,-3.6,126,,consistent,61670,reconciled,none,,high,computed credits equal the stated total
2022,EBE,EB019APG11,BSc(Geomatics),Geoinformatics Stream Environmental and Geographical Science Specialisation,regular,2,148,0,148,False,0,75740,0,0,85120,courses BSc (Geomatics),duration,-11.0,148,,consistent,75740,published_divergent,none,,high,computed credits equal the stated total
2022,EBE,EB019APG11,BSc(Geomatics),Geoinformatics Stream Environmental and Geographical Science Specialisation,regular,3,154,0,154,False,0,78330,0,0,74730,courses BSc (Geomatics),duration,4.8,154,,consistent,78330,reconciled,none,,high,computed credits equal the stated total
2022,EBE,EB019APG11,BSc(Geomatics),Geoinformatics Stream Environmental and Geographical Science Specialisation,regular,4,180,0,180,False,0,94200,0,0,80360,courses BSc (Geomatics),duration,17.2,180,,consistent,94200,published_divergent,none,,high,computed credits equal the stated total
2022,EBE,EB022EEE02,BSc(Eng),Electrical and Computer Engineering,regular,1,148,0,148,False,0,74800,0,0,74800,BSc Eng (Electrical & Computer),duration,0.0,148,,consistent,74800,reconciled,none,,high,computed credits equal the stated total
2022,EBE,EB022EEE02,BSc(Eng),Electrical and Computer Engineering,regular,2,144,0,144,False,0,82230,0,0,82230,BSc Eng (Electrical & Computer),duration,0.0,144,,consistent,82230,reconciled,none,,high,computed credits equal the stated total
2022,EBE,EB022EEE02,BSc(Eng),Electrical and Computer Engineering,regular,3,162,0,154,True,8,83480,8400,0,75080,BSc Eng (Electrical & Computer),duration,11.2,162,,consistent,83480,published_divergent,none,,high,computed credits equal the stated total
2022,EBE,EB022EEE02,BSc(Eng),Electrical and Computer Engineering,regular,4,138,0,138,True,0,71250,23760,0,73890,BSc Eng (Electrical & Computer),duration,-3.6,138,,consistent,71250,reconciled,none,,high,computed credits equal the stated total
2022,EBE,EB801CHE01,BSc(Eng),Chemical Engineering,extended,1,102,0,102,False,0,50200,0,0,,,unmatched,,102,,consistent,50200,no_published,none,,high,computed credits equal the stated total
2022,EBE,EB801CHE01,BSc(Eng),Chemical Engineering,extended,2,112,0,112,True,0,56440,17820,0,,,unmatched,,112,,consistent,56440,no_published,none,,high,computed credits equal the stated total
2022,EBE,EB801CHE01,BSc(Eng),Chemical Engineering,extended,3,112,0,112,True,0,61560,17820,0,,,unmatched,,112,,consistent,61560,no_published,none,,high,computed credits equal the stated total
2022,EBE,EB801CHE01,BSc(Eng),Chemical Engineering,extended,4,110,0,126,True,-16,58320,16830,0,,,unmatched,,110,,unresolved,58320,no_published,none,,low,no rule or adjudication applies; default-trust=computed
2022,EBE,EB801CHE01,BSc(Eng),Chemical Engineering,extended,5,128,0,128,False,0,73860,7920,0,,,unmatched,,128,,consistent,73860,no_published,none,,high,computed credits equal the stated total
2022,EBE,EB802CIV01,BSc(Eng),Civil Engineering,extended,1,104,0,104,False,0,52070,0,0,74600,BSc Eng (Civil),shared,-30.2,104,,consistent,52070,published_divergent,none,,high,computed credits equal the stated total
2022,EBE,EB802CIV01,BSc(Eng),Civil Engineering,extended,2,104,0,104,False,0,52390,0,0,73590,BSc Eng (Civil),shared,-28.8,104,,consistent,52390,published_divergent,none,,high,computed credits equal the stated total
2022,EBE,EB802CIV01,BSc(Eng),Civil Engineering,extended,3,124,0,124,False,0,55150,0,0,63980,BSc Eng (Civil),shared,-13.8,124,,consistent,55150,published_divergent,none,,high,computed credits equal the stated total
2022,EBE,EB802CIV01,BSc(Eng),Civil Engineering,extended,4,108,0,126,False,-18,42980,0,0,,,unmatched,,108,,unresolved,42980,no_published,none,,low,no rule or adjudication applies; default-trust=computed
2022,EBE,EB802CIV01,BSc(Eng),Civil Engineering,extended,5,126,0,126,False,0,70430,0,0,,,unmatched,,126,,consistent,70430,no_published,none,,high,computed credits equal the stated total
2022,EBE,EB805MEC01,BSc(Eng),Mechanical Engineering,extended,1,102,0,102,False,0,53380,0,0,,,unmatched,,102,,consistent,53380,no_published,none,,high,computed credits equal the stated total
2022,EBE,EB805MEC01,BSc(Eng),Mechanical Engineering,extended,2,98,0,98,False,0,50300,0,0,,,unmatched,,98,,consistent,50300,no_published,none,,high,computed credits equal the stated total
2022,EBE,EB805MEC01,BSc(Eng),Mechanical Engineering,extended,3,114,0,114,False,0,61890,8910,0,,,unmatched,,114,,consistent,61890,no_published,none,,high,computed credits equal the stated total
2022,EBE,EB805MEC01,BSc(Eng),Mechanical Engineering,extended,4,136,0,136,False,0,74970,0,0,,,unmatched,,136,,consistent,74970,no_published,none,,high,computed credits equal the stated total
2022,EBE,EB805MEC01,BSc(Eng),Mechanical Engineering,extended,5,126,0,126,False,0,68710,11880,0,,,unmatched,,126,,consistent,68710,no_published,none,,high,computed credits equal the stated total
2022,EBE,EB809EEE01,BSc(Eng),Electrical Engineering,extended,1,96,0,96,False,0,49220,0,0,,,unmatched,,96,,consistent,49220,no_published,none,,high,computed credits equal the stated total
2022,EBE,EB809EEE01,BSc(Eng),Electrical Engineering,extended,2,116,0,116,False,0,62240,0,0,,,unmatched,,116,,consistent,62240,no_published,none,,high,computed credits equal the stated total
2022,EBE,EB809EEE01,BSc(Eng),Electrical Engineering,extended,3,112,0,112,False,0,62370,0,0,,,unmatched,,112,,consistent,62370,no_published,none,,high,computed credits equal the stated total
2022,EBE,EB809EEE01,BSc(Eng),Electrical Engineering,extended,4,124,0,124,True,0,63610,8400,0,,,unmatched,,124,,consistent,63610,no_published,none,,high,computed credits equal the stated total
2022,EBE,EB809EEE01,BSc(Eng),Electrical Engineering,extended,5,128,0,128,True,0,66760,23760,0,,,unmatched,,128,,consistent,66760,no_published,none,,high,computed credits equal the stated total
2022,EBE,EB810MEC05,BSc(Eng),Mechanical & Mechatronic Engineering,extended,1,102,0,102,False,0,53380,0,0,,,unmatched,,102,,consistent,53380,no_published,none,,high,computed credits equal the stated total
2022,EBE,EB810MEC05,BSc(Eng),Mechanical & Mechatronic Engineering,extended,2,98,0,98,False,0,50300,0,0,,,unmatched,,98,,consistent,50300,no_published,none,,high,computed credits equal the stated total
2022,EBE,EB810MEC05,BSc(Eng),Mechanical & Mechatronic Engineering,extended,3,114,0,114,False,0,61890,8910,0,,,unmatched,,114,,consistent,61890,no_published,none,,high,computed credits equal the stated total
2022,EBE,EB810MEC05,BSc(Eng),Mechanical & Mechatronic Engineering,extended,4,136,0,136,False,0,75100,0,0,,,unmatched,,136,,consistent,75100,no_published,none,,high,computed credits equal the stated total
2022,EBE,EB810MEC05,BSc(Eng),Mechanical & Mechatronic Engineering,extended,5,126,0,126,False,0,69470,5940,0,,,unmatched,,126,,consistent,69470,no_published,none,,high,computed credits equal the stated total
2022,EBE,EB811EEE05,BSc(Eng),Mechatronics,extended,1,96,0,96,True,0,49220,0,0,,,unmatched,,96,,consistent,49220,no_published,none,,high,computed credits equal the stated total
2022,EBE,EB811EEE05,BSc(Eng),Mechatronics,extended,2,116,0,116,True,0,62240,0,0,,,unmatched,,116,,consistent,62240,no_published,none,,high,computed credits equal the stated total
2022,EBE,EB811EEE05,BSc(Eng),Mechatronics,extended,3,112,0,112,True,0,62370,0,0,,,unmatched,,112,,consistent,62370,no_published,none,,high,computed credits equal the stated total
2022,EBE,EB811EEE05,BSc(Eng),Mechatronics,extended,4,124,0,124,True,0,66440,8910,0,,,unmatched,,124,,consistent,66440,no_published,none,,high,computed credits equal the stated total
2022,EBE,EB811EEE05,BSc(Eng),Mechatronics,extended,5,128,0,128,True,0,66760,23760,0,,,unmatched,,128,,consistent,66760,no_published,none,,high,computed credits equal the stated total
2022,EBE,EB819APG09,BSc(Geomatics),Surveying Stream,extended,1,124,0,124,False,0,60910,0,0,,,unmatched,,124,,consistent,60910,no_published,none,,high,computed credits equal the stated total
2022,EBE,EB819APG09,BSc(Geomatics),Surveying Stream,extended,2,110,0,110,False,0,55410,8910,0,,,unmatched,,110,,consistent,55410,no_published,none,,high,computed credits equal the stated total
2022,EBE,EB819APG09,BSc(Geomatics),Surveying Stream,extended,3,90,0,90,False,0,47550,0,1,,,unmatched,,90,,consistent,47550,no_published,none,,high,computed credits equal the stated total
2022,EBE,EB819APG09,BSc(Geomatics),Surveying Stream,extended,4,136,0,136,False,0,72860,0,0,,,unmatched,,136,,consistent,72860,no_published,none,,high,computed credits equal the stated total
2022,EBE,EB819APG09,BSc(Geomatics),Surveying Stream,extended,5,106,0,106,False,0,55010,0,0,,,unmatched,,106,,consistent,55010,no_published,none,,high,computed credits equal the stated total
2022,EBE,EB819APG11,BSc(Geomatics),Geoinformatics Stream Environmental and Geographical Science Specialisation,extended,1,126,0,126,False,0,61870,0,0,,,unmatched,,126,,consistent,61870,no_published,none,,high,computed credits equal the stated total
2022,EBE,EB819APG11,BSc(Geomatics),Geoinformatics Stream Environmental and Geographical Science Specialisation,extended,2,110,0,110,False,0,55210,0,0,,,unmatched,,110,,consistent,55210,no_published,none,,high,computed credits equal the stated total
2022,EBE,EB819APG11,BSc(Geomatics),Geoinformatics Stream Environmental and Geographical Science Specialisation,extended,3,150,0,150,False,0,76900,0,0,,,unmatched,,150,,consistent,76900,no_published,none,,high,computed credits equal the stated total
2022,EBE,EB819APG11,BSc(Geomatics),Geoinformatics Stream Environmental and Geographical Science Specialisation,extended,4,142,0,142,False,0,73780,0,0,,,unmatched,,142,,consistent,73780,no_published,none,,high,computed credits equal the stated total
2022,EBE,EB819APG11,BSc(Geomatics),Geoinformatics Stream Environmental and Geographical Science Specialisation,extended,5,80,0,80,False,0,42180,0,0,,,unmatched,,80,,consistent,42180,no_published,none,,high,computed credits equal the stated total
2022,EBE,EB822EEE02,BSc(Eng),Electrical and Computer Engineering,extended,1,96,0,96,True,0,49220,0,0,,,unmatched,,96,,consistent,49220,no_published,none,,high,computed credits equal the stated total
2022,EBE,EB822EEE02,BSc(Eng),Electrical and Computer Engineering,extended,2,116,0,116,True,0,62240,0,0,,,unmatched,,116,,consistent,62240,no_published,none,,high,computed credits equal the stated total
2022,EBE,EB822EEE02,BSc(Eng),Electrical and Computer Engineering,extended,3,122,0,122,True,0,66010,8910,0,,,unmatched,,122,,consistent,66010,no_published,none,,high,computed credits equal the stated total
2022,EBE,EB822EEE02,BSc(Eng),Electrical and Computer Engineering,extended,4,130,0,122,True,8,68040,0,0,,,unmatched,,130,,consistent,68040,no_published,none,,high,computed credits equal the stated total
2022,EBE,EB822EEE02,BSc(Eng),Electrical and Computer Engineering,extended,5,128,0,128,True,0,66760,23760,0,,,unmatched,,128,,consistent,66760,no_published,none,,high,computed credits equal the stated total
2022,HUM,HB001AFS01,BA/BSocSc,Gender Studies,regular,1,18,0,,False,,8110,0,0,64880,Bachelor of Arts and Bachelor of Social Science,degree_flat,-87.5,18,,no_anchor,8110,published_divergent,none,,low,no rule or adjudication applies; default-trust=computed
2022,HUM,HB001AFS01,BA/BSocSc,Gender Studies,regular,2,48,0,,False,,21620,0,0,64860,Bachelor of Arts and Bachelor of Social Science,degree_flat,-66.7,48,,no_anchor,21620,published_divergent,none,,low,no rule or adjudication applies; default-trust=computed
2022,HUM,HB001AFS01,BA/BSocSc,Gender Studies,regular,3,60,0,,False,,21620,0,0,64860,Bachelor of Arts and Bachelor of Social Science,degree_flat,-66.7,60,,no_anchor,21620,published_divergent,none,,low,no rule or adjudication applies; default-trust=computed
2022,HUM,HB001AGE01,BA/BSocSc,Archaeology,regular,2,48,0,,False,,23520,0,0,64860,Bachelor of Arts and Bachelor of Social Science,degree_flat,-63.7,48,,no_anchor,23520,published_divergent,none,,low,no rule or adjudication applies; default-trust=computed
2022,HUM,HB001AGE01,BA/BSocSc,Archaeology,regular,3,36,1,,False,,35340,0,0,64860,Bachelor of Arts and Bachelor of Social Science,degree_flat,-45.5,36,,no_anchor,35340,published_divergent,none,,low,no rule or adjudication applies; default-trust=computed
2022,HUM,HB001ANS01,BA/BSocSc,Anthropology,regular,1,18,0,,False,,8110,0,0,64880,Bachelor of Arts and Bachelor of Social Science,degree_flat,-87.5,18,,no_anchor,8110,published_divergent,none,,low,no rule or adjudication applies; default-trust=computed
2022,HUM,HB001ANS01,BA/BSocSc,Anthropology,regular,3,60,0,,False,,10810,0,1,64860,Bachelor of Arts and Bachelor of Social Science,degree_flat,-83.3,60,,no_anchor,10810,published_divergent,none,,low,no rule or adjudication applies; default-trust=computed
2022,HUM,HB001ASL01,BA/BSocSc,African Studies,regular,1,18,0,,False,,8110,0,0,64880,Bachelor of Arts and Bachelor of Social Science,degree_flat,-87.5,18,,no_anchor,8110,published_divergent,none,,low,no rule or adjudication applies; default-trust=computed
2022,HUM,HB001ASL01,BA/BSocSc,African Studies,regular,2,48,0,,False,,21620,0,0,64860,Bachelor of Arts and Bachelor of Social Science,degree_flat,-66.7,48,,no_anchor,21620,published_divergent,none,,low,no rule or adjudication applies; default-trust=computed
2022,HUM,HB001ASL01,BA/BSocSc,African Studies,regular,3,60,0,,False,,21620,0,0,64860,Bachelor of Arts and Bachelor of Social Science,degree_flat,-66.7,60,,no_anchor,21620,published_divergent,none,,low,no rule or adjudication applies; default-trust=computed
2022,HUM,HB001ASL02,BA/BSocSc,Linguistics,regular,1,18,0,,False,,8110,0,0,64880,Bachelor of Arts and Bachelor of Social Science,degree_flat,-87.5,18,,no_anchor,8110,published_divergent,none,,low,no rule or adjudication applies; default-trust=computed
2022,HUM,HB001ASL02,BA/BSocSc,Linguistics,regular,2,48,0,,False,,21620,0,0,64860,Bachelor of Arts and Bachelor of Social Science,degree_flat,-66.7,48,,no_anchor,21620,published_divergent,none,,low,no rule or adjudication applies; default-trust=computed
2022,HUM,HB001ASL02,BA/BSocSc,Linguistics,regular,3,60,0,,False,,21620,0,0,64860,Bachelor of Arts and Bachelor of Social Science,degree_flat,-66.7,60,,no_anchor,21620,published_divergent,none,,low,no rule or adjudication applies; default-trust=computed
2022,HUM,HB001BUS08,BA/BSocSc,Organisational Psychology,regular,1,36,1,,False,,25190,0,0,64880,Bachelor of Arts and Bachelor of Social Science,degree_flat,-61.2,36,,no_anchor,25190,published_divergent,none,,low,no rule or adjudication applies; default-trust=computed
2022,HUM,HB001BUS08,BA/BSocSc,Organisational Psychology,regular,2,36,0,,False,,17940,0,0,64860,Bachelor of Arts and Bachelor of Social Science,degree_flat,-72.3,36,,no_anchor,17940,published_divergent,none,,low,no rule or adjudication applies; default-trust=computed
2022,HUM,HB001BUS08,BA/BSocSc,Organisational Psychology,regular,3,18,1,,False,,8970,0,1,64860,Bachelor of Arts and Bachelor of Social Science,degree_flat,-86.2,18,,no_anchor,8970,published_divergent,none,,low,no rule or adjudication applies; default-trust=computed
2022,HUM,HB001ECO01,BA/BSocSc,Economics,regular,2,54,0,,False,,26910,0,0,64860,Bachelor of Arts and Bachelor of Social Science,degree_flat,-58.5,54,,no_anchor,26910,published_divergent,none,,low,no rule or adjudication applies; default-trust=computed
2022,HUM,HB001ECO01,BA/BSocSc,Economics,regular,3,54,0,,False,,26910,0,0,64860,Bachelor of Arts and Bachelor of Social Science,degree_flat,-58.5,54,,no_anchor,26910,published_divergent,none,,low,no rule or adjudication applies; default-trust=computed
2022,HUM,HB001EGS02,BA/BSocSc,Environmental and Geographical Science,regular,1,36,1,,False,,17820,0,1,64880,Bachelor of Arts and Bachelor of Social Science,degree_flat,-72.5,36,,no_anchor,17820,published_divergent,none,,low,no rule or adjudication applies; default-trust=computed
2022,HUM,HB001EGS02,BA/BSocSc,Environmental and Geographical Science,regular,2,48,0,,False,,23520,0,0,64860,Bachelor of Arts and Bachelor of Social Science,degree_flat,-63.7,48,,no_anchor,23520,published_divergent,none,,low,no rule or adjudication applies; default-trust=computed
2022,HUM,HB001EGS02,BA/BSocSc,Environmental and Geographical Science,regular,3,72,0,,False,,35340,0,0,64860,Bachelor of Arts and Bachelor of Social Science,degree_flat,-45.5,72,,no_anchor,35340,published_divergent,none,,low,no rule or adjudication applies; default-trust=computed
2022,HUM,HB001ELL10,BA/BSocSc,Literary Studies,regular,1,36,0,,False,,16220,0,0,64880,Bachelor of Arts and Bachelor of Social Science,degree_flat,-75.0,36,,no_anchor,16220,published_divergent,none,,low,no rule or adjudication applies; default-trust=computed
2022,HUM,HB001ELL10,BA/BSocSc,Literary Studies,regular,2,48,0,,False,,21620,0,0,64860,Bachelor of Arts and Bachelor of Social Science,degree_flat,-66.7,48,,no_anchor,21620,published_divergent,none,,low,no rule or adjudication applies; default-trust=computed
2022,HUM,HB001ELL10,BA/BSocSc,Literary Studies,regular,3,60,0,,False,,21620,0,0,64860,Bachelor of Arts and Bachelor of Social Science,degree_flat,-66.7,60,,no_anchor,21620,published_divergent,none,,low,no rule or adjudication applies; default-trust=computed
2022,HUM,HB001FAM01,BA/BSocSc,Film and Television Studies,regular,1,18,0,,False,,8110,0,0,64880,Bachelor of Arts and Bachelor of Social Science,degree_flat,-87.5,18,,no_anchor,8110,published_divergent,none,,low,no rule or adjudication applies; default-trust=computed
2022,HUM,HB001FAM01,BA/BSocSc,Film and Television Studies,regular,2,48,0,,False,,21620,0,0,64860,Bachelor of Arts and Bachelor of Social Science,degree_flat,-66.7,48,,no_anchor,21620,published_divergent,none,,low,no rule or adjudication applies; default-trust=computed
2022,HUM,HB001FAM01,BA/BSocSc,Film and Television Studies,regular,3,60,0,,False,,21620,0,0,64860,Bachelor of Arts and Bachelor of Social Science,degree_flat,-66.7,60,,no_anchor,21620,published_divergent,none,,low,no rule or adjudication applies; default-trust=computed
2022,HUM,HB001FAM07,BA/BSocSc,Media and Writing,regular,1,18,0,,False,,8110,0,0,64880,Bachelor of Arts and Bachelor of Social Science,degree_flat,-87.5,18,,no_anchor,8110,published_divergent,none,,low,no rule or adjudication applies; default-trust=computed
2022,HUM,HB001FAM07,BA/BSocSc,Media and Writing,regular,2,48,0,,False,,21620,0,0,64860,Bachelor of Arts and Bachelor of Social Science,degree_flat,-66.7,48,,no_anchor,21620,published_divergent,none,,low,no rule or adjudication applies; default-trust=computed
2022,HUM,HB001FAM07,BA/BSocSc,Media and Writing,regular,3,60,0,,False,,21620,0,0,64860,Bachelor of Arts and Bachelor of Social Science,degree_flat,-66.7,60,,no_anchor,21620,published_divergent,none,,low,no rule or adjudication applies; default-trust=computed
2022,HUM,HB001FIN05,BA/BSocSc,Art History and Discourse of Art,regular,1,36,0,,False,,16220,0,0,64880,Bachelor of Arts and Bachelor of Social Science,degree_flat,-75.0,36,,no_anchor,16220,published_divergent,none,,low,no rule or adjudication applies; default-trust=computed
2022,HUM,HB001FIN05,BA/BSocSc,Art History and Discourse of Art,regular,2,48,0,,False,,21620,0,0,64860,Bachelor of Arts and Bachelor of Social Science,degree_flat,-66.7,48,,no_anchor,21620,published_divergent,none,,low,no rule or adjudication applies; default-trust=computed
2022,HUM,HB001FIN05,BA/BSocSc,Art History and Discourse of Art,regular,3,30,0,,False,,10810,0,0,64860,Bachelor of Arts and Bachelor of Social Science,degree_flat,-83.3,30,,no_anchor,10810,published_divergent,none,,low,no rule or adjudication applies; default-trust=computed
2022,HUM,HB001HST04,BA/BSocSc,History,regular,1,36,0,,False,,16220,0,0,64880,Bachelor of Arts and Bachelor of Social Science,degree_flat,-75.0,36,,no_anchor,16220,published_divergent,none,,low,no rule or adjudication applies; default-trust=computed
2022,HUM,HB001HST04,BA/BSocSc,History,regular,2,48,0,,False,,21620,0,0,64860,Bachelor of Arts and Bachelor of Social Science,degree_flat,-66.7,48,,no_anchor,21620,published_divergent,none,,low,no rule or adjudication applies; default-trust=computed
2022,HUM,HB001HST04,BA/BSocSc,History,regular,3,60,0,,False,,21620,0,0,64860,Bachelor of Arts and Bachelor of Social Science,degree_flat,-66.7,60,,no_anchor,21620,published_divergent,none,,low,no rule or adjudication applies; default-trust=computed
2022,HUM,HB001INF09,BA/BSocSc,Informatics,regular,1,0,2,,False,,17680,0,0,64880,Bachelor of Arts and Bachelor of Social Science,degree_flat,-72.7,0,,no_anchor,17680,published_divergent,none,,low,no rule or adjudication applies; default-trust=computed
2022,HUM,HB001INF09,BA/BSocSc,Informatics,regular,3,54,0,,False,,26910,0,0,64860,Bachelor of Arts and Bachelor of Social Science,degree_flat,-58.5,54,,no_anchor,26910,published_divergent,none,,low,no rule or adjudication applies; default-trust=computed
2022,HUM,HB001MAM02,BA/BSocSc,Mathematics,regular,1,54,0,,False,,26580,0,0,64880,Bachelor of Arts and Bachelor of Social Science,degree_flat,-59.0,54,,no_anchor,26580,published_divergent,none,,low,no rule or adjudication applies; default-trust=computed
2022,HUM,HB001MAM02,BA/BSocSc,Mathematics,regular,2,0,1,,False,,23480,0,0,64860,Bachelor of Arts and Bachelor of Social Science,degree_flat,-63.8,0,,no_anchor,23480,published_divergent,none,,low,no rule or adjudication applies; default-trust=computed
2022,HUM,HB001MAM02,BA/BSocSc,Mathematics,regular,3,0,1,,False,,35230,0,0,64860,Bachelor of Arts and Bachelor of Social Science,degree_flat,-45.7,0,,no_anchor,35230,published_divergent,none,,low,no rule or adjudication applies; default-trust=computed
2022,HUM,HB001PHI01,BA/BSocSc,Philosophy,regular,1,36,0,,False,,16220,0,0,64880,Bachelor of Arts and Bachelor of Social Science,degree_flat,-75.0,36,,no_anchor,16220,published_divergent,none,,low,no rule or adjudication applies; default-trust=computed
2022,HUM,HB001PHI01,BA/BSocSc,Philosophy,regular,2,48,0,,False,,21620,0,0,64860,Bachelor of Arts and Bachelor of Social Science,degree_flat,-66.7,48,,no_anchor,21620,published_divergent,none,,low,no rule or adjudication applies; default-trust=computed
2022,HUM,HB001PHI01,BA/BSocSc,Philosophy,regular,3,60,0,,False,,21620,0,0,64860,Bachelor of Arts and Bachelor of Social Science,degree_flat,-66.7,60,,no_anchor,21620,published_divergent,none,,low,no rule or adjudication applies; default-trust=computed
2022,HUM,HB001POL10,BA/BSocSc,Politics & Governance,regular,1,18,0,,False,,8110,0,0,64880,Bachelor of Arts and Bachelor of Social Science,degree_flat,-87.5,18,,no_anchor,8110,published_divergent,none,,low,no rule or adjudication applies; default-trust=computed
2022,HUM,HB001PSY01,BA/BSocSc,Psychology,regular,1,18,1,,False,,16220,0,0,64880,Bachelor of Arts and Bachelor of Social Science,degree_flat,-75.0,18,,no_anchor,16220,published_divergent,none,,low,no rule or adjudication applies; default-trust=computed
2022,HUM,HB001PSY01,BA/BSocSc,Psychology,regular,2,72,0,,False,,32430,0,0,64860,Bachelor of Arts and Bachelor of Social Science,degree_flat,-50.0,72,,no_anchor,32430,published_divergent,none,,low,no rule or adjudication applies; default-trust=computed
2022,HUM,HB001PSY01,BA/BSocSc,Psychology,regular,3,90,0,,False,,32430,0,0,64860,Bachelor of Arts and Bachelor of Social Science,degree_flat,-50.0,90,,no_anchor,32430,published_divergent,none,,low,no rule or adjudication applies; default-trust=computed
2022,HUM,HB001SLL01,BA/BSocSc,African Languages & Literatures,regular,1,36,0,,False,,16220,0,0,64880,Bachelor of Arts and Bachelor of Social Science,degree_flat,-75.0,36,,no_anchor,16220,published_divergent,none,,low,no rule or adjudication applies; default-trust=computed
2022,HUM,HB001SLL01,BA/BSocSc,African Languages & Literatures,regular,2,48,0,,False,,21620,0,0,64860,Bachelor of Arts and Bachelor of Social Science,degree_flat,-66.7,48,,no_anchor,21620,published_divergent,none,,low,no rule or adjudication applies; default-trust=computed
2022,HUM,HB001SLL01,BA/BSocSc,African Languages & Literatures,regular,3,60,0,,False,,21620,0,0,64860,Bachelor of Arts and Bachelor of Social Science,degree_flat,-66.7,60,,no_anchor,21620,published_divergent,none,,low,no rule or adjudication applies; default-trust=computed
2022,HUM,HB001SLL02,BA/BSocSc,Afrikaans,regular,2,48,0,,False,,21620,0,0,64860,Bachelor of Arts and Bachelor of Social Science,degree_flat,-66.7,48,,no_anchor,21620,published_divergent,none,,low,no rule or adjudication applies; default-trust=computed
2022,HUM,HB001SLL02,BA/BSocSc,Afrikaans,regular,3,60,0,,False,,21620,0,0,64860,Bachelor of Arts and Bachelor of Social Science,degree_flat,-66.7,60,,no_anchor,21620,published_divergent,none,,low,no rule or adjudication applies; default-trust=computed
2022,HUM,HB001SLL03,BA/BSocSc,Arabic Language and Literature,regular,2,48,0,,False,,21620,0,0,64860,Bachelor of Arts and Bachelor of Social Science,degree_flat,-66.7,48,,no_anchor,21620,published_divergent,none,,low,no rule or adjudication applies; default-trust=computed
2022,HUM,HB001SLL03,BA/BSocSc,Arabic Language and Literature,regular,3,60,0,,False,,21620,0,0,64860,Bachelor of Arts and Bachelor of Social Science,degree_flat,-66.7,60,,no_anchor,21620,published_divergent,none,,low,no rule or adjudication applies; default-trust=computed
2022,HUM,HB001SLL04,BA/BSocSc,Business French,regular,2,48,0,,False,,21620,0,0,64860,Bachelor of Arts and Bachelor of Social Science,degree_flat,-66.7,48,,no_anchor,21620,published_divergent,none,,low,no rule or adjudication applies; default-trust=computed
2022,HUM,HB001SLL04,BA/BSocSc,Business French,regular,3,60,0,,False,,21620,0,0,64860,Bachelor of Arts and Bachelor of Social Science,degree_flat,-66.7,60,,no_anchor,21620,published_divergent,none,,low,no rule or adjudication applies; default-trust=computed
2022,HUM,HB001SLL05,BA/BSocSc,Classical Studies,regular,2,48,0,,False,,21620,0,0,64860,Bachelor of Arts and Bachelor of Social Science,degree_flat,-66.7,48,,no_anchor,21620,published_divergent,none,,low,no rule or adjudication applies; default-trust=computed
2022,HUM,HB001SLL05,BA/BSocSc,Classical Studies,regular,3,60,0,,False,,21620,0,0,64860,Bachelor of Arts and Bachelor of Social Science,degree_flat,-66.7,60,,no_anchor,21620,published_divergent,none,,low,no rule or adjudication applies; default-trust=computed
2022,HUM,HB001SLL09,BA/BSocSc,Hebrew Language and Literature,regular,2,48,0,,False,,0,0,2,64860,Bachelor of Arts and Bachelor of Social Science,degree_flat,,48,,no_anchor,0,published_divergent,none,,low,no rule or adjudication applies; default-trust=computed
2022,HUM,HB001SLL09,BA/BSocSc,Hebrew Language and Literature,regular,3,60,0,,False,,0,0,2,64860,Bachelor of Arts and Bachelor of Social Science,degree_flat,,60,,no_anchor,0,published_divergent,none,,low,no rule or adjudication applies; default-trust=computed
2022,HUM,HB001SLL10,BA/BSocSc,Italian,regular,2,48,0,,False,,21620,0,0,64860,Bachelor of Arts and Bachelor of Social Science,degree_flat,-66.7,48,,no_anchor,21620,published_divergent,none,,low,no rule or adjudication applies; default-trust=computed
2022,HUM,HB001SLL10,BA/BSocSc,Italian,regular,3,60,0,,False,,21620,0,0,64860,Bachelor of Arts and Bachelor of Social Science,degree_flat,-66.7,60,,no_anchor,21620,published_divergent,none,,low,no rule or adjudication applies; default-trust=computed
2022,HUM,HB001SLL13,BA/BSocSc,Spanish,regular,2,48,0,,False,,21620,0,0,64860,Bachelor of Arts and Bachelor of Social Science,degree_flat,-66.7,48,,no_anchor,21620,published_divergent,none,,low,no rule or adjudication applies; default-trust=computed
2022,HUM,HB001SLL13,BA/BSocSc,Spanish,regular,3,60,0,,False,,21620,0,0,64860,Bachelor of Arts and Bachelor of Social Science,degree_flat,-66.7,60,,no_anchor,21620,published_divergent,none,,low,no rule or adjudication applies; default-trust=computed
2022,HUM,HB001SLL15,BA/BSocSc,Xhosa Communication,regular,2,48,0,,False,,21620,0,0,64860,Bachelor of Arts and Bachelor of Social Science,degree_flat,-66.7,48,,no_anchor,21620,published_divergent,none,,low,no rule or adjudication applies; default-trust=computed
2022,HUM,HB001SLL15,BA/BSocSc,Xhosa Communication,regular,3,60,0,,False,,21620,0,0,64860,Bachelor of Arts and Bachelor of Social Science,degree_flat,-66.7,60,,no_anchor,21620,published_divergent,none,,low,no rule or adjudication applies; default-trust=computed
2022,HUM,HB001SLL21,BA/BSocSc,Chinese Studies,regular,1,36,0,,False,,16220,0,0,64880,Bachelor of Arts and Bachelor of Social Science,degree_flat,-75.0,36,,no_anchor,16220,published_divergent,none,,low,no rule or adjudication applies; default-trust=computed
2022,HUM,HB001SLL21,BA/BSocSc,Chinese Studies,regular,2,48,0,,False,,21620,0,0,64860,Bachelor of Arts and Bachelor of Social Science,degree_flat,-66.7,48,,no_anchor,21620,published_divergent,none,,low,no rule or adjudication applies; default-trust=computed
2022,HUM,HB001SLL21,BA/BSocSc,Chinese Studies,regular,3,60,0,,False,,21620,0,0,64860,Bachelor of Arts and Bachelor of Social Science,degree_flat,-66.7,60,,no_anchor,21620,published_divergent,none,,low,no rule or adjudication applies; default-trust=computed
2022,HUM,HB001SOC01,BA/BSocSc,Sociology,regular,3,60,0,,False,,21620,0,0,64860,Bachelor of Arts and Bachelor of Social Science,degree_flat,-66.7,60,,no_anchor,21620,published_divergent,none,,low,no rule or adjudication applies; default-trust=computed
2022,HUM,HB001SOC02,BA/BSocSc,Industrial Sociology,regular,2,24,0,,False,,10810,0,0,64860,Bachelor of Arts and Bachelor of Social Science,degree_flat,-83.3,24,,no_anchor,10810,published_divergent,none,,low,no rule or adjudication applies; default-trust=computed
2022,HUM,HB001SOC02,BA/BSocSc,Industrial Sociology,regular,3,60,0,,False,,21620,0,0,64860,Bachelor of Arts and Bachelor of Social Science,degree_flat,-66.7,60,,no_anchor,21620,published_divergent,none,,low,no rule or adjudication applies; default-trust=computed
2022,HUM,HB001STA01,BA/BSocSc,Applied Statistics,regular,1,72,2,,False,,52910,0,0,64880,Bachelor of Arts and Bachelor of Social Science,degree_flat,-18.4,72,,no_anchor,52910,published_divergent,none,,low,no rule or adjudication applies; default-trust=computed
2022,HUM,HB001STA01,BA/BSocSc,Applied Statistics,regular,2,48,1,,False,,34590,0,0,64860,Bachelor of Arts and Bachelor of Social Science,degree_flat,-46.7,48,,no_anchor,34590,published_divergent,none,,low,no rule or adjudication applies; default-trust=computed
2022,HUM,HB001STA01,BA/BSocSc,Applied Statistics,regular,3,72,1,,False,,51960,0,0,64860,Bachelor of Arts and Bachelor of Social Science,degree_flat,-19.9,72,,no_anchor,51960,published_divergent,none,,low,no rule or adjudication applies; default-trust=computed
2022,HUM,HB001SWK03,BA/BSocSc,Social Development,regular,1,36,0,,False,,16220,0,0,64880,Bachelor of Arts and Bachelor of Social Science,degree_flat,-75.0,36,,no_anchor,16220,published_divergent,none,,low,no rule or adjudication applies; default-trust=computed
2022,HUM,HB001SWK03,BA/BSocSc,Social Development,regular,2,48,0,,False,,21620,0,0,64860,Bachelor of Arts and Bachelor of Social Science,degree_flat,-66.7,48,,no_anchor,21620,published_divergent,none,,low,no rule or adjudication applies; default-trust=computed
2022,HUM,HB001SWK03,BA/BSocSc,Social Development,regular,3,54,0,,False,,21620,0,0,64860,Bachelor of Arts and Bachelor of Social Science,degree_flat,-66.7,54,,no_anchor,21620,published_divergent,none,,low,no rule or adjudication applies; default-trust=computed
2022,HUM,HB001TDP09,BA/BSocSc,Theatre and Dance Studies,regular,1,18,0,,False,,8110,0,0,64880,Bachelor of Arts and Bachelor of Social Science,degree_flat,-87.5,18,,no_anchor,8110,published_divergent,none,,low,no rule or adjudication applies; default-trust=computed
2022,HUM,HB001TDP09,BA/BSocSc,Theatre and Dance Studies,regular,2,48,0,,False,,21620,0,0,64860,Bachelor of Arts and Bachelor of Social Science,degree_flat,-66.7,48,,no_anchor,21620,published_divergent,none,,low,no rule or adjudication applies; default-trust=computed
2022,HUM,HB001TDP09,BA/BSocSc,Theatre and Dance Studies,regular,3,120,0,,False,,43240,0,0,64860,Bachelor of Arts and Bachelor of Social Science,degree_flat,-33.3,120,,no_anchor,43240,published_divergent,none,,low,no rule or adjudication applies; default-trust=computed
2022,HUM,HB001XX20,BA/BSocSc,French,regular,2,48,0,,False,,21620,0,0,64860,Bachelor of Arts and Bachelor of Social Science,degree_flat,-66.7,48,,no_anchor,21620,published_divergent,none,,low,no rule or adjudication applies; default-trust=computed
2022,HUM,HB001XX20,BA/BSocSc,French,regular,3,60,2,,False,,43240,0,0,64860,Bachelor of Arts and Bachelor of Social Science,degree_flat,-33.3,60,,no_anchor,43240,published_divergent,none,,low,no rule or adjudication applies; default-trust=computed
2022,HUM,HB001XX22,BA/BSocSc,German,regular,2,48,0,,False,,21620,0,0,64860,Bachelor of Arts and Bachelor of Social Science,degree_flat,-66.7,48,,no_anchor,21620,published_divergent,none,,low,no rule or adjudication applies; default-trust=computed
2022,HUM,HB001XX22,BA/BSocSc,German,regular,3,120,0,,False,,43240,0,0,64860,Bachelor of Arts and Bachelor of Social Science,degree_flat,-33.3,120,,no_anchor,43240,published_divergent,none,,low,no rule or adjudication applies; default-trust=computed
2022,HUM,HB001XX25,BA/BSocSc,Portuguese,regular,2,48,0,,False,,21620,0,0,64860,Bachelor of Arts and Bachelor of Social Science,degree_flat,-66.7,48,,no_anchor,21620,published_divergent,none,,low,no rule or adjudication applies; default-trust=computed
2022,HUM,HB001XX25,BA/BSocSc,Portuguese,regular,3,120,0,,False,,43240,0,0,64860,Bachelor of Arts and Bachelor of Social Science,degree_flat,-33.3,120,,no_anchor,43240,published_divergent,none,,low,no rule or adjudication applies; default-trust=computed
2022,LAW,LB002,LLB,Four-year undergraduate LLB stream,regular,1,144,0,144,False,0,68410,26730,0,66010,Degrees Undergraduate LLB Regular curriculum 1st Year – depending on electives,flat_annual,3.6,144,,consistent,68410,reconciled,none,,high,computed credits equal the stated total
2022,LAW,LB002,LLB,Four-year undergraduate LLB stream,regular,2,156,0,156,False,0,74350,41580,0,66010,Degrees Undergraduate LLB Regular curriculum 1st Year – depending on electives,flat_annual,12.6,156,,consistent,74350,published_divergent,none,,high,computed credits equal the stated total
2022,LAW,LB002,LLB,Four-year undergraduate LLB stream,regular,3,180,0,180,False,0,76860,0,0,66010,Degrees Undergraduate LLB Regular curriculum 1st Year – depending on electives,flat_annual,16.4,180,,consistent,76860,published_divergent,none,,high,computed credits equal the stated total
2022,LAW,LB002,LLB,Four-year undergraduate LLB stream,regular,4,180,0,180,False,0,76450,14840,0,66010,Degrees Undergraduate LLB Regular curriculum 1st Year – depending on electives,flat_annual,15.8,180,,consistent,76450,published_divergent,none,,high,computed credits equal the stated total
2022,LAW,LB003,LLB,Five-year stream,extended,1,90,0,90,False,0,17020,0,2,,,unmatched,,90,,consistent,17020,no_published,none,,high,computed credits equal the stated total
2022,LAW,LB003,LLB,Five-year stream,extended,2,90,0,90,False,0,16220,16220,2,,,unmatched,,90,,consistent,16220,no_published,none,,high,computed credits equal the stated total
2022,LAW,LB003,LLB,Five-year stream,extended,3,156,0,156,False,0,73043,41873,0,,,unmatched,,156,,consistent,73043,no_published,none,,high,computed credits equal the stated total
2022,LAW,LB003,LLB,Five-year stream,extended,4,144,0,144,False,0,62090,0,0,,,unmatched,,144,,consistent,62090,no_published,none,,high,computed credits equal the stated total
2022,LAW,LB003,LLB,Five-year stream,extended,5,180,1,180,False,0,80850,19240,1,,,unmatched,,180,,unresolved,80850,no_published,none,,low,no rule or adjudication applies; default-trust=computed
2022,LAW,LP001,LLB,Graduate LLB Stream,regular,1,144,0,144,False,0,65540,0,0,65540,Graduate LLB,flat_annual,0.0,144,,consistent,65540,reconciled,none,,high,computed credits equal the stated total
2022,LAW,LP001,LLB,Graduate LLB Stream,regular,2,180,0,180,False,0,76860,0,0,65540,Graduate LLB,flat_annual,17.3,180,,consistent,76860,published_divergent,none,,high,computed credits equal the stated total
2022,LAW,LP001,LLB,Graduate LLB Stream,regular,3,180,0,180,False,0,70350,8740,0,65540,Graduate LLB,flat_annual,7.3,180,,consistent,70350,published_divergent,none,,high,computed credits equal the stated total
2022,FHS,MB003,,,regular,,60,0,,False,,18200,0,0,,,unmatched,,60,,unresolved,18200,no_published,none,,low,no rule or adjudication applies; default-trust=computed
2022,FHS,MB003,,,regular,1,144,0,144,False,0,72610,0,0,,,unmatched,,144,,consistent,72610,no_published,none,,high,computed credits equal the stated total
2022,FHS,MB003,,,regular,2,133,0,123,False,10,67140,0,0,,,unmatched,,133,,unresolved,67140,no_published,none,,low,no rule or adjudication applies; default-trust=computed
2022,FHS,MB003,,,regular,3,148,0,148,False,0,61650,0,0,,,unmatched,,148,,consistent,61650,no_published,none,,high,computed credits equal the stated total
2022,FHS,MB003,,,regular,4,144,0,144,False,0,78400,0,0,,,unmatched,,144,,consistent,78400,no_published,none,,high,computed credits equal the stated total
2022,FHS,MB004,,,regular,,60,0,,False,,18200,0,0,,,unmatched,,60,,unresolved,18200,no_published,none,,low,no rule or adjudication applies; default-trust=computed
2022,FHS,MB004,,,regular,1,142,0,142,False,0,68940,0,0,,,unmatched,,142,,consistent,68940,no_published,none,,high,computed credits equal the stated total
2022,FHS,MB004,,,regular,2,182,0,164,False,18,87040,0,0,,,unmatched,,182,,unresolved,87040,no_published,none,,low,no rule or adjudication applies; default-trust=computed
2022,FHS,MB004,,,regular,3,150,0,150,False,0,63080,0,0,,,unmatched,,150,,consistent,63080,no_published,none,,high,computed credits equal the stated total
2022,FHS,MB004,,,regular,4,132,0,132,False,0,71200,0,0,,,unmatched,,132,,consistent,71200,no_published,none,,high,computed credits equal the stated total
2022,FHS,MB010,BSc(SLP),Speech-Language Pathology,regular,,60,0,,False,,18200,0,0,,,unmatched,,60,,unresolved,18200,no_published,none,,low,no rule or adjudication applies; default-trust=computed
2022,FHS,MB010,BSc(SLP),Speech-Language Pathology,regular,1,194,0,176,False,18,86960,0,0,79540,BSc (Speech & Language Pathology),duration,9.3,194,,unresolved,86960,published_divergent,none,,low,no rule or adjudication applies; default-trust=computed
2022,FHS,MB010,BSc(SLP),Speech-Language Pathology,regular,2,433,0,162,False,271,169330,0,0,74820,BSc (Speech & Language Pathology),duration,126.3,433,,unresolved,169330,published_divergent,none,,low,no rule or adjudication applies; default-trust=computed
2022,FHS,MB010,BSc(SLP),Speech-Language Pathology,regular,3,266,0,140,False,126,142320,0,0,70000,BSc (Speech & Language Pathology),duration,103.3,266,,unresolved,142320,published_divergent,none,,low,no rule or adjudication applies; default-trust=computed
2022,FHS,MB010,BSc(SLP),Speech-Language Pathology,regular,4,214,0,124,False,90,130800,0,0,75800,BSc (Speech & Language Pathology),duration,72.6,214,,unresolved,130800,published_divergent,none,,low,no rule or adjudication applies; default-trust=computed
2022,FHS,MB020,,,regular,1,120,0,60,False,60,45150,0,3,,,unmatched,,120,,unresolved,45150,no_published,none,,low,no rule or adjudication applies; default-trust=computed
2022,FHS,MB020,,,regular,2,817,0,,False,,329980,0,9,,,unmatched,,817,,unresolved,329980,no_published,none,,low,no rule or adjudication applies; default-trust=computed
2022,FHS,MU003MDN27,,,regular,1,120,0,120,False,0,49650,0,0,,,unmatched,,120,,consistent,49650,no_published,none,,high,computed credits equal the stated total
2022,FHS,MU004AHS21,,,regular,1,120,0,120,False,0,29730,0,1,,,unmatched,,120,,consistent,29730,no_published,none,,high,computed credits equal the stated total
2022,SCI,SB001AGE01,BSc,Archaeology,regular,1,108,0,,False,,52910,0,0,71000,Bachelor of Science,degree_flat,-25.5,108,,no_anchor,52910,published_divergent,none,,low,no rule or adjudication applies; default-trust=computed
2022,SCI,SB001AGE01,BSc,Archaeology,regular,2,48,0,,False,,23520,0,0,71000,Bachelor of Science,degree_flat,-66.9,48,,no_anchor,23520,published_divergent,none,,low,no rule or adjudication applies; default-trust=computed
2022,SCI,SB001AGE01,BSc,Archaeology,regular,3,108,0,,False,,53010,0,0,71000,Bachelor of Science,degree_flat,-25.3,108,,no_anchor,53010,published_divergent,none,,low,no rule or adjudication applies; default-trust=computed
2022,SCI,SB001AST02,BSc,Astrophysics,regular,1,90,0,,False,,44250,0,0,71000,Bachelor of Science,degree_flat,-37.7,90,,no_anchor,44250,published_divergent,none,,low,no rule or adjudication applies; default-trust=computed
2022,SCI,SB001AST02,BSc,Astrophysics,regular,2,144,0,,False,,70480,0,0,71000,Bachelor of Science,degree_flat,-0.7,144,,no_anchor,70480,reconciled,none,,low,no rule or adjudication applies; default-trust=computed
2022,SCI,SB001AST02,BSc,Astrophysics,regular,3,72,0,,False,,35340,0,0,71000,Bachelor of Science,degree_flat,-50.2,72,,no_anchor,35340,published_divergent,none,,low,no rule or adjudication applies; default-trust=computed
2022,SCI,SB001BIO01,BSc,Applied Biology (for students registered before 2019 only),regular,1,108,0,,False,,53110,0,0,71000,Bachelor of Science,degree_flat,-25.2,108,,no_anchor,53110,published_divergent,none,,low,no rule or adjudication applies; default-trust=computed
2022,SCI,SB001BIO01,BSc,Applied Biology (for students registered before 2019 only),regular,2,96,0,,False,,0,0,4,71000,Bachelor of Science,degree_flat,,96,,no_anchor,0,published_divergent,none,,low,no rule or adjudication applies; default-trust=computed
2022,SCI,SB001BIO01,BSc,Applied Biology (for students registered before 2019 only),regular,3,72,0,,False,,35340,0,0,71000,Bachelor of Science,degree_flat,-50.2,72,,no_anchor,35340,published_divergent,none,,low,no rule or adjudication applies; default-trust=computed
2022,SCI,SB001BIO04,BSc,Ecology & Evolution (for students registered before 2019 only),regular,1,108,0,,False,,53110,0,0,71000,Bachelor of Science,degree_flat,-25.2,108,,no_anchor,53110,published_divergent,none,,low,no rule or adjudication applies; default-trust=computed
2022,SCI,SB001BIO04,BSc,Ecology & Evolution (for students registered before 2019 only),regular,2,96,0,,False,,0,0,4,71000,Bachelor of Science,degree_flat,,96,,no_anchor,0,published_divergent,none,,low,no rule or adjudication applies; default-trust=computed
2022,SCI,SB001BIO04,BSc,Ecology & Evolution (for students registered before 2019 only),regular,3,72,0,,False,,0,0,2,71000,Bachelor of Science,degree_flat,,72,,no_anchor,0,published_divergent,none,,low,no rule or adjudication applies; default-trust=computed
2022,SCI,SB001BIO05,BSc,Marine Biology (for students registered from 2019 only),regular,1,216,0,,False,,106220,0,0,71000,Bachelor of Science,degree_flat,49.6,216,,no_anchor,106220,published_divergent,none,,low,no rule or adjudication applies; default-trust=computed
2022,SCI,SB001BIO05,BSc,Marine Biology (for students registered from 2019 only),regular,2,192,0,,False,,70560,0,2,71000,Bachelor of Science,degree_flat,-0.6,192,,no_anchor,70560,reconciled,none,,low,no rule or adjudication applies; default-trust=computed
2022,SCI,SB001BIO05,BSc,Marine Biology (for students registered from 2019 only),regular,3,144,0,,False,,70680,0,0,71000,Bachelor of Science,degree_flat,-0.5,144,,no_anchor,70680,reconciled,none,,low,no rule or adjudication applies; default-trust=computed
2022,SCI,SB001BIO12,BSc,Biology (for students registered from 2019 only),regular,1,108,0,,False,,53110,0,0,71000,Bachelor of Science,degree_flat,-25.2,108,,no_anchor,53110,published_divergent,none,,low,no rule or adjudication applies; default-trust=computed
2022,SCI,SB001BIO12,BSc,Biology (for students registered from 2019 only),regular,2,96,0,,False,,47040,0,0,71000,Bachelor of Science,degree_flat,-33.7,96,,no_anchor,47040,published_divergent,none,,low,no rule or adjudication applies; default-trust=computed
2022,SCI,SB001BIO12,BSc,Biology (for students registered from 2019 only),regular,3,144,0,,False,,70680,0,0,71000,Bachelor of Science,degree_flat,-0.5,144,,no_anchor,70680,reconciled,none,,low,no rule or adjudication applies; default-trust=computed
2022,SCI,SB001BIO13,BSc,Quantitative Biology (for students registered from 2019 only),regular,1,72,0,,False,,35640,0,0,71000,Bachelor of Science,degree_flat,-49.8,72,,no_anchor,35640,published_divergent,none,,low,no rule or adjudication applies; default-trust=computed
2022,SCI,SB001BIO13,BSc,Quantitative Biology (for students registered from 2019 only),regular,2,96,0,,False,,47040,0,0,71000,Bachelor of Science,degree_flat,-33.7,96,,no_anchor,47040,published_divergent,none,,low,no rule or adjudication applies; default-trust=computed
2022,SCI,SB001BIO13,BSc,Quantitative Biology (for students registered from 2019 only),regular,3,36,0,,False,,17670,0,0,71000,Bachelor of Science,degree_flat,-75.1,36,,no_anchor,17670,published_divergent,none,,low,no rule or adjudication applies; default-trust=computed
2022,SCI,SB001CEM01,BSc,Chemistry,regular,1,108,0,,False,,53010,0,0,71000,Bachelor of Science,degree_flat,-25.3,108,,no_anchor,53010,published_divergent,none,,low,no rule or adjudication applies; default-trust=computed
2022,SCI,SB001CEM01,BSc,Chemistry,regular,2,48,0,,False,,23480,0,0,71000,Bachelor of Science,degree_flat,-66.9,48,,no_anchor,23480,published_divergent,none,,low,no rule or adjudication applies; default-trust=computed
2022,SCI,SB001CEM01,BSc,Chemistry,regular,3,72,0,,False,,35230,0,0,71000,Bachelor of Science,degree_flat,-50.4,72,,no_anchor,35230,published_divergent,none,,low,no rule or adjudication applies; default-trust=computed
2022,SCI,SB001CSC02,BSc,Business Computing,regular,1,90,0,,False,,44210,0,0,71000,Bachelor of Science,degree_flat,-37.7,90,,no_anchor,44210,published_divergent,none,,low,no rule or adjudication applies; default-trust=computed
2022,SCI,SB001CSC02,BSc,Business Computing,regular,2,42,0,,False,,20540,0,0,71000,Bachelor of Science,degree_flat,-71.1,42,,no_anchor,20540,published_divergent,none,,low,no rule or adjudication applies; default-trust=computed
2022,SCI,SB001CSC02,BSc,Business Computing,regular,3,54,0,,False,,26910,0,0,71000,Bachelor of Science,degree_flat,-62.1,54,,no_anchor,26910,published_divergent,none,,low,no rule or adjudication applies; default-trust=computed
2022,SCI,SB001CSC03,BSc,Computer Engineering,regular,1,72,0,,False,,35240,0,0,71000,Bachelor of Science,degree_flat,-50.4,72,,no_anchor,35240,published_divergent,none,,low,no rule or adjudication applies; default-trust=computed
2022,SCI,SB001CSC03,BSc,Computer Engineering,regular,2,42,0,,False,,22310,0,0,71000,Bachelor of Science,degree_flat,-68.6,42,,no_anchor,22310,published_divergent,none,,low,no rule or adjudication applies; default-trust=computed
2022,SCI,SB001CSC03,BSc,Computer Engineering,regular,3,54,0,,False,,27530,0,0,71000,Bachelor of Science,degree_flat,-61.2,54,,no_anchor,27530,published_divergent,none,,low,no rule or adjudication applies; default-trust=computed
2022,SCI,SB001CSC05,BSc,Computer Science,regular,1,72,0,,False,,35240,0,0,71000,Bachelor of Science,degree_flat,-50.4,72,,no_anchor,35240,published_divergent,none,,low,no rule or adjudication applies; default-trust=computed
2022,SCI,SB001CSC05,BSc,Computer Science,regular,2,66,0,,False,,32030,0,0,71000,Bachelor of Science,degree_flat,-54.9,66,,no_anchor,32030,published_divergent,none,,low,no rule or adjudication applies; default-trust=computed
2022,SCI,SB001CSC05,BSc,Computer Science,regular,3,72,0,,False,,34640,0,0,71000,Bachelor of Science,degree_flat,-51.2,72,,no_anchor,34640,published_divergent,none,,low,no rule or adjudication applies; default-trust=computed
2022,SCI,SB001EGS02,BSc,Environmental & Geographical Science,regular,1,108,0,,False,,52910,0,0,71000,Bachelor of Science,degree_flat,-25.5,108,,no_anchor,52910,published_divergent,none,,low,no rule or adjudication applies; default-trust=computed
2022,SCI,SB001EGS02,BSc,Environmental & Geographical Science,regular,2,48,0,,False,,23520,0,0,71000,Bachelor of Science,degree_flat,-66.9,48,,no_anchor,23520,published_divergent,none,,low,no rule or adjudication applies; default-trust=computed
2022,SCI,SB001EGS02,BSc,Environmental & Geographical Science,regular,3,144,0,,False,,70680,0,0,71000,Bachelor of Science,degree_flat,-0.5,144,,no_anchor,70680,reconciled,none,,low,no rule or adjudication applies; default-trust=computed
2022,SCI,SB001GEO02,BSc,Geology,regular,1,144,0,,False,,70780,0,0,71000,Bachelor of Science,degree_flat,-0.3,144,,no_anchor,70780,reconciled,none,,low,no rule or adjudication applies; default-trust=computed
2022,SCI,SB001GEO02,BSc,Geology,regular,2,48,0,,False,,23520,0,0,71000,Bachelor of Science,degree_flat,-66.9,48,,no_anchor,23520,published_divergent,none,,low,no rule or adjudication applies; default-trust=computed
2022,SCI,SB001GEO02,BSc,Geology,regular,3,72,0,,False,,35340,0,0,71000,Bachelor of Science,degree_flat,-50.2,72,,no_anchor,35340,published_divergent,none,,low,no rule or adjudication applies; default-trust=computed
2022,SCI,SB001HUB17,BSc,Human Anatomy & Physiology,regular,1,108,0,,False,,53110,0,0,71000,Bachelor of Science,degree_flat,-25.2,108,,no_anchor,53110,published_divergent,none,,low,no rule or adjudication applies; default-trust=computed
2022,SCI,SB001HUB17,BSc,Human Anatomy & Physiology,regular,2,48,0,,False,,23520,0,0,71000,Bachelor of Science,degree_flat,-66.9,48,,no_anchor,23520,published_divergent,none,,low,no rule or adjudication applies; default-trust=computed
2022,SCI,SB001HUB17,BSc,Human Anatomy & Physiology,regular,3,72,0,,False,,35550,0,0,71000,Bachelor of Science,degree_flat,-49.9,72,,no_anchor,35550,published_divergent,none,,low,no rule or adjudication applies; default-trust=computed
2022,SCI,SB001MAM01,BSc,Applied Mathematics,regular,1,72,0,,False,,35490,0,0,71000,Bachelor of Science,degree_flat,-50.0,72,,no_anchor,35490,published_divergent,none,,low,no rule or adjudication applies; default-trust=computed
2022,SCI,SB001MAM01,BSc,Applied Mathematics,regular,2,96,0,,False,,46960,0,0,71000,Bachelor of Science,degree_flat,-33.9,96,,no_anchor,46960,published_divergent,none,,low,no rule or adjudication applies; default-trust=computed
2022,SCI,SB001MAM01,BSc,Applied Mathematics,regular,3,72,0,,False,,35230,0,0,71000,Bachelor of Science,degree_flat,-50.4,72,,no_anchor,35230,published_divergent,none,,low,no rule or adjudication applies; default-trust=computed
2022,SCI,SB001MAM02,BSc,Mathematics,regular,1,54,0,,False,,26580,0,0,71000,Bachelor of Science,degree_flat,-62.6,54,,no_anchor,26580,published_divergent,none,,low,no rule or adjudication applies; default-trust=computed
2022,SCI,SB001MAM02,BSc,Mathematics,regular,2,48,0,,False,,23480,0,0,71000,Bachelor of Science,degree_flat,-66.9,48,,no_anchor,23480,published_divergent,none,,low,no rule or adjudication applies; default-trust=computed
2022,SCI,SB001MAM02,BSc,Mathematics,regular,3,72,0,,False,,35230,0,0,71000,Bachelor of Science,degree_flat,-50.4,72,,no_anchor,35230,published_divergent,none,,low,no rule or adjudication applies; default-trust=computed
2022,SCI,SB001MCB01,BSc,Biochemistry,regular,1,108,0,,False,,53110,0,0,71000,Bachelor of Science,degree_flat,-25.2,108,,no_anchor,53110,published_divergent,none,,low,no rule or adjudication applies; default-trust=computed
2022,SCI,SB001MCB01,BSc,Biochemistry,regular,2,72,0,,False,,35280,0,0,71000,Bachelor of Science,degree_flat,-50.3,72,,no_anchor,35280,published_divergent,none,,low,no rule or adjudication applies; default-trust=computed
2022,SCI,SB001MCB01,BSc,Biochemistry,regular,3,72,0,,False,,35340,0,0,71000,Bachelor of Science,degree_flat,-50.2,72,,no_anchor,35340,published_divergent,none,,low,no rule or adjudication applies; default-trust=computed
2022,SCI,SB001MCB04,BSc,Genetics,regular,1,108,0,,False,,53110,0,0,71000,Bachelor of Science,degree_flat,-25.2,108,,no_anchor,53110,published_divergent,none,,low,no rule or adjudication applies; default-trust=computed
2022,SCI,SB001MCB04,BSc,Genetics,regular,2,72,0,,False,,35280,0,0,71000,Bachelor of Science,degree_flat,-50.3,72,,no_anchor,35280,published_divergent,none,,low,no rule or adjudication applies; default-trust=computed
2022,SCI,SB001MCB04,BSc,Genetics,regular,3,72,0,,False,,35340,0,0,71000,Bachelor of Science,degree_flat,-50.2,72,,no_anchor,35340,published_divergent,none,,low,no rule or adjudication applies; default-trust=computed
2022,SCI,SB001PHY01,BSc,Physics,regular,1,108,0,,False,,53160,0,0,71000,Bachelor of Science,degree_flat,-25.1,108,,no_anchor,53160,published_divergent,none,,low,no rule or adjudication applies; default-trust=computed
2022,SCI,SB001PHY01,BSc,Physics,regular,2,96,0,,False,,46960,0,0,71000,Bachelor of Science,degree_flat,-33.9,96,,no_anchor,46960,published_divergent,none,,low,no rule or adjudication applies; default-trust=computed
2022,SCI,SB001PHY01,BSc,Physics,regular,3,72,0,,False,,35230,0,0,71000,Bachelor of Science,degree_flat,-50.4,72,,no_anchor,35230,published_divergent,none,,low,no rule or adjudication applies; default-trust=computed
2022,SCI,SB001SEA03,BSc,Ocean & Atmosphere Science,regular,1,126,0,,False,,61870,0,0,71000,Bachelor of Science,degree_flat,-12.9,126,,no_anchor,61870,published_divergent,none,,low,no rule or adjudication applies; default-trust=computed
2022,SCI,SB001SEA03,BSc,Ocean & Atmosphere Science,regular,2,48,0,,False,,23520,0,0,71000,Bachelor of Science,degree_flat,-66.9,48,,no_anchor,23520,published_divergent,none,,low,no rule or adjudication applies; default-trust=computed
2022,SCI,SB001SEA03,BSc,Ocean & Atmosphere Science,regular,3,72,0,,False,,35340,0,0,71000,Bachelor of Science,degree_flat,-50.2,72,,no_anchor,35340,published_divergent,none,,low,no rule or adjudication applies; default-trust=computed
2022,SCI,SB001STA01,BSc,Applied Statistics,regular,1,54,0,,False,,26530,0,0,71000,Bachelor of Science,degree_flat,-62.6,54,,no_anchor,26530,published_divergent,none,,low,no rule or adjudication applies; default-trust=computed
2022,SCI,SB001STA01,BSc,Applied Statistics,regular,2,24,0,,False,,11530,0,0,71000,Bachelor of Science,degree_flat,-83.8,24,,no_anchor,11530,published_divergent,none,,low,no rule or adjudication applies; default-trust=computed
2022,SCI,SB001STA01,BSc,Applied Statistics,regular,3,72,0,,False,,34640,0,0,71000,Bachelor of Science,degree_flat,-51.2,72,,no_anchor,34640,published_divergent,none,,low,no rule or adjudication applies; default-trust=computed
2022,SCI,SB001STA02,BSc,Mathematical Statistics,regular,1,54,0,,False,,26380,0,0,71000,Bachelor of Science,degree_flat,-62.8,54,,no_anchor,26380,published_divergent,none,,low,no rule or adjudication applies; default-trust=computed
2022,SCI,SB001STA02,BSc,Mathematical Statistics,regular,2,48,0,,False,,23060,0,0,71000,Bachelor of Science,degree_flat,-67.5,48,,no_anchor,23060,published_divergent,none,,low,no rule or adjudication applies; default-trust=computed
2022,SCI,SB001STA02,BSc,Mathematical Statistics,regular,3,72,0,,False,,34640,0,0,71000,Bachelor of Science,degree_flat,-51.2,72,,no_anchor,34640,published_divergent,none,,low,no rule or adjudication applies; default-trust=computed
2023,COM,CB001ACC03,BCom,Financial Accounting: Accounting with Law,regular,1,146,0,146,False,0,73760,0,0,73760,BCom specialising in Financial Accounting: Accounting with Law Stream,label_match,0.0,146,,consistent,73760,reconciled,none,,high,computed credits equal the stated total
2023,COM,CB001ACC03,BCom,Financial Accounting: Accounting with Law,regular,2,162,0,162,False,0,81230,0,0,81230,BCom specialising in Financial Accounting: Accounting with Law Stream,label_match,0.0,162,,consistent,81230,reconciled,none,,high,computed credits equal the stated total
2023,COM,CB001ACC03,BCom,Financial Accounting: Accounting with Law,regular,3,144,0,144,False,0,72050,0,0,71960,BCom specialising in Financial Accounting: Accounting with Law Stream,label_match,0.1,144,,consistent,72050,reconciled,none,,high,computed credits equal the stated total
2023,COM,CB001ACC04,BCom,Financial Accounting: Chartered Accountant,regular,1,146,0,146,False,0,73760,0,0,73760,Bachelor of Commerce specialising in Financial | Chartered Accounting Stream,label_match,0.0,146,,consistent,73760,reconciled,none,,high,computed credits equal the stated total
2023,COM,CB001ACC04,BCom,Financial Accounting: Chartered Accountant,regular,2,162,0,162,False,0,83690,0,0,83690,Bachelor of Commerce specialising in Financial | Chartered Accounting Stream,label_match,0.0,162,,consistent,83690,reconciled,none,,high,computed credits equal the stated total
2023,COM,CB001ACC04,BCom,Financial Accounting: Chartered Accountant,regular,3,138,0,144,False,-6,73620,0,0,73620,Bachelor of Commerce specialising in Financial | Chartered Accounting Stream,label_match,0.0,138,,unresolved,73620,reconciled,none,,low,no rule or adjudication applies; default-trust=computed
2023,COM,CB001ACC08,,,regular,1,146,0,146,False,0,73760,0,0,,,unmatched,,146,,consistent,73760,no_published,none,,high,computed credits equal the stated total
2023,COM,CB001ACC08,,,regular,2,144,0,144,False,0,74510,0,0,,,unmatched,,144,,consistent,74510,no_published,none,,high,computed credits equal the stated total
2023,COM,CB001ACC08,,,regular,3,138,0,138,False,0,73370,0,0,,,unmatched,,138,,consistent,73370,no_published,none,,high,computed credits equal the stated total
2023,COM,CB001BUS06,BCom,Management Studies,regular,1,203,0,185,False,18,102680,0,0,93310,BCom in the field of Management Studies,label_match,10.0,203,,unresolved,102680,published_divergent,none,,low,no rule or adjudication applies; default-trust=computed
2023,COM,CB001BUS06,BCom,Management Studies,regular,2,168,0,168,False,0,87310,18860,0,97310,BCom in the field of Management Studies,label_match,-10.3,168,,consistent,87310,published_divergent,none,,high,computed credits equal the stated total
2023,COM,CB001BUS06,BCom,Management Studies,regular,3,43,0,144,False,-101,22527,13097,0,75440,BCom in the field of Management Studies,label_match,-70.1,144,,resolved_manual,22527,published_divergent,R3,COM-2023-001,high,"The extracted course set for this year is demonstrably incomplete (rows unparsed in this edition's layout or an open-elective year without a parsable slot line); the stated total, corroborated by sibling editions, is the reliable carrier of the load."
2023,COM,CB001ECO02,BCom,Economics and Finance,regular,1,167,0,167,False,0,84690,0,0,84690,BCom specialising in Economics & Finance,label_match,0.0,167,,consistent,84690,reconciled,none,,high,computed credits equal the stated total
2023,COM,CB001ECO02,BCom,Economics and Finance,regular,2,150,0,150,True,0,77320,0,0,77320,BCom specialising in Economics & Finance,label_match,0.0,150,,consistent,77320,reconciled,none,,high,computed credits equal the stated total
2023,COM,CB001ECO02,BCom,Economics and Finance,regular,3,144,0,144,False,0,75190,9430,0,75190,BCom specialising in Economics & Finance,label_match,0.0,144,,consistent,75190,reconciled,none,,high,computed credits equal the stated total
2023,COM,CB001ECO03,BCom,Economics with Law,regular,1,149,0,149,False,0,75320,0,0,75320,BCom specialising in Economics with Law,label_match,0.0,149,,consistent,75320,reconciled,none,,high,computed credits equal the stated total
2023,COM,CB001ECO03,BCom,Economics with Law,regular,2,162,0,162,True,0,80450,0,0,81350,BCom specialising in Economics with Law,label_match,-1.1,162,,consistent,80450,reconciled,none,,high,computed credits equal the stated total
2023,COM,CB001ECO03,BCom,Economics with Law,regular,3,144,0,162,False,-18,72170,0,0,72170,BCom specialising in Economics with Law,label_match,0.0,144,,resolved_computed,72170,reconciled,R1a,R1a,high,"stated total exceeds the taken-course sum by exactly the credits of the non-taken alternatives (one choice group, 18 cr) — the printed total double-counts choices"
2023,COM,CB001ECO04,BCom,Economics and Statistics,regular,1,185,0,167,False,18,94060,0,0,84690,BCom specialising in Economics & Statistics,label_match,11.1,185,,unresolved,94060,published_divergent,none,,low,no rule or adjudication applies; default-trust=computed
2023,COM,CB001ECO04,BCom,Economics and Statistics,regular,2,210,0,156,False,54,106920,0,0,79760,BCom specialising in Economics & Statistics,label_match,34.1,210,,unresolved,106920,published_divergent,none,,low,no rule or adjudication applies; default-trust=computed
2023,COM,CB001ECO04,BCom,Economics and Statistics,regular,3,234,1,180,False,54,119990,0,1,93000,BCom specialising in Economics & Statistics,label_match,29.0,234,,unresolved,119990,published_divergent,none,,low,no rule or adjudication applies; default-trust=computed
2023,COM,CB001INF01,BCom,Information Systems,regular,1,149,0,149,False,0,74570,0,0,74300,BCom specialising in Information Systems,label_match,0.4,149,,consistent,74570,reconciled,none,,high,computed credits equal the stated total
2023,COM,CB001INF01,BCom,Information Systems,regular,2,144,0,144,False,0,75460,9430,0,75460,BCom specialising in Information Systems,label_match,0.0,144,,consistent,75460,reconciled,none,,high,computed credits equal the stated total
2023,COM,CB001INF01,BCom,Information Systems,regular,3,156,0,156,False,0,84500,18860,0,84500,BCom specialising in Information Systems,label_match,0.0,156,,consistent,84500,reconciled,none,,high,computed credits equal the stated total
2023,COM,CB001INF06,BCom,Information Systems and Computer Science,regular,1,167,0,149,False,18,84150,0,0,84210,BCom specialising in Information Systems & Computer Science,label_match,-0.1,167,,unresolved,84150,reconciled,none,,low,no rule or adjudication applies; default-trust=computed
2023,COM,CB001INF06,BCom,Information Systems and Computer Science,regular,2,162,0,162,False,0,82440,0,0,82240,BCom specialising in Information Systems & Computer Science,label_match,0.2,162,,consistent,82440,reconciled,none,,high,computed credits equal the stated total
2023,COM,CB001INF06,BCom,Information Systems and Computer Science,regular,3,144,0,144,False,0,74140,0,0,74140,BCom specialising in Information Systems & Computer Science,label_match,0.0,144,,consistent,74140,reconciled,none,,high,computed credits equal the stated total
2023,COM,CB001INF11,BCom,Information Systems and Finance,regular,1,167,0,167,False,0,84690,0,0,84750,BCom specialising in Information Systems & Finance,label_match,-0.1,167,,consistent,84690,reconciled,none,,high,computed credits equal the stated total
2023,COM,CB001INF11,BCom,Information Systems and Finance,regular,2,162,0,162,False,0,84140,0,0,84140,BCom specialising in Information Systems & Finance,label_match,0.0,162,,consistent,84140,reconciled,none,,high,computed credits equal the stated total
2023,COM,CB001INF11,BCom,Information Systems and Finance,regular,3,150,0,150,False,0,77880,0,0,77880,BCom specialising in Information Systems & Finance,label_match,0.0,150,,consistent,77880,reconciled,none,,high,computed credits equal the stated total
2023,COM,CB001PHI03,BCom,"Philosophy, Politics & Economics",regular,1,149,0,149,False,0,72680,0,0,72680,"BCom specialising in Philosophy, Politics & Economics",label_match,0.0,149,,consistent,72680,reconciled,none,,high,computed credits equal the stated total
2023,COM,CB001PHI03,BCom,"Philosophy, Politics & Economics",regular,2,246,0,174,False,72,121090,0,0,86980,"BCom specialising in Philosophy, Politics & Economics",label_match,39.2,246,,unresolved,121090,published_divergent,none,,low,no rule or adjudication applies; default-trust=computed
2023,COM,CB001PHI03,BCom,"Philosophy, Politics & Economics",regular,3,222,2,168,False,54,94570,9430,2,81260,"BCom specialising in Philosophy, Politics & Economics",label_match,16.4,222,,unresolved,94570,published_divergent,none,,low,no rule or adjudication applies; default-trust=computed
2023,COM,CB003BUS01,BBusSc,Actuarial Science,regular,1,185,0,185,False,0,93850,0,0,93850,Bachelor of Business Science BBusSc specialising in Actuarial Science,label_match,0.0,185,,consistent,93850,reconciled,none,,high,computed credits equal the stated total
2023,COM,CB003BUS01,BBusSc,Actuarial Science,regular,2,186,0,186,False,0,96110,0,0,96110,Bachelor of Business Science BBusSc specialising in Actuarial Science,label_match,0.0,186,,consistent,96110,reconciled,none,,high,computed credits equal the stated total
2023,COM,CB003BUS01,BBusSc,Actuarial Science,regular,3,180,0,180,False,0,94450,0,0,94450,Bachelor of Business Science BBusSc specialising in Actuarial Science,label_match,0.0,180,,consistent,94450,reconciled,none,,high,computed credits equal the stated total
2023,COM,CB003BUS01,BBusSc,Actuarial Science,regular,4,174,0,174,False,0,80600,0,0,80600,Bachelor of Business Science BBusSc specialising in Actuarial Science,label_match,0.0,174,,consistent,80600,reconciled,none,,high,computed credits equal the stated total
2023,COM,CB003BUS09,BBusSc,Actuarial Science: Quantitative Finance,regular,1,185,0,185,False,0,93850,0,0,93850,BBusSc specialising in Actuarial Science: Quantitative Finance Stream,label_match,0.0,185,,consistent,93850,reconciled,none,,high,computed credits equal the stated total
2023,COM,CB003BUS09,BBusSc,Actuarial Science: Quantitative Finance,regular,2,186,0,186,False,0,96110,0,0,95260,BBusSc specialising in Actuarial Science: Quantitative Finance Stream,label_match,0.9,186,,consistent,96110,reconciled,none,,high,computed credits equal the stated total
2023,COM,CB003BUS09,BBusSc,Actuarial Science: Quantitative Finance,regular,3,198,0,198,False,0,101550,0,0,101550,BBusSc specialising in Actuarial Science: Quantitative Finance Stream,label_match,0.0,198,,consistent,101550,reconciled,none,,high,computed credits equal the stated total
2023,COM,CB003BUS09,BBusSc,Actuarial Science: Quantitative Finance,regular,4,147,0,147,False,0,75110,0,0,75110,BBusSc specialising in Actuarial Science: Quantitative Finance Stream,label_match,0.0,147,,consistent,75110,reconciled,none,,high,computed credits equal the stated total
2023,COM,CB004BUS07,BBusSc,Marketing,regular,1,167,0,167,False,0,84690,0,0,84690,BBusSc specialising in Marketing,label_match,0.0,167,,consistent,84690,reconciled,none,,high,computed credits equal the stated total
2023,COM,CB004BUS07,BBusSc,Marketing,regular,2,168,0,168,False,0,86500,0,0,86500,BBusSc specialising in Marketing,label_match,0.0,168,,consistent,86500,reconciled,none,,high,computed credits equal the stated total
2023,COM,CB004BUS07,BBusSc,Marketing,regular,3,198,0,180,False,18,93650,9430,0,84220,BBusSc specialising in Marketing,label_match,11.2,198,,unresolved,93650,published_divergent,none,,low,no rule or adjudication applies; default-trust=computed
2023,COM,CB004BUS07,BBusSc,Marketing,regular,4,180,0,180,False,0,92450,0,0,92450,BBusSc specialising in Marketing,label_match,0.0,180,,consistent,92450,reconciled,none,,high,computed credits equal the stated total
2023,COM,CB004BUS08,BBusSc,Organisational Psychology,regular,1,167,0,167,False,0,82890,0,0,82890,BBusSc specialising in Organisational Psychology,label_match,0.0,167,,consistent,82890,reconciled,none,,high,computed credits equal the stated total
2023,COM,CB004BUS08,BBusSc,Organisational Psychology,regular,2,162,0,162,False,0,84870,0,0,84870,BBusSc specialising in Organisational Psychology,label_match,0.0,162,,consistent,84870,reconciled,none,,high,computed credits equal the stated total
2023,COM,CB004BUS08,BBusSc,Organisational Psychology,regular,3,298,0,180,False,118,99810,9430,0,90380,BBusSc specialising in Organisational Psychology,label_match,10.4,180,,resolved_manual,99810,published_divergent,R3,COM-2023-002,high,"The year table lists a module menu with no printed selection rule, so the row sum counts every offering; the stated total is the only authoritative signal of the intended load and is stable across editions. Computed fee is left as the sum of listed modules and will show as published_divergent until the menu rule is confirmed."
2023,COM,CB004BUS08,BBusSc,Organisational Psychology,regular,4,156,0,156,False,0,87900,0,0,87900,BBusSc specialising in Organisational Psychology,label_match,0.0,156,,consistent,87900,reconciled,none,,high,computed credits equal the stated total
2023,COM,CB004BUS22,BBusSc,Analytics,regular,1,185,0,185,False,0,93580,0,0,93580,BBusSc specialising in Analytics,label_match,0.0,185,,consistent,93580,reconciled,none,,high,computed credits equal the stated total
2023,COM,CB004BUS22,BBusSc,Analytics,regular,2,186,0,186,False,0,95010,0,0,94950,BBusSc specialising in Analytics,label_match,0.1,186,,consistent,95010,reconciled,none,,high,computed credits equal the stated total
2023,COM,CB004BUS22,BBusSc,Analytics,regular,3,210,0,198,True,12,107160,0,0,113980,BBusSc specialising in Analytics,label_match,-6.0,210,,consistent,107160,published_divergent,none,,high,computed credits equal the stated total
2023,COM,CB004BUS22,BBusSc,Analytics,regular,4,178,0,178,False,0,77830,0,0,77830,BBusSc specialising in Analytics,label_match,0.0,178,,consistent,77830,reconciled,none,,high,computed credits equal the stated total
2023,COM,CB004CSC05,BBusSc,Computer Science,regular,1,149,0,185,False,-36,74720,0,0,74720,BBusSc specialising in Computer Science,label_match,0.0,149,,resolved_computed,74720,reconciled,R1a,R1a,high,"stated total exceeds the taken-course sum by exactly the credits of the non-taken alternatives (all choice groups, 36 cr) — the printed total double-counts choices"
2023,COM,CB004CSC05,BBusSc,Computer Science,regular,2,162,0,162,False,0,83260,0,0,83260,BBusSc specialising in Computer Science,label_match,0.0,162,,consistent,83260,reconciled,none,,high,computed credits equal the stated total
2023,COM,CB004CSC05,BBusSc,Computer Science,regular,3,180,0,180,False,0,92190,0,0,92190,BBusSc specialising in Computer Science,label_match,0.0,180,,consistent,92190,reconciled,none,,high,computed credits equal the stated total
2023,COM,CB004CSC05,BBusSc,Computer Science,regular,4,262,0,160,False,102,113750,0,0,70830,BBusSc specialising in Computer Science,label_match,60.6,160,,resolved_manual,113750,published_divergent,R3,COM-2023-003,high,"The year table lists a module menu with no printed selection rule, so the row sum counts every offering; the stated total is the only authoritative signal of the intended load and is stable across editions. Computed fee is left as the sum of listed modules and will show as published_divergent until the menu rule is confirmed."
2023,COM,CB004ECO01,BBusSc,Economics,regular,1,167,0,167,False,0,84690,0,0,84690,BBusSc specialising in Economics,label_match,0.0,167,,consistent,84690,reconciled,none,,high,computed credits equal the stated total
2023,COM,CB004ECO01,BBusSc,Economics,regular,2,156,0,150,False,6,80010,0,0,86100,BBusSc specialising in Economics,label_match,-7.1,156,,resolved_computed,80010,published_divergent,R2a,R2a,medium,"identical taken-course set reconciles exactly in editions 2022, 2025, 2026; the divergent stated total here is edition-local drift"
2023,COM,CB004ECO01,BBusSc,Economics,regular,3,228,1,162,False,66,118080,9430,1,84620,BBusSc specialising in Economics,label_match,39.5,228,,unresolved,118080,published_divergent,none,,low,no rule or adjudication applies; default-trust=computed
2023,COM,CB004ECO01,BBusSc,Economics,regular,4,156,0,156,False,0,94180,0,0,94180,BBusSc specialising in Economics,label_match,0.0,156,,consistent,94180,reconciled,none,,high,computed credits equal the stated total
2023,COM,CB004ECO03,BBusSc,Economics with Law,regular,1,167,0,167,False,0,84690,0,0,84690,BBusSc specialising in Economics with Law,label_match,0.0,167,,consistent,84690,reconciled,none,,high,computed credits equal the stated total
2023,COM,CB004ECO03,BBusSc,Economics with Law,regular,2,168,0,168,False,0,84290,0,0,84290,BBusSc specialising in Economics with Law,label_match,0.0,168,,consistent,84290,reconciled,none,,high,computed credits equal the stated total
2023,COM,CB004ECO03,BBusSc,Economics with Law,regular,3,162,0,162,False,0,81350,9430,0,81350,BBusSc specialising in Economics with Law,label_match,0.0,162,,consistent,81350,reconciled,none,,high,computed credits equal the stated total
2023,COM,CB004ECO03,BBusSc,Economics with Law,regular,4,174,0,174,False,0,103610,0,0,103610,BBusSc specialising in Economics with Law,label_match,0.0,174,,consistent,103610,reconciled,none,,high,computed credits equal the stated total
2023,COM,CB004FTX04,BBusSc,Finance with Accounting,regular,1,164,0,167,False,-3,83130,0,0,84690,BBusSc specialising in Finance with Accounting (CA Option),label_match,-1.8,164,,unresolved,83130,reconciled,none,,low,no rule or adjudication applies; default-trust=computed
2023,COM,CB004FTX04,BBusSc,Finance with Accounting,regular,2,162,0,162,False,0,85690,0,0,85690,BBusSc specialising in Finance with Accounting (CA Option),label_match,0.0,162,,consistent,85690,reconciled,none,,high,computed credits equal the stated total
2023,COM,CB004FTX04,BBusSc,Finance with Accounting,regular,3,180,0,180,False,0,93290,0,0,93290,BBusSc specialising in Finance with Accounting (CA Option),label_match,0.0,180,,consistent,93290,reconciled,none,,high,computed credits equal the stated total
2023,COM,CB004FTX04,BBusSc,Finance with Accounting,regular,4,162,0,162,False,0,84630,0,0,84630,BBusSc specialising in Finance with Accounting (CA Option),label_match,0.0,162,,consistent,84630,reconciled,none,,high,computed credits equal the stated total
2023,COM,CB004FTX05,BBusSc,Finance,regular,1,167,0,185,False,-18,84690,0,0,84690,BBusSc specialising in Finance (Non CA Option),label_match,0.0,167,,resolved_computed,84690,reconciled,R1a,R1a,high,"stated total exceeds the taken-course sum by exactly the credits of the non-taken alternatives (all choice groups, 18 cr) — the printed total double-counts choices"
2023,COM,CB004FTX05,BBusSc,Finance,regular,2,168,0,168,False,0,86500,0,0,96110,BBusSc specialising in Finance (Non CA Option),label_match,-10.0,168,,consistent,86500,published_divergent,none,,high,computed credits equal the stated total
2023,COM,CB004FTX05,BBusSc,Finance,regular,3,180,0,180,False,0,93570,9430,0,93570,BBusSc specialising in Finance (Non CA Option),label_match,0.0,180,,consistent,93570,reconciled,none,,high,computed credits equal the stated total
2023,COM,CB004FTX05,BBusSc,Finance,regular,4,144,0,144,False,0,75200,0,0,75200,BBusSc specialising in Finance (Non CA Option),label_match,0.0,144,,consistent,75200,reconciled,none,,high,computed credits equal the stated total
2023,COM,CB004INF01,BBusSc,Information Systems,regular,1,185,0,185,False,0,93310,0,0,93040,BBusSc specialising in Information Systems,label_match,0.3,185,,consistent,93310,reconciled,none,,high,computed credits equal the stated total
2023,COM,CB004INF01,BBusSc,Information Systems,regular,2,168,0,168,False,0,87640,0,0,87640,BBusSc specialising in Information Systems,label_match,0.0,168,,consistent,87640,reconciled,none,,high,computed credits equal the stated total
2023,COM,CB004INF01,BBusSc,Information Systems,regular,3,156,0,156,False,0,84500,0,0,84500,BBusSc specialising in Information Systems,label_match,0.0,156,,consistent,84500,reconciled,none,,high,computed credits equal the stated total
2023,COM,CB004INF01,BBusSc,Information Systems,regular,4,176,0,176,False,0,86470,0,0,86470,BBusSc specialising in Information Systems,label_match,0.0,176,,consistent,86470,reconciled,none,,high,computed credits equal the stated total
2023,COM,CB011ACC03,BCom,Financial Accounting: Accounting with Law,extended,1,92,0,110,False,-18,45530,0,0,54960,BCom Academic Development specialising in Financial Accounting: Accounting with Law Stream,ad_duration,-17.2,92,,unresolved,45530,published_divergent,none,,low,no rule or adjudication applies; default-trust=computed
2023,COM,CB011ACC03,BCom,Financial Accounting: Accounting with Law,extended,2,126,0,126,False,0,65580,0,0,65580,BCom Academic Development specialising in Financial Accounting: Accounting with Law Stream,ad_duration,0.0,126,,consistent,65580,reconciled,none,,high,computed credits equal the stated total
2023,COM,CB011ACC03,BCom,Financial Accounting: Accounting with Law,extended,3,126,0,126,False,0,62620,0,0,62620,BCom Academic Development specialising in Financial Accounting: Accounting with Law Stream,ad_duration,0.0,126,,consistent,62620,reconciled,none,,high,computed credits equal the stated total
2023,COM,CB011ACC03,BCom,Financial Accounting: Accounting with Law,extended,4,90,0,90,False,0,43880,0,0,43880,BCom Academic Development specialising in Financial Accounting: Accounting with Law Stream,ad_duration,0.0,90,,consistent,43880,reconciled,none,,high,computed credits equal the stated total
2023,COM,CB011ACC04,BCom,Financial Accounting: Chartered Accountant,extended,1,128,0,128,False,0,64330,0,0,64330,Bachelor of Commerce Academic Development specialising in Financial Accounting Chartered Accounting Stream,ad_duration,0.0,128,,consistent,64330,reconciled,none,,high,computed credits equal the stated total
2023,COM,CB011ACC04,BCom,Financial Accounting: Chartered Accountant,extended,2,126,0,126,False,0,65080,0,0,65080,Bachelor of Commerce Academic Development specialising in Financial Accounting Chartered Accounting Stream,ad_duration,0.0,126,,consistent,65080,reconciled,none,,high,computed credits equal the stated total
2023,COM,CB011ACC04,BCom,Financial Accounting: Chartered Accountant,extended,3,120,0,120,False,0,64020,0,0,64020,Bachelor of Commerce Academic Development specialising in Financial Accounting Chartered Accounting Stream,ad_duration,0.0,120,,consistent,64020,reconciled,none,,high,computed credits equal the stated total
2023,COM,CB011ACC04,BCom,Financial Accounting: Chartered Accountant,extended,4,108,0,108,False,0,56380,0,0,56380,Bachelor of Commerce Academic Development specialising in Financial Accounting Chartered Accounting Stream,ad_duration,0.0,108,,consistent,56380,reconciled,none,,high,computed credits equal the stated total
2023,COM,CB011ACC08,BCom,Financial Accounting: General Accounting,extended,1,128,0,128,False,0,64330,0,0,64330,BCom Academic Development specialising in Financial Accounting General Accounting Stream,ad_duration,0.0,128,,consistent,64330,reconciled,none,,high,computed credits equal the stated total
2023,COM,CB011ACC08,BCom,Financial Accounting: General Accounting,extended,2,108,0,108,False,0,55650,0,0,55650,BCom Academic Development specialising in Financial Accounting General Accounting Stream,ad_duration,0.0,108,,consistent,55650,reconciled,none,,high,computed credits equal the stated total
2023,COM,CB011ACC08,BCom,Financial Accounting: General Accounting,extended,3,90,0,90,False,0,47030,0,0,47030,BCom Academic Development specialising in Financial Accounting General Accounting Stream,ad_duration,0.0,90,,consistent,47030,reconciled,none,,high,computed credits equal the stated total
2023,COM,CB011ACC08,BCom,Financial Accounting: General Accounting,extended,4,102,0,108,False,-6,54630,0,0,54630,BCom Academic Development specialising in Financial Accounting General Accounting Stream,ad_duration,0.0,102,,unresolved,54630,reconciled,none,,low,no rule or adjudication applies; default-trust=computed
2023,COM,CB011BUS06,,,extended,1,131,0,131,False,0,65140,0,0,,,unmatched,,131,,consistent,65140,no_published,none,,high,computed credits equal the stated total
2023,COM,CB011BUS06,,,extended,2,108,0,108,False,0,56400,9370,0,,,unmatched,,108,,consistent,56400,no_published,none,,high,computed credits equal the stated total
2023,COM,CB011BUS06,,,extended,3,132,0,132,False,0,68450,18860,0,,,unmatched,,132,,consistent,68450,no_published,none,,high,computed credits equal the stated total
2023,COM,CB011BUS06,,,extended,4,18,0,126,False,-108,9430,0,1,,,unmatched,,126,,resolved_manual,9430,no_published,R3,COM-2023-004,high,"The extracted course set for this year is demonstrably incomplete (rows unparsed in this edition's layout or an open-elective year without a parsable slot line); the stated total, corroborated by sibling editions, is the reliable carrier of the load."
2023,COM,CB011ECO02,BCom,Economics and Finance,extended,1,113,0,113,False,0,56460,0,0,56460,BCom Academic Development specialising in Economics & Finance,ad_duration,0.0,113,,consistent,56460,reconciled,none,,high,computed credits equal the stated total
2023,COM,CB011ECO02,BCom,Economics and Finance,extended,2,108,0,108,False,0,55710,0,0,55710,BCom Academic Development specialising in Economics & Finance,ad_duration,0.0,108,,consistent,55710,reconciled,none,,high,computed credits equal the stated total
2023,COM,CB011ECO02,BCom,Economics and Finance,extended,3,114,0,132,False,-18,59020,0,0,59020,BCom Academic Development specialising in Economics & Finance,ad_duration,0.0,114,,unresolved,59020,reconciled,none,,low,no rule or adjudication applies; default-trust=computed
2023,COM,CB011ECO02,BCom,Economics and Finance,extended,4,126,0,108,False,18,66010,9430,0,66010,BCom Academic Development specialising in Economics & Finance,ad_duration,0.0,126,,unresolved,66010,reconciled,none,,low,no rule or adjudication applies; default-trust=computed
2023,COM,CB011ECO03,BCom,Economics with Law,extended,1,131,0,131,False,0,65890,0,0,65890,BCom Academic Development specialising in Economics with Law,ad_duration,0.0,131,,consistent,65890,reconciled,none,,high,computed credits equal the stated total
2023,COM,CB011ECO03,BCom,Economics with Law,extended,2,108,0,108,False,0,55430,0,0,56330,BCom Academic Development specialising in Economics with Law,ad_duration,-1.6,108,,consistent,55430,reconciled,none,,high,computed credits equal the stated total
2023,COM,CB011ECO03,BCom,Economics with Law,extended,3,108,0,108,False,0,53310,0,0,53310,BCom Academic Development specialising in Economics with Law,ad_duration,0.0,108,,consistent,53310,reconciled,none,,high,computed credits equal the stated total
2023,COM,CB011ECO03,BCom,Economics with Law,extended,4,108,0,198,False,-90,53310,0,0,53310,BCom Academic Development specialising in Economics with Law,ad_duration,0.0,108,,resolved_computed,53310,reconciled,R1a,R1a,high,"stated total exceeds the taken-course sum by exactly the credits of the non-taken alternatives (all choice groups, 90 cr) — the printed total double-counts choices"
2023,COM,CB011ECO04,BCom,Economics and Statistics,extended,1,113,0,113,False,0,56520,0,0,56520,BCom Academic Development specialising in Economics & Statistics,ad_duration,0.0,113,,consistent,56520,reconciled,none,,high,computed credits equal the stated total
2023,COM,CB011ECO04,BCom,Economics and Statistics,extended,2,108,0,108,False,0,55650,0,0,55650,BCom Academic Development specialising in Economics & Statistics,ad_duration,0.0,108,,consistent,55650,reconciled,none,,high,computed credits equal the stated total
2023,COM,CB011ECO04,BCom,Economics and Statistics,extended,3,144,0,144,True,0,74060,9430,0,61710,BCom Academic Development specialising in Economics & Statistics,ad_duration,20.0,144,,consistent,74060,published_divergent,none,,high,computed credits equal the stated total
2023,COM,CB011ECO04,BCom,Economics and Statistics,extended,4,162,0,162,False,0,83570,9430,0,83570,BCom Academic Development specialising in Economics & Statistics,ad_duration,0.0,162,,consistent,83570,reconciled,none,,high,computed credits equal the stated total
2023,COM,CB011INF01,BCom,Information Systems,extended,1,113,0,113,False,0,56520,0,0,56520,BCom Academic Development specialising in Information Systems,ad_duration,0.0,113,,consistent,56520,reconciled,none,,high,computed credits equal the stated total
2023,COM,CB011INF01,BCom,Information Systems,extended,2,108,0,108,False,0,56660,0,0,56660,BCom Academic Development specialising in Information Systems,ad_duration,0.0,108,,consistent,56660,reconciled,none,,high,computed credits equal the stated total
2023,COM,CB011INF01,BCom,Information Systems,extended,3,120,0,120,False,0,65770,9370,0,65830,BCom Academic Development specialising in Information Systems,ad_duration,-0.1,120,,consistent,65770,reconciled,none,,high,computed credits equal the stated total
2023,COM,CB011INF01,BCom,Information Systems,extended,4,108,0,108,False,0,55520,18860,0,55520,BCom Academic Development specialising in Information Systems,ad_duration,0.0,108,,consistent,55520,reconciled,none,,high,computed credits equal the stated total
2023,COM,CB011INF06,BCom,Information Systems and Computer Science,extended,1,113,0,113,False,0,56250,0,0,56250,BCom Academic Development specialising in Information Systems & Computer Science,ad_duration,0.0,113,,consistent,56250,reconciled,none,,high,computed credits equal the stated total
2023,COM,CB011INF06,BCom,Information Systems and Computer Science,extended,2,108,0,108,False,0,55130,0,0,55130,BCom Academic Development specialising in Information Systems & Computer Science,ad_duration,0.0,108,,consistent,55130,reconciled,none,,high,computed credits equal the stated total
2023,COM,CB011INF06,BCom,Information Systems and Computer Science,extended,3,108,0,108,False,0,55270,0,0,55270,BCom Academic Development specialising in Information Systems & Computer Science,ad_duration,0.0,108,,consistent,55270,reconciled,none,,high,computed credits equal the stated total
2023,COM,CB011INF06,BCom,Information Systems and Computer Science,extended,4,126,0,126,False,0,64710,0,0,64710,BCom Academic Development specialising in Information Systems & Computer Science,ad_duration,0.0,126,,consistent,64710,reconciled,none,,high,computed credits equal the stated total
2023,COM,CB011INF11,BCom,Information Systems and Finance,extended,1,131,0,131,False,0,65950,0,0,65950,BCom Academic Development specialising in Information Systems & Finance,ad_duration,0.0,131,,consistent,65950,reconciled,none,,high,computed credits equal the stated total
2023,COM,CB011INF11,BCom,Information Systems and Finance,extended,2,108,0,108,False,0,56600,0,0,60690,BCom Academic Development specialising in Information Systems & Finance,ad_duration,-6.7,108,,consistent,56600,published_divergent,none,,high,computed credits equal the stated total
2023,COM,CB011INF11,BCom,Information Systems and Finance,extended,3,126,0,126,False,0,65950,0,0,65950,BCom Academic Development specialising in Information Systems & Finance,ad_duration,0.0,126,,consistent,65950,reconciled,none,,high,computed credits equal the stated total
2023,COM,CB011INF11,BCom,Information Systems and Finance,extended,4,114,0,114,False,0,58210,0,0,58210,BCom Academic Development specialising in Information Systems & Finance,ad_duration,0.0,114,,consistent,58210,reconciled,none,,high,computed credits equal the stated total
2023,COM,CB011PHI03,BCom,"Philosophy, Politics & Economics",extended,1,113,0,113,False,0,53820,0,0,53820,"BCom Academic Development specialising in Philosophy, Politics & Economics",ad_duration,0.0,113,,consistent,53820,reconciled,none,,high,computed credits equal the stated total
2023,COM,CB011PHI03,BCom,"Philosophy, Politics & Economics",extended,2,108,0,108,False,0,56520,0,0,56520,"BCom Academic Development specialising in Philosophy, Politics & Economics",ad_duration,0.0,108,,consistent,56520,reconciled,none,,high,computed credits equal the stated total
2023,COM,CB011PHI03,BCom,"Philosophy, Politics & Economics",extended,3,198,0,102,False,96,94800,0,0,49320,"BCom Academic Development specialising in Philosophy, Politics & Economics",ad_duration,92.2,102,,resolved_manual,94800,published_divergent,R3,COM-2023-005,high,"The year table lists a module menu with no printed selection rule, so the row sum counts every offering; the stated total is the only authoritative signal of the intended load and is stable across editions. Computed fee is left as the sum of listed modules and will show as published_divergent until the menu rule is confirmed."
2023,COM,CB011PHI03,BCom,"Philosophy, Politics & Economics",extended,4,222,3,162,True,60,94570,9430,3,81260,"BCom Academic Development specialising in Philosophy, Politics & Economics",ad_duration,16.4,222,,unresolved,94570,published_divergent,none,,low,no rule or adjudication applies; default-trust=computed
2023,COM,CB015BUS07,,,extended,1,131,0,131,False,0,65080,0,0,,,unmatched,,131,,consistent,65080,no_published,none,,high,computed credits equal the stated total
2023,COM,CB015BUS07,,,extended,2,132,0,132,False,0,68640,0,0,,,unmatched,,132,,consistent,68640,no_published,none,,high,computed credits equal the stated total
2023,COM,CB015BUS07,,,extended,3,108,0,108,False,0,56330,0,0,,,unmatched,,108,,consistent,56330,no_published,none,,high,computed credits equal the stated total
2023,COM,CB015BUS07,,,extended,4,162,0,144,False,18,74790,9430,0,,,unmatched,,162,,unresolved,74790,no_published,none,,low,no rule or adjudication applies; default-trust=computed
2023,COM,CB015BUS07,,,extended,5,180,0,180,False,0,92450,0,0,,,unmatched,,180,,consistent,92450,no_published,none,,high,computed credits equal the stated total
2023,COM,CB015BUS08,,,extended,1,131,0,131,False,0,64090,0,0,,,unmatched,,131,,consistent,64090,no_published,none,,high,computed credits equal the stated total
2023,COM,CB015BUS08,,,extended,2,132,0,132,False,0,68640,0,0,,,unmatched,,132,,consistent,68640,no_published,none,,high,computed credits equal the stated total
2023,COM,CB015BUS08,,,extended,3,126,0,126,False,0,65200,0,0,,,unmatched,,126,,consistent,65200,no_published,none,,high,computed credits equal the stated total
2023,COM,CB015BUS08,,,extended,4,138,0,120,False,18,69640,9430,0,,,unmatched,,138,,unresolved,69640,no_published,none,,low,no rule or adjudication applies; default-trust=computed
2023,COM,CB015BUS08,,,extended,5,36,0,156,False,-120,18740,0,0,,,unmatched,,156,,resolved_manual,18740,no_published,R3,COM-2023-006,high,"The extracted course set for this year is demonstrably incomplete (rows unparsed in this edition's layout or an open-elective year without a parsable slot line); the stated total, corroborated by sibling editions, is the reliable carrier of the load."
2023,COM,CB015BUS22,,,extended,1,113,0,113,False,0,55440,0,0,,,unmatched,,113,,consistent,55440,no_published,none,,high,computed credits equal the stated total
2023,COM,CB015BUS22,,,extended,2,108,0,108,False,0,56190,0,0,,,unmatched,,108,,consistent,56190,no_published,none,,high,computed credits equal the stated total
2023,COM,CB015BUS22,,,extended,3,168,0,168,False,0,86390,0,0,,,unmatched,,168,,consistent,86390,no_published,none,,high,computed credits equal the stated total
2023,COM,CB015BUS22,,,extended,4,192,0,180,True,12,97730,0,0,,,unmatched,,192,,consistent,97730,no_published,none,,high,computed credits equal the stated total
2023,COM,CB015BUS22,,,extended,5,178,0,178,False,0,77830,0,0,,,unmatched,,178,,consistent,77830,no_published,none,,high,computed credits equal the stated total
2023,COM,CB015CSC05,,,extended,1,113,0,113,False,0,56190,0,0,,,unmatched,,113,,consistent,56190,no_published,none,,high,computed credits equal the stated total
2023,COM,CB015CSC05,,,extended,2,126,0,126,False,0,64620,0,0,,,unmatched,,126,,consistent,64620,no_published,none,,high,computed credits equal the stated total
2023,COM,CB015CSC05,,,extended,3,126,0,126,False,0,64650,0,0,,,unmatched,,126,,consistent,64650,no_published,none,,high,computed credits equal the stated total
2023,COM,CB015CSC05,,,extended,4,126,0,126,False,0,64710,0,0,,,unmatched,,126,,consistent,64710,no_published,none,,high,computed credits equal the stated total
2023,COM,CB015CSC05,,,extended,5,262,0,160,False,102,113750,0,0,,,unmatched,,160,,resolved_manual,113750,no_published,R3,COM-2023-007,high,"The year table lists a module menu with no printed selection rule, so the row sum counts every offering; the stated total is the only authoritative signal of the intended load and is stable across editions. Computed fee is left as the sum of listed modules and will show as published_divergent until the menu rule is confirmed."
2023,COM,CB015ECO01,,,extended,1,131,0,131,False,0,65890,0,0,,,unmatched,,131,,consistent,65890,no_published,none,,high,computed credits equal the stated total
2023,COM,CB015ECO01,,,extended,2,126,0,126,False,0,65140,0,0,,,unmatched,,126,,consistent,65140,no_published,none,,high,computed credits equal the stated total
2023,COM,CB015ECO01,,,extended,3,138,0,138,False,0,71140,9430,0,,,unmatched,,138,,consistent,71140,no_published,none,,high,computed credits equal the stated total
2023,COM,CB015ECO01,,,extended,4,156,1,90,True,66,80610,0,1,,,unmatched,,156,,unresolved,80610,no_published,none,,low,no rule or adjudication applies; default-trust=computed
2023,COM,CB015ECO01,,,extended,5,156,0,156,False,0,94180,0,0,,,unmatched,,156,,consistent,94180,no_published,none,,high,computed credits equal the stated total
2023,COM,CB015ECO03,,,extended,1,131,0,131,False,0,65890,0,0,,,unmatched,,131,,consistent,65890,no_published,none,,high,computed credits equal the stated total
2023,COM,CB015ECO03,,,extended,2,114,0,114,False,0,59210,0,0,,,unmatched,,114,,consistent,59210,no_published,none,,high,computed credits equal the stated total
2023,COM,CB015ECO03,,,extended,3,126,0,126,False,0,62490,0,0,,,unmatched,,126,,consistent,62490,no_published,none,,high,computed credits equal the stated total
2023,COM,CB015ECO03,,,extended,4,144,0,144,False,0,72170,9430,0,,,unmatched,,144,,consistent,72170,no_published,none,,high,computed credits equal the stated total
2023,COM,CB015ECO03,,,extended,5,156,0,166,False,-10,94180,0,0,,,unmatched,,156,,unresolved,94180,no_published,none,,low,no rule or adjudication applies; default-trust=computed
2023,COM,CB015FTX04,,,extended,1,131,0,131,False,0,65080,0,0,,,unmatched,,131,,consistent,65080,no_published,none,,high,computed credits equal the stated total
2023,COM,CB015FTX04,,,extended,2,135,0,135,False,0,72760,0,0,,,unmatched,,135,,consistent,72760,no_published,none,,high,computed credits equal the stated total
2023,COM,CB015FTX04,,,extended,3,168,0,168,False,0,87440,0,0,,,unmatched,,168,,consistent,87440,no_published,none,,high,computed credits equal the stated total
2023,COM,CB015FTX04,,,extended,4,144,0,144,False,0,74430,0,0,,,unmatched,,144,,consistent,74430,no_published,none,,high,computed credits equal the stated total
2023,COM,CB015FTX04,,,extended,5,144,0,144,False,0,75200,0,0,,,unmatched,,144,,consistent,75200,no_published,none,,high,computed credits equal the stated total
2023,COM,CB015FTX05,,,extended,1,149,0,131,False,18,75320,0,0,,,unmatched,,149,,unresolved,75320,no_published,none,,low,no rule or adjudication applies; default-trust=computed
2023,COM,CB015FTX05,,,extended,2,132,0,150,False,-18,67830,0,0,,,unmatched,,132,,unresolved,67830,no_published,none,,low,no rule or adjudication applies; default-trust=computed
2023,COM,CB015FTX05,,,extended,3,90,0,90,False,0,46820,9430,0,,,unmatched,,90,,consistent,46820,no_published,none,,high,computed credits equal the stated total
2023,COM,CB015FTX05,,,extended,4,144,0,144,False,0,74790,0,0,,,unmatched,,144,,consistent,74790,no_published,none,,high,computed credits equal the stated total
2023,COM,CB015FTX05,,,extended,5,144,0,144,False,0,75200,0,0,,,unmatched,,144,,consistent,75200,no_published,none,,high,computed credits equal the stated total
2023,COM,CB015INF01,,,extended,1,131,0,131,False,0,65080,0,0,,,unmatched,,131,,consistent,65080,no_published,none,,high,computed credits equal the stated total
2023,COM,CB015INF01,,,extended,2,108,0,108,False,0,56520,0,0,,,unmatched,,108,,consistent,56520,no_published,none,,high,computed credits equal the stated total
2023,COM,CB015INF01,,,extended,3,150,0,150,False,0,77960,0,0,,,unmatched,,150,,consistent,77960,no_published,none,,high,computed credits equal the stated total
2023,COM,CB015INF01,,,extended,4,120,0,120,False,0,65890,0,0,,,unmatched,,120,,consistent,65890,no_published,none,,high,computed credits equal the stated total
2023,COM,CB015INF01,,,extended,5,176,0,176,False,0,86470,0,0,,,unmatched,,176,,consistent,86470,no_published,none,,high,computed credits equal the stated total
2023,COM,CB018BUS01,,,extended,1,113,0,113,False,0,56250,0,0,,,unmatched,,113,,consistent,56250,no_published,none,,high,computed credits equal the stated total
2023,COM,CB018BUS01,,,extended,2,108,0,108,False,0,56460,0,0,,,unmatched,,108,,consistent,56460,no_published,none,,high,computed credits equal the stated total
2023,COM,CB018BUS01,,,extended,3,150,0,150,False,0,77250,0,0,,,unmatched,,150,,consistent,77250,no_published,none,,high,computed credits equal the stated total
2023,COM,CB018BUS01,,,extended,4,180,0,180,False,0,94450,0,0,,,unmatched,,180,,consistent,94450,no_published,none,,high,computed credits equal the stated total
2023,COM,CB018BUS01,,,extended,5,174,0,174,False,0,80600,0,0,,,unmatched,,174,,consistent,80600,no_published,none,,high,computed credits equal the stated total
2023,COM,CB018BUS09,,,extended,1,113,0,113,False,0,56250,0,0,,,unmatched,,113,,consistent,56250,no_published,none,,high,computed credits equal the stated total
2023,COM,CB018BUS09,,,extended,2,108,0,108,False,0,56460,0,0,,,unmatched,,108,,consistent,56460,no_published,none,,high,computed credits equal the stated total
2023,COM,CB018BUS09,,,extended,3,150,0,150,False,0,77250,0,0,,,unmatched,,150,,consistent,77250,no_published,none,,high,computed credits equal the stated total
2023,COM,CB018BUS09,,,extended,4,198,0,198,False,0,101550,0,0,,,unmatched,,198,,consistent,101550,no_published,none,,high,computed credits equal the stated total
2023,COM,CB018BUS09,,,extended,5,147,0,147,False,0,75110,0,0,,,unmatched,,147,,consistent,75110,no_published,none,,high,computed credits equal the stated total
2023,COM,CB019BUS01,BCom,Actuarial Science,regular,1,185,0,185,False,0,93850,0,0,93850,BCom specialising in Actuarial Science,label_match,0.0,185,,consistent,93850,reconciled,none,,high,computed credits equal the stated total
2023,COM,CB019BUS01,BCom,Actuarial Science,regular,2,186,0,186,False,0,96110,0,0,95260,BCom specialising in Actuarial Science,label_match,0.9,186,,consistent,96110,reconciled,none,,high,computed credits equal the stated total
2023,COM,CB019BUS01,BCom,Actuarial Science,regular,3,162,0,162,False,0,85020,0,0,82690,BCom specialising in Actuarial Science,label_match,2.8,162,,consistent,85020,reconciled,none,,high,computed credits equal the stated total
2023,COM,CB019BUS09,BCom,Actuarial Science: Quantitative Finance,regular,1,185,0,185,False,0,93850,0,0,93850,BCom specialising in Actuarial Science Quantitative Finance Stream,label_match,0.0,185,,consistent,93850,reconciled,none,,high,computed credits equal the stated total
2023,COM,CB019BUS09,BCom,Actuarial Science: Quantitative Finance,regular,2,186,0,186,False,0,96110,0,0,96110,BCom specialising in Actuarial Science Quantitative Finance Stream,label_match,0.0,186,,consistent,96110,reconciled,none,,high,computed credits equal the stated total
2023,COM,CB019BUS09,BCom,Actuarial Science: Quantitative Finance,regular,3,180,0,180,False,0,92120,0,0,92150,BCom specialising in Actuarial Science Quantitative Finance Stream,label_match,-0.0,180,,consistent,92120,reconciled,none,,high,computed credits equal the stated total
2023,COM,CB020BUS01,BCom,Actuarial Science,extended,1,113,0,113,False,0,56250,0,0,56250,BCom Academic Development specialising in Actuarial Science,ad_duration,0.0,113,,consistent,56250,reconciled,none,,high,computed credits equal the stated total
2023,COM,CB020BUS01,BCom,Actuarial Science,extended,2,108,0,108,False,0,56460,0,0,56460,BCom Academic Development specialising in Actuarial Science,ad_duration,0.0,108,,consistent,56460,reconciled,none,,high,computed credits equal the stated total
2023,COM,CB020BUS01,BCom,Actuarial Science,extended,3,150,0,150,False,0,77250,0,0,77250,BCom Academic Development specialising in Actuarial Science,ad_duration,0.0,150,,consistent,77250,reconciled,none,,high,computed credits equal the stated total
2023,COM,CB020BUS01,BCom,Actuarial Science,extended,4,162,0,162,False,0,85020,0,0,91020,BCom Academic Development specialising in Actuarial Science,ad_duration,-6.6,162,,consistent,85020,published_divergent,none,,high,computed credits equal the stated total
2023,COM,CB020BUS09,BCom,Actuarial Science: Quantitative Finance,extended,1,113,0,113,False,0,56250,0,0,56250,BCom Academic Development specialising in Actuarial Science Quantitative Finance Stream,ad_duration,0.0,113,,consistent,56250,reconciled,none,,high,computed credits equal the stated total
2023,COM,CB020BUS09,BCom,Actuarial Science: Quantitative Finance,extended,2,126,0,126,False,0,65080,0,0,65080,BCom Academic Development specialising in Actuarial Science Quantitative Finance Stream,ad_duration,0.0,126,,consistent,65080,reconciled,none,,high,computed credits equal the stated total
2023,COM,CB020BUS09,BCom,Actuarial Science: Quantitative Finance,extended,3,132,0,132,False,0,68630,0,0,68630,BCom Academic Development specialising in Actuarial Science Quantitative Finance Stream,ad_duration,0.0,132,,consistent,68630,reconciled,none,,high,computed credits equal the stated total
2023,COM,CB020BUS09,BCom,Actuarial Science: Quantitative Finance,extended,4,180,0,180,False,0,92120,0,0,92120,BCom Academic Development specialising in Actuarial Science Quantitative Finance Stream,ad_duration,0.0,180,,consistent,92120,reconciled,none,,high,computed credits equal the stated total
2023,COM,CB023ACC03,BCom,Financial Accounting: Accounting with Law,augmented,1,146,0,146,False,0,73760,0,0,,,unmatched,,146,,consistent,73760,no_published,none,,high,computed credits equal the stated total
2023,COM,CB023ACC03,BCom,Financial Accounting: Accounting with Law,augmented,2,162,0,162,False,0,81230,0,0,,,unmatched,,162,,consistent,81230,no_published,none,,high,computed credits equal the stated total
2023,COM,CB023ACC03,BCom,Financial Accounting: Accounting with Law,augmented,3,144,0,144,False,0,72050,0,0,,,unmatched,,144,,consistent,72050,no_published,none,,high,computed credits equal the stated total
2023,COM,CB023ACC04,BCom,Financial Accounting: Chartered Accountant,augmented,1,146,0,146,False,0,73760,0,0,,,unmatched,,146,,consistent,73760,no_published,none,,high,computed credits equal the stated total
2023,COM,CB023ACC04,BCom,Financial Accounting: Chartered Accountant,augmented,2,162,0,162,False,0,83690,0,0,,,unmatched,,162,,consistent,83690,no_published,none,,high,computed credits equal the stated total
2023,COM,CB023ACC04,BCom,Financial Accounting: Chartered Accountant,augmented,3,138,0,138,False,0,73620,0,0,,,unmatched,,138,,consistent,73620,no_published,none,,high,computed credits equal the stated total
2023,COM,CB023ACC08,BCom,Financial Accounting: General Accounting,augmented,1,146,0,146,False,0,73760,0,0,,,unmatched,,146,,consistent,73760,no_published,none,,high,computed credits equal the stated total
2023,COM,CB023ACC08,BCom,Financial Accounting: General Accounting,augmented,2,144,0,144,False,0,74510,0,0,,,unmatched,,144,,consistent,74510,no_published,none,,high,computed credits equal the stated total
2023,COM,CB023ACC08,BCom,Financial Accounting: General Accounting,augmented,3,138,0,138,False,0,73370,0,0,,,unmatched,,138,,consistent,73370,no_published,none,,high,computed credits equal the stated total
2023,COM,CB023BUS06,BCom,Management Studies,augmented,1,203,0,185,False,18,102680,0,0,65140,BCom Academic Development specialising in Management Studies,label_match,57.6,203,,unresolved,102680,published_divergent,none,,low,no rule or adjudication applies; default-trust=computed
2023,COM,CB023BUS06,BCom,Management Studies,augmented,2,168,0,168,False,0,87310,18860,0,56460,BCom Academic Development specialising in Management Studies,label_match,54.6,168,,consistent,87310,published_divergent,none,,high,computed credits equal the stated total
2023,COM,CB023BUS06,BCom,Management Studies,augmented,3,18,2,18,False,0,9430,0,2,68450,BCom Academic Development specialising in Management Studies,label_match,-86.2,18,,unresolved,9430,published_divergent,none,,low,no rule or adjudication applies; default-trust=computed
2023,COM,CB023ECO02,BCom,Economics and Finance,augmented,1,167,0,167,False,0,84690,0,0,,,unmatched,,167,,consistent,84690,no_published,none,,high,computed credits equal the stated total
2023,COM,CB023ECO02,BCom,Economics and Finance,augmented,2,150,0,150,True,0,77320,0,0,,,unmatched,,150,,consistent,77320,no_published,none,,high,computed credits equal the stated total
2023,COM,CB023ECO02,BCom,Economics and Finance,augmented,3,144,0,144,False,0,75190,9430,0,,,unmatched,,144,,consistent,75190,no_published,none,,high,computed credits equal the stated total
2023,COM,CB023ECO03,BCom,Economics with Law,augmented,1,149,0,149,False,0,75320,0,0,,,unmatched,,149,,consistent,75320,no_published,none,,high,computed credits equal the stated total
2023,COM,CB023ECO03,BCom,Economics with Law,augmented,2,162,0,162,True,0,80450,0,0,,,unmatched,,162,,consistent,80450,no_published,none,,high,computed credits equal the stated total
2023,COM,CB023ECO03,BCom,Economics with Law,augmented,3,144,0,144,False,0,72170,0,0,,,unmatched,,144,,consistent,72170,no_published,none,,high,computed credits equal the stated total
2023,COM,CB023ECO04,BCom,Economics and Statistics,augmented,1,185,0,167,False,18,94060,0,0,,,unmatched,,185,,unresolved,94060,no_published,none,,low,no rule or adjudication applies; default-trust=computed
2023,COM,CB023ECO04,BCom,Economics and Statistics,augmented,2,210,0,156,True,54,106920,0,0,,,unmatched,,210,,consistent,106920,no_published,none,,high,computed credits equal the stated total
2023,COM,CB023ECO04,BCom,Economics and Statistics,augmented,3,252,0,180,False,72,129420,9430,0,,,unmatched,,252,,unresolved,129420,no_published,none,,low,no rule or adjudication applies; default-trust=computed
2023,COM,CB023INF01,BCom,Information Systems,augmented,1,149,0,149,False,0,74570,0,0,,,unmatched,,149,,consistent,74570,no_published,none,,high,computed credits equal the stated total
2023,COM,CB023INF01,BCom,Information Systems,augmented,2,144,0,144,False,0,75460,9430,0,,,unmatched,,144,,consistent,75460,no_published,none,,high,computed credits equal the stated total
2023,COM,CB023INF01,BCom,Information Systems,augmented,3,156,0,156,False,0,84500,18860,0,,,unmatched,,156,,consistent,84500,no_published,none,,high,computed credits equal the stated total
2023,COM,CB023INF06,BCom,Information Systems and Computer Science,augmented,1,167,0,149,False,18,84150,0,0,,,unmatched,,167,,unresolved,84150,no_published,none,,low,no rule or adjudication applies; default-trust=computed
2023,COM,CB023INF06,BCom,Information Systems and Computer Science,augmented,2,162,0,162,False,0,82440,0,0,,,unmatched,,162,,consistent,82440,no_published,none,,high,computed credits equal the stated total
2023,COM,CB023INF06,BCom,Information Systems and Computer Science,augmented,3,144,0,144,False,0,74140,0,0,,,unmatched,,144,,consistent,74140,no_published,none,,high,computed credits equal the stated total
2023,COM,CB023INF11,BCom,Information Systems and Finance,augmented,1,167,0,167,False,0,84690,0,0,,,unmatched,,167,,consistent,84690,no_published,none,,high,computed credits equal the stated total
2023,COM,CB023INF11,BCom,Information Systems and Finance,augmented,2,162,0,162,False,0,84140,0,0,,,unmatched,,162,,consistent,84140,no_published,none,,high,computed credits equal the stated total
2023,COM,CB023INF11,BCom,Information Systems and Finance,augmented,3,150,0,150,False,0,77880,0,0,,,unmatched,,150,,consistent,77880,no_published,none,,high,computed credits equal the stated total
2023,COM,CB023PHI03,BCom,"Philosophy, Politics & Economics",augmented,1,149,0,149,False,0,72680,0,0,,,unmatched,,149,,consistent,72680,no_published,none,,high,computed credits equal the stated total
2023,COM,CB023PHI03,BCom,"Philosophy, Politics & Economics",augmented,2,246,0,174,False,72,121090,0,0,,,unmatched,,246,,unresolved,121090,no_published,none,,low,no rule or adjudication applies; default-trust=computed
2023,COM,CB023PHI03,BCom,"Philosophy, Politics & Economics",augmented,3,222,3,168,False,54,94570,9430,3,,,unmatched,,222,,unresolved,94570,no_published,none,,low,no rule or adjudication applies; default-trust=computed
2023,COM,CB024BUS07,BBusSc,Marketing,augmented,1,167,0,167,False,0,84690,0,0,65080,BBusSc Academic Development specialising in Marketing,label_match,30.1,167,,consistent,84690,published_divergent,none,,high,computed credits equal the stated total
2023,COM,CB024BUS07,BBusSc,Marketing,augmented,2,168,0,168,False,0,86500,0,0,68640,BBusSc Academic Development specialising in Marketing,label_match,26.0,168,,consistent,86500,published_divergent,none,,high,computed credits equal the stated total
2023,COM,CB024BUS07,BBusSc,Marketing,augmented,3,198,0,180,False,18,93650,9430,0,56330,BBusSc Academic Development specialising in Marketing,label_match,66.3,198,,unresolved,93650,published_divergent,none,,low,no rule or adjudication applies; default-trust=computed
2023,COM,CB024BUS07,BBusSc,Marketing,augmented,4,180,0,180,False,0,92450,0,0,65360,BBusSc Academic Development specialising in Marketing,label_match,41.4,180,,consistent,92450,published_divergent,none,,high,computed credits equal the stated total
2023,COM,CB024BUS08,BBusSc,Organisational Psychology,augmented,1,167,0,167,False,0,82890,0,0,64090,BBusSc Academic Development specialising in Organisational Psychology,label_match,29.3,167,,consistent,82890,published_divergent,none,,high,computed credits equal the stated total
2023,COM,CB024BUS08,BBusSc,Organisational Psychology,augmented,2,162,0,162,False,0,84870,0,0,68640,BBusSc Academic Development specialising in Organisational Psychology,label_match,23.6,162,,consistent,84870,published_divergent,none,,high,computed credits equal the stated total
2023,COM,CB024BUS08,BBusSc,Organisational Psychology,augmented,3,198,0,180,False,18,99810,9430,0,65200,BBusSc Academic Development specialising in Organisational Psychology,label_match,53.1,198,,unresolved,99810,published_divergent,none,,low,no rule or adjudication applies; default-trust=computed
2023,COM,CB024BUS08,BBusSc,Organisational Psychology,augmented,4,36,0,156,False,-120,18740,0,0,69640,BBusSc Academic Development specialising in Organisational Psychology,label_match,-73.1,156,,resolved_manual,18740,published_divergent,R3,COM-2023-008,high,"The extracted course set for this year is demonstrably incomplete (rows unparsed in this edition's layout or an open-elective year without a parsable slot line); the stated total, corroborated by sibling editions, is the reliable carrier of the load."
2023,COM,CB024BUS22,,,augmented,1,185,0,185,False,0,93580,0,0,,,unmatched,,185,,consistent,93580,no_published,none,,high,computed credits equal the stated total
2023,COM,CB024BUS22,,,augmented,2,186,0,186,False,0,95010,0,0,,,unmatched,,186,,consistent,95010,no_published,none,,high,computed credits equal the stated total
2023,COM,CB024BUS22,,,augmented,3,210,0,198,True,12,107160,0,0,,,unmatched,,210,,consistent,107160,no_published,none,,high,computed credits equal the stated total
2023,COM,CB024BUS22,,,augmented,4,178,0,178,False,0,77830,0,0,,,unmatched,,178,,consistent,77830,no_published,none,,high,computed credits equal the stated total
2023,COM,CB024CSC05,BBusSc,Computer Science,augmented,1,149,0,185,False,-36,74720,0,0,56190,BBusSc Academic Development specialising in Computer Science,label_match,33.0,149,,resolved_computed,74720,published_divergent,R1a,R1a,high,"stated total exceeds the taken-course sum by exactly the credits of the non-taken alternatives (all choice groups, 36 cr) — the printed total double-counts choices"
2023,COM,CB024CSC05,BBusSc,Computer Science,augmented,2,162,0,162,False,0,83260,0,0,64620,BBusSc Academic Development specialising in Computer Science,label_match,28.8,162,,consistent,83260,published_divergent,none,,high,computed credits equal the stated total
2023,COM,CB024CSC05,BBusSc,Computer Science,augmented,3,180,0,180,False,0,92190,0,0,64650,BBusSc Academic Development specialising in Computer Science,label_match,42.6,180,,consistent,92190,published_divergent,none,,high,computed credits equal the stated total
2023,COM,CB024CSC05,BBusSc,Computer Science,augmented,4,262,0,160,False,102,113750,0,0,64710,BBusSc Academic Development specialising in Computer Science,label_match,75.8,160,,resolved_manual,113750,published_divergent,R3,COM-2023-009,high,"The year table lists a module menu with no printed selection rule, so the row sum counts every offering; the stated total is the only authoritative signal of the intended load and is stable across editions. Computed fee is left as the sum of listed modules and will show as published_divergent until the menu rule is confirmed."
2023,COM,CB024ECO01,BBusSc,Economics,augmented,1,167,0,167,False,0,84690,0,0,65890,BBusSc Academic Development specialising in Economics,label_match,28.5,167,,consistent,84690,published_divergent,none,,high,computed credits equal the stated total
2023,COM,CB024ECO01,BBusSc,Economics,augmented,2,156,0,156,True,0,80010,0,0,65140,BBusSc Academic Development specialising in Economics,label_match,22.8,156,,consistent,80010,published_divergent,none,,high,computed credits equal the stated total
2023,COM,CB024ECO01,BBusSc,Economics,augmented,3,228,1,162,True,66,118080,9430,1,71140,BBusSc Academic Development specialising in Economics,label_match,66.0,228,,unresolved,118080,published_divergent,none,,low,no rule or adjudication applies; default-trust=computed
2023,COM,CB024ECO01,BBusSc,Economics,augmented,4,156,0,156,False,0,94180,0,0,47150,BBusSc Academic Development specialising in Economics,label_match,99.7,156,,consistent,94180,published_divergent,none,,high,computed credits equal the stated total
2023,COM,CB024ECO03,BBusSc,Economics with Law,augmented,1,167,0,167,False,0,84690,0,0,65890,BBusSc Academic Development specialising in Economics with Law,label_match,28.5,167,,consistent,84690,published_divergent,none,,high,computed credits equal the stated total
2023,COM,CB024ECO03,BBusSc,Economics with Law,augmented,2,168,0,168,False,0,84290,0,0,59210,BBusSc Academic Development specialising in Economics with Law,label_match,42.4,168,,consistent,84290,published_divergent,none,,high,computed credits equal the stated total
2023,COM,CB024ECO03,BBusSc,Economics with Law,augmented,3,162,0,162,False,0,81350,9430,0,62490,BBusSc Academic Development specialising in Economics with Law,label_match,30.2,162,,consistent,81350,published_divergent,none,,high,computed credits equal the stated total
2023,COM,CB024ECO03,BBusSc,Economics with Law,augmented,4,174,0,174,False,0,103610,0,0,72170,BBusSc Academic Development specialising in Economics with Law,label_match,43.6,174,,consistent,103610,published_divergent,none,,high,computed credits equal the stated total
2023,COM,CB024FTX04,BBusSc,Finance with Accounting,augmented,1,164,0,164,False,0,83130,0,0,65080,BBusSc Academic Development specialising in Finance with Accounting,label_match,27.7,164,,consistent,83130,published_divergent,none,,high,computed credits equal the stated total
2023,COM,CB024FTX04,BBusSc,Finance with Accounting,augmented,2,162,0,162,False,0,85690,0,0,72760,BBusSc Academic Development specialising in Finance with Accounting,label_match,17.8,162,,consistent,85690,published_divergent,none,,high,computed credits equal the stated total
2023,COM,CB024FTX04,BBusSc,Finance with Accounting,augmented,3,180,0,180,False,0,93290,0,0,87440,BBusSc Academic Development specialising in Finance with Accounting,label_match,6.7,180,,consistent,93290,published_divergent,none,,high,computed credits equal the stated total
2023,COM,CB024FTX04,BBusSc,Finance with Accounting,augmented,4,162,0,162,False,0,84630,0,0,74430,BBusSc Academic Development specialising in Finance with Accounting,label_match,13.7,162,,consistent,84630,published_divergent,none,,high,computed credits equal the stated total
2023,COM,CB024FTX05,BBusSc,Finance,augmented,1,167,0,182,False,-15,84690,0,0,73760,BBusSc Academic Development specialising in Finance,label_match,14.8,167,,unresolved,84690,published_divergent,none,,low,no rule or adjudication applies; default-trust=computed
2023,COM,CB024FTX05,BBusSc,Finance,augmented,2,168,0,168,False,0,86500,0,0,67830,BBusSc Academic Development specialising in Finance,label_match,27.5,168,,consistent,86500,published_divergent,none,,high,computed credits equal the stated total
2023,COM,CB024FTX05,BBusSc,Finance,augmented,3,162,0,180,False,-18,84140,0,0,46820,BBusSc Academic Development specialising in Finance,label_match,79.7,162,,unresolved,84140,published_divergent,none,,low,no rule or adjudication applies; default-trust=computed
2023,COM,CB024FTX05,BBusSc,Finance,augmented,4,144,0,144,False,0,75200,0,0,74790,BBusSc Academic Development specialising in Finance,label_match,0.5,144,,consistent,75200,reconciled,none,,high,computed credits equal the stated total
2023,COM,CB024INF01,BBusSc,Information Systems,augmented,1,185,0,185,False,0,93310,0,0,65080,BBusSc Academic Development specialising in Information Systems,label_match,43.4,185,,consistent,93310,published_divergent,none,,high,computed credits equal the stated total
2023,COM,CB024INF01,BBusSc,Information Systems,augmented,2,168,0,168,False,0,87640,0,0,56520,BBusSc Academic Development specialising in Information Systems,label_match,55.1,168,,consistent,87640,published_divergent,none,,high,computed credits equal the stated total
2023,COM,CB024INF01,BBusSc,Information Systems,augmented,3,156,0,156,False,0,84500,0,0,77960,BBusSc Academic Development specialising in Information Systems,label_match,8.4,156,,consistent,84500,published_divergent,none,,high,computed credits equal the stated total
2023,COM,CB024INF01,BBusSc,Information Systems,augmented,4,176,0,176,False,0,86470,0,0,65890,BBusSc Academic Development specialising in Information Systems,label_match,31.2,176,,consistent,86470,published_divergent,none,,high,computed credits equal the stated total
2023,COM,CB025BUS01,BBusSc,Actuarial Science,augmented,1,185,0,185,False,0,93850,0,0,,,unmatched,,185,,consistent,93850,no_published,none,,high,computed credits equal the stated total
2023,COM,CB025BUS01,BBusSc,Actuarial Science,augmented,2,186,0,186,False,0,96110,0,0,,,unmatched,,186,,consistent,96110,no_published,none,,high,computed credits equal the stated total
2023,COM,CB025BUS01,BBusSc,Actuarial Science,augmented,3,180,0,180,False,0,94450,0,0,,,unmatched,,180,,consistent,94450,no_published,none,,high,computed credits equal the stated total
2023,COM,CB025BUS01,BBusSc,Actuarial Science,augmented,4,174,0,174,False,0,80600,0,0,,,unmatched,,174,,consistent,80600,no_published,none,,high,computed credits equal the stated total
2023,COM,CB025BUS09,BBusSc,Actuarial Science: Quantitative Finance,augmented,1,185,0,185,False,0,93850,0,0,56250,BBusSc Academic Development specialising in Actuarial Science: Quantitative Finance Stream,label_match,66.8,185,,consistent,93850,published_divergent,none,,high,computed credits equal the stated total
2023,COM,CB025BUS09,BBusSc,Actuarial Science: Quantitative Finance,augmented,2,186,0,186,False,0,96110,0,0,56460,BBusSc Academic Development specialising in Actuarial Science: Quantitative Finance Stream,label_match,70.2,186,,consistent,96110,published_divergent,none,,high,computed credits equal the stated total
2023,COM,CB025BUS09,BBusSc,Actuarial Science: Quantitative Finance,augmented,3,198,0,198,False,0,101550,0,0,77250,BBusSc Academic Development specialising in Actuarial Science: Quantitative Finance Stream,label_match,31.5,198,,consistent,101550,published_divergent,none,,high,computed credits equal the stated total
2023,COM,CB025BUS09,BBusSc,Actuarial Science: Quantitative Finance,augmented,4,147,0,147,False,0,75110,0,0,94450,BBusSc Academic Development specialising in Actuarial Science: Quantitative Finance Stream,label_match,-20.5,147,,consistent,75110,published_divergent,none,,high,computed credits equal the stated total
2023,COM,CB026BUS01,BCom,Actuarial Science,augmented,1,185,0,185,False,0,93850,0,0,,,unmatched,,185,,consistent,93850,no_published,none,,high,computed credits equal the stated total
2023,COM,CB026BUS01,BCom,Actuarial Science,augmented,2,186,0,186,False,0,96110,0,0,,,unmatched,,186,,consistent,96110,no_published,none,,high,computed credits equal the stated total
2023,COM,CB026BUS01,BCom,Actuarial Science,augmented,3,162,0,162,False,0,85020,0,0,,,unmatched,,162,,consistent,85020,no_published,none,,high,computed credits equal the stated total
2023,COM,CB026BUS09,BCom,Actuarial Science: Quantitative Finance,augmented,1,185,0,185,False,0,93850,0,0,,,unmatched,,185,,consistent,93850,no_published,none,,high,computed credits equal the stated total
2023,COM,CB026BUS09,BCom,Actuarial Science: Quantitative Finance,augmented,2,186,0,186,False,0,96110,0,0,,,unmatched,,186,,consistent,96110,no_published,none,,high,computed credits equal the stated total
2023,COM,CB026BUS09,BCom,Actuarial Science: Quantitative Finance,augmented,3,180,0,180,False,0,92120,0,0,,,unmatched,,180,,consistent,92120,no_published,none,,high,computed credits equal the stated total
2023,COM,CU017ACC01,AdvDip,Accounting,regular,1,138,0,144,False,-6,73700,0,0,,,unmatched,,138,,unresolved,73700,no_published,none,,low,no rule or adjudication applies; default-trust=computed
2023,COM,CU020BUS01,AdvDip,Actuarial Science,regular,1,180,0,126,True,54,94700,0,0,,,unmatched,,180,,consistent,94700,no_published,none,,high,computed credits equal the stated total
2023,COM,CU021GSB48,AdvDip,Management Development,regular,1,120,0,,False,,0,0,7,,,unmatched,,120,,unresolved,0,no_published,none,,low,no rule or adjudication applies; default-trust=computed
2023,EBE,EB001CHE01,,,regular,1,146,0,146,False,0,77240,0,0,77240,BSc Eng (Chemical),duration,0.0,146,,consistent,77240,reconciled,none,,high,computed credits equal the stated total
2023,EBE,EB001CHE01,,,regular,2,144,0,144,True,0,85100,22640,0,87140,BSc Eng (Chemical),duration,-2.3,144,,consistent,85100,reconciled,none,,high,computed credits equal the stated total
2023,EBE,EB001CHE01,,,regular,3,142,0,142,True,0,84274,31444,0,79240,BSc Eng (Chemical),duration,6.4,142,,consistent,84274,published_divergent,none,,high,computed credits equal the stated total
2023,EBE,EB001CHE01,,,regular,4,128,0,128,True,0,79382,10062,0,86380,BSc Eng (Chemical),duration,-8.1,128,,consistent,79382,published_divergent,none,,high,computed credits equal the stated total
2023,EBE,EB002CIV01,BSc(Eng),Civil Engineering,regular,1,144,0,144,False,0,78570,0,0,78570,BSc Eng (Civil),duration,0.0,144,,consistent,78570,reconciled,none,,high,computed credits equal the stated total
2023,EBE,EB002CIV01,BSc(Eng),Civil Engineering,regular,2,144,0,144,False,0,77360,0,0,77360,BSc Eng (Civil),duration,0.0,144,,consistent,77360,reconciled,none,,high,computed credits equal the stated total
2023,EBE,EB002CIV01,BSc(Eng),Civil Engineering,regular,3,134,0,152,False,-18,67270,0,0,78640,BSc Eng (Civil),duration,-14.5,134,,unresolved,67270,published_divergent,none,,low,no rule or adjudication applies; default-trust=computed
2023,EBE,EB002CIV01,BSc(Eng),Civil Engineering,regular,4,144,0,144,False,0,86660,0,0,86660,BSc Eng (Civil),duration,0.0,144,,consistent,86660,reconciled,none,,high,computed credits equal the stated total
2023,EBE,EB005MEC01,BSc(Eng),Mechanical Engineering,regular,1,144,0,144,False,0,80050,0,0,80050,BSc Eng (Mechanical),duration,0.0,144,,consistent,80050,reconciled,none,,high,computed credits equal the stated total
2023,EBE,EB005MEC01,BSc(Eng),Mechanical Engineering,regular,2,144,0,144,False,0,80590,0,0,80590,BSc Eng (Mechanical),duration,0.0,144,,consistent,80590,reconciled,none,,high,computed credits equal the stated total
2023,EBE,EB005MEC01,BSc(Eng),Mechanical Engineering,regular,3,144,0,144,False,0,83650,0,0,83650,BSc Eng (Mechanical),duration,0.0,144,,consistent,83650,reconciled,none,,high,computed credits equal the stated total
2023,EBE,EB005MEC01,BSc(Eng),Mechanical Engineering,regular,4,144,0,144,False,0,81623,21863,0,82000,BSc Eng (Mechanical),duration,-0.5,144,,consistent,81623,reconciled,none,,high,computed credits equal the stated total
2023,EBE,EB009EEE01,BSc(Eng),Electrical Engineering,regular,1,148,0,148,False,0,80380,0,0,80380,BSc Eng (Electrical),duration,0.0,148,,consistent,80380,reconciled,none,,high,computed credits equal the stated total
2023,EBE,EB009EEE01,BSc(Eng),Electrical Engineering,regular,2,144,0,144,False,0,86450,0,0,86450,BSc Eng (Electrical),duration,0.0,144,,consistent,86450,reconciled,none,,high,computed credits equal the stated total
2023,EBE,EB009EEE01,BSc(Eng),Electrical Engineering,regular,3,146,0,146,True,0,80880,9370,0,81510,BSc Eng (Electrical),duration,-0.8,146,,consistent,80880,reconciled,none,,high,computed credits equal the stated total
2023,EBE,EB009EEE01,BSc(Eng),Electrical Engineering,regular,4,138,0,138,True,0,74917,24987,0,78040,BSc Eng (Electrical),duration,-4.0,138,,consistent,74917,reconciled,none,,high,computed credits equal the stated total
2023,EBE,EB010MEC05,BSc(Eng),Mechanical & Mechatronic Engineering,regular,1,144,0,144,False,0,80050,0,0,80050,BSc Eng (Mechanical and Mechatronic Engineering),duration,0.0,144,,consistent,80050,reconciled,none,,high,computed credits equal the stated total
2023,EBE,EB010MEC05,BSc(Eng),Mechanical & Mechatronic Engineering,regular,2,144,0,144,False,0,80590,0,0,80590,BSc Eng (Mechanical and Mechatronic Engineering),duration,0.0,144,,consistent,80590,reconciled,none,,high,computed credits equal the stated total
2023,EBE,EB010MEC05,BSc(Eng),Mechanical & Mechatronic Engineering,regular,3,144,0,144,False,0,83790,0,0,83790,BSc Eng (Mechanical and Mechatronic Engineering),duration,0.0,144,,consistent,83790,reconciled,none,,high,computed credits equal the stated total
2023,EBE,EB010MEC05,BSc(Eng),Mechanical & Mechatronic Engineering,regular,4,144,0,144,False,0,82427,15617,0,82800,BSc Eng (Mechanical and Mechatronic Engineering),duration,-0.5,144,,consistent,82427,reconciled,none,,high,computed credits equal the stated total
2023,EBE,EB011EEE05,BSc(Eng),Mechatronics,regular,1,148,0,148,True,0,80380,0,0,80380,BSc Eng (Mechatronics),duration,0.0,148,,consistent,80380,reconciled,none,,high,computed credits equal the stated total
2023,EBE,EB011EEE05,BSc(Eng),Mechatronics,regular,2,144,0,144,True,0,86450,0,0,86450,BSc Eng (Mechatronics),duration,0.0,144,,consistent,86450,reconciled,none,,high,computed credits equal the stated total
2023,EBE,EB011EEE05,BSc(Eng),Mechatronics,regular,3,146,0,146,True,0,83330,9370,0,83960,BSc Eng (Mechatronics),duration,-0.8,146,,consistent,83330,reconciled,none,,high,computed credits equal the stated total
2023,EBE,EB011EEE05,BSc(Eng),Mechatronics,regular,4,138,0,138,True,0,74917,24987,0,78040,BSc Eng (Mechatronics),duration,-4.0,138,,consistent,74917,reconciled,none,,high,computed credits equal the stated total
2023,EBE,EB012APG01,BAS,,regular,1,144,0,144,False,0,78330,0,2,78330,Bachelor of Architectural Studies,label_match,0.0,144,,consistent,78330,reconciled,none,,high,computed credits equal the stated total
2023,EBE,EB012APG01,BAS,,regular,2,144,0,144,False,0,74770,0,0,74770,Bachelor of Architectural Studies,label_match,0.0,144,,consistent,74770,reconciled,none,,high,computed credits equal the stated total
2023,EBE,EB012APG01,BAS,,regular,3,144,0,144,False,0,78130,0,0,78130,Bachelor of Architectural Studies,label_match,0.0,144,,consistent,78130,reconciled,none,,high,computed credits equal the stated total
2023,EBE,EB015CON04,BSc(ConStud),,regular,1,154,0,154,False,0,80730,0,0,80730,BSc in Construction Studies,label_match,0.0,154,,consistent,80730,reconciled,none,,high,computed credits equal the stated total
2023,EBE,EB015CON04,BSc(ConStud),,regular,2,154,0,154,False,0,76350,0,0,76350,BSc in Construction Studies,label_match,0.0,154,,consistent,76350,reconciled,none,,high,computed credits equal the stated total
2023,EBE,EB015CON04,BSc(ConStud),,regular,3,156,0,156,False,0,78210,0,0,78210,BSc in Construction Studies,label_match,0.0,156,,consistent,78210,reconciled,none,,high,computed credits equal the stated total
2023,EBE,EB017CON03,BSc(PropStud),,regular,1,152,0,152,False,0,78800,0,0,40000,BSc in Property Studies | MPhil In Conservation of Built Environment,label_match,97.0,152,,consistent,78800,published_divergent,none,,high,computed credits equal the stated total
2023,EBE,EB017CON03,BSc(PropStud),,regular,2,154,0,154,False,0,78610,0,0,40000,BSc in Property Studies | MPhil In Conservation of Built Environment,label_match,96.5,154,,consistent,78610,published_divergent,none,,high,computed credits equal the stated total
2023,EBE,EB017CON03,BSc(PropStud),,regular,3,162,0,162,False,0,83500,0,0,83500,BSc in Property Studies,label_match,0.0,162,,consistent,83500,reconciled,none,,high,computed credits equal the stated total
2023,EBE,EB019APG09,BSc(Geomatics),Surveying Stream,regular,1,124,0,124,False,0,64260,9370,0,66260,courses BSc (Geomatics),duration,-3.0,124,,consistent,64260,reconciled,none,,high,computed credits equal the stated total
2023,EBE,EB019APG09,BSc(Geomatics),Surveying Stream,regular,2,148,0,148,False,0,79620,0,0,79620,courses BSc (Geomatics),duration,0.0,148,,consistent,79620,reconciled,none,,high,computed credits equal the stated total
2023,EBE,EB019APG09,BSc(Geomatics),Surveying Stream,regular,3,144,0,144,False,0,78590,0,0,78590,courses BSc (Geomatics),duration,0.0,144,,consistent,78590,reconciled,none,,high,computed credits equal the stated total
2023,EBE,EB019APG09,BSc(Geomatics),Surveying Stream,regular,4,150,0,150,False,0,84480,0,0,84480,courses BSc (Geomatics),duration,0.0,150,,consistent,84480,reconciled,none,,high,computed credits equal the stated total
2023,EBE,EB019APG11,BSc(Geomatics),Geoinformatics Stream Environmental and Geographical Science Specialisation,regular,1,126,0,126,False,0,65060,0,0,66260,courses BSc (Geomatics),duration,-1.8,126,,consistent,65060,reconciled,none,,high,computed credits equal the stated total
2023,EBE,EB019APG11,BSc(Geomatics),Geoinformatics Stream Environmental and Geographical Science Specialisation,regular,2,148,0,148,False,0,79620,0,0,79620,courses BSc (Geomatics),duration,0.0,148,,consistent,79620,reconciled,none,,high,computed credits equal the stated total
2023,EBE,EB019APG11,BSc(Geomatics),Geoinformatics Stream Environmental and Geographical Science Specialisation,regular,3,154,0,154,False,0,82370,0,0,78590,courses BSc (Geomatics),duration,4.8,154,,consistent,82370,reconciled,none,,high,computed credits equal the stated total
2023,EBE,EB019APG11,BSc(Geomatics),Geoinformatics Stream Environmental and Geographical Science Specialisation,regular,4,180,0,180,False,0,99030,0,0,84480,courses BSc (Geomatics),duration,17.2,180,,consistent,99030,published_divergent,none,,high,computed credits equal the stated total
2023,EBE,EB022EEE02,BSc(Eng),Electrical and Computer Engineering,regular,1,148,0,148,False,0,80380,0,0,80380,BSc Eng (Electrical & Computer),duration,0.0,148,,consistent,80380,reconciled,none,,high,computed credits equal the stated total
2023,EBE,EB022EEE02,BSc(Eng),Electrical and Computer Engineering,regular,2,144,0,144,False,0,86450,0,0,86450,BSc Eng (Electrical & Computer),duration,0.0,144,,consistent,86450,reconciled,none,,high,computed credits equal the stated total
2023,EBE,EB022EEE02,BSc(Eng),Electrical and Computer Engineering,regular,3,162,0,154,True,8,88290,8830,0,89460,BSc Eng (Electrical & Computer),duration,-1.3,162,,consistent,88290,reconciled,none,,high,computed credits equal the stated total
2023,EBE,EB022EEE02,BSc(Eng),Electrical and Computer Engineering,regular,4,138,0,138,True,0,74917,24987,0,76130,BSc Eng (Electrical & Computer),duration,-1.6,138,,consistent,74917,reconciled,none,,high,computed credits equal the stated total
2023,EBE,EB801CHE01,BSc(Eng),Chemical Engineering,extended,1,102,0,102,False,0,53130,0,0,,,unmatched,,102,,consistent,53130,no_published,none,,high,computed credits equal the stated total
2023,EBE,EB801CHE01,BSc(Eng),Chemical Engineering,extended,2,112,0,112,True,0,60010,19420,0,,,unmatched,,112,,consistent,60010,no_published,none,,high,computed credits equal the stated total
2023,EBE,EB801CHE01,BSc(Eng),Chemical Engineering,extended,3,112,0,112,True,0,65400,19420,0,,,unmatched,,112,,consistent,65400,no_published,none,,high,computed credits equal the stated total
2023,EBE,EB801CHE01,BSc(Eng),Chemical Engineering,extended,4,126,0,126,True,0,71171,18341,0,,,unmatched,,126,,consistent,71171,no_published,none,,high,computed credits equal the stated total
2023,EBE,EB801CHE01,BSc(Eng),Chemical Engineering,extended,5,128,0,128,False,0,77951,8631,0,,,unmatched,,128,,consistent,77951,no_published,none,,high,computed credits equal the stated total
2023,EBE,EB802CIV01,BSc(Eng),Civil Engineering,extended,1,104,0,104,False,0,55220,0,0,,,unmatched,,104,,consistent,55220,no_published,none,,high,computed credits equal the stated total
2023,EBE,EB802CIV01,BSc(Eng),Civil Engineering,extended,2,104,0,104,False,0,56310,0,0,,,unmatched,,104,,consistent,56310,no_published,none,,high,computed credits equal the stated total
2023,EBE,EB802CIV01,BSc(Eng),Civil Engineering,extended,3,124,0,124,False,0,67130,0,0,,,unmatched,,124,,consistent,67130,no_published,none,,high,computed credits equal the stated total
2023,EBE,EB802CIV01,BSc(Eng),Civil Engineering,extended,4,108,0,126,False,-18,54400,0,0,,,unmatched,,108,,unresolved,54400,no_published,none,,low,no rule or adjudication applies; default-trust=computed
2023,EBE,EB802CIV01,BSc(Eng),Civil Engineering,extended,5,126,0,126,False,0,76800,0,0,,,unmatched,,126,,consistent,76800,no_published,none,,high,computed credits equal the stated total
2023,EBE,EB805MEC01,BSc(Eng),Mechanical Engineering,extended,1,102,0,102,False,0,56470,0,0,,,unmatched,,102,,consistent,56470,no_published,none,,high,computed credits equal the stated total
2023,EBE,EB805MEC01,BSc(Eng),Mechanical Engineering,extended,2,98,0,98,False,0,53230,0,0,,,unmatched,,98,,consistent,53230,no_published,none,,high,computed credits equal the stated total
2023,EBE,EB805MEC01,BSc(Eng),Mechanical Engineering,extended,3,118,0,118,False,0,67350,9370,0,,,unmatched,,118,,consistent,67350,no_published,none,,high,computed credits equal the stated total
2023,EBE,EB805MEC01,BSc(Eng),Mechanical Engineering,extended,4,132,0,132,False,0,76610,0,0,,,unmatched,,132,,consistent,76610,no_published,none,,high,computed credits equal the stated total
2023,EBE,EB805MEC01,BSc(Eng),Mechanical Engineering,extended,5,126,0,126,False,0,72253,12493,0,,,unmatched,,126,,consistent,72253,no_published,none,,high,computed credits equal the stated total
2023,EBE,EB809EEE01,BSc(Eng),Electrical Engineering,extended,1,96,0,96,False,0,53480,0,0,,,unmatched,,96,,consistent,53480,no_published,none,,high,computed credits equal the stated total
2023,EBE,EB809EEE01,BSc(Eng),Electrical Engineering,extended,2,116,0,116,False,0,65430,0,0,,,unmatched,,116,,consistent,65430,no_published,none,,high,computed credits equal the stated total
2023,EBE,EB809EEE01,BSc(Eng),Electrical Engineering,extended,3,112,0,112,False,0,65580,0,0,,,unmatched,,112,,consistent,65580,no_published,none,,high,computed credits equal the stated total
2023,EBE,EB809EEE01,BSc(Eng),Electrical Engineering,extended,4,124,0,124,True,0,67400,8830,0,,,unmatched,,124,,consistent,67400,no_published,none,,high,computed credits equal the stated total
2023,EBE,EB809EEE01,BSc(Eng),Electrical Engineering,extended,5,128,0,128,True,0,70197,24987,0,,,unmatched,,128,,consistent,70197,no_published,none,,high,computed credits equal the stated total
2023,EBE,EB810MEC05,BSc(Eng),Mechanical & Mechatronic Engineering,extended,1,102,0,102,False,0,56470,0,0,,,unmatched,,102,,consistent,56470,no_published,none,,high,computed credits equal the stated total
2023,EBE,EB810MEC05,BSc(Eng),Mechanical & Mechatronic Engineering,extended,2,98,0,98,False,0,53230,0,0,,,unmatched,,98,,consistent,53230,no_published,none,,high,computed credits equal the stated total
2023,EBE,EB810MEC05,BSc(Eng),Mechanical & Mechatronic Engineering,extended,3,118,0,118,False,0,67350,9370,0,,,unmatched,,118,,consistent,67350,no_published,none,,high,computed credits equal the stated total
2023,EBE,EB810MEC05,BSc(Eng),Mechanical & Mechatronic Engineering,extended,4,132,0,132,False,0,76750,0,0,,,unmatched,,132,,consistent,76750,no_published,none,,high,computed credits equal the stated total
2023,EBE,EB810MEC05,BSc(Eng),Mechanical & Mechatronic Engineering,extended,5,126,0,126,False,0,73057,6247,0,,,unmatched,,126,,consistent,73057,no_published,none,,high,computed credits equal the stated total
2023,EBE,EB811EEE05,BSc(Eng),Mechatronics,extended,1,96,0,96,True,0,53480,0,0,,,unmatched,,96,,consistent,53480,no_published,none,,high,computed credits equal the stated total
2023,EBE,EB811EEE05,BSc(Eng),Mechatronics,extended,2,116,0,116,True,0,65430,0,0,,,unmatched,,116,,consistent,65430,no_published,none,,high,computed credits equal the stated total
2023,EBE,EB811EEE05,BSc(Eng),Mechatronics,extended,3,112,0,112,True,0,65580,0,0,,,unmatched,,112,,consistent,65580,no_published,none,,high,computed credits equal the stated total
2023,EBE,EB811EEE05,BSc(Eng),Mechatronics,extended,4,124,0,124,True,0,70390,9370,0,,,unmatched,,124,,consistent,70390,no_published,none,,high,computed credits equal the stated total
2023,EBE,EB811EEE05,BSc(Eng),Mechatronics,extended,5,128,0,128,True,0,70197,24987,0,,,unmatched,,128,,consistent,70197,no_published,none,,high,computed credits equal the stated total
2023,EBE,EB819APG09,BSc(Geomatics),Surveying Stream,extended,1,124,0,124,False,0,64600,0,0,,,unmatched,,124,,consistent,64600,no_published,none,,high,computed credits equal the stated total
2023,EBE,EB819APG09,BSc(Geomatics),Surveying Stream,extended,2,110,0,110,False,0,58590,9370,0,,,unmatched,,110,,consistent,58590,no_published,none,,high,computed credits equal the stated total
2023,EBE,EB819APG09,BSc(Geomatics),Surveying Stream,extended,3,90,0,90,False,0,49990,0,1,,,unmatched,,90,,consistent,49990,no_published,none,,high,computed credits equal the stated total
2023,EBE,EB819APG09,BSc(Geomatics),Surveying Stream,extended,4,136,0,136,False,0,76620,0,0,,,unmatched,,136,,consistent,76620,no_published,none,,high,computed credits equal the stated total
2023,EBE,EB819APG09,BSc(Geomatics),Surveying Stream,extended,5,106,0,106,False,0,57830,0,0,,,unmatched,,106,,consistent,57830,no_published,none,,high,computed credits equal the stated total
2023,EBE,EB819APG11,BSc(Geomatics),Geoinformatics Stream Environmental and Geographical Science Specialisation,extended,1,126,0,126,False,0,65610,0,0,,,unmatched,,126,,consistent,65610,no_published,none,,high,computed credits equal the stated total
2023,EBE,EB819APG11,BSc(Geomatics),Geoinformatics Stream Environmental and Geographical Science Specialisation,extended,2,110,0,110,False,0,58380,0,0,,,unmatched,,110,,consistent,58380,no_published,none,,high,computed credits equal the stated total
2023,EBE,EB819APG11,BSc(Geomatics),Geoinformatics Stream Environmental and Geographical Science Specialisation,extended,3,150,0,150,False,0,80850,0,0,,,unmatched,,150,,consistent,80850,no_published,none,,high,computed credits equal the stated total
2023,EBE,EB819APG11,BSc(Geomatics),Geoinformatics Stream Environmental and Geographical Science Specialisation,extended,4,142,0,142,False,0,77580,0,0,,,unmatched,,142,,consistent,77580,no_published,none,,high,computed credits equal the stated total
2023,EBE,EB819APG11,BSc(Geomatics),Geoinformatics Stream Environmental and Geographical Science Specialisation,extended,5,80,0,80,False,0,44340,0,0,,,unmatched,,80,,consistent,44340,no_published,none,,high,computed credits equal the stated total
2023,EBE,EB822EEE02,BSc(Eng),Electrical and Computer Engineering,extended,1,96,0,96,True,0,53480,0,0,,,unmatched,,96,,consistent,53480,no_published,none,,high,computed credits equal the stated total
2023,EBE,EB822EEE02,BSc(Eng),Electrical and Computer Engineering,extended,2,116,0,116,True,0,65430,0,0,,,unmatched,,116,,consistent,65430,no_published,none,,high,computed credits equal the stated total
2023,EBE,EB822EEE02,BSc(Eng),Electrical and Computer Engineering,extended,3,122,0,122,True,0,69410,9370,0,,,unmatched,,122,,consistent,69410,no_published,none,,high,computed credits equal the stated total
2023,EBE,EB822EEE02,BSc(Eng),Electrical and Computer Engineering,extended,4,130,0,122,True,8,72060,0,0,,,unmatched,,130,,consistent,72060,no_published,none,,high,computed credits equal the stated total
2023,EBE,EB822EEE02,BSc(Eng),Electrical and Computer Engineering,extended,5,128,0,128,True,0,70197,24987,0,,,unmatched,,128,,consistent,70197,no_published,none,,high,computed credits equal the stated total
2023,HUM,HB001AFS01,BA/BSocSc,Gender Studies,regular,1,18,0,,False,,8530,0,0,68300,Bachelor of Arts and Bachelor of Social Science,degree_flat,-87.5,18,,no_anchor,8530,published_divergent,none,,low,no rule or adjudication applies; default-trust=computed
2023,HUM,HB001AFS01,BA/BSocSc,Gender Studies,regular,2,48,0,,False,,22740,0,0,68300,Bachelor of Arts and Bachelor of Social Science,degree_flat,-66.7,48,,no_anchor,22740,published_divergent,none,,low,no rule or adjudication applies; default-trust=computed
2023,HUM,HB001AFS01,BA/BSocSc,Gender Studies,regular,3,60,0,,False,,22740,0,0,68300,Bachelor of Arts and Bachelor of Social Science,degree_flat,-66.7,60,,no_anchor,22740,published_divergent,none,,low,no rule or adjudication applies; default-trust=computed
2023,HUM,HB001AGE01,BA/BSocSc,Archaeology,regular,2,48,0,,False,,24720,0,0,68300,Bachelor of Arts and Bachelor of Social Science,degree_flat,-63.8,48,,no_anchor,24720,published_divergent,none,,low,no rule or adjudication applies; default-trust=computed
2023,HUM,HB001AGE01,BA/BSocSc,Archaeology,regular,3,36,1,,False,,37160,0,0,68300,Bachelor of Arts and Bachelor of Social Science,degree_flat,-45.6,36,,no_anchor,37160,published_divergent,none,,low,no rule or adjudication applies; default-trust=computed
2023,HUM,HB001ANS01,BA/BSocSc,Anthropology,regular,1,18,0,,False,,8530,0,0,68300,Bachelor of Arts and Bachelor of Social Science,degree_flat,-87.5,18,,no_anchor,8530,published_divergent,none,,low,no rule or adjudication applies; default-trust=computed
2023,HUM,HB001ANS01,BA/BSocSc,Anthropology,regular,3,60,0,,False,,22740,0,0,68300,Bachelor of Arts and Bachelor of Social Science,degree_flat,-66.7,60,,no_anchor,22740,published_divergent,none,,low,no rule or adjudication applies; default-trust=computed
2023,HUM,HB001ASL01,BA/BSocSc,African Studies,regular,1,18,0,,False,,8530,0,0,68300,Bachelor of Arts and Bachelor of Social Science,degree_flat,-87.5,18,,no_anchor,8530,published_divergent,none,,low,no rule or adjudication applies; default-trust=computed
2023,HUM,HB001ASL01,BA/BSocSc,African Studies,regular,2,48,0,,False,,22740,0,0,68300,Bachelor of Arts and Bachelor of Social Science,degree_flat,-66.7,48,,no_anchor,22740,published_divergent,none,,low,no rule or adjudication applies; default-trust=computed
2023,HUM,HB001ASL01,BA/BSocSc,African Studies,regular,3,60,0,,False,,22740,0,0,68300,Bachelor of Arts and Bachelor of Social Science,degree_flat,-66.7,60,,no_anchor,22740,published_divergent,none,,low,no rule or adjudication applies; default-trust=computed
2023,HUM,HB001ASL02,BA/BSocSc,Linguistics,regular,1,18,0,,False,,8530,0,0,68300,Bachelor of Arts and Bachelor of Social Science,degree_flat,-87.5,18,,no_anchor,8530,published_divergent,none,,low,no rule or adjudication applies; default-trust=computed
2023,HUM,HB001ASL02,BA/BSocSc,Linguistics,regular,2,48,0,,False,,22740,0,0,68300,Bachelor of Arts and Bachelor of Social Science,degree_flat,-66.7,48,,no_anchor,22740,published_divergent,none,,low,no rule or adjudication applies; default-trust=computed
2023,HUM,HB001ASL02,BA/BSocSc,Linguistics,regular,3,60,0,,False,,22740,0,0,68300,Bachelor of Arts and Bachelor of Social Science,degree_flat,-66.7,60,,no_anchor,22740,published_divergent,none,,low,no rule or adjudication applies; default-trust=computed
2023,HUM,HB001BUS08,BA/BSocSc,Organisational Psychology,regular,1,36,1,,False,,26490,0,0,68300,Bachelor of Arts and Bachelor of Social Science,degree_flat,-61.2,36,,no_anchor,26490,published_divergent,none,,low,no rule or adjudication applies; default-trust=computed
2023,HUM,HB001BUS08,BA/BSocSc,Organisational Psychology,regular,2,36,0,,False,,18860,0,0,68300,Bachelor of Arts and Bachelor of Social Science,degree_flat,-72.4,36,,no_anchor,18860,published_divergent,none,,low,no rule or adjudication applies; default-trust=computed
2023,HUM,HB001BUS08,BA/BSocSc,Organisational Psychology,regular,3,36,0,,False,,18860,0,0,68300,Bachelor of Arts and Bachelor of Social Science,degree_flat,-72.4,36,,no_anchor,18860,published_divergent,none,,low,no rule or adjudication applies; default-trust=computed
2023,HUM,HB001ECO01,BA/BSocSc,Economics,regular,2,54,0,,False,,28290,0,0,68300,Bachelor of Arts and Bachelor of Social Science,degree_flat,-58.6,54,,no_anchor,28290,published_divergent,none,,low,no rule or adjudication applies; default-trust=computed
2023,HUM,HB001ECO01,BA/BSocSc,Economics,regular,3,54,0,,False,,28290,0,0,68300,Bachelor of Arts and Bachelor of Social Science,degree_flat,-58.6,54,,no_anchor,28290,published_divergent,none,,low,no rule or adjudication applies; default-trust=computed
2023,HUM,HB001EGS02,BA/BSocSc,Environmental and Geographical Science,regular,1,36,1,,False,,18740,0,1,68300,Bachelor of Arts and Bachelor of Social Science,degree_flat,-72.6,36,,no_anchor,18740,published_divergent,none,,low,no rule or adjudication applies; default-trust=computed
2023,HUM,HB001EGS02,BA/BSocSc,Environmental and Geographical Science,regular,2,48,0,,False,,24720,0,0,68300,Bachelor of Arts and Bachelor of Social Science,degree_flat,-63.8,48,,no_anchor,24720,published_divergent,none,,low,no rule or adjudication applies; default-trust=computed
2023,HUM,HB001EGS02,BA/BSocSc,Environmental and Geographical Science,regular,3,72,0,,False,,37160,0,0,68300,Bachelor of Arts and Bachelor of Social Science,degree_flat,-45.6,72,,no_anchor,37160,published_divergent,none,,low,no rule or adjudication applies; default-trust=computed
2023,HUM,HB001ELL10,BA/BSocSc,Literary Studies,regular,1,36,0,,False,,17060,0,0,68300,Bachelor of Arts and Bachelor of Social Science,degree_flat,-75.0,36,,no_anchor,17060,published_divergent,none,,low,no rule or adjudication applies; default-trust=computed
2023,HUM,HB001ELL10,BA/BSocSc,Literary Studies,regular,2,48,0,,False,,22740,0,0,68300,Bachelor of Arts and Bachelor of Social Science,degree_flat,-66.7,48,,no_anchor,22740,published_divergent,none,,low,no rule or adjudication applies; default-trust=computed
2023,HUM,HB001ELL10,BA/BSocSc,Literary Studies,regular,3,60,0,,False,,22740,0,0,68300,Bachelor of Arts and Bachelor of Social Science,degree_flat,-66.7,60,,no_anchor,22740,published_divergent,none,,low,no rule or adjudication applies; default-trust=computed
2023,HUM,HB001FAM01,BA/BSocSc,Film and Television Studies,regular,1,18,0,,False,,8530,0,0,68300,Bachelor of Arts and Bachelor of Social Science,degree_flat,-87.5,18,,no_anchor,8530,published_divergent,none,,low,no rule or adjudication applies; default-trust=computed
2023,HUM,HB001FAM01,BA/BSocSc,Film and Television Studies,regular,2,48,0,,False,,22740,0,0,68300,Bachelor of Arts and Bachelor of Social Science,degree_flat,-66.7,48,,no_anchor,22740,published_divergent,none,,low,no rule or adjudication applies; default-trust=computed
2023,HUM,HB001FAM01,BA/BSocSc,Film and Television Studies,regular,3,60,0,,False,,22740,0,0,68300,Bachelor of Arts and Bachelor of Social Science,degree_flat,-66.7,60,,no_anchor,22740,published_divergent,none,,low,no rule or adjudication applies; default-trust=computed
2023,HUM,HB001FAM07,BA/BSocSc,Media and Writing,regular,1,18,0,,False,,8530,0,0,68300,Bachelor of Arts and Bachelor of Social Science,degree_flat,-87.5,18,,no_anchor,8530,published_divergent,none,,low,no rule or adjudication applies; default-trust=computed
2023,HUM,HB001FAM07,BA/BSocSc,Media and Writing,regular,2,48,0,,False,,22740,0,0,68300,Bachelor of Arts and Bachelor of Social Science,degree_flat,-66.7,48,,no_anchor,22740,published_divergent,none,,low,no rule or adjudication applies; default-trust=computed
2023,HUM,HB001FAM07,BA/BSocSc,Media and Writing,regular,3,60,0,,False,,22740,0,0,68300,Bachelor of Arts and Bachelor of Social Science,degree_flat,-66.7,60,,no_anchor,22740,published_divergent,none,,low,no rule or adjudication applies; default-trust=computed
2023,HUM,HB001FIN05,BA/BSocSc,Art History and Discourse of Art,regular,1,36,0,,False,,17060,0,0,68300,Bachelor of Arts and Bachelor of Social Science,degree_flat,-75.0,36,,no_anchor,17060,published_divergent,none,,low,no rule or adjudication applies; default-trust=computed
2023,HUM,HB001FIN05,BA/BSocSc,Art History and Discourse of Art,regular,2,48,0,,False,,22740,0,0,68300,Bachelor of Arts and Bachelor of Social Science,degree_flat,-66.7,48,,no_anchor,22740,published_divergent,none,,low,no rule or adjudication applies; default-trust=computed
2023,HUM,HB001FIN05,BA/BSocSc,Art History and Discourse of Art,regular,3,30,0,,False,,11370,0,0,68300,Bachelor of Arts and Bachelor of Social Science,degree_flat,-83.4,30,,no_anchor,11370,published_divergent,none,,low,no rule or adjudication applies; default-trust=computed
2023,HUM,HB001HST04,BA/BSocSc,History,regular,1,36,0,,False,,17060,0,0,68300,Bachelor of Arts and Bachelor of Social Science,degree_flat,-75.0,36,,no_anchor,17060,published_divergent,none,,low,no rule or adjudication applies; default-trust=computed
2023,HUM,HB001HST04,BA/BSocSc,History,regular,2,48,0,,False,,22740,0,0,68300,Bachelor of Arts and Bachelor of Social Science,degree_flat,-66.7,48,,no_anchor,22740,published_divergent,none,,low,no rule or adjudication applies; default-trust=computed
2023,HUM,HB001HST04,BA/BSocSc,History,regular,3,60,0,,False,,22740,0,0,68300,Bachelor of Arts and Bachelor of Social Science,degree_flat,-66.7,60,,no_anchor,22740,published_divergent,none,,low,no rule or adjudication applies; default-trust=computed
2023,HUM,HB001INF09,BA/BSocSc,Informatics,regular,1,0,2,,False,,18590,0,0,68300,Bachelor of Arts and Bachelor of Social Science,degree_flat,-72.8,0,,no_anchor,18590,published_divergent,none,,low,no rule or adjudication applies; default-trust=computed
2023,HUM,HB001INF09,BA/BSocSc,Informatics,regular,3,54,0,,False,,28290,0,0,68300,Bachelor of Arts and Bachelor of Social Science,degree_flat,-58.6,54,,no_anchor,28290,published_divergent,none,,low,no rule or adjudication applies; default-trust=computed
2023,HUM,HB001MAM02,BA/BSocSc,Mathematics,regular,1,54,0,,False,,28110,0,0,68300,Bachelor of Arts and Bachelor of Social Science,degree_flat,-58.8,54,,no_anchor,28110,published_divergent,none,,low,no rule or adjudication applies; default-trust=computed
2023,HUM,HB001MAM02,BA/BSocSc,Mathematics,regular,2,0,1,,False,,24680,0,0,68300,Bachelor of Arts and Bachelor of Social Science,degree_flat,-63.9,0,,no_anchor,24680,published_divergent,none,,low,no rule or adjudication applies; default-trust=computed
2023,HUM,HB001MAM02,BA/BSocSc,Mathematics,regular,3,0,1,,False,,37030,0,0,68300,Bachelor of Arts and Bachelor of Social Science,degree_flat,-45.8,0,,no_anchor,37030,published_divergent,none,,low,no rule or adjudication applies; default-trust=computed
2023,HUM,HB001PHI01,BA/BSocSc,Philosophy,regular,1,36,0,,False,,17060,0,0,68300,Bachelor of Arts and Bachelor of Social Science,degree_flat,-75.0,36,,no_anchor,17060,published_divergent,none,,low,no rule or adjudication applies; default-trust=computed
2023,HUM,HB001PHI01,BA/BSocSc,Philosophy,regular,2,48,0,,False,,22740,0,0,68300,Bachelor of Arts and Bachelor of Social Science,degree_flat,-66.7,48,,no_anchor,22740,published_divergent,none,,low,no rule or adjudication applies; default-trust=computed
2023,HUM,HB001PHI01,BA/BSocSc,Philosophy,regular,3,60,0,,False,,22740,0,0,68300,Bachelor of Arts and Bachelor of Social Science,degree_flat,-66.7,60,,no_anchor,22740,published_divergent,none,,low,no rule or adjudication applies; default-trust=computed
2023,HUM,HB001POL10,BA/BSocSc,Politics & Governance,regular,1,18,0,,False,,8530,0,0,68300,Bachelor of Arts and Bachelor of Social Science,degree_flat,-87.5,18,,no_anchor,8530,published_divergent,none,,low,no rule or adjudication applies; default-trust=computed
2023,HUM,HB001PSY01,BA/BSocSc,Psychology,regular,1,18,1,,False,,17060,0,0,68300,Bachelor of Arts and Bachelor of Social Science,degree_flat,-75.0,18,,no_anchor,17060,published_divergent,none,,low,no rule or adjudication applies; default-trust=computed
2023,HUM,HB001PSY01,BA/BSocSc,Psychology,regular,2,72,0,,False,,34110,0,0,68300,Bachelor of Arts and Bachelor of Social Science,degree_flat,-50.1,72,,no_anchor,34110,published_divergent,none,,low,no rule or adjudication applies; default-trust=computed
2023,HUM,HB001PSY01,BA/BSocSc,Psychology,regular,3,90,0,,False,,34110,0,0,68300,Bachelor of Arts and Bachelor of Social Science,degree_flat,-50.1,90,,no_anchor,34110,published_divergent,none,,low,no rule or adjudication applies; default-trust=computed
2023,HUM,HB001SLL01,BA/BSocSc,African Languages & Literatures,regular,1,36,0,,False,,17060,0,0,68300,Bachelor of Arts and Bachelor of Social Science,degree_flat,-75.0,36,,no_anchor,17060,published_divergent,none,,low,no rule or adjudication applies; default-trust=computed
2023,HUM,HB001SLL01,BA/BSocSc,African Languages & Literatures,regular,2,48,0,,False,,22740,0,0,68300,Bachelor of Arts and Bachelor of Social Science,degree_flat,-66.7,48,,no_anchor,22740,published_divergent,none,,low,no rule or adjudication applies; default-trust=computed
2023,HUM,HB001SLL01,BA/BSocSc,African Languages & Literatures,regular,3,60,0,,False,,22740,0,0,68300,Bachelor of Arts and Bachelor of Social Science,degree_flat,-66.7,60,,no_anchor,22740,published_divergent,none,,low,no rule or adjudication applies; default-trust=computed
2023,HUM,HB001SLL02,BA/BSocSc,Afrikaans,regular,2,48,0,,False,,22740,0,0,68300,Bachelor of Arts and Bachelor of Social Science,degree_flat,-66.7,48,,no_anchor,22740,published_divergent,none,,low,no rule or adjudication applies; default-trust=computed
2023,HUM,HB001SLL02,BA/BSocSc,Afrikaans,regular,3,60,0,,False,,22740,0,0,68300,Bachelor of Arts and Bachelor of Social Science,degree_flat,-66.7,60,,no_anchor,22740,published_divergent,none,,low,no rule or adjudication applies; default-trust=computed
2023,HUM,HB001SLL03,BA/BSocSc,Arabic Language and Literature,regular,2,48,0,,False,,22740,0,0,68300,Bachelor of Arts and Bachelor of Social Science,degree_flat,-66.7,48,,no_anchor,22740,published_divergent,none,,low,no rule or adjudication applies; default-trust=computed
2023,HUM,HB001SLL03,BA/BSocSc,Arabic Language and Literature,regular,3,60,0,,False,,22740,0,0,68300,Bachelor of Arts and Bachelor of Social Science,degree_flat,-66.7,60,,no_anchor,22740,published_divergent,none,,low,no rule or adjudication applies; default-trust=computed
2023,HUM,HB001SLL04,BA/BSocSc,Business French,regular,2,48,0,,False,,22740,0,0,68300,Bachelor of Arts and Bachelor of Social Science,degree_flat,-66.7,48,,no_anchor,22740,published_divergent,none,,low,no rule or adjudication applies; default-trust=computed
2023,HUM,HB001SLL04,BA/BSocSc,Business French,regular,3,60,0,,False,,22740,0,0,68300,Bachelor of Arts and Bachelor of Social Science,degree_flat,-66.7,60,,no_anchor,22740,published_divergent,none,,low,no rule or adjudication applies; default-trust=computed
2023,HUM,HB001SLL05,BA/BSocSc,Classical Studies,regular,2,24,1,,False,,11370,0,1,68300,Bachelor of Arts and Bachelor of Social Science,degree_flat,-83.4,24,,no_anchor,11370,published_divergent,none,,low,no rule or adjudication applies; default-trust=computed
2023,HUM,HB001SLL05,BA/BSocSc,Classical Studies,regular,3,0,2,,False,,0,0,2,68300,Bachelor of Arts and Bachelor of Social Science,degree_flat,,0,,no_anchor,0,published_divergent,none,,low,no rule or adjudication applies; default-trust=computed
2023,HUM,HB001SLL09,BA/BSocSc,Hebrew Language and Literature,regular,2,0,2,,False,,0,0,2,68300,Bachelor of Arts and Bachelor of Social Science,degree_flat,,0,,no_anchor,0,published_divergent,none,,low,no rule or adjudication applies; default-trust=computed
2023,HUM,HB001SLL09,BA/BSocSc,Hebrew Language and Literature,regular,3,0,2,,False,,0,0,2,68300,Bachelor of Arts and Bachelor of Social Science,degree_flat,,0,,no_anchor,0,published_divergent,none,,low,no rule or adjudication applies; default-trust=computed
2023,HUM,HB001SLL10,BA/BSocSc,Italian,regular,2,48,0,,False,,22740,0,0,68300,Bachelor of Arts and Bachelor of Social Science,degree_flat,-66.7,48,,no_anchor,22740,published_divergent,none,,low,no rule or adjudication applies; default-trust=computed
2023,HUM,HB001SLL10,BA/BSocSc,Italian,regular,3,60,0,,False,,22740,0,0,68300,Bachelor of Arts and Bachelor of Social Science,degree_flat,-66.7,60,,no_anchor,22740,published_divergent,none,,low,no rule or adjudication applies; default-trust=computed
2023,HUM,HB001SLL13,BA/BSocSc,Spanish,regular,2,48,0,,False,,22740,0,0,68300,Bachelor of Arts and Bachelor of Social Science,degree_flat,-66.7,48,,no_anchor,22740,published_divergent,none,,low,no rule or adjudication applies; default-trust=computed
2023,HUM,HB001SLL13,BA/BSocSc,Spanish,regular,3,60,0,,False,,22740,0,0,68300,Bachelor of Arts and Bachelor of Social Science,degree_flat,-66.7,60,,no_anchor,22740,published_divergent,none,,low,no rule or adjudication applies; default-trust=computed
2023,HUM,HB001SLL15,BA/BSocSc,Xhosa Communication,regular,2,48,0,,False,,22740,0,0,68300,Bachelor of Arts and Bachelor of Social Science,degree_flat,-66.7,48,,no_anchor,22740,published_divergent,none,,low,no rule or adjudication applies; default-trust=computed
2023,HUM,HB001SLL15,BA/BSocSc,Xhosa Communication,regular,3,60,0,,False,,22740,0,0,68300,Bachelor of Arts and Bachelor of Social Science,degree_flat,-66.7,60,,no_anchor,22740,published_divergent,none,,low,no rule or adjudication applies; default-trust=computed
2023,HUM,HB001SLL21,BA/BSocSc,Chinese Studies,regular,1,36,0,,False,,17060,0,0,68300,Bachelor of Arts and Bachelor of Social Science,degree_flat,-75.0,36,,no_anchor,17060,published_divergent,none,,low,no rule or adjudication applies; default-trust=computed
2023,HUM,HB001SLL21,BA/BSocSc,Chinese Studies,regular,2,48,0,,False,,22740,0,0,68300,Bachelor of Arts and Bachelor of Social Science,degree_flat,-66.7,48,,no_anchor,22740,published_divergent,none,,low,no rule or adjudication applies; default-trust=computed
2023,HUM,HB001SLL21,BA/BSocSc,Chinese Studies,regular,3,60,0,,False,,22740,0,0,68300,Bachelor of Arts and Bachelor of Social Science,degree_flat,-66.7,60,,no_anchor,22740,published_divergent,none,,low,no rule or adjudication applies; default-trust=computed
2023,HUM,HB001SOC01,BA/BSocSc,Sociology,regular,3,60,0,,False,,22740,0,0,68300,Bachelor of Arts and Bachelor of Social Science,degree_flat,-66.7,60,,no_anchor,22740,published_divergent,none,,low,no rule or adjudication applies; default-trust=computed
2023,HUM,HB001SOC02,BA/BSocSc,Industrial Sociology,regular,2,24,0,,False,,11370,0,0,68300,Bachelor of Arts and Bachelor of Social Science,degree_flat,-83.4,24,,no_anchor,11370,published_divergent,none,,low,no rule or adjudication applies; default-trust=computed
2023,HUM,HB001SOC02,BA/BSocSc,Industrial Sociology,regular,3,60,0,,False,,22740,0,0,68300,Bachelor of Arts and Bachelor of Social Science,degree_flat,-66.7,60,,no_anchor,22740,published_divergent,none,,low,no rule or adjudication applies; default-trust=computed
2023,HUM,HB001STA01,BA/BSocSc,Applied Statistics,regular,1,18,0,,False,,9370,0,0,68300,Bachelor of Arts and Bachelor of Social Science,degree_flat,-86.3,18,,no_anchor,9370,published_divergent,none,,low,no rule or adjudication applies; default-trust=computed
2023,HUM,HB001STA01,BA/BSocSc,Applied Statistics,regular,2,48,1,,False,,36360,0,0,68300,Bachelor of Arts and Bachelor of Social Science,degree_flat,-46.8,48,,no_anchor,36360,published_divergent,none,,low,no rule or adjudication applies; default-trust=computed
2023,HUM,HB001STA01,BA/BSocSc,Applied Statistics,regular,3,72,0,,False,,36420,0,0,68300,Bachelor of Arts and Bachelor of Social Science,degree_flat,-46.7,72,,no_anchor,36420,published_divergent,none,,low,no rule or adjudication applies; default-trust=computed
2023,HUM,HB001SWK03,BA/BSocSc,Social Development,regular,1,36,0,,False,,17060,0,0,68300,Bachelor of Arts and Bachelor of Social Science,degree_flat,-75.0,36,,no_anchor,17060,published_divergent,none,,low,no rule or adjudication applies; default-trust=computed
2023,HUM,HB001SWK03,BA/BSocSc,Social Development,regular,2,48,0,,False,,22740,0,0,68300,Bachelor of Arts and Bachelor of Social Science,degree_flat,-66.7,48,,no_anchor,22740,published_divergent,none,,low,no rule or adjudication applies; default-trust=computed
2023,HUM,HB001SWK03,BA/BSocSc,Social Development,regular,3,54,0,,False,,22740,0,0,68300,Bachelor of Arts and Bachelor of Social Science,degree_flat,-66.7,54,,no_anchor,22740,published_divergent,none,,low,no rule or adjudication applies; default-trust=computed
2023,HUM,HB001TDP09,BA/BSocSc,Theatre and Dance Studies,regular,1,18,0,,False,,8530,0,0,68300,Bachelor of Arts and Bachelor of Social Science,degree_flat,-87.5,18,,no_anchor,8530,published_divergent,none,,low,no rule or adjudication applies; default-trust=computed
2023,HUM,HB001TDP09,BA/BSocSc,Theatre and Dance Studies,regular,2,48,0,,False,,22740,0,0,68300,Bachelor of Arts and Bachelor of Social Science,degree_flat,-66.7,48,,no_anchor,22740,published_divergent,none,,low,no rule or adjudication applies; default-trust=computed
2023,HUM,HB001TDP09,BA/BSocSc,Theatre and Dance Studies,regular,3,120,0,,False,,45480,0,0,68300,Bachelor of Arts and Bachelor of Social Science,degree_flat,-33.4,120,,no_anchor,45480,published_divergent,none,,low,no rule or adjudication applies; default-trust=computed
2023,HUM,HB001XX20,BA/BSocSc,French,regular,2,48,0,,False,,22740,0,0,68300,Bachelor of Arts and Bachelor of Social Science,degree_flat,-66.7,48,,no_anchor,22740,published_divergent,none,,low,no rule or adjudication applies; default-trust=computed
2023,HUM,HB001XX20,BA/BSocSc,French,regular,3,120,0,,False,,45480,0,0,68300,Bachelor of Arts and Bachelor of Social Science,degree_flat,-33.4,120,,no_anchor,45480,published_divergent,none,,low,no rule or adjudication applies; default-trust=computed
2023,HUM,HB001XX22,BA/BSocSc,German,regular,2,48,0,,False,,22740,0,0,68300,Bachelor of Arts and Bachelor of Social Science,degree_flat,-66.7,48,,no_anchor,22740,published_divergent,none,,low,no rule or adjudication applies; default-trust=computed
2023,HUM,HB001XX22,BA/BSocSc,German,regular,3,120,0,,False,,45480,0,0,68300,Bachelor of Arts and Bachelor of Social Science,degree_flat,-33.4,120,,no_anchor,45480,published_divergent,none,,low,no rule or adjudication applies; default-trust=computed
2023,HUM,HB001XX25,BA/BSocSc,Portuguese,regular,2,48,0,,False,,22740,0,0,68300,Bachelor of Arts and Bachelor of Social Science,degree_flat,-66.7,48,,no_anchor,22740,published_divergent,none,,low,no rule or adjudication applies; default-trust=computed
2023,HUM,HB001XX25,BA/BSocSc,Portuguese,regular,3,120,0,,False,,45480,0,0,68300,Bachelor of Arts and Bachelor of Social Science,degree_flat,-33.4,120,,no_anchor,45480,published_divergent,none,,low,no rule or adjudication applies; default-trust=computed
2023,LAW,LB002,LLB,Four-year undergraduate LLB stream,regular,1,144,0,144,False,0,71930,28110,0,69410,Degrees Undergraduate LLB Regular curriculum 1st Year – depending on electives,flat_annual,3.6,144,,consistent,71930,reconciled,none,,high,computed credits equal the stated total
2023,LAW,LB002,LLB,Four-year undergraduate LLB stream,regular,2,156,0,156,False,0,78177,43727,0,69410,Degrees Undergraduate LLB Regular curriculum 1st Year – depending on electives,flat_annual,12.6,156,,consistent,78177,published_divergent,none,,high,computed credits equal the stated total
2023,LAW,LB002,LLB,Four-year undergraduate LLB stream,regular,3,180,0,180,False,0,80810,0,0,69410,Degrees Undergraduate LLB Regular curriculum 1st Year – depending on electives,flat_annual,16.4,180,,consistent,80810,published_divergent,none,,high,computed credits equal the stated total
2023,LAW,LB002,LLB,Four-year undergraduate LLB stream,regular,4,180,0,180,False,0,73720,8940,0,69410,Degrees Undergraduate LLB Regular curriculum 1st Year – depending on electives,flat_annual,6.2,180,,consistent,73720,published_divergent,none,,high,computed credits equal the stated total
2023,LAW,LB003,LLB,Five-year stream,extended,1,90,0,90,False,0,17900,0,2,,,unmatched,,90,,consistent,17900,no_published,none,,high,computed credits equal the stated total
2023,LAW,LB003,LLB,Five-year stream,extended,2,90,0,90,False,0,17060,17060,2,,,unmatched,,90,,consistent,17060,no_published,none,,high,computed credits equal the stated total
2023,LAW,LB003,LLB,Five-year stream,extended,3,156,0,156,False,0,76817,44047,0,,,unmatched,,156,,consistent,76817,no_published,none,,high,computed credits equal the stated total
2023,LAW,LB003,LLB,Five-year stream,extended,4,144,0,144,False,0,65280,0,0,,,unmatched,,144,,consistent,65280,no_published,none,,high,computed credits equal the stated total
2023,LAW,LB003,LLB,Five-year stream,extended,5,180,1,180,False,0,85020,20240,1,,,unmatched,,180,,unresolved,85020,no_published,none,,low,no rule or adjudication applies; default-trust=computed
2023,LAW,LP001,LLB,Graduate LLB Stream,regular,1,144,0,144,False,0,68900,0,0,68900,Graduate LLB,flat_annual,0.0,144,,consistent,68900,reconciled,none,,high,computed credits equal the stated total
2023,LAW,LP001,LLB,Graduate LLB Stream,regular,2,180,0,180,False,0,80810,0,0,68900,Graduate LLB,flat_annual,17.3,180,,consistent,80810,published_divergent,none,,high,computed credits equal the stated total
2023,LAW,LP001,LLB,Graduate LLB Stream,regular,3,180,0,180,False,0,73720,8940,0,68900,Graduate LLB,flat_annual,7.0,180,,consistent,73720,published_divergent,none,,high,computed credits equal the stated total
2023,FHS,MB001DOM02,,,regular,,455,0,,False,,293560,0,0,,,unmatched,,455,,unresolved,293560,no_published,none,,low,no rule or adjudication applies; default-trust=computed
2023,FHS,MB003AHS09,BSc(OT),Occupational Therapy,regular,1,144,0,144,False,0,76350,0,0,76350,BSc (Occupational Therapy),duration,0.0,144,,consistent,76350,reconciled,none,,high,computed credits equal the stated total
2023,FHS,MB003AHS09,BSc(OT),Occupational Therapy,regular,2,143,0,123,False,20,70590,0,0,70590,BSc (Occupational Therapy),duration,0.0,143,,unresolved,70590,reconciled,none,,low,no rule or adjudication applies; default-trust=computed
2023,FHS,MB003AHS09,BSc(OT),Occupational Therapy,regular,3,148,0,148,False,0,64820,0,0,64820,BSc (Occupational Therapy),duration,0.0,148,,consistent,64820,reconciled,none,,high,computed credits equal the stated total
2023,FHS,MB003AHS09,BSc(OT),Occupational Therapy,regular,4,144,0,144,False,0,82410,0,0,82410,BSc (Occupational Therapy),duration,0.0,144,,consistent,82410,reconciled,none,,high,computed credits equal the stated total
2023,FHS,MB004AHS08,BSc(Physio),Physiotherapy,regular,1,142,0,142,False,0,72520,0,0,72520,BSc (Physiotherapy),duration,0.0,142,,consistent,72520,reconciled,none,,high,computed credits equal the stated total
2023,FHS,MB004AHS08,BSc(Physio),Physiotherapy,regular,2,182,0,164,False,18,91520,0,0,91520,BSc (Physiotherapy),duration,0.0,182,,unresolved,91520,reconciled,none,,low,no rule or adjudication applies; default-trust=computed
2023,FHS,MB004AHS08,BSc(Physio),Physiotherapy,regular,3,150,0,150,False,0,66330,0,0,66330,BSc (Physiotherapy),duration,0.0,150,,consistent,66330,reconciled,none,,high,computed credits equal the stated total
2023,FHS,MB004AHS08,BSc(Physio),Physiotherapy,regular,4,132,0,132,False,0,74850,0,0,74850,BSc (Physiotherapy),duration,0.0,132,,consistent,74850,reconciled,none,,high,computed credits equal the stated total
2023,FHS,MB011,BSc(Audiology),Audiology,regular,1,194,0,176,False,18,91460,0,0,82930,BSc (Audiology),duration,10.3,194,,unresolved,91460,published_divergent,none,,low,no rule or adjudication applies; default-trust=computed
2023,FHS,MB011,BSc(Audiology),Audiology,regular,2,443,0,162,False,281,178100,0,0,82500,BSc (Audiology),duration,115.9,443,,unresolved,178100,published_divergent,none,,low,no rule or adjudication applies; default-trust=computed
2023,FHS,MB011,BSc(Audiology),Audiology,regular,3,266,0,140,False,126,149620,0,0,82530,BSc (Audiology),duration,81.3,266,,unresolved,149620,published_divergent,none,,low,no rule or adjudication applies; default-trust=computed
2023,FHS,MB011,BSc(Audiology),Audiology,regular,4,214,0,124,False,90,137510,0,0,89320,BSc (Audiology),duration,54.0,214,,unresolved,137510,published_divergent,none,,low,no rule or adjudication applies; default-trust=computed
2023,FHS,MB014,MBChB,Medicine,regular,1,167,0,167,False,0,98010,0,0,98010,MBChB,duration,0.0,167,,consistent,98010,reconciled,none,,high,computed credits equal the stated total
2023,FHS,MB014,MBChB,Medicine,regular,2,165,0,165,False,0,115720,0,0,115720,MBChB,duration,0.0,165,,consistent,115720,reconciled,none,,high,computed credits equal the stated total
2023,FHS,MB014,MBChB,Medicine,regular,3,198,0,198,False,0,122100,0,0,122100,MBChB,duration,0.0,198,,consistent,122100,reconciled,none,,high,computed credits equal the stated total
2023,FHS,MB014,MBChB,Medicine,regular,4,220,0,220,False,0,12920,0,9,119340,MBChB,duration,-89.2,220,,consistent,12920,published_divergent,none,,high,computed credits equal the stated total
2023,FHS,MB014,MBChB,Medicine,regular,5,210,0,210,False,0,16280,0,9,97060,MBChB,duration,-83.2,210,,consistent,16280,published_divergent,none,,high,computed credits equal the stated total
2023,FHS,MB014,MBChB,Medicine,regular,6,254,0,254,False,0,18560,0,9,120050,MBChB,duration,-84.5,254,,consistent,18560,published_divergent,none,,high,computed credits equal the stated total
2023,FHS,MB020,MBChB,Medicine,regular,1,120,0,60,False,60,76520,0,0,,,unmatched,,120,,unresolved,76520,no_published,none,,low,no rule or adjudication applies; default-trust=computed
2023,FHS,MB020,MBChB,Medicine,regular,2,60,0,60,False,0,38260,0,0,,,unmatched,,60,,consistent,38260,no_published,none,,high,computed credits equal the stated total
2023,FHS,MB020,MBChB,Medicine,regular,4,60,0,60,False,0,38260,0,0,,,unmatched,,60,,consistent,38260,no_published,none,,high,computed credits equal the stated total
2023,FHS,MU003MDN27,,ADVANCED DIPLOMA IN COSMETIC FORMULATION SCIENCE,regular,1,105,0,120,False,-15,45680,0,1,,,unmatched,,105,,unresolved,45680,no_published,none,,low,no rule or adjudication applies; default-trust=computed
2023,FHS,MU004AHS21,,HIGHER CERTIFICATE IN DISABILITY PRACTICE,regular,1,180,0,120,False,60,59600,0,4,,,unmatched,,180,,unresolved,59600,no_published,none,,low,no rule or adjudication applies; default-trust=computed
2023,FHS,MU004AHS21,,HIGHER CERTIFICATE IN DISABILITY PRACTICE,regular,2,221,0,,False,,46860,0,5,,,unmatched,,221,,unresolved,46860,no_published,none,,low,no rule or adjudication applies; default-trust=computed
2023,SCI,SB001AGE01,BSc,Archaeology,regular,1,72,0,,False,,18740,0,1,74500,Bachelor of Science,degree_flat,-74.8,72,,no_anchor,18740,published_divergent,none,,low,no rule or adjudication applies; default-trust=computed
2023,SCI,SB001AGE01,BSc,Archaeology,regular,2,48,0,,False,,24720,0,0,74500,Bachelor of Science,degree_flat,-66.8,48,,no_anchor,24720,published_divergent,none,,low,no rule or adjudication applies; default-trust=computed
2023,SCI,SB001AGE01,BSc,Archaeology,regular,3,108,0,,False,,55740,0,0,74500,Bachelor of Science,degree_flat,-25.2,108,,no_anchor,55740,published_divergent,none,,low,no rule or adjudication applies; default-trust=computed
2023,SCI,SB001AST02,BSc,Astrophysics,regular,1,90,0,,False,,27950,0,1,74500,Bachelor of Science,degree_flat,-62.5,90,,no_anchor,27950,published_divergent,none,,low,no rule or adjudication applies; default-trust=computed
2023,SCI,SB001AST02,BSc,Astrophysics,regular,2,144,0,,False,,74080,0,0,74500,Bachelor of Science,degree_flat,-0.6,144,,no_anchor,74080,reconciled,none,,low,no rule or adjudication applies; default-trust=computed
2023,SCI,SB001AST02,BSc,Astrophysics,regular,3,72,0,,False,,37160,0,0,74500,Bachelor of Science,degree_flat,-50.1,72,,no_anchor,37160,published_divergent,none,,low,no rule or adjudication applies; default-trust=computed
2023,SCI,SB001BIO05,BSc,Marine Biology,regular,1,108,0,,False,,56060,0,0,74500,Bachelor of Science,degree_flat,-24.8,108,,no_anchor,56060,published_divergent,none,,low,no rule or adjudication applies; default-trust=computed
2023,SCI,SB001BIO05,BSc,Marine Biology,regular,2,120,0,,False,,61800,0,0,74500,Bachelor of Science,degree_flat,-17.0,120,,no_anchor,61800,published_divergent,none,,low,no rule or adjudication applies; default-trust=computed
2023,SCI,SB001BIO05,BSc,Marine Biology,regular,3,72,0,,False,,37160,0,0,74500,Bachelor of Science,degree_flat,-50.1,72,,no_anchor,37160,published_divergent,none,,low,no rule or adjudication applies; default-trust=computed
2023,SCI,SB001BIO12,BSc,Biology,regular,1,108,0,,False,,56060,0,0,74500,Bachelor of Science,degree_flat,-24.8,108,,no_anchor,56060,published_divergent,none,,low,no rule or adjudication applies; default-trust=computed
2023,SCI,SB001BIO12,BSc,Biology,regular,2,96,0,,False,,49440,0,0,74500,Bachelor of Science,degree_flat,-33.6,96,,no_anchor,49440,published_divergent,none,,low,no rule or adjudication applies; default-trust=computed
2023,SCI,SB001BIO12,BSc,Biology,regular,3,144,0,,False,,74320,0,0,74500,Bachelor of Science,degree_flat,-0.2,144,,no_anchor,74320,reconciled,none,,low,no rule or adjudication applies; default-trust=computed
2023,SCI,SB001BIO13,BSc,Quantitative Biology,regular,1,54,0,,False,,28110,0,0,74500,Bachelor of Science,degree_flat,-62.3,54,,no_anchor,28110,published_divergent,none,,low,no rule or adjudication applies; default-trust=computed
2023,SCI,SB001BIO13,BSc,Quantitative Biology,regular,2,96,0,,False,,49440,0,0,74500,Bachelor of Science,degree_flat,-33.6,96,,no_anchor,49440,published_divergent,none,,low,no rule or adjudication applies; default-trust=computed
2023,SCI,SB001BIO13,BSc,Quantitative Biology,regular,3,36,0,,False,,18580,0,0,74500,Bachelor of Science,degree_flat,-75.1,36,,no_anchor,18580,published_divergent,none,,low,no rule or adjudication applies; default-trust=computed
2023,SCI,SB001CEM01,BSc,Chemistry,regular,1,108,0,,False,,37160,0,1,74500,Bachelor of Science,degree_flat,-50.1,108,,no_anchor,37160,published_divergent,none,,low,no rule or adjudication applies; default-trust=computed
2023,SCI,SB001CEM01,BSc,Chemistry,regular,2,48,0,,False,,24680,0,0,74500,Bachelor of Science,degree_flat,-66.9,48,,no_anchor,24680,published_divergent,none,,low,no rule or adjudication applies; default-trust=computed
2023,SCI,SB001CEM01,BSc,Chemistry,regular,3,72,0,,False,,37030,0,0,74500,Bachelor of Science,degree_flat,-50.3,72,,no_anchor,37030,published_divergent,none,,low,no rule or adjudication applies; default-trust=computed
2023,SCI,SB001CSC02,BSc,Business Computing,regular,1,90,0,,False,,46490,0,0,74500,Bachelor of Science,degree_flat,-37.6,90,,no_anchor,46490,published_divergent,none,,low,no rule or adjudication applies; default-trust=computed
2023,SCI,SB001CSC02,BSc,Business Computing,regular,2,42,0,,False,,21600,0,0,74500,Bachelor of Science,degree_flat,-71.0,42,,no_anchor,21600,published_divergent,none,,low,no rule or adjudication applies; default-trust=computed
2023,SCI,SB001CSC02,BSc,Business Computing,regular,3,54,0,,False,,28290,0,0,74500,Bachelor of Science,degree_flat,-62.0,54,,no_anchor,28290,published_divergent,none,,low,no rule or adjudication applies; default-trust=computed
2023,SCI,SB001CSC03,BSc,Computer Engineering,regular,1,72,0,,False,,18320,0,1,74500,Bachelor of Science,degree_flat,-75.4,72,,no_anchor,18320,published_divergent,none,,low,no rule or adjudication applies; default-trust=computed
2023,SCI,SB001CSC03,BSc,Computer Engineering,regular,2,42,0,,False,,23510,0,0,74500,Bachelor of Science,degree_flat,-68.4,42,,no_anchor,23510,published_divergent,none,,low,no rule or adjudication applies; default-trust=computed
2023,SCI,SB001CSC03,BSc,Computer Engineering,regular,3,54,0,,False,,28950,0,0,74500,Bachelor of Science,degree_flat,-61.1,54,,no_anchor,28950,published_divergent,none,,low,no rule or adjudication applies; default-trust=computed
2023,SCI,SB001CSC05,BSc,Computer Science,regular,1,72,0,,False,,37060,0,0,74500,Bachelor of Science,degree_flat,-50.3,72,,no_anchor,37060,published_divergent,none,,low,no rule or adjudication applies; default-trust=computed
2023,SCI,SB001CSC05,BSc,Computer Science,regular,2,66,0,,False,,33670,0,0,74500,Bachelor of Science,degree_flat,-54.8,66,,no_anchor,33670,published_divergent,none,,low,no rule or adjudication applies; default-trust=computed
2023,SCI,SB001CSC05,BSc,Computer Science,regular,3,72,0,,False,,36420,0,0,74500,Bachelor of Science,degree_flat,-51.1,72,,no_anchor,36420,published_divergent,none,,low,no rule or adjudication applies; default-trust=computed
2023,SCI,SB001EGS02,BSc,Environmental & Geographical Science,regular,1,72,0,,False,,18740,0,1,74500,Bachelor of Science,degree_flat,-74.8,72,,no_anchor,18740,published_divergent,none,,low,no rule or adjudication applies; default-trust=computed
2023,SCI,SB001EGS02,BSc,Environmental & Geographical Science,regular,2,48,0,,False,,24720,0,0,74500,Bachelor of Science,degree_flat,-66.8,48,,no_anchor,24720,published_divergent,none,,low,no rule or adjudication applies; default-trust=computed
2023,SCI,SB001EGS02,BSc,Environmental & Geographical Science,regular,3,144,0,,False,,74320,0,0,74500,Bachelor of Science,degree_flat,-0.2,144,,no_anchor,74320,reconciled,none,,low,no rule or adjudication applies; default-trust=computed
2023,SCI,SB001GEO02,BSc,Geology,regular,1,126,0,,False,,46690,0,1,74500,Bachelor of Science,degree_flat,-37.3,126,,no_anchor,46690,published_divergent,none,,low,no rule or adjudication applies; default-trust=computed
2023,SCI,SB001GEO02,BSc,Geology,regular,2,48,0,,False,,24720,0,0,74500,Bachelor of Science,degree_flat,-66.8,48,,no_anchor,24720,published_divergent,none,,low,no rule or adjudication applies; default-trust=computed
2023,SCI,SB001GEO02,BSc,Geology,regular,3,72,0,,False,,37160,0,0,74500,Bachelor of Science,degree_flat,-50.1,72,,no_anchor,37160,published_divergent,none,,low,no rule or adjudication applies; default-trust=computed
2023,SCI,SB001HUB17,BSc,Human Anatomy & Physiology,regular,1,108,0,,False,,37320,0,1,74500,Bachelor of Science,degree_flat,-49.9,108,,no_anchor,37320,published_divergent,none,,low,no rule or adjudication applies; default-trust=computed
2023,SCI,SB001HUB17,BSc,Human Anatomy & Physiology,regular,2,48,0,,False,,24720,0,0,74500,Bachelor of Science,degree_flat,-66.8,48,,no_anchor,24720,published_divergent,none,,low,no rule or adjudication applies; default-trust=computed
2023,SCI,SB001HUB17,BSc,Human Anatomy & Physiology,regular,3,72,0,,False,,37380,0,0,74500,Bachelor of Science,degree_flat,-49.8,72,,no_anchor,37380,published_divergent,none,,low,no rule or adjudication applies; default-trust=computed
2023,SCI,SB001MAM01,BSc,Applied Mathematics,regular,1,72,0,,False,,18740,0,1,74500,Bachelor of Science,degree_flat,-74.8,72,,no_anchor,18740,published_divergent,none,,low,no rule or adjudication applies; default-trust=computed
2023,SCI,SB001MAM01,BSc,Applied Mathematics,regular,2,96,0,,False,,49360,0,0,74500,Bachelor of Science,degree_flat,-33.7,96,,no_anchor,49360,published_divergent,none,,low,no rule or adjudication applies; default-trust=computed
2023,SCI,SB001MAM01,BSc,Applied Mathematics,regular,3,72,0,,False,,37030,0,0,74500,Bachelor of Science,degree_flat,-50.3,72,,no_anchor,37030,published_divergent,none,,low,no rule or adjudication applies; default-trust=computed
2023,SCI,SB001MAM02,BSc,Mathematics,regular,1,54,0,,False,,9370,0,1,74500,Bachelor of Science,degree_flat,-87.4,54,,no_anchor,9370,published_divergent,none,,low,no rule or adjudication applies; default-trust=computed
2023,SCI,SB001MAM02,BSc,Mathematics,regular,2,48,0,,False,,24680,0,0,74500,Bachelor of Science,degree_flat,-66.9,48,,no_anchor,24680,published_divergent,none,,low,no rule or adjudication applies; default-trust=computed
2023,SCI,SB001MAM02,BSc,Mathematics,regular,3,72,0,,False,,37030,0,0,74500,Bachelor of Science,degree_flat,-50.3,72,,no_anchor,37030,published_divergent,none,,low,no rule or adjudication applies; default-trust=computed
2023,SCI,SB001MCB01,BSc,Biochemistry,regular,1,108,0,,False,,56060,0,0,74500,Bachelor of Science,degree_flat,-24.8,108,,no_anchor,56060,published_divergent,none,,low,no rule or adjudication applies; default-trust=computed
2023,SCI,SB001MCB01,BSc,Biochemistry,regular,2,72,0,,False,,37080,0,0,74500,Bachelor of Science,degree_flat,-50.2,72,,no_anchor,37080,published_divergent,none,,low,no rule or adjudication applies; default-trust=computed
2023,SCI,SB001MCB01,BSc,Biochemistry,regular,3,72,0,,False,,37160,0,0,74500,Bachelor of Science,degree_flat,-50.1,72,,no_anchor,37160,published_divergent,none,,low,no rule or adjudication applies; default-trust=computed
2023,SCI,SB001MCB04,BSc,Genetics,regular,1,108,0,,False,,56060,0,0,74500,Bachelor of Science,degree_flat,-24.8,108,,no_anchor,56060,published_divergent,none,,low,no rule or adjudication applies; default-trust=computed
2023,SCI,SB001MCB04,BSc,Genetics,regular,2,72,0,,False,,37080,0,0,74500,Bachelor of Science,degree_flat,-50.2,72,,no_anchor,37080,published_divergent,none,,low,no rule or adjudication applies; default-trust=computed
2023,SCI,SB001MCB04,BSc,Genetics,regular,3,72,0,,False,,37160,0,0,74500,Bachelor of Science,degree_flat,-50.1,72,,no_anchor,37160,published_divergent,none,,low,no rule or adjudication applies; default-trust=computed
2023,SCI,SB001PHY01,BSc,Physics,regular,1,108,0,,False,,37320,0,1,74500,Bachelor of Science,degree_flat,-49.9,108,,no_anchor,37320,published_divergent,none,,low,no rule or adjudication applies; default-trust=computed
2023,SCI,SB001PHY01,BSc,Physics,regular,2,96,0,,False,,49360,0,0,74500,Bachelor of Science,degree_flat,-33.7,96,,no_anchor,49360,published_divergent,none,,low,no rule or adjudication applies; default-trust=computed
2023,SCI,SB001PHY01,BSc,Physics,regular,3,72,0,,False,,37030,0,0,74500,Bachelor of Science,degree_flat,-50.3,72,,no_anchor,37030,published_divergent,none,,low,no rule or adjudication applies; default-trust=computed
2023,SCI,SB001SEA03,BSc,Ocean & Atmosphere Science,regular,1,108,0,,False,,37320,0,1,74500,Bachelor of Science,degree_flat,-49.9,108,,no_anchor,37320,published_divergent,none,,low,no rule or adjudication applies; default-trust=computed
2023,SCI,SB001SEA03,BSc,Ocean & Atmosphere Science,regular,2,48,0,,False,,24720,0,0,74500,Bachelor of Science,degree_flat,-66.8,48,,no_anchor,24720,published_divergent,none,,low,no rule or adjudication applies; default-trust=computed
2023,SCI,SB001SEA03,BSc,Ocean & Atmosphere Science,regular,3,72,0,,False,,37160,0,0,74500,Bachelor of Science,degree_flat,-50.1,72,,no_anchor,37160,published_divergent,none,,low,no rule or adjudication applies; default-trust=computed
2023,SCI,SB001STA01,BSc,Applied Statistics,regular,1,36,0,,False,,18740,0,0,74500,Bachelor of Science,degree_flat,-74.8,36,,no_anchor,18740,published_divergent,none,,low,no rule or adjudication applies; default-trust=computed
2023,SCI,SB001STA01,BSc,Applied Statistics,regular,2,24,0,,False,,12120,0,0,74500,Bachelor of Science,degree_flat,-83.7,24,,no_anchor,12120,published_divergent,none,,low,no rule or adjudication applies; default-trust=computed
2023,SCI,SB001STA01,BSc,Applied Statistics,regular,3,72,0,,False,,36420,0,0,74500,Bachelor of Science,degree_flat,-51.1,72,,no_anchor,36420,published_divergent,none,,low,no rule or adjudication applies; default-trust=computed
2023,SCI,SB001STA02,BSc,Mathematical Statistics,regular,1,54,0,,False,,9370,0,1,74500,Bachelor of Science,degree_flat,-87.4,54,,no_anchor,9370,published_divergent,none,,low,no rule or adjudication applies; default-trust=computed
2023,SCI,SB001STA02,BSc,Mathematical Statistics,regular,2,48,0,,False,,24240,0,0,74500,Bachelor of Science,degree_flat,-67.5,48,,no_anchor,24240,published_divergent,none,,low,no rule or adjudication applies; default-trust=computed
2023,SCI,SB001STA02,BSc,Mathematical Statistics,regular,3,72,0,,False,,36420,0,0,74500,Bachelor of Science,degree_flat,-51.1,72,,no_anchor,36420,published_divergent,none,,low,no rule or adjudication applies; default-trust=computed
2024,COM,CB001ACC03,BCom,Financial Accounting: Accounting with Law,regular,2,162,0,162,False,0,84920,0,0,68890,BCom specialising in Financial Accounting: Accounting with Law Stream,label_match,23.3,162,,consistent,84920,published_divergent,none,,high,computed credits equal the stated total
2024,COM,CB001ACC03,BCom,Financial Accounting: Accounting with Law,regular,3,144,0,144,False,0,75320,0,0,76710,BCom specialising in Financial Accounting: Accounting with Law Stream,label_match,-1.8,144,,consistent,75320,reconciled,none,,high,computed credits equal the stated total
2024,COM,CB001ACC04,BCom,Financial Accounting: Chartered Accountant,regular,1,159,0,159,False,0,86140,0,0,87350,Bachelor of Commerce specialising in Financial | Chartered Accounting Stream,label_match,-1.4,159,,consistent,86140,reconciled,none,,high,computed credits equal the stated total
2024,COM,CB001ACC04,BCom,Financial Accounting: Chartered Accountant,regular,2,144,0,144,False,0,78490,0,0,78490,Bachelor of Commerce specialising in Financial | Chartered Accounting Stream,label_match,0.0,144,,consistent,78490,reconciled,none,,high,computed credits equal the stated total
2024,COM,CB001ACC04,BCom,Financial Accounting: Chartered Accountant,regular,3,148,0,,False,,76970,0,0,86830,Bachelor of Commerce specialising in Financial | Chartered Accounting Stream,label_match,-11.4,148,,unresolved,76970,published_divergent,none,,low,no rule or adjudication applies; default-trust=computed
2024,COM,CB001ACC08,BCom,Financial Accounting: General Accounting,regular,1,159,0,159,False,0,86140,0,0,87350,Bachelor of Commerce specialising in Financial Accounting General Accounting Stream,label_match,-1.4,159,,consistent,86140,reconciled,none,,high,computed credits equal the stated total
2024,COM,CB001ACC08,BCom,Financial Accounting: General Accounting,regular,2,144,0,126,False,18,77900,0,0,77900,Bachelor of Commerce specialising in Financial Accounting General Accounting Stream,label_match,0.0,144,,resolved_computed,77900,reconciled,R2a,R2a,medium,"identical taken-course set reconciles exactly in editions 2022, 2023; the divergent stated total here is edition-local drift"
2024,COM,CB001ACC08,BCom,Financial Accounting: General Accounting,regular,3,168,0,168,False,0,76710,0,0,76710,Bachelor of Commerce specialising in Financial Accounting General Accounting Stream,label_match,0.0,168,,consistent,76710,reconciled,none,,high,computed credits equal the stated total
2024,COM,CB001BUS06,BCom,Management Studies,regular,1,186,0,168,False,18,97510,0,0,77910,BCom in the field of Management Studies,label_match,25.2,186,,unresolved,97510,published_divergent,none,,low,no rule or adjudication applies; default-trust=computed
2024,COM,CB001BUS06,BCom,Management Studies,regular,2,168,0,168,False,0,91290,19720,0,91090,BCom in the field of Management Studies,label_match,0.2,168,,consistent,91290,reconciled,none,,high,computed credits equal the stated total
2024,COM,CB001BUS06,BCom,Management Studies,regular,3,120,0,120,False,0,65733,55873,0,88740,BCom in the field of Management Studies,label_match,-25.9,120,,consistent,65733,published_divergent,none,,high,computed credits equal the stated total
2024,COM,CB001ECO02,BCom,Economics and Finance,regular,1,150,0,150,False,0,78700,0,0,78700,BCom specialising in Economics & Finance,label_match,0.0,150,,consistent,78700,reconciled,none,,high,computed credits equal the stated total
2024,COM,CB001ECO02,BCom,Economics and Finance,regular,2,132,0,150,True,-18,70980,9860,0,80840,BCom specialising in Economics & Finance,label_match,-12.2,132,,unresolved,70980,published_divergent,none,,low,no rule or adjudication applies; default-trust=computed
2024,COM,CB001ECO02,BCom,Economics and Finance,regular,3,144,0,144,True,0,78620,9860,0,68760,BCom specialising in Economics & Finance,label_match,14.3,144,,consistent,78620,published_divergent,none,,high,computed credits equal the stated total
2024,COM,CB001ECO03,BCom,Economics with Law,regular,1,132,0,132,False,0,68900,0,0,68900,BCom specialising in Economics with Law,label_match,0.0,132,,consistent,68900,reconciled,none,,high,computed credits equal the stated total
2024,COM,CB001ECO03,BCom,Economics with Law,regular,2,162,0,162,True,0,84990,9800,0,75190,BCom specialising in Economics with Law,label_match,13.0,162,,consistent,84990,published_divergent,none,,high,computed credits equal the stated total
2024,COM,CB001ECO03,BCom,Economics with Law,regular,3,216,1,162,False,54,114890,0,1,85310,BCom specialising in Economics with Law,label_match,34.7,216,,unresolved,114890,published_divergent,none,,low,no rule or adjudication applies; default-trust=computed
2024,COM,CB001ECO04,BCom,Economics and Statistics,regular,1,150,0,150,False,0,78700,0,0,78700,BCom specialising in Economics & Statistics,label_match,0.0,150,,consistent,78700,reconciled,none,,high,computed credits equal the stated total
2024,COM,CB001ECO04,BCom,Economics and Statistics,regular,2,186,1,156,True,30,98870,0,1,73530,BCom specialising in Economics & Statistics,label_match,34.5,186,,unresolved,98870,published_divergent,none,,low,no rule or adjudication applies; default-trust=computed
2024,COM,CB001ECO04,BCom,Economics and Statistics,regular,3,234,1,180,False,54,125420,0,1,87390,BCom specialising in Economics & Statistics,label_match,43.5,234,,unresolved,125420,published_divergent,none,,low,no rule or adjudication applies; default-trust=computed
2024,COM,CB001INF01,BCom,Information Systems,regular,1,132,0,132,False,0,68110,0,0,67890,BCom specialising in Information Systems,label_match,0.3,132,,consistent,68110,reconciled,none,,high,computed credits equal the stated total
2024,COM,CB001INF01,BCom,Information Systems,regular,2,144,0,144,False,0,78910,9860,0,69050,BCom specialising in Information Systems,label_match,14.3,144,,consistent,78910,published_divergent,none,,high,computed credits equal the stated total
2024,COM,CB001INF01,BCom,Information Systems,regular,3,156,0,156,False,0,88340,19720,0,88340,BCom specialising in Information Systems,label_match,0.0,156,,consistent,88340,reconciled,none,,high,computed credits equal the stated total
2024,COM,CB001INF06,BCom,Information Systems and Computer Science,regular,1,150,0,132,False,18,78140,0,0,68340,BCom specialising in Information Systems & Computer Science,label_match,14.3,150,,unresolved,78140,published_divergent,none,,low,no rule or adjudication applies; default-trust=computed
2024,COM,CB001INF06,BCom,Information Systems and Computer Science,regular,2,162,0,162,False,0,86200,0,0,86200,BCom specialising in Information Systems & Computer Science,label_match,0.0,162,,consistent,86200,reconciled,none,,high,computed credits equal the stated total
2024,COM,CB001INF06,BCom,Information Systems and Computer Science,regular,3,144,0,144,False,0,77500,0,0,77500,BCom specialising in Information Systems & Computer Science,label_match,0.0,144,,consistent,77500,reconciled,none,,high,computed credits equal the stated total
2024,COM,CB001INF11,BCom,Information Systems and Finance,regular,1,150,0,167,False,-17,78700,0,0,78700,BCom specialising in Information Systems & Finance,label_match,0.0,150,,unresolved,78700,reconciled,none,,low,no rule or adjudication applies; default-trust=computed
2024,COM,CB001INF11,BCom,Information Systems and Finance,regular,2,162,0,162,False,0,87980,0,0,87980,BCom specialising in Information Systems & Finance,label_match,0.0,162,,consistent,87980,reconciled,none,,high,computed credits equal the stated total
2024,COM,CB001INF11,BCom,Information Systems and Finance,regular,3,150,0,150,False,0,81430,0,0,81430,BCom specialising in Information Systems & Finance,label_match,0.0,150,,consistent,81430,reconciled,none,,high,computed credits equal the stated total
2024,COM,CB001PHI03,BCom,"Philosophy, Politics & Economics",regular,1,132,0,132,False,0,66140,0,0,66140,"BCom specialising in Philosophy, Politics & Economics",label_match,0.0,132,,consistent,66140,reconciled,none,,high,computed credits equal the stated total
2024,COM,CB001PHI03,BCom,"Philosophy, Politics & Economics",regular,2,270,2,174,False,96,138510,0,2,90950,"BCom specialising in Philosophy, Politics & Economics",label_match,52.3,174,,resolved_manual,138510,published_divergent,R3,COM-2024-001,high,"The year table lists a module menu with no printed selection rule, so the row sum counts every offering; the stated total is the only authoritative signal of the intended load and is stable across editions. Computed fee is left as the sum of listed modules and will show as published_divergent until the menu rule is confirmed."
2024,COM,CB001PHI03,BCom,"Philosophy, Politics & Economics",regular,3,223,2,168,False,55,102724,13694,2,110780,"BCom specialising in Philosophy, Politics & Economics",label_match,-7.3,223,,unresolved,102724,published_divergent,none,,low,no rule or adjudication applies; default-trust=computed
2024,COM,CB003BUS01,BBusSc,Actuarial Science,regular,1,180,0,180,False,0,98140,0,0,98140,Bachelor of Business Science BBusSc specialising in Actuarial Science,label_match,0.0,180,,consistent,98140,reconciled,none,,high,computed credits equal the stated total
2024,COM,CB003BUS01,BBusSc,Actuarial Science,regular,2,186,0,186,False,0,100600,0,0,100600,Bachelor of Business Science BBusSc specialising in Actuarial Science,label_match,0.0,186,,consistent,100600,reconciled,none,,high,computed credits equal the stated total
2024,COM,CB003BUS01,BBusSc,Actuarial Science,regular,3,180,0,180,False,0,98730,0,0,87130,Bachelor of Business Science BBusSc specialising in Actuarial Science,label_match,13.3,180,,consistent,98730,published_divergent,none,,high,computed credits equal the stated total
2024,COM,CB003BUS01,BBusSc,Actuarial Science,regular,4,174,0,174,False,0,84250,0,0,84250,Bachelor of Business Science BBusSc specialising in Actuarial Science,label_match,0.0,174,,consistent,84250,reconciled,none,,high,computed credits equal the stated total
2024,COM,CB003BUS09,BBusSc,Actuarial Science: Quantitative Finance,regular,1,180,0,180,False,0,98140,0,0,98140,BBusSc specialising in Actuarial Science: Quantitative Finance Stream,label_match,0.0,180,,consistent,98140,reconciled,none,,high,computed credits equal the stated total
2024,COM,CB003BUS09,BBusSc,Actuarial Science: Quantitative Finance,regular,2,186,0,186,False,0,100600,0,0,100600,BBusSc specialising in Actuarial Science: Quantitative Finance Stream,label_match,0.0,186,,consistent,100600,reconciled,none,,high,computed credits equal the stated total
2024,COM,CB003BUS09,BBusSc,Actuarial Science: Quantitative Finance,regular,3,198,0,198,False,0,106160,0,0,106160,BBusSc specialising in Actuarial Science: Quantitative Finance Stream,label_match,0.0,198,,consistent,106160,reconciled,none,,high,computed credits equal the stated total
2024,COM,CB003BUS09,BBusSc,Actuarial Science: Quantitative Finance,regular,4,147,0,147,False,0,78520,0,0,78520,BBusSc specialising in Actuarial Science: Quantitative Finance Stream,label_match,0.0,147,,consistent,78520,reconciled,none,,high,computed credits equal the stated total
2024,COM,CB004BUS07,BBusSc,Marketing,regular,1,150,0,150,False,0,78700,0,0,78700,BBusSc specialising in Marketing,label_match,0.0,150,,consistent,78700,reconciled,none,,high,computed credits equal the stated total
2024,COM,CB004BUS07,BBusSc,Marketing,regular,2,168,0,168,False,0,90440,0,0,90440,BBusSc specialising in Marketing,label_match,0.0,168,,consistent,90440,reconciled,none,,high,computed credits equal the stated total
2024,COM,CB004BUS07,BBusSc,Marketing,regular,3,198,0,180,False,18,97910,9860,0,88050,BBusSc specialising in Marketing,label_match,11.2,198,,unresolved,97910,published_divergent,none,,low,no rule or adjudication applies; default-trust=computed
2024,COM,CB004BUS07,BBusSc,Marketing,regular,4,180,0,180,False,0,96630,0,0,96630,BBusSc specialising in Marketing,label_match,0.0,180,,consistent,96630,reconciled,none,,high,computed credits equal the stated total
2024,COM,CB004BUS08,BBusSc,Organisational Psychology,regular,1,144,0,144,False,0,76880,0,0,76880,BBusSc specialising in Organisational Psychology,label_match,0.0,144,,consistent,76880,reconciled,none,,high,computed credits equal the stated total
2024,COM,CB004BUS08,BBusSc,Organisational Psychology,regular,2,132,0,132,False,0,68170,0,0,58310,BBusSc specialising in Organisational Psychology,label_match,16.9,132,,consistent,68170,published_divergent,none,,high,computed credits equal the stated total
2024,COM,CB004BUS08,BBusSc,Organisational Psychology,regular,3,162,0,162,False,0,85490,0,0,85490,BBusSc specialising in Organisational Psychology,label_match,0.0,162,,consistent,85490,reconciled,none,,high,computed credits equal the stated total
2024,COM,CB004BUS08,BBusSc,Organisational Psychology,regular,4,156,0,156,False,0,91880,0,0,91880,BBusSc specialising in Organisational Psychology,label_match,0.0,156,,consistent,91880,reconciled,none,,high,computed credits equal the stated total
2024,COM,CB004BUS22,BBusSc,Analytics,regular,1,168,0,168,False,0,88000,0,0,88000,BBusSc specialising in Analytics,label_match,0.0,168,,consistent,88000,reconciled,none,,high,computed credits equal the stated total
2024,COM,CB004BUS22,BBusSc,Analytics,regular,2,186,0,186,False,0,99450,0,0,99450,BBusSc specialising in Analytics,label_match,0.0,186,,consistent,99450,reconciled,none,,high,computed credits equal the stated total
2024,COM,CB004BUS22,BBusSc,Analytics,regular,3,210,0,198,True,12,112010,0,0,129010,BBusSc specialising in Analytics,label_match,-13.2,210,,consistent,112010,published_divergent,none,,high,computed credits equal the stated total
2024,COM,CB004BUS22,BBusSc,Analytics,regular,4,178,0,178,False,0,81340,0,0,81340,BBusSc specialising in Analytics,label_match,0.0,178,,consistent,81340,reconciled,none,,high,computed credits equal the stated total
2024,COM,CB004CSC05,BBusSc,Computer Science,regular,1,144,0,162,False,-18,78140,0,0,78140,BBusSc specialising in Computer Science,label_match,0.0,144,,resolved_computed,78140,reconciled,R1a,R1a,high,"stated total exceeds the taken-course sum by exactly the credits of the non-taken alternatives (all choice groups, 18 cr) — the printed total double-counts choices"
2024,COM,CB004CSC05,BBusSc,Computer Science,regular,2,150,0,162,True,-12,77190,0,0,96910,BBusSc specialising in Computer Science,label_match,-20.3,150,,unresolved,77190,published_divergent,none,,low,no rule or adjudication applies; default-trust=computed
2024,COM,CB004CSC05,BBusSc,Computer Science,regular,3,180,0,180,False,0,96370,0,0,96370,BBusSc specialising in Computer Science,label_match,0.0,180,,consistent,96370,reconciled,none,,high,computed credits equal the stated total
2024,COM,CB004CSC05,BBusSc,Computer Science,regular,4,262,0,160,False,102,118930,0,0,74050,BBusSc specialising in Computer Science,label_match,60.6,160,,resolved_manual,118930,published_divergent,R3,COM-2024-002,high,"The year table lists a module menu with no printed selection rule, so the row sum counts every offering; the stated total is the only authoritative signal of the intended load and is stable across editions. Computed fee is left as the sum of listed modules and will show as published_divergent until the menu rule is confirmed."
2024,COM,CB004ECO01,BBusSc,Economics,regular,1,150,0,150,False,0,78700,0,0,78700,BBusSc specialising in Economics,label_match,0.0,150,,consistent,78700,reconciled,none,,high,computed credits equal the stated total
2024,COM,CB004ECO01,BBusSc,Economics,regular,2,156,0,150,False,6,83650,0,0,83650,BBusSc specialising in Economics,label_match,0.0,156,,resolved_computed,83650,reconciled,R2a,R2a,medium,"identical taken-course set reconciles exactly in editions 2022, 2025, 2026; the divergent stated total here is edition-local drift"
2024,COM,CB004ECO01,BBusSc,Economics,regular,3,216,2,162,False,54,116680,9860,2,116680,BBusSc specialising in Economics,label_match,0.0,216,,unresolved,116680,reconciled,none,,low,no rule or adjudication applies; default-trust=computed
2024,COM,CB004ECO01,BBusSc,Economics,regular,4,156,0,156,False,0,98470,0,0,98470,BBusSc specialising in Economics,label_match,0.0,156,,consistent,98470,reconciled,none,,high,computed credits equal the stated total
2024,COM,CB004ECO03,BBusSc,Economics with Law,regular,1,150,0,150,False,0,78700,0,0,78700,BBusSc specialising in Economics with Law,label_match,0.0,150,,consistent,78700,reconciled,none,,high,computed credits equal the stated total
2024,COM,CB004ECO03,BBusSc,Economics with Law,regular,2,168,0,168,False,0,88120,0,0,88120,BBusSc specialising in Economics with Law,label_match,0.0,168,,consistent,88120,reconciled,none,,high,computed credits equal the stated total
2024,COM,CB004ECO03,BBusSc,Economics with Law,regular,3,162,0,162,False,0,85050,9860,0,85350,BBusSc specialising in Economics with Law,label_match,-0.4,162,,consistent,85050,reconciled,none,,high,computed credits equal the stated total
2024,COM,CB004ECO03,BBusSc,Economics with Law,regular,4,174,0,174,False,0,108330,0,0,108330,BBusSc specialising in Economics with Law,label_match,0.0,174,,consistent,108330,reconciled,none,,high,computed credits equal the stated total
2024,COM,CB004FTX04,BBusSc,Finance with Accounting,regular,1,159,0,159,False,0,86930,0,0,88560,BBusSc specialising in Finance with Accounting (CA Option),label_match,-1.8,159,,consistent,86930,reconciled,none,,high,computed credits equal the stated total
2024,COM,CB004FTX04,BBusSc,Finance with Accounting,regular,2,180,0,180,False,0,99450,0,0,99450,BBusSc specialising in Finance with Accounting (CA Option),label_match,0.0,180,,consistent,99450,reconciled,none,,high,computed credits equal the stated total
2024,COM,CB004FTX04,BBusSc,Finance with Accounting,regular,3,170,0,170,False,0,87680,0,0,87680,BBusSc specialising in Finance with Accounting (CA Option),label_match,0.0,170,,consistent,87680,reconciled,none,,high,computed credits equal the stated total
2024,COM,CB004FTX04,BBusSc,Finance with Accounting,regular,4,184,0,184,False,0,88480,0,0,88480,BBusSc specialising in Finance with Accounting (CA Option),label_match,0.0,184,,consistent,88480,reconciled,none,,high,computed credits equal the stated total
2024,COM,CB004FTX05,BBusSc,Finance,regular,1,150,0,150,False,0,78700,0,0,78700,BBusSc specialising in Finance (Non CA Option),label_match,0.0,150,,consistent,78700,reconciled,none,,high,computed credits equal the stated total
2024,COM,CB004FTX05,BBusSc,Finance,regular,2,168,0,168,False,0,90440,0,0,90400,BBusSc specialising in Finance (Non CA Option),label_match,0.0,168,,consistent,90440,reconciled,none,,high,computed credits equal the stated total
2024,COM,CB004FTX05,BBusSc,Finance,regular,3,144,0,162,False,-18,78190,0,0,88050,BBusSc specialising in Finance (Non CA Option),label_match,-11.2,144,,unresolved,78190,published_divergent,none,,low,no rule or adjudication applies; default-trust=computed
2024,COM,CB004FTX05,BBusSc,Finance,regular,4,144,0,144,False,0,78620,0,0,78620,BBusSc specialising in Finance (Non CA Option),label_match,0.0,144,,consistent,78620,reconciled,none,,high,computed credits equal the stated total
2024,COM,CB004INF01,BBusSc,Information Systems,regular,1,168,0,168,False,0,87710,0,0,87710,BBusSc specialising in Information Systems,label_match,0.0,168,,consistent,87710,reconciled,none,,high,computed credits equal the stated total
2024,COM,CB004INF01,BBusSc,Information Systems,regular,2,168,0,168,False,0,91640,0,0,101410,BBusSc specialising in Information Systems,label_match,-9.6,168,,consistent,91640,published_divergent,none,,high,computed credits equal the stated total
2024,COM,CB004INF01,BBusSc,Information Systems,regular,3,156,0,156,False,0,88340,0,0,78620,BBusSc specialising in Information Systems,label_match,12.4,156,,consistent,88340,published_divergent,none,,high,computed credits equal the stated total
2024,COM,CB004INF01,BBusSc,Information Systems,regular,4,176,0,176,False,0,90400,0,0,90400,BBusSc specialising in Information Systems,label_match,0.0,176,,consistent,90400,reconciled,none,,high,computed credits equal the stated total
2024,COM,CB011ACC03,BCom,Financial Accounting: Accounting with Law,extended,2,162,0,162,False,0,84920,0,0,84920,BCom Academic Development specialising in Financial Accounting: Accounting with Law Stream,ad_shared,0.0,162,,consistent,84920,reconciled,none,,high,computed credits equal the stated total
2024,COM,CB011ACC03,BCom,Financial Accounting: Accounting with Law,extended,3,144,0,144,False,0,75320,0,0,75320,BCom Academic Development specialising in Financial Accounting: Accounting with Law Stream,ad_shared,0.0,144,,consistent,75320,reconciled,none,,high,computed credits equal the stated total
2024,COM,CB011ACC04,BCom,Financial Accounting: Chartered Accountant,extended,1,125,0,125,False,0,67690,0,0,67690,Bachelor of Commerce Academic Development specialising in Financial Accounting Chartered Accounting Stream,ad_duration,0.0,125,,consistent,67690,reconciled,none,,high,computed credits equal the stated total
2024,COM,CB011ACC04,BCom,Financial Accounting: Chartered Accountant,extended,2,126,0,126,False,0,68830,0,0,68830,Bachelor of Commerce Academic Development specialising in Financial Accounting Chartered Accounting Stream,ad_duration,0.0,126,,consistent,68830,reconciled,none,,high,computed credits equal the stated total
2024,COM,CB011ACC04,BCom,Financial Accounting: Chartered Accountant,extended,3,152,0,152,False,0,76790,0,0,76790,Bachelor of Commerce Academic Development specialising in Financial Accounting Chartered Accounting Stream,ad_duration,0.0,152,,consistent,76790,reconciled,none,,high,computed credits equal the stated total
2024,COM,CB011ACC04,BCom,Financial Accounting: Chartered Accountant,extended,4,112,0,112,False,0,58950,0,0,58950,Bachelor of Commerce Academic Development specialising in Financial Accounting Chartered Accounting Stream,ad_duration,0.0,112,,consistent,58950,reconciled,none,,high,computed credits equal the stated total
2024,COM,CB011ACC08,BCom,Financial Accounting: General Accounting,extended,1,107,0,107,False,0,57830,0,0,57830,BCom Academic Development specialising in Financial Accounting General Accounting Stream,ad_duration,0.0,107,,consistent,57830,reconciled,none,,high,computed credits equal the stated total
2024,COM,CB011ACC08,BCom,Financial Accounting: General Accounting,extended,2,126,0,126,False,0,68830,0,0,68830,BCom Academic Development specialising in Financial Accounting General Accounting Stream,ad_duration,0.0,126,,consistent,68830,reconciled,none,,high,computed credits equal the stated total
2024,COM,CB011ACC08,BCom,Financial Accounting: General Accounting,extended,3,122,0,122,False,0,58770,0,0,58770,BCom Academic Development specialising in Financial Accounting General Accounting Stream,ad_duration,0.0,122,,consistent,58770,reconciled,none,,high,computed credits equal the stated total
2024,COM,CB011ACC08,BCom,Financial Accounting: General Accounting,extended,4,82,0,100,False,-18,37660,0,0,37660,BCom Academic Development specialising in Financial Accounting General Accounting Stream,ad_duration,0.0,82,,unresolved,37660,reconciled,none,,low,no rule or adjudication applies; default-trust=computed
2024,COM,CB011BUS06,BCom,Management Studies,extended,1,116,0,116,False,0,59460,0,0,69040,BCom Academic Development specialising in Management Studies,ad_duration,-13.9,116,,consistent,59460,published_divergent,none,,high,computed credits equal the stated total
2024,COM,CB011BUS06,BCom,Management Studies,extended,2,90,0,108,False,-18,49180,0,0,59040,BCom Academic Development specialising in Management Studies,ad_duration,-16.7,90,,resolved_computed,49180,published_divergent,R1a,R1a,high,"stated total exceeds the taken-course sum by exactly the credits of the non-taken alternatives (all choice groups, 18 cr) — the printed total double-counts choices"
2024,COM,CB011BUS06,BCom,Management Studies,extended,3,150,0,150,False,0,81430,29580,0,51850,BCom Academic Development specialising in Management Studies,ad_duration,57.0,150,,consistent,81430,published_divergent,none,,high,computed credits equal the stated total
2024,COM,CB011BUS06,BCom,Management Studies,extended,4,120,0,120,False,0,65733,55873,0,39440,BCom Academic Development specialising in Management Studies,ad_duration,66.7,120,,consistent,65733,published_divergent,none,,high,computed credits equal the stated total
2024,COM,CB011ECO02,BCom,Economics and Finance,extended,1,98,0,96,False,2,49600,0,0,59460,BCom Academic Development specialising in Economics & Finance,ad_duration,-16.6,98,,unresolved,49600,published_divergent,none,,low,no rule or adjudication applies; default-trust=computed
2024,COM,CB011ECO02,BCom,Economics and Finance,extended,2,108,0,108,False,0,59040,0,0,59040,BCom Academic Development specialising in Economics & Finance,ad_duration,0.0,108,,consistent,59040,reconciled,none,,high,computed credits equal the stated total
2024,COM,CB011ECO02,BCom,Economics and Finance,extended,3,96,0,132,True,-36,51850,9860,0,41990,BCom Academic Development specialising in Economics & Finance,ad_duration,23.5,96,,unresolved,51850,published_divergent,none,,low,no rule or adjudication applies; default-trust=computed
2024,COM,CB011ECO02,BCom,Economics and Finance,extended,4,198,1,126,True,72,108460,9860,1,98600,BCom Academic Development specialising in Economics & Finance,ad_duration,10.0,198,,unresolved,108460,published_divergent,none,,low,no rule or adjudication applies; default-trust=computed
2024,COM,CB011ECO03,BCom,Economics with Law,extended,1,114,0,116,False,-2,59100,0,0,59100,BCom Academic Development specialising in Economics with Law,ad_duration,0.0,114,,unresolved,59100,reconciled,none,,low,no rule or adjudication applies; default-trust=computed
2024,COM,CB011ECO03,BCom,Economics with Law,extended,2,108,0,108,True,0,58780,9800,0,48980,BCom Academic Development specialising in Economics with Law,ad_duration,20.0,108,,consistent,58780,published_divergent,none,,high,computed credits equal the stated total
2024,COM,CB011ECO03,BCom,Economics with Law,extended,3,108,0,108,False,0,55730,0,0,65590,BCom Academic Development specialising in Economics with Law,ad_duration,-15.0,108,,consistent,55730,published_divergent,none,,high,computed credits equal the stated total
2024,COM,CB011ECO03,BCom,Economics with Law,extended,4,180,1,108,False,72,95170,0,1,55730,BCom Academic Development specialising in Economics with Law,ad_duration,70.8,180,,unresolved,95170,published_divergent,none,,low,no rule or adjudication applies; default-trust=computed
2024,COM,CB011ECO04,BCom,Economics and Statistics,extended,1,96,0,96,False,0,49240,0,0,49240,BCom Academic Development specialising in Economics & Statistics,ad_duration,0.0,96,,consistent,49240,reconciled,none,,high,computed credits equal the stated total
2024,COM,CB011ECO04,BCom,Economics and Statistics,extended,2,108,0,108,False,0,58190,0,0,58190,BCom Academic Development specialising in Economics & Statistics,ad_duration,0.0,108,,consistent,58190,reconciled,none,,high,computed credits equal the stated total
2024,COM,CB011ECO04,BCom,Economics and Statistics,extended,3,120,0,144,True,-24,64520,9860,0,64520,BCom Academic Development specialising in Economics & Statistics,ad_duration,0.0,120,,unresolved,64520,reconciled,none,,low,no rule or adjudication applies; default-trust=computed
2024,COM,CB011ECO04,BCom,Economics and Statistics,extended,4,162,0,162,True,0,87360,29580,0,95840,BCom Academic Development specialising in Economics & Statistics,ad_duration,-8.8,162,,consistent,87360,published_divergent,none,,high,computed credits equal the stated total
2024,COM,CB011INF01,BCom,Information Systems,extended,1,98,0,110,False,-12,50450,0,0,60030,BCom Academic Development specialising in Information Systems,ad_duration,-16.0,98,,unresolved,50450,published_divergent,none,,low,no rule or adjudication applies; default-trust=computed
2024,COM,CB011INF01,BCom,Information Systems,extended,2,108,0,108,False,0,59250,0,0,59250,BCom Academic Development specialising in Information Systems,ad_duration,0.0,108,,consistent,59250,reconciled,none,,high,computed credits equal the stated total
2024,COM,CB011INF01,BCom,Information Systems,extended,3,120,0,120,False,0,68760,9800,0,58960,BCom Academic Development specialising in Information Systems,ad_duration,16.6,120,,consistent,68760,published_divergent,none,,high,computed credits equal the stated total
2024,COM,CB011INF01,BCom,Information Systems,extended,4,108,0,108,False,0,58050,19720,0,38330,BCom Academic Development specialising in Information Systems,ad_duration,51.4,108,,consistent,58050,published_divergent,none,,high,computed credits equal the stated total
2024,COM,CB011INF06,BCom,Information Systems and Computer Science,extended,1,98,0,110,False,-12,50170,0,0,59970,BCom Academic Development specialising in Information Systems & Computer Science,ad_duration,-16.3,98,,unresolved,50170,published_divergent,none,,low,no rule or adjudication applies; default-trust=computed
2024,COM,CB011INF06,BCom,Information Systems and Computer Science,extended,2,108,0,108,False,0,57650,0,0,67450,BCom Academic Development specialising in Information Systems & Computer Science,ad_duration,-14.5,108,,consistent,57650,published_divergent,none,,high,computed credits equal the stated total
2024,COM,CB011INF06,BCom,Information Systems and Computer Science,extended,3,108,0,108,False,0,57790,0,0,57790,BCom Academic Development specialising in Information Systems & Computer Science,ad_duration,0.0,108,,consistent,57790,reconciled,none,,high,computed credits equal the stated total
2024,COM,CB011INF06,BCom,Information Systems and Computer Science,extended,4,126,0,126,False,0,67640,0,0,67640,BCom Academic Development specialising in Information Systems & Computer Science,ad_duration,0.0,126,,consistent,67640,reconciled,none,,high,computed credits equal the stated total
2024,COM,CB011INF11,BCom,Information Systems and Finance,extended,1,116,0,128,False,-12,60310,0,0,60310,BCom Academic Development specialising in Information Systems & Finance,ad_duration,0.0,116,,unresolved,60310,reconciled,none,,low,no rule or adjudication applies; default-trust=computed
2024,COM,CB011INF11,BCom,Information Systems and Finance,extended,2,108,0,108,False,0,59190,0,0,59190,BCom Academic Development specialising in Information Systems & Finance,ad_duration,0.0,108,,consistent,59190,reconciled,none,,high,computed credits equal the stated total
2024,COM,CB011INF11,BCom,Information Systems and Finance,extended,3,126,0,126,False,0,68960,0,0,68960,BCom Academic Development specialising in Information Systems & Finance,ad_duration,0.0,126,,consistent,68960,reconciled,none,,high,computed credits equal the stated total
2024,COM,CB011INF11,BCom,Information Systems and Finance,extended,4,114,0,114,False,0,60860,0,0,60860,BCom Academic Development specialising in Information Systems & Finance,ad_duration,0.0,114,,consistent,60860,reconciled,none,,high,computed credits equal the stated total
2024,COM,CB011PHI03,BCom,"Philosophy, Politics & Economics",extended,1,110,0,108,False,2,57490,0,0,57490,"BCom Academic Development specialising in Philosophy, Politics & Economics",ad_duration,0.0,110,,unresolved,57490,reconciled,none,,low,no rule or adjudication applies; default-trust=computed
2024,COM,CB011PHI03,BCom,"Philosophy, Politics & Economics",extended,2,96,0,96,False,0,49240,0,0,49240,"BCom Academic Development specialising in Philosophy, Politics & Economics",ad_duration,0.0,96,,consistent,49240,reconciled,none,,high,computed credits equal the stated total
2024,COM,CB011PHI03,BCom,"Philosophy, Politics & Economics",extended,3,198,1,102,False,96,99130,0,1,51570,"BCom Academic Development specialising in Philosophy, Politics & Economics",ad_duration,92.2,102,,resolved_manual,99130,published_divergent,R3,COM-2024-003,high,"The year table lists a module menu with no printed selection rule, so the row sum counts every offering; the stated total is the only authoritative signal of the intended load and is stable across editions. Computed fee is left as the sum of listed modules and will show as published_divergent until the menu rule is confirmed."
2024,COM,CB011PHI03,BCom,"Philosophy, Politics & Economics",extended,4,223,2,162,True,61,102724,13694,2,73080,"BCom Academic Development specialising in Philosophy, Politics & Economics",ad_duration,40.6,223,,unresolved,102724,published_divergent,none,,low,no rule or adjudication applies; default-trust=computed
2024,COM,CB015BUS07,BBusSc,Marketing,extended,1,114,0,114,False,0,58250,0,0,58250,BBusSc Academic Development specialising in Marketing,ad_duration,0.0,114,,consistent,58250,reconciled,none,,high,computed credits equal the stated total
2024,COM,CB015BUS07,BBusSc,Marketing,extended,2,96,0,96,False,0,51990,0,0,51990,BBusSc Academic Development specialising in Marketing,ad_duration,0.0,96,,consistent,51990,reconciled,none,,high,computed credits equal the stated total
2024,COM,CB015BUS07,BBusSc,Marketing,extended,3,72,0,90,False,-18,39180,0,0,49040,BBusSc Academic Development specialising in Marketing,ad_duration,-20.1,72,,resolved_computed,39180,published_divergent,R1a,R1a,high,"stated total exceeds the taken-course sum by exactly the credits of the non-taken alternatives (all choice groups, 18 cr) — the printed total double-counts choices"
2024,COM,CB015BUS07,BBusSc,Marketing,extended,4,126,0,126,False,0,58470,0,0,58470,BBusSc Academic Development specialising in Marketing,ad_duration,0.0,126,,consistent,58470,reconciled,none,,high,computed credits equal the stated total
2024,COM,CB015BUS07,BBusSc,Marketing,extended,5,180,0,180,False,0,96630,0,0,96630,BBusSc Academic Development specialising in Marketing,ad_duration,0.0,180,,consistent,96630,reconciled,none,,high,computed credits equal the stated total
2024,COM,CB015BUS08,BBusSc,Organisational Psychology,extended,1,128,0,128,False,0,68290,0,0,68290,BBusSc Academic Development specialising in Organisational Psychology,ad_duration,0.0,128,,consistent,68290,reconciled,none,,high,computed credits equal the stated total
2024,COM,CB015BUS08,BBusSc,Organisational Psychology,extended,2,102,0,120,False,-18,51200,0,0,51200,BBusSc Academic Development specialising in Organisational Psychology,ad_duration,0.0,102,,unresolved,51200,reconciled,none,,low,no rule or adjudication applies; default-trust=computed
2024,COM,CB015BUS08,BBusSc,Organisational Psychology,extended,3,144,0,108,False,36,78620,9860,0,58900,BBusSc Academic Development specialising in Organisational Psychology,ad_duration,33.5,144,,unresolved,78620,published_divergent,none,,low,no rule or adjudication applies; default-trust=computed
2024,COM,CB015BUS08,BBusSc,Organisational Psychology,extended,4,84,0,84,False,0,43500,0,0,43500,BBusSc Academic Development specialising in Organisational Psychology,ad_duration,0.0,84,,consistent,43500,reconciled,none,,high,computed credits equal the stated total
2024,COM,CB015BUS08,BBusSc,Organisational Psychology,extended,5,156,0,156,False,0,91880,0,0,91880,BBusSc Academic Development specialising in Organisational Psychology,ad_duration,0.0,156,,consistent,91880,reconciled,none,,high,computed credits equal the stated total
2024,COM,CB015BUS22,BBusSc,Analytics,extended,1,134,0,134,False,0,69040,0,0,69040,BBusSc Academic Development specialising in Analytics,ad_duration,0.0,134,,consistent,69040,reconciled,none,,high,computed credits equal the stated total
2024,COM,CB015BUS22,BBusSc,Analytics,extended,2,72,0,72,False,0,39040,0,0,48840,BBusSc Academic Development specialising in Analytics,ad_duration,-20.1,72,,consistent,39040,published_divergent,none,,high,computed credits equal the stated total
2024,COM,CB015BUS22,BBusSc,Analytics,extended,3,168,0,168,False,0,90440,0,0,90440,BBusSc Academic Development specialising in Analytics,ad_duration,0.0,168,,consistent,90440,reconciled,none,,high,computed credits equal the stated total
2024,COM,CB015BUS22,BBusSc,Analytics,extended,4,228,0,180,True,48,121180,0,0,140900,BBusSc Academic Development specialising in Analytics,ad_duration,-14.0,228,,consistent,121180,published_divergent,none,,high,computed credits equal the stated total
2024,COM,CB015BUS22,BBusSc,Analytics,extended,5,178,0,178,False,0,81340,0,0,81340,BBusSc Academic Development specialising in Analytics,ad_duration,0.0,178,,consistent,81340,reconciled,none,,high,computed credits equal the stated total
2024,COM,CB015CSC05,BBusSc,Computer Science,extended,1,128,0,128,False,0,68980,0,0,68980,BBusSc Academic Development specialising in Computer Science,ad_duration,0.0,128,,consistent,68980,reconciled,none,,high,computed credits equal the stated total
2024,COM,CB015CSC05,BBusSc,Computer Science,extended,2,114,0,126,False,-12,58500,0,0,68360,BBusSc Academic Development specialising in Computer Science,ad_duration,-14.4,114,,unresolved,58500,published_divergent,none,,low,no rule or adjudication applies; default-trust=computed
2024,COM,CB015CSC05,BBusSc,Computer Science,extended,3,126,0,126,False,0,67590,0,0,67590,BBusSc Academic Development specialising in Computer Science,ad_duration,0.0,126,,consistent,67590,reconciled,none,,high,computed credits equal the stated total
2024,COM,CB015CSC05,BBusSc,Computer Science,extended,4,126,0,126,False,0,67640,0,0,67640,BBusSc Academic Development specialising in Computer Science,ad_duration,0.0,126,,consistent,67640,reconciled,none,,high,computed credits equal the stated total
2024,COM,CB015CSC05,BBusSc,Computer Science,extended,5,262,0,160,False,102,118930,0,0,63490,BBusSc Academic Development specialising in Computer Science,ad_duration,87.3,160,,resolved_manual,118930,published_divergent,R3,COM-2024-004,high,"The year table lists a module menu with no printed selection rule, so the row sum counts every offering; the stated total is the only authoritative signal of the intended load and is stable across editions. Computed fee is left as the sum of listed modules and will show as published_divergent until the menu rule is confirmed."
2024,COM,CB015ECO01,BBusSc,Economics,extended,1,116,0,114,False,2,60310,0,0,60310,BBusSc Academic Development specialising in Economics,ad_duration,0.0,116,,unresolved,60310,reconciled,none,,low,no rule or adjudication applies; default-trust=computed
2024,COM,CB015ECO01,BBusSc,Economics,extended,2,126,0,126,False,0,68050,0,0,68050,BBusSc Academic Development specialising in Economics,ad_duration,0.0,126,,consistent,68050,reconciled,none,,high,computed credits equal the stated total
2024,COM,CB015ECO01,BBusSc,Economics,extended,3,138,0,156,False,-18,74380,9860,0,71140,BBusSc Academic Development specialising in Economics,ad_duration,4.6,138,,unresolved,74380,reconciled,none,,low,no rule or adjudication applies; default-trust=computed
2024,COM,CB015ECO01,BBusSc,Economics,extended,4,144,2,90,False,54,77500,0,2,77500,BBusSc Academic Development specialising in Economics,ad_duration,0.0,144,,unresolved,77500,reconciled,none,,low,no rule or adjudication applies; default-trust=computed
2024,COM,CB015ECO01,BBusSc,Economics,extended,5,156,0,156,False,0,98470,0,0,68890,BBusSc Academic Development specialising in Economics,ad_duration,42.9,156,,consistent,98470,published_divergent,none,,high,computed credits equal the stated total
2024,COM,CB015ECO03,BBusSc,Economics with Law,extended,1,116,0,116,False,0,60310,0,0,60310,BBusSc Academic Development specialising in Economics with Law,ad_duration,0.0,116,,consistent,60310,reconciled,none,,high,computed credits equal the stated total
2024,COM,CB015ECO03,BBusSc,Economics with Law,extended,2,114,0,114,False,0,61850,0,0,61850,BBusSc Academic Development specialising in Economics with Law,ad_duration,0.0,114,,consistent,61850,reconciled,none,,high,computed credits equal the stated total
2024,COM,CB015ECO03,BBusSc,Economics with Law,extended,3,144,0,126,False,18,75190,0,0,65330,BBusSc Academic Development specialising in Economics with Law,ad_duration,15.1,144,,unresolved,75190,published_divergent,none,,low,no rule or adjudication applies; default-trust=computed
2024,COM,CB015ECO03,BBusSc,Economics with Law,extended,4,144,0,144,False,0,75450,9860,0,65590,BBusSc Academic Development specialising in Economics with Law,ad_duration,15.0,144,,consistent,75450,published_divergent,none,,high,computed credits equal the stated total
2024,COM,CB015ECO03,BBusSc,Economics with Law,extended,5,156,0,166,False,-10,98470,0,0,68890,BBusSc Academic Development specialising in Economics with Law,ad_duration,42.9,156,,unresolved,98470,published_divergent,none,,low,no rule or adjudication applies; default-trust=computed
2024,COM,CB015FTX04,BBusSc,Finance with Accounting,extended,1,125,0,125,False,0,67690,0,0,69040,BBusSc Academic Development specialising in Finance with Accounting,ad_duration,-2.0,125,,consistent,67690,reconciled,none,,high,computed credits equal the stated total
2024,COM,CB015FTX04,BBusSc,Finance with Accounting,extended,2,138,0,138,False,0,77650,0,0,48840,BBusSc Academic Development specialising in Finance with Accounting,ad_duration,59.0,138,,consistent,77650,published_divergent,none,,high,computed credits equal the stated total
2024,COM,CB015FTX04,BBusSc,Finance with Accounting,extended,3,150,0,150,False,0,81560,0,0,90440,BBusSc Academic Development specialising in Finance with Accounting,ad_duration,-9.8,150,,consistent,81560,published_divergent,none,,high,computed credits equal the stated total
2024,COM,CB015FTX04,BBusSc,Finance with Accounting,extended,4,160,0,160,False,0,77820,0,0,140900,BBusSc Academic Development specialising in Finance with Accounting,ad_duration,-44.8,160,,consistent,77820,published_divergent,none,,high,computed credits equal the stated total
2024,COM,CB015FTX04,BBusSc,Finance with Accounting,extended,5,158,0,158,False,0,78620,0,0,81340,BBusSc Academic Development specialising in Finance with Accounting,ad_duration,-3.3,158,,consistent,78620,reconciled,none,,high,computed credits equal the stated total
2024,COM,CB015FTX05,BBusSc,Finance,extended,1,116,0,116,False,0,60310,0,0,73760,BBusSc Academic Development specialising in Finance,ad_duration,-18.2,116,,consistent,60310,published_divergent,none,,high,computed credits equal the stated total
2024,COM,CB015FTX05,BBusSc,Finance,extended,2,126,0,126,False,0,68050,0,0,67830,BBusSc Academic Development specialising in Finance,ad_duration,0.3,126,,consistent,68050,reconciled,none,,high,computed credits equal the stated total
2024,COM,CB015FTX05,BBusSc,Finance,extended,3,96,0,90,False,6,51850,9860,0,46820,BBusSc Academic Development specialising in Finance,ad_duration,10.7,96,,unresolved,51850,published_divergent,none,,low,no rule or adjudication applies; default-trust=computed
2024,COM,CB015FTX05,BBusSc,Finance,extended,4,144,0,144,False,0,78190,0,0,74790,BBusSc Academic Development specialising in Finance,ad_duration,4.5,144,,consistent,78190,reconciled,none,,high,computed credits equal the stated total
2024,COM,CB015FTX05,BBusSc,Finance,extended,5,144,0,144,False,0,78620,0,0,75200,BBusSc Academic Development specialising in Finance,ad_duration,4.5,144,,consistent,78620,reconciled,none,,high,computed credits equal the stated total
2024,COM,CB015INF01,BBusSc,Information Systems,extended,1,110,0,128,False,-18,59460,0,0,49320,BBusSc Academic Development specialising in Information Systems,ad_duration,20.6,110,,resolved_computed,59460,published_divergent,R1a,R1a,high,"stated total exceeds the taken-course sum by exactly the credits of the non-taken alternatives (all choice groups, 18 cr) — the printed total double-counts choices"
2024,COM,CB015INF01,BBusSc,Information Systems,extended,2,132,0,108,False,24,68900,0,0,59100,BBusSc Academic Development specialising in Information Systems,ad_duration,16.6,132,,unresolved,68900,published_divergent,none,,low,no rule or adjudication applies; default-trust=computed
2024,COM,CB015INF01,BBusSc,Information Systems,extended,3,132,0,132,False,0,71660,0,0,52200,BBusSc Academic Development specialising in Information Systems,ad_duration,37.3,132,,consistent,71660,published_divergent,none,,high,computed credits equal the stated total
2024,COM,CB015INF01,BBusSc,Information Systems,extended,4,120,0,120,False,0,68880,0,0,68880,BBusSc Academic Development specialising in Information Systems,ad_duration,0.0,120,,consistent,68880,reconciled,none,,high,computed credits equal the stated total
2024,COM,CB015INF01,BBusSc,Information Systems,extended,5,176,0,176,False,0,90400,0,0,86470,BBusSc Academic Development specialising in Information Systems,ad_duration,4.5,176,,consistent,90400,reconciled,none,,high,computed credits equal the stated total
2024,COM,CB018BUS01,BBusSc,Actuarial Science,extended,1,110,0,110,False,0,60030,0,0,,,unmatched,,110,,consistent,60030,no_published,none,,high,computed credits equal the stated total
2024,COM,CB018BUS01,BBusSc,Actuarial Science,extended,2,108,0,108,False,0,59040,0,0,,,unmatched,,108,,consistent,59040,no_published,none,,high,computed credits equal the stated total
2024,COM,CB018BUS01,BBusSc,Actuarial Science,extended,3,150,0,150,False,0,80880,0,0,,,unmatched,,150,,consistent,80880,no_published,none,,high,computed credits equal the stated total
2024,COM,CB018BUS01,BBusSc,Actuarial Science,extended,4,180,0,180,False,0,98730,0,0,,,unmatched,,180,,consistent,98730,no_published,none,,high,computed credits equal the stated total
2024,COM,CB018BUS01,BBusSc,Actuarial Science,extended,5,174,0,174,False,0,84250,0,0,,,unmatched,,174,,consistent,84250,no_published,none,,high,computed credits equal the stated total
2024,COM,CB018BUS09,BBusSc,Actuarial Science: Quantitative Finance,extended,1,110,0,110,False,0,60030,0,0,,,unmatched,,110,,consistent,60030,no_published,none,,high,computed credits equal the stated total
2024,COM,CB018BUS09,BBusSc,Actuarial Science: Quantitative Finance,extended,2,84,0,108,False,-24,49180,0,0,,,unmatched,,84,,unresolved,49180,no_published,none,,low,no rule or adjudication applies; default-trust=computed
2024,COM,CB018BUS09,BBusSc,Actuarial Science: Quantitative Finance,extended,3,168,0,150,False,18,90740,0,0,,,unmatched,,168,,unresolved,90740,no_published,none,,low,no rule or adjudication applies; default-trust=computed
2024,COM,CB018BUS09,BBusSc,Actuarial Science: Quantitative Finance,extended,4,198,0,198,False,0,106160,0,0,,,unmatched,,198,,consistent,106160,no_published,none,,high,computed credits equal the stated total
2024,COM,CB018BUS09,BBusSc,Actuarial Science: Quantitative Finance,extended,5,147,0,147,False,0,78520,0,0,,,unmatched,,147,,consistent,78520,no_published,none,,high,computed credits equal the stated total
2024,COM,CB019BUS01,BCom,Actuarial Science,regular,1,180,0,180,False,0,98140,0,0,98140,BCom specialising in Actuarial Science,label_match,0.0,180,,consistent,98140,reconciled,none,,high,computed credits equal the stated total
2024,COM,CB019BUS01,BCom,Actuarial Science,regular,2,186,0,186,False,0,100600,0,0,100600,BCom specialising in Actuarial Science,label_match,0.0,186,,consistent,100600,reconciled,none,,high,computed credits equal the stated total
2024,COM,CB019BUS01,BCom,Actuarial Science,regular,3,162,0,162,False,0,88870,0,0,88870,BCom specialising in Actuarial Science,label_match,0.0,162,,consistent,88870,reconciled,none,,high,computed credits equal the stated total
2024,COM,CB019BUS09,BCom,Actuarial Science: Quantitative Finance,regular,1,180,0,180,False,0,98140,0,0,98080,BCom specialising in Actuarial Science Quantitative Finance Stream,label_match,0.1,180,,consistent,98140,reconciled,none,,high,computed credits equal the stated total
2024,COM,CB019BUS09,BCom,Actuarial Science: Quantitative Finance,regular,2,186,0,186,False,0,100600,0,0,100600,BCom specialising in Actuarial Science Quantitative Finance Stream,label_match,0.0,186,,consistent,100600,reconciled,none,,high,computed credits equal the stated total
2024,COM,CB019BUS09,BCom,Actuarial Science: Quantitative Finance,regular,3,180,0,180,False,0,96300,0,0,96300,BCom specialising in Actuarial Science Quantitative Finance Stream,label_match,0.0,180,,consistent,96300,reconciled,none,,high,computed credits equal the stated total
2024,COM,CB020BUS01,BCom,Actuarial Science,extended,1,110,0,110,False,0,60030,0,0,60030,BCom Academic Development specialising in Actuarial Science,ad_duration,0.0,110,,consistent,60030,reconciled,none,,high,computed credits equal the stated total
2024,COM,CB020BUS01,BCom,Actuarial Science,extended,2,108,0,108,False,0,59040,0,0,59040,BCom Academic Development specialising in Actuarial Science,ad_duration,0.0,108,,consistent,59040,reconciled,none,,high,computed credits equal the stated total
2024,COM,CB020BUS01,BCom,Actuarial Science,extended,3,150,0,150,False,0,80880,0,0,80880,BCom Academic Development specialising in Actuarial Science,ad_duration,0.0,150,,consistent,80880,reconciled,none,,high,computed credits equal the stated total
2024,COM,CB020BUS01,BCom,Actuarial Science,extended,4,162,0,162,False,0,88870,0,0,88870,BCom Academic Development specialising in Actuarial Science,ad_duration,0.0,162,,consistent,88870,reconciled,none,,high,computed credits equal the stated total
2024,COM,CB020BUS09,BCom,Actuarial Science: Quantitative Finance,extended,1,110,0,110,False,0,60030,0,0,60030,BCom Academic Development specialising in Actuarial Science Quantitative Finance Stream,ad_duration,0.0,110,,consistent,60030,reconciled,none,,high,computed credits equal the stated total
2024,COM,CB020BUS09,BCom,Actuarial Science: Quantitative Finance,extended,2,126,0,126,False,0,68050,0,0,68050,BCom Academic Development specialising in Actuarial Science Quantitative Finance Stream,ad_duration,0.0,126,,consistent,68050,reconciled,none,,high,computed credits equal the stated total
2024,COM,CB020BUS09,BCom,Actuarial Science: Quantitative Finance,extended,3,132,0,,False,,71870,0,0,71870,BCom Academic Development specialising in Actuarial Science Quantitative Finance Stream,ad_duration,0.0,132,,unresolved,71870,reconciled,none,,low,no rule or adjudication applies; default-trust=computed
2024,COM,CB020BUS09,BCom,Actuarial Science: Quantitative Finance,extended,4,180,0,180,False,0,96300,0,0,96300,BCom Academic Development specialising in Actuarial Science Quantitative Finance Stream,ad_duration,0.0,180,,consistent,96300,reconciled,none,,high,computed credits equal the stated total
2024,COM,CB023ACC03,BCom,Financial Accounting: Accounting with Law,augmented,2,162,0,162,False,0,84920,0,0,84920,BCom Academic Development specialising in Financial Accounting: Accounting with Law Stream,ad_shared,0.0,162,,consistent,84920,reconciled,none,,high,computed credits equal the stated total
2024,COM,CB023ACC03,BCom,Financial Accounting: Accounting with Law,augmented,3,144,0,144,False,0,75320,0,0,75320,BCom Academic Development specialising in Financial Accounting: Accounting with Law Stream,ad_shared,0.0,144,,consistent,75320,reconciled,none,,high,computed credits equal the stated total
2024,COM,CB023ACC04,BCom,Financial Accounting: Chartered Accountant,augmented,1,161,0,161,False,0,87350,0,0,,,unmatched,,161,,consistent,87350,no_published,none,,high,computed credits equal the stated total
2024,COM,CB023ACC04,BCom,Financial Accounting: Chartered Accountant,augmented,2,144,0,144,False,0,78490,0,0,,,unmatched,,144,,consistent,78490,no_published,none,,high,computed credits equal the stated total
2024,COM,CB023ACC04,BCom,Financial Accounting: Chartered Accountant,augmented,3,174,0,,False,,86830,0,0,,,unmatched,,174,,unresolved,86830,no_published,none,,low,no rule or adjudication applies; default-trust=computed
2024,COM,CB023ACC08,BCom,Financial Accounting: General Accounting,augmented,1,161,0,161,False,0,87350,0,0,,,unmatched,,161,,consistent,87350,no_published,none,,high,computed credits equal the stated total
2024,COM,CB023ACC08,BCom,Financial Accounting: General Accounting,augmented,2,144,0,144,False,0,77900,0,0,,,unmatched,,144,,consistent,77900,no_published,none,,high,computed credits equal the stated total
2024,COM,CB023ACC08,BCom,Financial Accounting: General Accounting,augmented,3,168,0,168,False,0,76710,0,0,,,unmatched,,168,,consistent,76710,no_published,none,,high,computed credits equal the stated total
2024,COM,CB023BUS06,BCom,Management Studies,augmented,1,170,0,168,False,2,88920,0,0,,,unmatched,,170,,unresolved,88920,no_published,none,,low,no rule or adjudication applies; default-trust=computed
2024,COM,CB023BUS06,BCom,Management Studies,augmented,2,168,0,168,False,0,91290,19720,0,,,unmatched,,168,,consistent,91290,no_published,none,,high,computed credits equal the stated total
2024,COM,CB023BUS06,BCom,Management Studies,augmented,3,120,0,120,False,0,65733,55873,0,,,unmatched,,120,,consistent,65733,no_published,none,,high,computed credits equal the stated total
2024,COM,CB023ECO02,BCom,Economics and Finance,augmented,1,150,0,152,False,-2,78700,0,0,,,unmatched,,150,,unresolved,78700,no_published,none,,low,no rule or adjudication applies; default-trust=computed
2024,COM,CB023ECO02,BCom,Economics and Finance,augmented,2,132,0,150,True,-18,70980,9860,0,,,unmatched,,132,,unresolved,70980,no_published,none,,low,no rule or adjudication applies; default-trust=computed
2024,COM,CB023ECO02,BCom,Economics and Finance,augmented,3,144,0,144,True,0,78620,9860,0,,,unmatched,,144,,consistent,78620,no_published,none,,high,computed credits equal the stated total
2024,COM,CB023ECO03,BCom,Economics with Law,augmented,1,132,0,134,False,-2,68900,0,0,,,unmatched,,132,,unresolved,68900,no_published,none,,low,no rule or adjudication applies; default-trust=computed
2024,COM,CB023ECO03,BCom,Economics with Law,augmented,2,162,0,162,True,0,84990,9800,0,,,unmatched,,162,,consistent,84990,no_published,none,,high,computed credits equal the stated total
2024,COM,CB023ECO03,BCom,Economics with Law,augmented,3,216,1,162,False,54,114890,0,1,,,unmatched,,216,,unresolved,114890,no_published,none,,low,no rule or adjudication applies; default-trust=computed
2024,COM,CB023ECO04,BCom,Economics and Statistics,augmented,1,150,0,168,False,-18,78700,0,0,,,unmatched,,150,,resolved_computed,78700,no_published,R1a,R1a,high,"stated total exceeds the taken-course sum by exactly the credits of the non-taken alternatives (one choice group, 18 cr) — the printed total double-counts choices"
2024,COM,CB023ECO04,BCom,Economics and Statistics,augmented,2,186,1,156,True,30,98870,0,1,,,unmatched,,186,,unresolved,98870,no_published,none,,low,no rule or adjudication applies; default-trust=computed
2024,COM,CB023ECO04,BCom,Economics and Statistics,augmented,3,234,1,180,True,54,125420,0,1,,,unmatched,,234,,unresolved,125420,no_published,none,,low,no rule or adjudication applies; default-trust=computed
2024,COM,CB023INF01,BCom,Information Systems,augmented,1,134,0,134,False,0,69320,0,0,,,unmatched,,134,,consistent,69320,no_published,none,,high,computed credits equal the stated total
2024,COM,CB023INF01,BCom,Information Systems,augmented,2,144,0,144,False,0,78910,9860,0,,,unmatched,,144,,consistent,78910,no_published,none,,high,computed credits equal the stated total
2024,COM,CB023INF01,BCom,Information Systems,augmented,3,156,0,156,False,0,88340,19720,0,,,unmatched,,156,,consistent,88340,no_published,none,,high,computed credits equal the stated total
2024,COM,CB023INF06,BCom,Information Systems and Computer Science,augmented,1,146,0,134,False,12,79350,0,0,,,unmatched,,146,,unresolved,79350,no_published,none,,low,no rule or adjudication applies; default-trust=computed
2024,COM,CB023INF06,BCom,Information Systems and Computer Science,augmented,2,162,0,162,False,0,86200,0,0,,,unmatched,,162,,consistent,86200,no_published,none,,high,computed credits equal the stated total
2024,COM,CB023INF06,BCom,Information Systems and Computer Science,augmented,3,144,0,144,False,0,77500,0,0,,,unmatched,,144,,consistent,77500,no_published,none,,high,computed credits equal the stated total
2024,COM,CB023INF11,BCom,Information Systems and Finance,augmented,1,152,0,152,False,0,79910,0,0,,,unmatched,,152,,consistent,79910,no_published,none,,high,computed credits equal the stated total
2024,COM,CB023INF11,BCom,Information Systems and Finance,augmented,2,162,0,162,False,0,87980,0,0,,,unmatched,,162,,consistent,87980,no_published,none,,high,computed credits equal the stated total
2024,COM,CB023INF11,BCom,Information Systems and Finance,augmented,3,150,0,150,False,0,81430,0,0,,,unmatched,,150,,consistent,81430,no_published,none,,high,computed credits equal the stated total
2024,COM,CB023PHI03,BCom,"Philosophy, Politics & Economics",augmented,1,132,0,132,False,0,66140,0,0,,,unmatched,,132,,consistent,66140,no_published,none,,high,computed credits equal the stated total
2024,COM,CB023PHI03,BCom,"Philosophy, Politics & Economics",augmented,2,270,2,174,False,96,138510,0,2,,,unmatched,,174,,resolved_manual,138510,no_published,R3,COM-2024-005,high,"The year table lists a module menu with no printed selection rule, so the row sum counts every offering; the stated total is the only authoritative signal of the intended load and is stable across editions. Computed fee is left as the sum of listed modules and will show as published_divergent until the menu rule is confirmed."
2024,COM,CB023PHI03,BCom,"Philosophy, Politics & Economics",augmented,3,223,2,168,False,55,102724,13694,2,,,unmatched,,223,,unresolved,102724,no_published,none,,low,no rule or adjudication applies; default-trust=computed
2024,COM,CB024BUS07,BBusSc,Marketing,augmented,1,150,0,150,False,0,78700,0,0,,,unmatched,,150,,consistent,78700,no_published,none,,high,computed credits equal the stated total
2024,COM,CB024BUS07,BBusSc,Marketing,augmented,2,114,0,114,False,0,60860,0,0,,,unmatched,,114,,consistent,60860,no_published,none,,high,computed credits equal the stated total
2024,COM,CB024BUS07,BBusSc,Marketing,augmented,3,144,0,144,False,0,68330,0,0,,,unmatched,,144,,consistent,68330,no_published,none,,high,computed credits equal the stated total
2024,COM,CB024BUS07,BBusSc,Marketing,augmented,4,180,0,180,False,0,96630,0,0,,,unmatched,,180,,consistent,96630,no_published,none,,high,computed credits equal the stated total
2024,COM,CB024BUS08,BBusSc,Organisational Psychology,augmented,1,146,0,146,False,0,78090,0,0,,,unmatched,,146,,consistent,78090,no_published,none,,high,computed credits equal the stated total
2024,COM,CB024BUS08,BBusSc,Organisational Psychology,augmented,2,132,0,132,False,0,68170,0,0,,,unmatched,,132,,consistent,68170,no_published,none,,high,computed credits equal the stated total
2024,COM,CB024BUS08,BBusSc,Organisational Psychology,augmented,3,162,0,162,False,0,85490,0,0,,,unmatched,,162,,consistent,85490,no_published,none,,high,computed credits equal the stated total
2024,COM,CB024BUS08,BBusSc,Organisational Psychology,augmented,4,156,0,156,False,0,91880,0,0,,,unmatched,,156,,consistent,91880,no_published,none,,high,computed credits equal the stated total
2024,COM,CB024BUS22,BBusSc,Analytics,augmented,1,170,0,170,False,0,89210,0,0,,,unmatched,,170,,consistent,89210,no_published,none,,high,computed credits equal the stated total
2024,COM,CB024BUS22,BBusSc,Analytics,augmented,2,198,0,186,False,12,105930,0,0,,,unmatched,,198,,unresolved,105930,no_published,none,,low,no rule or adjudication applies; default-trust=computed
2024,COM,CB024BUS22,BBusSc,Analytics,augmented,3,210,0,198,True,12,112010,0,0,,,unmatched,,210,,consistent,112010,no_published,none,,high,computed credits equal the stated total
2024,COM,CB024BUS22,BBusSc,Analytics,augmented,4,178,0,178,False,0,81340,0,0,,,unmatched,,178,,consistent,81340,no_published,none,,high,computed credits equal the stated total
2024,COM,CB024CSC05,BBusSc,Computer Science,augmented,1,162,0,164,False,-2,87940,0,0,,,unmatched,,162,,unresolved,87940,no_published,none,,low,no rule or adjudication applies; default-trust=computed
2024,COM,CB024CSC05,BBusSc,Computer Science,augmented,2,150,0,162,True,-12,77190,0,0,,,unmatched,,150,,unresolved,77190,no_published,none,,low,no rule or adjudication applies; default-trust=computed
2024,COM,CB024CSC05,BBusSc,Computer Science,augmented,3,180,0,180,False,0,96370,0,0,,,unmatched,,180,,consistent,96370,no_published,none,,high,computed credits equal the stated total
2024,COM,CB024CSC05,BBusSc,Computer Science,augmented,4,262,0,160,False,102,118930,0,0,,,unmatched,,160,,resolved_manual,118930,no_published,R3,COM-2024-006,high,"The year table lists a module menu with no printed selection rule, so the row sum counts every offering; the stated total is the only authoritative signal of the intended load and is stable across editions. Computed fee is left as the sum of listed modules and will show as published_divergent until the menu rule is confirmed."
2024,COM,CB024ECO01,BBusSc,Economics,augmented,1,152,0,152,False,0,79910,0,0,,,unmatched,,152,,consistent,79910,no_published,none,,high,computed credits equal the stated total
2024,COM,CB024ECO01,BBusSc,Economics,augmented,2,156,0,156,True,0,83650,0,0,,,unmatched,,156,,consistent,83650,no_published,none,,high,computed credits equal the stated total
2024,COM,CB024ECO01,BBusSc,Economics,augmented,3,216,2,162,True,54,116680,9860,2,,,unmatched,,216,,unresolved,116680,no_published,none,,low,no rule or adjudication applies; default-trust=computed
2024,COM,CB024ECO01,BBusSc,Economics,augmented,4,156,0,156,False,0,98470,0,0,,,unmatched,,156,,consistent,98470,no_published,none,,high,computed credits equal the stated total
2024,COM,CB024ECO03,BBusSc,Economics with Law,augmented,1,152,0,152,False,0,79910,0,0,,,unmatched,,152,,consistent,79910,no_published,none,,high,computed credits equal the stated total
2024,COM,CB024ECO03,BBusSc,Economics with Law,augmented,2,168,0,168,False,0,88120,0,0,,,unmatched,,168,,consistent,88120,no_published,none,,high,computed credits equal the stated total
2024,COM,CB024ECO03,BBusSc,Economics with Law,augmented,3,162,0,162,False,0,85050,9860,0,,,unmatched,,162,,consistent,85050,no_published,none,,high,computed credits equal the stated total
2024,COM,CB024ECO03,BBusSc,Economics with Law,augmented,4,174,0,174,False,0,108330,0,0,,,unmatched,,174,,consistent,108330,no_published,none,,high,computed credits equal the stated total
2024,COM,CB024FTX04,BBusSc,Finance with Accounting,augmented,1,161,0,161,False,0,88140,0,0,,,unmatched,,161,,consistent,88140,no_published,none,,high,computed credits equal the stated total
2024,COM,CB024FTX04,BBusSc,Finance with Accounting,augmented,2,162,0,162,False,0,89590,0,0,,,unmatched,,162,,consistent,89590,no_published,none,,high,computed credits equal the stated total
2024,COM,CB024FTX04,BBusSc,Finance with Accounting,augmented,3,188,0,188,False,0,97540,0,0,,,unmatched,,188,,consistent,97540,no_published,none,,high,computed credits equal the stated total
2024,COM,CB024FTX04,BBusSc,Finance with Accounting,augmented,4,184,0,184,False,0,88480,0,0,,,unmatched,,184,,consistent,88480,no_published,none,,high,computed credits equal the stated total
2024,COM,CB024FTX05,BBusSc,Finance,augmented,1,134,0,134,False,0,70110,0,0,,,unmatched,,134,,consistent,70110,no_published,none,,high,computed credits equal the stated total
2024,COM,CB024FTX05,BBusSc,Finance,augmented,2,162,0,168,False,-6,87570,0,0,,,unmatched,,162,,unresolved,87570,no_published,none,,low,no rule or adjudication applies; default-trust=computed
2024,COM,CB024FTX05,BBusSc,Finance,augmented,3,168,0,180,False,-12,90860,0,0,,,unmatched,,168,,unresolved,90860,no_published,none,,low,no rule or adjudication applies; default-trust=computed
2024,COM,CB024FTX05,BBusSc,Finance,augmented,4,144,0,144,False,0,78620,0,0,,,unmatched,,144,,consistent,78620,no_published,none,,high,computed credits equal the stated total
2024,COM,CB024INF01,BBusSc,Information Systems,augmented,1,170,0,170,False,0,88920,0,0,,,unmatched,,170,,consistent,88920,no_published,none,,high,computed credits equal the stated total
2024,COM,CB024INF01,BBusSc,Information Systems,augmented,2,168,0,168,False,0,91640,0,0,,,unmatched,,168,,consistent,91640,no_published,none,,high,computed credits equal the stated total
2024,COM,CB024INF01,BBusSc,Information Systems,augmented,3,156,0,156,False,0,88340,0,0,,,unmatched,,156,,consistent,88340,no_published,none,,high,computed credits equal the stated total
2024,COM,CB024INF01,BBusSc,Information Systems,augmented,4,176,0,176,False,0,90400,0,0,,,unmatched,,176,,consistent,90400,no_published,none,,high,computed credits equal the stated total
2024,COM,CB025BUS01,BBusSc,Actuarial Science,augmented,1,182,0,182,False,0,99350,0,0,,,unmatched,,182,,consistent,99350,no_published,none,,high,computed credits equal the stated total
2024,COM,CB025BUS01,BBusSc,Actuarial Science,augmented,2,186,0,186,False,0,100600,0,0,,,unmatched,,186,,consistent,100600,no_published,none,,high,computed credits equal the stated total
2024,COM,CB025BUS01,BBusSc,Actuarial Science,augmented,3,180,0,180,False,0,98730,0,0,,,unmatched,,180,,consistent,98730,no_published,none,,high,computed credits equal the stated total
2024,COM,CB025BUS01,BBusSc,Actuarial Science,augmented,4,174,0,174,False,0,84250,0,0,,,unmatched,,174,,consistent,84250,no_published,none,,high,computed credits equal the stated total
2024,COM,CB025BUS09,BBusSc,Actuarial Science: Quantitative Finance,augmented,1,182,0,182,False,0,99350,0,0,99350,BBusSc Academic Development specialising in Actuarial Science: Quantitative Finance Stream,ad_duration,0.0,182,,consistent,99350,reconciled,none,,high,computed credits equal the stated total
2024,COM,CB025BUS09,BBusSc,Actuarial Science: Quantitative Finance,augmented,2,186,0,186,False,0,100600,0,0,100600,BBusSc Academic Development specialising in Actuarial Science: Quantitative Finance Stream,ad_duration,0.0,186,,consistent,100600,reconciled,none,,high,computed credits equal the stated total
2024,COM,CB025BUS09,BBusSc,Actuarial Science: Quantitative Finance,augmented,3,198,0,198,False,0,106160,0,0,106160,BBusSc Academic Development specialising in Actuarial Science: Quantitative Finance Stream,ad_duration,0.0,198,,consistent,106160,reconciled,none,,high,computed credits equal the stated total
2024,COM,CB025BUS09,BBusSc,Actuarial Science: Quantitative Finance,augmented,4,147,0,147,False,0,78520,0,0,78520,BBusSc Academic Development specialising in Actuarial Science: Quantitative Finance Stream,ad_duration,0.0,147,,consistent,78520,reconciled,none,,high,computed credits equal the stated total
2024,COM,CB026BUS01,BCom,Actuarial Science,augmented,1,182,0,182,False,0,99350,0,0,,,unmatched,,182,,consistent,99350,no_published,none,,high,computed credits equal the stated total
2024,COM,CB026BUS01,BCom,Actuarial Science,augmented,2,186,0,186,False,0,100600,0,0,,,unmatched,,186,,consistent,100600,no_published,none,,high,computed credits equal the stated total
2024,COM,CB026BUS01,BCom,Actuarial Science,augmented,3,162,0,162,False,0,88870,0,0,,,unmatched,,162,,consistent,88870,no_published,none,,high,computed credits equal the stated total
2024,COM,CB026BUS09,BCom,Actuarial Science: Quantitative Finance,augmented,1,182,0,182,False,0,99350,0,0,,,unmatched,,182,,consistent,99350,no_published,none,,high,computed credits equal the stated total
2024,COM,CB026BUS09,BCom,Actuarial Science: Quantitative Finance,augmented,2,186,0,186,False,0,100600,0,0,,,unmatched,,186,,consistent,100600,no_published,none,,high,computed credits equal the stated total
2024,COM,CB026BUS09,BCom,Actuarial Science: Quantitative Finance,augmented,3,180,0,180,False,0,96300,0,0,,,unmatched,,180,,consistent,96300,no_published,none,,high,computed credits equal the stated total
2024,COM,CU017ACC01,AdvDip,Accounting,regular,1,174,0,174,False,0,86830,0,0,,,unmatched,,174,,consistent,86830,no_published,none,,high,computed credits equal the stated total
2024,COM,CU020BUS01,AdvDip,Actuarial Science,regular,1,180,1,126,True,54,98990,0,1,,,unmatched,,180,,unresolved,98990,no_published,none,,low,no rule or adjudication applies; default-trust=computed
2024,EBE,EB001CHE01,,,regular,1,146,0,146,False,0,80750,0,0,80750,BSc Eng (Chemical),duration,0.0,146,,consistent,80750,reconciled,none,,high,computed credits equal the stated total
2024,EBE,EB001CHE01,,,regular,2,144,0,144,True,0,85860,20560,0,89980,BSc Eng (Chemical),duration,-4.6,144,,consistent,85860,reconciled,none,,high,computed credits equal the stated total
2024,EBE,EB001CHE01,,,regular,3,126,0,142,True,-16,74146,28556,0,81630,BSc Eng (Chemical),duration,-9.2,126,,unresolved,74146,published_divergent,none,,low,no rule or adjudication applies; default-trust=computed
2024,EBE,EB001CHE01,,,regular,4,128,0,128,True,0,81598,9138,0,89520,BSc Eng (Chemical),duration,-8.8,128,,consistent,81598,published_divergent,none,,high,computed credits equal the stated total
2024,EBE,EB002CIV01,BSc(Eng),Civil Engineering,regular,1,144,0,144,False,0,82170,0,0,82170,BSc Eng (Civil),duration,0.0,144,,consistent,82170,reconciled,none,,high,computed credits equal the stated total
2024,EBE,EB002CIV01,BSc(Eng),Civil Engineering,regular,2,144,0,144,False,0,80920,0,0,80920,BSc Eng (Civil),duration,0.0,144,,consistent,80920,reconciled,none,,high,computed credits equal the stated total
2024,EBE,EB002CIV01,BSc(Eng),Civil Engineering,regular,3,134,0,152,False,-18,70370,0,0,81740,BSc Eng (Civil),duration,-13.9,134,,unresolved,70370,published_divergent,none,,low,no rule or adjudication applies; default-trust=computed
2024,EBE,EB002CIV01,BSc(Eng),Civil Engineering,regular,4,144,0,144,False,0,90600,0,0,90600,BSc Eng (Civil),duration,0.0,144,,consistent,90600,reconciled,none,,high,computed credits equal the stated total
2024,EBE,EB005MEC01,BSc(Eng),Mechanical Engineering,regular,1,144,0,144,False,0,83710,0,0,83710,BSc Eng (Mechanical),duration,0.0,144,,consistent,83710,reconciled,none,,high,computed credits equal the stated total
2024,EBE,EB005MEC01,BSc(Eng),Mechanical Engineering,regular,2,144,0,144,False,0,84280,0,0,84280,BSc Eng (Mechanical),duration,0.0,144,,consistent,84280,reconciled,none,,high,computed credits equal the stated total
2024,EBE,EB005MEC01,BSc(Eng),Mechanical Engineering,regular,3,144,0,144,False,0,87480,0,0,87480,BSc Eng (Mechanical),duration,0.0,144,,consistent,87480,reconciled,none,,high,computed credits equal the stated total
2024,EBE,EB005MEC01,BSc(Eng),Mechanical Engineering,regular,4,144,0,144,False,0,85337,22867,0,84710,BSc Eng (Mechanical),duration,0.7,144,,consistent,85337,reconciled,none,,high,computed credits equal the stated total
2024,EBE,EB009EEE01,BSc(Eng),Electrical Engineering,regular,1,148,0,148,False,0,84060,0,0,84060,BSc Eng (Electrical),duration,0.0,148,,consistent,84060,reconciled,none,,high,computed credits equal the stated total
2024,EBE,EB009EEE01,BSc(Eng),Electrical Engineering,regular,2,144,0,144,False,0,90390,0,0,90390,BSc Eng (Electrical),duration,0.0,144,,consistent,90390,reconciled,none,,high,computed credits equal the stated total
2024,EBE,EB009EEE01,BSc(Eng),Electrical Engineering,regular,3,146,0,146,True,0,84560,9800,0,84760,BSc Eng (Electrical),duration,-0.2,146,,consistent,84560,reconciled,none,,high,computed credits equal the stated total
2024,EBE,EB009EEE01,BSc(Eng),Electrical Engineering,regular,4,138,0,138,True,0,78333,26133,0,81600,BSc Eng (Electrical),duration,-4.0,138,,consistent,78333,reconciled,none,,high,computed credits equal the stated total
2024,EBE,EB010MEC05,BSc(Eng),Mechanical and Mechatronic Engineering,regular,1,144,0,144,False,0,83710,0,0,83710,BSc Eng (Mechanical and Mechatronic Engineering),duration,0.0,144,,consistent,83710,reconciled,none,,high,computed credits equal the stated total
2024,EBE,EB010MEC05,BSc(Eng),Mechanical and Mechatronic Engineering,regular,2,144,0,144,False,0,84280,0,0,84280,BSc Eng (Mechanical and Mechatronic Engineering),duration,0.0,144,,consistent,84280,reconciled,none,,high,computed credits equal the stated total
2024,EBE,EB010MEC05,BSc(Eng),Mechanical and Mechatronic Engineering,regular,3,144,0,144,False,0,87620,0,0,87620,BSc Eng (Mechanical and Mechatronic Engineering),duration,0.0,144,,consistent,87620,reconciled,none,,high,computed credits equal the stated total
2024,EBE,EB010MEC05,BSc(Eng),Mechanical and Mechatronic Engineering,regular,4,144,0,144,False,0,86183,16333,0,85840,BSc Eng (Mechanical and Mechatronic Engineering),duration,0.4,144,,consistent,86183,reconciled,none,,high,computed credits equal the stated total
2024,EBE,EB011EEE05,BSc(Eng),Mechatronics,regular,1,148,0,148,True,0,84060,0,0,84060,BSc Eng (Mechatronics),duration,0.0,148,,consistent,84060,reconciled,none,,high,computed credits equal the stated total
2024,EBE,EB011EEE05,BSc(Eng),Mechatronics,regular,2,144,0,144,True,0,90390,0,0,90390,BSc Eng (Mechatronics),duration,0.0,144,,consistent,90390,reconciled,none,,high,computed credits equal the stated total
2024,EBE,EB011EEE05,BSc(Eng),Mechatronics,regular,3,146,0,146,True,0,87130,9800,0,87330,BSc Eng (Mechatronics),duration,-0.2,146,,consistent,87130,reconciled,none,,high,computed credits equal the stated total
2024,EBE,EB011EEE05,BSc(Eng),Mechatronics,regular,4,138,0,138,True,0,78333,26133,0,81600,BSc Eng (Mechatronics),duration,-4.0,138,,consistent,78333,reconciled,none,,high,computed credits equal the stated total
2024,EBE,EB012APG01,BAS,,regular,1,144,0,144,False,0,81890,0,2,81890,Bachelor of Architectural Studies,label_match,0.0,144,,consistent,81890,reconciled,none,,high,computed credits equal the stated total
2024,EBE,EB012APG01,BAS,,regular,2,144,0,144,False,0,78170,0,0,78170,Bachelor of Architectural Studies,label_match,0.0,144,,consistent,78170,reconciled,none,,high,computed credits equal the stated total
2024,EBE,EB012APG01,BAS,,regular,3,144,0,144,False,0,81680,0,0,81680,Bachelor of Architectural Studies,label_match,0.0,144,,consistent,81680,reconciled,none,,high,computed credits equal the stated total
2024,EBE,EB015CON04,BSc(ConStud),,regular,1,154,0,154,False,0,84420,0,0,84420,BSc in Construction Studies,label_match,0.0,154,,consistent,84420,reconciled,none,,high,computed credits equal the stated total
2024,EBE,EB015CON04,BSc(ConStud),,regular,2,148,0,148,False,0,77450,0,0,77450,BSc in Construction Studies,label_match,0.0,148,,consistent,77450,reconciled,none,,high,computed credits equal the stated total
2024,EBE,EB015CON04,BSc(ConStud),,regular,3,156,0,156,False,0,81770,0,0,81770,BSc in Construction Studies,label_match,0.0,156,,consistent,81770,reconciled,none,,high,computed credits equal the stated total
2024,EBE,EB017CON03,BSc(PropStud),,regular,1,152,0,152,False,0,82420,0,0,44410,BSc in Property Studies | MPhil In Conservation of Built Environment,label_match,85.6,152,,consistent,82420,published_divergent,none,,high,computed credits equal the stated total
2024,EBE,EB017CON03,BSc(PropStud),,regular,2,154,0,154,False,0,82200,0,0,38350,BSc in Property Studies | MPhil In Conservation of Built Environment,label_match,114.3,154,,consistent,82200,published_divergent,none,,high,computed credits equal the stated total
2024,EBE,EB017CON03,BSc(PropStud),,regular,3,146,0,146,False,0,78700,0,0,78700,BSc in Property Studies,label_match,0.0,146,,consistent,78700,reconciled,none,,high,computed credits equal the stated total
2024,EBE,EB019APG09,BSc(Geomatics),Surveying Stream,regular,1,124,0,124,False,0,67200,9800,0,68770,courses BSc (Geomatics),duration,-2.3,124,,consistent,67200,reconciled,none,,high,computed credits equal the stated total
2024,EBE,EB019APG09,BSc(Geomatics),Surveying Stream,regular,2,148,0,148,False,0,84220,0,0,84220,courses BSc (Geomatics),duration,0.0,148,,consistent,84220,reconciled,none,,high,computed credits equal the stated total
2024,EBE,EB019APG09,BSc(Geomatics),Surveying Stream,regular,3,144,0,144,False,0,82170,0,1,82170,courses BSc (Geomatics),duration,0.0,144,,consistent,82170,reconciled,none,,high,computed credits equal the stated total
2024,EBE,EB019APG09,BSc(Geomatics),Surveying Stream,regular,4,150,0,150,False,0,88320,0,0,88320,courses BSc (Geomatics),duration,0.0,150,,consistent,88320,reconciled,none,,high,computed credits equal the stated total
2024,EBE,EB019APG11,BSc(Geomatics),Geoinformatics Stream Environmental and Geographical Science Specialisation,regular,1,126,0,126,False,0,68040,0,0,68770,courses BSc (Geomatics),duration,-1.1,126,,consistent,68040,reconciled,none,,high,computed credits equal the stated total
2024,EBE,EB019APG11,BSc(Geomatics),Geoinformatics Stream Environmental and Geographical Science Specialisation,regular,2,148,0,148,False,0,84220,0,0,84220,courses BSc (Geomatics),duration,0.0,148,,consistent,84220,reconciled,none,,high,computed credits equal the stated total
2024,EBE,EB019APG11,BSc(Geomatics),Geoinformatics Stream Environmental and Geographical Science Specialisation,regular,3,154,0,154,False,0,86110,0,0,82170,courses BSc (Geomatics),duration,4.8,154,,consistent,86110,reconciled,none,,high,computed credits equal the stated total
2024,EBE,EB019APG11,BSc(Geomatics),Geoinformatics Stream Environmental and Geographical Science Specialisation,regular,4,180,0,180,False,0,103510,0,0,88320,courses BSc (Geomatics),duration,17.2,180,,consistent,103510,published_divergent,none,,high,computed credits equal the stated total
2024,EBE,EB022EEE02,BSc(Eng),Electrical and Computer Engineering,regular,1,148,0,148,False,0,84060,0,0,84060,BSc Eng (Electrical & Computer),duration,0.0,148,,consistent,84060,reconciled,none,,high,computed credits equal the stated total
2024,EBE,EB022EEE02,BSc(Eng),Electrical and Computer Engineering,regular,2,144,0,144,False,0,90390,0,0,90390,BSc Eng (Electrical & Computer),duration,0.0,144,,consistent,90390,reconciled,none,,high,computed credits equal the stated total
2024,EBE,EB022EEE02,BSc(Eng),Electrical and Computer Engineering,regular,3,162,0,154,True,8,92300,9230,0,93070,BSc Eng (Electrical & Computer),duration,-0.8,162,,consistent,92300,reconciled,none,,high,computed credits equal the stated total
2024,EBE,EB022EEE02,BSc(Eng),Electrical and Computer Engineering,regular,4,138,0,138,True,0,78333,26133,0,79600,BSc Eng (Electrical & Computer),duration,-1.6,138,,consistent,78333,reconciled,none,,high,computed credits equal the stated total
2024,EBE,EB801CHE01,BSc(Eng),Chemical Engineering,extended,1,102,0,102,False,0,55550,0,0,,,unmatched,,102,,consistent,55550,no_published,none,,high,computed credits equal the stated total
2024,EBE,EB801CHE01,BSc(Eng),Chemical Engineering,extended,2,112,0,112,True,0,62040,19600,0,,,unmatched,,112,,consistent,62040,no_published,none,,high,computed credits equal the stated total
2024,EBE,EB801CHE01,BSc(Eng),Chemical Engineering,extended,3,112,0,112,True,0,67660,19600,0,,,unmatched,,112,,consistent,67660,no_published,none,,high,computed credits equal the stated total
2024,EBE,EB801CHE01,BSc(Eng),Chemical Engineering,extended,4,110,0,126,True,-16,64101,18511,0,,,unmatched,,110,,unresolved,64101,no_published,none,,low,no rule or adjudication applies; default-trust=computed
2024,EBE,EB801CHE01,BSc(Eng),Chemical Engineering,extended,5,128,0,128,False,0,81171,8711,0,,,unmatched,,128,,consistent,81171,no_published,none,,high,computed credits equal the stated total
2024,EBE,EB802CIV01,BSc(Eng),Civil Engineering,extended,1,104,0,104,False,0,57750,0,0,,,unmatched,,104,,consistent,57750,no_published,none,,high,computed credits equal the stated total
2024,EBE,EB802CIV01,BSc(Eng),Civil Engineering,extended,2,104,0,104,False,0,58900,0,0,,,unmatched,,104,,consistent,58900,no_published,none,,high,computed credits equal the stated total
2024,EBE,EB802CIV01,BSc(Eng),Civil Engineering,extended,3,124,0,124,False,0,70220,0,0,,,unmatched,,124,,consistent,70220,no_published,none,,high,computed credits equal the stated total
2024,EBE,EB802CIV01,BSc(Eng),Civil Engineering,extended,4,108,0,126,False,-18,56900,0,0,,,unmatched,,108,,unresolved,56900,no_published,none,,low,no rule or adjudication applies; default-trust=computed
2024,EBE,EB802CIV01,BSc(Eng),Civil Engineering,extended,5,126,0,126,False,0,80290,0,0,,,unmatched,,126,,consistent,80290,no_published,none,,high,computed credits equal the stated total
2024,EBE,EB805MEC01,BSc(Eng),Mechanical Engineering,extended,1,102,0,102,False,0,59050,0,0,,,unmatched,,102,,consistent,59050,no_published,none,,high,computed credits equal the stated total
2024,EBE,EB805MEC01,BSc(Eng),Mechanical Engineering,extended,2,98,0,98,False,0,55670,0,0,,,unmatched,,98,,consistent,55670,no_published,none,,high,computed credits equal the stated total
2024,EBE,EB805MEC01,BSc(Eng),Mechanical Engineering,extended,3,118,0,118,False,0,70430,9800,0,,,unmatched,,118,,consistent,70430,no_published,none,,high,computed credits equal the stated total
2024,EBE,EB805MEC01,BSc(Eng),Mechanical Engineering,extended,4,132,0,132,False,0,80120,0,0,,,unmatched,,132,,consistent,80120,no_published,none,,high,computed credits equal the stated total
2024,EBE,EB805MEC01,BSc(Eng),Mechanical Engineering,extended,5,126,0,126,False,0,75537,13067,0,,,unmatched,,126,,consistent,75537,no_published,none,,high,computed credits equal the stated total
2024,EBE,EB809EEE01,BSc(Eng),Electrical Engineering,extended,1,96,0,96,False,0,55920,0,0,,,unmatched,,96,,consistent,55920,no_published,none,,high,computed credits equal the stated total
2024,EBE,EB809EEE01,BSc(Eng),Electrical Engineering,extended,2,116,0,116,False,0,68430,0,0,,,unmatched,,116,,consistent,68430,no_published,none,,high,computed credits equal the stated total
2024,EBE,EB809EEE01,BSc(Eng),Electrical Engineering,extended,3,112,0,112,False,0,68560,0,0,,,unmatched,,112,,consistent,68560,no_published,none,,high,computed credits equal the stated total
2024,EBE,EB809EEE01,BSc(Eng),Electrical Engineering,extended,4,124,0,124,True,0,70470,9230,0,,,unmatched,,124,,consistent,70470,no_published,none,,high,computed credits equal the stated total
2024,EBE,EB809EEE01,BSc(Eng),Electrical Engineering,extended,5,128,0,128,True,0,73393,26133,0,,,unmatched,,128,,consistent,73393,no_published,none,,high,computed credits equal the stated total
2024,EBE,EB810MEC05,BSc(Eng),Mechanical and Mechatronic Engineering,extended,1,102,0,102,False,0,59050,0,0,,,unmatched,,102,,consistent,59050,no_published,none,,high,computed credits equal the stated total
2024,EBE,EB810MEC05,BSc(Eng),Mechanical and Mechatronic Engineering,extended,2,98,0,98,False,0,55670,0,0,,,unmatched,,98,,consistent,55670,no_published,none,,high,computed credits equal the stated total
2024,EBE,EB810MEC05,BSc(Eng),Mechanical and Mechatronic Engineering,extended,3,118,0,118,False,0,70430,9800,0,,,unmatched,,118,,consistent,70430,no_published,none,,high,computed credits equal the stated total
2024,EBE,EB810MEC05,BSc(Eng),Mechanical and Mechatronic Engineering,extended,4,132,0,132,False,0,80260,0,0,,,unmatched,,132,,consistent,80260,no_published,none,,high,computed credits equal the stated total
2024,EBE,EB810MEC05,BSc(Eng),Mechanical and Mechatronic Engineering,extended,5,126,0,126,False,0,76383,6533,0,,,unmatched,,126,,consistent,76383,no_published,none,,high,computed credits equal the stated total
2024,EBE,EB811EEE05,BSc(Eng),Mechatronics,extended,1,96,0,96,True,0,55920,0,0,,,unmatched,,96,,consistent,55920,no_published,none,,high,computed credits equal the stated total
2024,EBE,EB811EEE05,BSc(Eng),Mechatronics,extended,2,116,0,116,True,0,68430,0,0,,,unmatched,,116,,consistent,68430,no_published,none,,high,computed credits equal the stated total
2024,EBE,EB811EEE05,BSc(Eng),Mechatronics,extended,3,112,0,112,True,0,68560,0,0,,,unmatched,,112,,consistent,68560,no_published,none,,high,computed credits equal the stated total
2024,EBE,EB811EEE05,BSc(Eng),Mechatronics,extended,4,124,0,124,True,0,73610,9800,0,,,unmatched,,124,,consistent,73610,no_published,none,,high,computed credits equal the stated total
2024,EBE,EB811EEE05,BSc(Eng),Mechatronics,extended,5,128,0,128,True,0,73393,26133,0,,,unmatched,,128,,consistent,73393,no_published,none,,high,computed credits equal the stated total
2024,EBE,EB819APG09,BSc(Geomatics),Surveying Stream,extended,1,124,0,124,False,0,67550,0,0,,,unmatched,,124,,consistent,67550,no_published,none,,high,computed credits equal the stated total
2024,EBE,EB819APG09,BSc(Geomatics),Surveying Stream,extended,2,110,0,110,False,0,61270,9800,0,,,unmatched,,110,,consistent,61270,no_published,none,,high,computed credits equal the stated total
2024,EBE,EB819APG09,BSc(Geomatics),Surveying Stream,extended,3,90,0,90,False,0,52260,0,1,,,unmatched,,90,,consistent,52260,no_published,none,,high,computed credits equal the stated total
2024,EBE,EB819APG09,BSc(Geomatics),Surveying Stream,extended,4,136,0,136,False,0,80110,0,0,,,unmatched,,136,,consistent,80110,no_published,none,,high,computed credits equal the stated total
2024,EBE,EB819APG09,BSc(Geomatics),Surveying Stream,extended,5,106,0,106,False,0,60460,0,0,,,unmatched,,106,,consistent,60460,no_published,none,,high,computed credits equal the stated total
2024,EBE,EB819APG11,BSc(Geomatics),Geoinformatics Stream Environmental and Geographical Science Specialisation,extended,1,126,0,126,False,0,68610,0,0,,,unmatched,,126,,consistent,68610,no_published,none,,high,computed credits equal the stated total
2024,EBE,EB819APG11,BSc(Geomatics),Geoinformatics Stream Environmental and Geographical Science Specialisation,extended,2,110,0,110,False,0,61050,0,0,,,unmatched,,110,,consistent,61050,no_published,none,,high,computed credits equal the stated total
2024,EBE,EB819APG11,BSc(Geomatics),Geoinformatics Stream Environmental and Geographical Science Specialisation,extended,3,150,0,150,False,0,84520,0,0,,,unmatched,,150,,consistent,84520,no_published,none,,high,computed credits equal the stated total
2024,EBE,EB819APG11,BSc(Geomatics),Geoinformatics Stream Environmental and Geographical Science Specialisation,extended,4,142,0,142,False,0,81090,0,0,,,unmatched,,142,,consistent,81090,no_published,none,,high,computed credits equal the stated total
2024,EBE,EB819APG11,BSc(Geomatics),Geoinformatics Stream Environmental and Geographical Science Specialisation,extended,5,80,0,80,False,0,46350,0,0,,,unmatched,,80,,consistent,46350,no_published,none,,high,computed credits equal the stated total
2024,EBE,EB822EEE02,BSc(Eng),Electrical and Computer Engineering,extended,1,96,0,96,True,0,55920,0,0,,,unmatched,,96,,consistent,55920,no_published,none,,high,computed credits equal the stated total
2024,EBE,EB822EEE02,BSc(Eng),Electrical and Computer Engineering,extended,2,116,0,116,True,0,68430,0,0,,,unmatched,,116,,consistent,68430,no_published,none,,high,computed credits equal the stated total
2024,EBE,EB822EEE02,BSc(Eng),Electrical and Computer Engineering,extended,3,122,0,122,True,0,72570,9800,0,,,unmatched,,122,,consistent,72570,no_published,none,,high,computed credits equal the stated total
2024,EBE,EB822EEE02,BSc(Eng),Electrical and Computer Engineering,extended,4,130,0,122,True,8,75340,0,0,,,unmatched,,130,,consistent,75340,no_published,none,,high,computed credits equal the stated total
2024,EBE,EB822EEE02,BSc(Eng),Electrical and Computer Engineering,extended,5,128,0,128,True,0,73393,26133,0,,,unmatched,,128,,consistent,73393,no_published,none,,high,computed credits equal the stated total
2024,HUM,HB001AFS01,BA/BSocSc,Gender Studies,regular,1,18,0,,False,,8920,0,0,71400,Bachelor of Arts and Bachelor of Social Science,degree_flat,-87.5,18,,no_anchor,8920,published_divergent,none,,low,no rule or adjudication applies; default-trust=computed
2024,HUM,HB001AFS01,BA/BSocSc,Gender Studies,regular,2,48,0,,False,,23780,0,0,71400,Bachelor of Arts and Bachelor of Social Science,degree_flat,-66.7,48,,no_anchor,23780,published_divergent,none,,low,no rule or adjudication applies; default-trust=computed
2024,HUM,HB001AFS01,BA/BSocSc,Gender Studies,regular,3,60,0,,False,,23780,0,0,71400,Bachelor of Arts and Bachelor of Social Science,degree_flat,-66.7,60,,no_anchor,23780,published_divergent,none,,low,no rule or adjudication applies; default-trust=computed
2024,HUM,HB001AGE01,BA/BSocSc,Archaeology,regular,2,48,0,,False,,25840,0,0,71400,Bachelor of Arts and Bachelor of Social Science,degree_flat,-63.8,48,,no_anchor,25840,published_divergent,none,,low,no rule or adjudication applies; default-trust=computed
2024,HUM,HB001AGE01,BA/BSocSc,Archaeology,regular,3,36,1,,False,,38840,0,0,71400,Bachelor of Arts and Bachelor of Social Science,degree_flat,-45.6,36,,no_anchor,38840,published_divergent,none,,low,no rule or adjudication applies; default-trust=computed
2024,HUM,HB001ANS01,BA/BSocSc,Anthropology,regular,1,18,0,,False,,8920,0,0,71400,Bachelor of Arts and Bachelor of Social Science,degree_flat,-87.5,18,,no_anchor,8920,published_divergent,none,,low,no rule or adjudication applies; default-trust=computed
2024,HUM,HB001ANS01,BA/BSocSc,Anthropology,regular,3,60,0,,False,,23780,0,0,71400,Bachelor of Arts and Bachelor of Social Science,degree_flat,-66.7,60,,no_anchor,23780,published_divergent,none,,low,no rule or adjudication applies; default-trust=computed
2024,HUM,HB001ASL01,BA/BSocSc,African Studies,regular,1,18,0,,False,,8920,0,0,71400,Bachelor of Arts and Bachelor of Social Science,degree_flat,-87.5,18,,no_anchor,8920,published_divergent,none,,low,no rule or adjudication applies; default-trust=computed
2024,HUM,HB001ASL01,BA/BSocSc,African Studies,regular,2,48,0,,False,,23780,0,0,71400,Bachelor of Arts and Bachelor of Social Science,degree_flat,-66.7,48,,no_anchor,23780,published_divergent,none,,low,no rule or adjudication applies; default-trust=computed
2024,HUM,HB001ASL01,BA/BSocSc,African Studies,regular,3,60,0,,False,,23780,0,0,71400,Bachelor of Arts and Bachelor of Social Science,degree_flat,-66.7,60,,no_anchor,23780,published_divergent,none,,low,no rule or adjudication applies; default-trust=computed
2024,HUM,HB001ASL02,BA/BSocSc,Linguistics,regular,1,18,0,,False,,8920,0,0,71400,Bachelor of Arts and Bachelor of Social Science,degree_flat,-87.5,18,,no_anchor,8920,published_divergent,none,,low,no rule or adjudication applies; default-trust=computed
2024,HUM,HB001ASL02,BA/BSocSc,Linguistics,regular,2,48,0,,False,,23780,0,0,71400,Bachelor of Arts and Bachelor of Social Science,degree_flat,-66.7,48,,no_anchor,23780,published_divergent,none,,low,no rule or adjudication applies; default-trust=computed
2024,HUM,HB001ASL02,BA/BSocSc,Linguistics,regular,3,60,0,,False,,23780,0,0,71400,Bachelor of Arts and Bachelor of Social Science,degree_flat,-66.7,60,,no_anchor,23780,published_divergent,none,,low,no rule or adjudication applies; default-trust=computed
2024,HUM,HB001BUS08,BA/BSocSc,Organisational Psychology,regular,1,54,0,,False,,27700,0,0,71400,Bachelor of Arts and Bachelor of Social Science,degree_flat,-61.2,54,,no_anchor,27700,published_divergent,none,,low,no rule or adjudication applies; default-trust=computed
2024,HUM,HB001BUS08,BA/BSocSc,Organisational Psychology,regular,2,36,0,,False,,19720,0,0,71400,Bachelor of Arts and Bachelor of Social Science,degree_flat,-72.4,36,,no_anchor,19720,published_divergent,none,,low,no rule or adjudication applies; default-trust=computed
2024,HUM,HB001BUS08,BA/BSocSc,Organisational Psychology,regular,3,36,0,,False,,19720,0,0,71400,Bachelor of Arts and Bachelor of Social Science,degree_flat,-72.4,36,,no_anchor,19720,published_divergent,none,,low,no rule or adjudication applies; default-trust=computed
2024,HUM,HB001CSC05,BA/BSocSc,Computer Science,regular,1,72,1,,False,,48560,0,0,71400,Bachelor of Arts and Bachelor of Social Science,degree_flat,-32.0,72,,no_anchor,48560,published_divergent,none,,low,no rule or adjudication applies; default-trust=computed
2024,HUM,HB001CSC05,BA/BSocSc,Computer Science,regular,2,18,3,,False,,35200,0,0,71400,Bachelor of Arts and Bachelor of Social Science,degree_flat,-50.7,18,,no_anchor,35200,published_divergent,none,,low,no rule or adjudication applies; default-trust=computed
2024,HUM,HB001CSC05,BA/BSocSc,Computer Science,regular,3,0,2,,False,,38060,0,0,71400,Bachelor of Arts and Bachelor of Social Science,degree_flat,-46.7,0,,no_anchor,38060,published_divergent,none,,low,no rule or adjudication applies; default-trust=computed
2024,HUM,HB001ECO01,BA/BSocSc,Economics,regular,2,54,0,,False,,29580,0,0,71400,Bachelor of Arts and Bachelor of Social Science,degree_flat,-58.6,54,,no_anchor,29580,published_divergent,none,,low,no rule or adjudication applies; default-trust=computed
2024,HUM,HB001ECO01,BA/BSocSc,Economics,regular,3,54,0,,False,,29580,0,0,71400,Bachelor of Arts and Bachelor of Social Science,degree_flat,-58.6,54,,no_anchor,29580,published_divergent,none,,low,no rule or adjudication applies; default-trust=computed
2024,HUM,HB001EGS02,BA/BSocSc,Environmental and Geographical Science,regular,1,36,1,,False,,19600,0,1,71400,Bachelor of Arts and Bachelor of Social Science,degree_flat,-72.5,36,,no_anchor,19600,published_divergent,none,,low,no rule or adjudication applies; default-trust=computed
2024,HUM,HB001EGS02,BA/BSocSc,Environmental and Geographical Science,regular,2,48,0,,False,,25840,0,0,71400,Bachelor of Arts and Bachelor of Social Science,degree_flat,-63.8,48,,no_anchor,25840,published_divergent,none,,low,no rule or adjudication applies; default-trust=computed
2024,HUM,HB001EGS02,BA/BSocSc,Environmental and Geographical Science,regular,3,72,0,,False,,38840,0,0,71400,Bachelor of Arts and Bachelor of Social Science,degree_flat,-45.6,72,,no_anchor,38840,published_divergent,none,,low,no rule or adjudication applies; default-trust=computed
2024,HUM,HB001ELL10,BA/BSocSc,Literary Studies,regular,1,36,0,,False,,17840,0,0,71400,Bachelor of Arts and Bachelor of Social Science,degree_flat,-75.0,36,,no_anchor,17840,published_divergent,none,,low,no rule or adjudication applies; default-trust=computed
2024,HUM,HB001ELL10,BA/BSocSc,Literary Studies,regular,2,48,0,,False,,23780,0,0,71400,Bachelor of Arts and Bachelor of Social Science,degree_flat,-66.7,48,,no_anchor,23780,published_divergent,none,,low,no rule or adjudication applies; default-trust=computed
2024,HUM,HB001ELL10,BA/BSocSc,Literary Studies,regular,3,60,0,,False,,23780,0,0,71400,Bachelor of Arts and Bachelor of Social Science,degree_flat,-66.7,60,,no_anchor,23780,published_divergent,none,,low,no rule or adjudication applies; default-trust=computed
2024,HUM,HB001FAM01,BA/BSocSc,Film and Television Studies,regular,1,18,0,,False,,8920,0,0,71400,Bachelor of Arts and Bachelor of Social Science,degree_flat,-87.5,18,,no_anchor,8920,published_divergent,none,,low,no rule or adjudication applies; default-trust=computed
2024,HUM,HB001FAM01,BA/BSocSc,Film and Television Studies,regular,2,48,0,,False,,23780,0,0,71400,Bachelor of Arts and Bachelor of Social Science,degree_flat,-66.7,48,,no_anchor,23780,published_divergent,none,,low,no rule or adjudication applies; default-trust=computed
2024,HUM,HB001FAM01,BA/BSocSc,Film and Television Studies,regular,3,60,0,,False,,23780,0,0,71400,Bachelor of Arts and Bachelor of Social Science,degree_flat,-66.7,60,,no_anchor,23780,published_divergent,none,,low,no rule or adjudication applies; default-trust=computed
2024,HUM,HB001FAM07,BA/BSocSc,Media and Writing,regular,1,18,0,,False,,8920,0,0,71400,Bachelor of Arts and Bachelor of Social Science,degree_flat,-87.5,18,,no_anchor,8920,published_divergent,none,,low,no rule or adjudication applies; default-trust=computed
2024,HUM,HB001FAM07,BA/BSocSc,Media and Writing,regular,2,48,0,,False,,23780,0,0,71400,Bachelor of Arts and Bachelor of Social Science,degree_flat,-66.7,48,,no_anchor,23780,published_divergent,none,,low,no rule or adjudication applies; default-trust=computed
2024,HUM,HB001FAM07,BA/BSocSc,Media and Writing,regular,3,60,0,,False,,23780,0,0,71400,Bachelor of Arts and Bachelor of Social Science,degree_flat,-66.7,60,,no_anchor,23780,published_divergent,none,,low,no rule or adjudication applies; default-trust=computed
2024,HUM,HB001FIN05,BA/BSocSc,Art History and Discourse of Art,regular,1,36,0,,False,,17840,0,0,71400,Bachelor of Arts and Bachelor of Social Science,degree_flat,-75.0,36,,no_anchor,17840,published_divergent,none,,low,no rule or adjudication applies; default-trust=computed
2024,HUM,HB001FIN05,BA/BSocSc,Art History and Discourse of Art,regular,2,48,0,,False,,23780,0,0,71400,Bachelor of Arts and Bachelor of Social Science,degree_flat,-66.7,48,,no_anchor,23780,published_divergent,none,,low,no rule or adjudication applies; default-trust=computed
2024,HUM,HB001FIN05,BA/BSocSc,Art History and Discourse of Art,regular,3,30,0,,False,,11890,0,0,71400,Bachelor of Arts and Bachelor of Social Science,degree_flat,-83.3,30,,no_anchor,11890,published_divergent,none,,low,no rule or adjudication applies; default-trust=computed
2024,HUM,HB001HST04,BA/BSocSc,History,regular,1,36,0,,False,,17840,0,0,71400,Bachelor of Arts and Bachelor of Social Science,degree_flat,-75.0,36,,no_anchor,17840,published_divergent,none,,low,no rule or adjudication applies; default-trust=computed
2024,HUM,HB001HST04,BA/BSocSc,History,regular,2,48,0,,False,,23780,0,0,71400,Bachelor of Arts and Bachelor of Social Science,degree_flat,-66.7,48,,no_anchor,23780,published_divergent,none,,low,no rule or adjudication applies; default-trust=computed
2024,HUM,HB001HST04,BA/BSocSc,History,regular,3,60,0,,False,,23780,0,0,71400,Bachelor of Arts and Bachelor of Social Science,degree_flat,-66.7,60,,no_anchor,23780,published_divergent,none,,low,no rule or adjudication applies; default-trust=computed
2024,HUM,HB001INF09,BA/BSocSc,Informatics,regular,1,0,2,,False,,19440,0,0,71400,Bachelor of Arts and Bachelor of Social Science,degree_flat,-72.8,0,,no_anchor,19440,published_divergent,none,,low,no rule or adjudication applies; default-trust=computed
2024,HUM,HB001INF09,BA/BSocSc,Informatics,regular,3,54,0,,False,,29580,0,0,71400,Bachelor of Arts and Bachelor of Social Science,degree_flat,-58.6,54,,no_anchor,29580,published_divergent,none,,low,no rule or adjudication applies; default-trust=computed
2024,HUM,HB001MAM02,BA/BSocSc,Mathematics,regular,1,54,0,,False,,29400,0,0,71400,Bachelor of Arts and Bachelor of Social Science,degree_flat,-58.8,54,,no_anchor,29400,published_divergent,none,,low,no rule or adjudication applies; default-trust=computed
2024,HUM,HB001MAM02,BA/BSocSc,Mathematics,regular,2,48,0,,False,,25920,0,0,71400,Bachelor of Arts and Bachelor of Social Science,degree_flat,-63.7,48,,no_anchor,25920,published_divergent,none,,low,no rule or adjudication applies; default-trust=computed
2024,HUM,HB001MAM02,BA/BSocSc,Mathematics,regular,3,0,1,,False,,38700,0,0,71400,Bachelor of Arts and Bachelor of Social Science,degree_flat,-45.8,0,,no_anchor,38700,published_divergent,none,,low,no rule or adjudication applies; default-trust=computed
2024,HUM,HB001PHI01,BA/BSocSc,Philosophy,regular,1,36,0,,False,,17840,0,0,71400,Bachelor of Arts and Bachelor of Social Science,degree_flat,-75.0,36,,no_anchor,17840,published_divergent,none,,low,no rule or adjudication applies; default-trust=computed
2024,HUM,HB001PHI01,BA/BSocSc,Philosophy,regular,2,48,0,,False,,23780,0,0,71400,Bachelor of Arts and Bachelor of Social Science,degree_flat,-66.7,48,,no_anchor,23780,published_divergent,none,,low,no rule or adjudication applies; default-trust=computed
2024,HUM,HB001PHI01,BA/BSocSc,Philosophy,regular,3,60,0,,False,,23780,0,0,71400,Bachelor of Arts and Bachelor of Social Science,degree_flat,-66.7,60,,no_anchor,23780,published_divergent,none,,low,no rule or adjudication applies; default-trust=computed
2024,HUM,HB001POL10,BA/BSocSc,Politics & Governance,regular,1,18,0,,False,,8920,0,0,71400,Bachelor of Arts and Bachelor of Social Science,degree_flat,-87.5,18,,no_anchor,8920,published_divergent,none,,low,no rule or adjudication applies; default-trust=computed
2024,HUM,HB001PSY01,BA/BSocSc,Psychology,regular,1,36,0,,False,,17840,0,0,71400,Bachelor of Arts and Bachelor of Social Science,degree_flat,-75.0,36,,no_anchor,17840,published_divergent,none,,low,no rule or adjudication applies; default-trust=computed
2024,HUM,HB001PSY01,BA/BSocSc,Psychology,regular,2,72,0,,False,,35670,0,0,71400,Bachelor of Arts and Bachelor of Social Science,degree_flat,-50.0,72,,no_anchor,35670,published_divergent,none,,low,no rule or adjudication applies; default-trust=computed
2024,HUM,HB001PSY01,BA/BSocSc,Psychology,regular,3,90,0,,False,,35670,0,0,71400,Bachelor of Arts and Bachelor of Social Science,degree_flat,-50.0,90,,no_anchor,35670,published_divergent,none,,low,no rule or adjudication applies; default-trust=computed
2024,HUM,HB001SLL01,BA/BSocSc,African Languages & Literatures,regular,1,36,0,,False,,17840,0,0,71400,Bachelor of Arts and Bachelor of Social Science,degree_flat,-75.0,36,,no_anchor,17840,published_divergent,none,,low,no rule or adjudication applies; default-trust=computed
2024,HUM,HB001SLL01,BA/BSocSc,African Languages & Literatures,regular,2,48,0,,False,,23780,0,0,71400,Bachelor of Arts and Bachelor of Social Science,degree_flat,-66.7,48,,no_anchor,23780,published_divergent,none,,low,no rule or adjudication applies; default-trust=computed
2024,HUM,HB001SLL01,BA/BSocSc,African Languages & Literatures,regular,3,60,0,,False,,23780,0,0,71400,Bachelor of Arts and Bachelor of Social Science,degree_flat,-66.7,60,,no_anchor,23780,published_divergent,none,,low,no rule or adjudication applies; default-trust=computed
2024,HUM,HB001SLL02,BA/BSocSc,Afrikaans,regular,2,48,0,,False,,23780,0,0,71400,Bachelor of Arts and Bachelor of Social Science,degree_flat,-66.7,48,,no_anchor,23780,published_divergent,none,,low,no rule or adjudication applies; default-trust=computed
2024,HUM,HB001SLL02,BA/BSocSc,Afrikaans,regular,3,60,0,,False,,23780,0,0,71400,Bachelor of Arts and Bachelor of Social Science,degree_flat,-66.7,60,,no_anchor,23780,published_divergent,none,,low,no rule or adjudication applies; default-trust=computed
2024,HUM,HB001SLL03,BA/BSocSc,Arabic Language and Literature,regular,2,48,0,,False,,23780,0,0,71400,Bachelor of Arts and Bachelor of Social Science,degree_flat,-66.7,48,,no_anchor,23780,published_divergent,none,,low,no rule or adjudication applies; default-trust=computed
2024,HUM,HB001SLL03,BA/BSocSc,Arabic Language and Literature,regular,3,60,0,,False,,23780,0,0,71400,Bachelor of Arts and Bachelor of Social Science,degree_flat,-66.7,60,,no_anchor,23780,published_divergent,none,,low,no rule or adjudication applies; default-trust=computed
2024,HUM,HB001SLL04,BA/BSocSc,Business French,regular,2,48,0,,False,,23780,0,0,71400,Bachelor of Arts and Bachelor of Social Science,degree_flat,-66.7,48,,no_anchor,23780,published_divergent,none,,low,no rule or adjudication applies; default-trust=computed
2024,HUM,HB001SLL04,BA/BSocSc,Business French,regular,3,60,0,,False,,23780,0,0,71400,Bachelor of Arts and Bachelor of Social Science,degree_flat,-66.7,60,,no_anchor,23780,published_divergent,none,,low,no rule or adjudication applies; default-trust=computed
2024,HUM,HB001SLL05,BA/BSocSc,Classical Studies,regular,2,48,0,,False,,23780,0,0,71400,Bachelor of Arts and Bachelor of Social Science,degree_flat,-66.7,48,,no_anchor,23780,published_divergent,none,,low,no rule or adjudication applies; default-trust=computed
2024,HUM,HB001SLL05,BA/BSocSc,Classical Studies,regular,3,60,0,,False,,23780,0,0,71400,Bachelor of Arts and Bachelor of Social Science,degree_flat,-66.7,60,,no_anchor,23780,published_divergent,none,,low,no rule or adjudication applies; default-trust=computed
2024,HUM,HB001SLL09,BA/BSocSc,Hebrew Language and Literature,regular,2,0,2,,False,,0,0,2,71400,Bachelor of Arts and Bachelor of Social Science,degree_flat,,0,,no_anchor,0,published_divergent,none,,low,no rule or adjudication applies; default-trust=computed
2024,HUM,HB001SLL09,BA/BSocSc,Hebrew Language and Literature,regular,3,0,2,,False,,0,0,2,71400,Bachelor of Arts and Bachelor of Social Science,degree_flat,,0,,no_anchor,0,published_divergent,none,,low,no rule or adjudication applies; default-trust=computed
2024,HUM,HB001SLL10,BA/BSocSc,Italian,regular,2,48,0,,False,,23780,0,0,71400,Bachelor of Arts and Bachelor of Social Science,degree_flat,-66.7,48,,no_anchor,23780,published_divergent,none,,low,no rule or adjudication applies; default-trust=computed
2024,HUM,HB001SLL10,BA/BSocSc,Italian,regular,3,60,0,,False,,23780,0,0,71400,Bachelor of Arts and Bachelor of Social Science,degree_flat,-66.7,60,,no_anchor,23780,published_divergent,none,,low,no rule or adjudication applies; default-trust=computed
2024,HUM,HB001SLL13,BA/BSocSc,Spanish,regular,2,48,0,,False,,23780,0,0,71400,Bachelor of Arts and Bachelor of Social Science,degree_flat,-66.7,48,,no_anchor,23780,published_divergent,none,,low,no rule or adjudication applies; default-trust=computed
2024,HUM,HB001SLL13,BA/BSocSc,Spanish,regular,3,60,0,,False,,23780,0,0,71400,Bachelor of Arts and Bachelor of Social Science,degree_flat,-66.7,60,,no_anchor,23780,published_divergent,none,,low,no rule or adjudication applies; default-trust=computed
2024,HUM,HB001SLL15,BA/BSocSc,Xhosa Communication,regular,2,48,0,,False,,23780,0,0,71400,Bachelor of Arts and Bachelor of Social Science,degree_flat,-66.7,48,,no_anchor,23780,published_divergent,none,,low,no rule or adjudication applies; default-trust=computed
2024,HUM,HB001SLL15,BA/BSocSc,Xhosa Communication,regular,3,60,0,,False,,23780,0,0,71400,Bachelor of Arts and Bachelor of Social Science,degree_flat,-66.7,60,,no_anchor,23780,published_divergent,none,,low,no rule or adjudication applies; default-trust=computed
2024,HUM,HB001SLL21,BA/BSocSc,Chinese Studies,regular,1,36,0,,False,,17840,0,0,71400,Bachelor of Arts and Bachelor of Social Science,degree_flat,-75.0,36,,no_anchor,17840,published_divergent,none,,low,no rule or adjudication applies; default-trust=computed
2024,HUM,HB001SLL21,BA/BSocSc,Chinese Studies,regular,2,48,0,,False,,23780,0,0,71400,Bachelor of Arts and Bachelor of Social Science,degree_flat,-66.7,48,,no_anchor,23780,published_divergent,none,,low,no rule or adjudication applies; default-trust=computed
2024,HUM,HB001SLL21,BA/BSocSc,Chinese Studies,regular,3,60,0,,False,,23780,0,0,71400,Bachelor of Arts and Bachelor of Social Science,degree_flat,-66.7,60,,no_anchor,23780,published_divergent,none,,low,no rule or adjudication applies; default-trust=computed
2024,HUM,HB001SOC01,BA/BSocSc,Sociology,regular,3,60,0,,False,,23780,0,0,71400,Bachelor of Arts and Bachelor of Social Science,degree_flat,-66.7,60,,no_anchor,23780,published_divergent,none,,low,no rule or adjudication applies; default-trust=computed
2024,HUM,HB001SOC02,BA/BSocSc,Industrial Sociology,regular,2,24,0,,False,,11890,0,0,71400,Bachelor of Arts and Bachelor of Social Science,degree_flat,-83.3,24,,no_anchor,11890,published_divergent,none,,low,no rule or adjudication applies; default-trust=computed
2024,HUM,HB001SOC02,BA/BSocSc,Industrial Sociology,regular,3,60,0,,False,,23780,0,0,71400,Bachelor of Arts and Bachelor of Social Science,degree_flat,-66.7,60,,no_anchor,23780,published_divergent,none,,low,no rule or adjudication applies; default-trust=computed
2024,HUM,HB001STA01,BA/BSocSc,Applied Statistics,regular,1,18,0,,False,,9800,0,0,71400,Bachelor of Arts and Bachelor of Social Science,degree_flat,-86.3,18,,no_anchor,9800,published_divergent,none,,low,no rule or adjudication applies; default-trust=computed
2024,HUM,HB001STA01,BA/BSocSc,Applied Statistics,regular,2,48,1,,False,,38010,0,0,71400,Bachelor of Arts and Bachelor of Social Science,degree_flat,-46.8,48,,no_anchor,38010,published_divergent,none,,low,no rule or adjudication applies; default-trust=computed
2024,HUM,HB001STA01,BA/BSocSc,Applied Statistics,regular,3,72,0,,False,,38060,0,0,71400,Bachelor of Arts and Bachelor of Social Science,degree_flat,-46.7,72,,no_anchor,38060,published_divergent,none,,low,no rule or adjudication applies; default-trust=computed
2024,HUM,HB001SWK03,BA/BSocSc,Social Development,regular,1,36,0,,False,,17840,0,0,71400,Bachelor of Arts and Bachelor of Social Science,degree_flat,-75.0,36,,no_anchor,17840,published_divergent,none,,low,no rule or adjudication applies; default-trust=computed
2024,HUM,HB001SWK03,BA/BSocSc,Social Development,regular,2,48,0,,False,,23780,0,0,71400,Bachelor of Arts and Bachelor of Social Science,degree_flat,-66.7,48,,no_anchor,23780,published_divergent,none,,low,no rule or adjudication applies; default-trust=computed
2024,HUM,HB001SWK03,BA/BSocSc,Social Development,regular,3,54,0,,False,,23780,0,0,71400,Bachelor of Arts and Bachelor of Social Science,degree_flat,-66.7,54,,no_anchor,23780,published_divergent,none,,low,no rule or adjudication applies; default-trust=computed
2024,HUM,HB001TDP09,BA/BSocSc,Theatre and Dance Studies,regular,1,18,0,,False,,8920,0,0,71400,Bachelor of Arts and Bachelor of Social Science,degree_flat,-87.5,18,,no_anchor,8920,published_divergent,none,,low,no rule or adjudication applies; default-trust=computed
2024,HUM,HB001TDP09,BA/BSocSc,Theatre and Dance Studies,regular,2,24,1,,False,,11890,0,1,71400,Bachelor of Arts and Bachelor of Social Science,degree_flat,-83.3,24,,no_anchor,11890,published_divergent,none,,low,no rule or adjudication applies; default-trust=computed
2024,HUM,HB001TDP09,BA/BSocSc,Theatre and Dance Studies,regular,3,120,0,,False,,47560,0,0,71400,Bachelor of Arts and Bachelor of Social Science,degree_flat,-33.4,120,,no_anchor,47560,published_divergent,none,,low,no rule or adjudication applies; default-trust=computed
2024,HUM,HB001XX21,BA/BSocSc,French,regular,2,48,0,,False,,23780,0,0,71400,Bachelor of Arts and Bachelor of Social Science,degree_flat,-66.7,48,,no_anchor,23780,published_divergent,none,,low,no rule or adjudication applies; default-trust=computed
2024,HUM,HB001XX21,BA/BSocSc,French,regular,3,120,0,,False,,47560,0,0,71400,Bachelor of Arts and Bachelor of Social Science,degree_flat,-33.4,120,,no_anchor,47560,published_divergent,none,,low,no rule or adjudication applies; default-trust=computed
2024,HUM,HB001XX23,BA/BSocSc,German,regular,2,48,0,,False,,23780,0,0,71400,Bachelor of Arts and Bachelor of Social Science,degree_flat,-66.7,48,,no_anchor,23780,published_divergent,none,,low,no rule or adjudication applies; default-trust=computed
2024,HUM,HB001XX23,BA/BSocSc,German,regular,3,120,0,,False,,47560,0,0,71400,Bachelor of Arts and Bachelor of Social Science,degree_flat,-33.4,120,,no_anchor,47560,published_divergent,none,,low,no rule or adjudication applies; default-trust=computed
2024,HUM,HB001XX26,BA/BSocSc,Portuguese,regular,2,48,0,,False,,23780,0,0,71400,Bachelor of Arts and Bachelor of Social Science,degree_flat,-66.7,48,,no_anchor,23780,published_divergent,none,,low,no rule or adjudication applies; default-trust=computed
2024,HUM,HB001XX26,BA/BSocSc,Portuguese,regular,3,120,0,,False,,47560,0,0,71400,Bachelor of Arts and Bachelor of Social Science,degree_flat,-33.4,120,,no_anchor,47560,published_divergent,none,,low,no rule or adjudication applies; default-trust=computed
2024,LAW,LB002,LLB,Four-year undergraduate LLB stream,regular,1,144,0,144,False,0,75210,29400,0,72570,Degrees Undergraduate LLB Regular curriculum 1st Year – depending on electives,flat_annual,3.6,144,,consistent,75210,reconciled,none,,high,computed credits equal the stated total
2024,LAW,LB002,LLB,Four-year undergraduate LLB stream,regular,2,156,0,156,False,0,81743,45733,0,72570,Degrees Undergraduate LLB Regular curriculum 1st Year – depending on electives,flat_annual,12.6,156,,consistent,81743,published_divergent,none,,high,computed credits equal the stated total
2024,LAW,LB002,LLB,Four-year undergraduate LLB stream,regular,3,180,0,180,False,0,84480,0,1,72570,Degrees Undergraduate LLB Regular curriculum 1st Year – depending on electives,flat_annual,16.4,180,,consistent,84480,published_divergent,none,,high,computed credits equal the stated total
2024,LAW,LB002,LLB,Four-year undergraduate LLB stream,regular,4,180,0,180,False,0,77100,9360,0,72570,Degrees Undergraduate LLB Regular curriculum 1st Year – depending on electives,flat_annual,6.2,180,,consistent,77100,published_divergent,none,,high,computed credits equal the stated total
2024,LAW,LB003,LLB,Five-year stream,extended,1,90,0,90,False,0,18720,0,2,,,unmatched,,90,,consistent,18720,no_published,none,,high,computed credits equal the stated total
2024,LAW,LB003,LLB,Five-year stream,extended,2,72,0,90,False,-18,17840,17840,1,,,unmatched,,72,,unresolved,17840,no_published,none,,low,no rule or adjudication applies; default-trust=computed
2024,LAW,LB003,LLB,Five-year stream,extended,3,156,0,156,False,0,80303,46053,0,,,unmatched,,156,,consistent,80303,no_published,none,,high,computed credits equal the stated total
2024,LAW,LB003,LLB,Five-year stream,extended,4,144,0,144,False,0,68250,0,1,,,unmatched,,144,,consistent,68250,no_published,none,,high,computed credits equal the stated total
2024,LAW,LB003,LLB,Five-year stream,extended,5,180,1,180,False,0,88900,21160,1,,,unmatched,,180,,unresolved,88900,no_published,none,,low,no rule or adjudication applies; default-trust=computed
2024,LAW,LP001,LLB,Graduate LLB Stream,regular,1,144,0,144,False,0,72020,0,0,72020,Graduate LLB,flat_annual,0.0,144,,consistent,72020,reconciled,none,,high,computed credits equal the stated total
2024,LAW,LP001,LLB,Graduate LLB Stream,regular,2,180,0,180,False,0,84480,0,1,72020,Graduate LLB,flat_annual,17.3,180,,consistent,84480,published_divergent,none,,high,computed credits equal the stated total
2024,LAW,LP001,LLB,Graduate LLB Stream,regular,3,180,0,180,False,0,77100,9360,0,72020,Graduate LLB,flat_annual,7.1,180,,consistent,77100,published_divergent,none,,high,computed credits equal the stated total
2024,FHS,MB001DOM02,,,regular,,455,0,,False,,306830,0,0,,,unmatched,,455,,unresolved,306830,no_published,none,,low,no rule or adjudication applies; default-trust=computed
2024,FHS,MB003AHS09,BSc(OT),Occupational Therapy,regular,1,144,0,144,False,0,79820,0,0,79820,BSc (Occupational Therapy),duration,0.0,144,,consistent,79820,reconciled,none,,high,computed credits equal the stated total
2024,FHS,MB003AHS09,BSc(OT),Occupational Therapy,regular,2,143,0,123,False,20,73800,0,0,73800,BSc (Occupational Therapy),duration,0.0,143,,unresolved,73800,reconciled,none,,low,no rule or adjudication applies; default-trust=computed
2024,FHS,MB003AHS09,BSc(OT),Occupational Therapy,regular,3,148,0,148,False,0,67780,0,0,67780,BSc (Occupational Therapy),duration,0.0,148,,consistent,67780,reconciled,none,,high,computed credits equal the stated total
2024,FHS,MB003AHS09,BSc(OT),Occupational Therapy,regular,4,144,0,144,False,0,86140,0,0,86140,BSc (Occupational Therapy),duration,0.0,144,,consistent,86140,reconciled,none,,high,computed credits equal the stated total
2024,FHS,MB004AHS08,BSc(Physio),Physiotherapy,regular,1,142,0,142,False,0,75820,0,0,75820,BSc (Physiotherapy),duration,0.0,142,,consistent,75820,reconciled,none,,high,computed credits equal the stated total
2024,FHS,MB004AHS08,BSc(Physio),Physiotherapy,regular,2,182,0,164,False,18,95690,0,0,95690,BSc (Physiotherapy),duration,0.0,182,,unresolved,95690,reconciled,none,,low,no rule or adjudication applies; default-trust=computed
2024,FHS,MB004AHS08,BSc(Physio),Physiotherapy,regular,3,150,0,150,False,0,69350,0,0,69350,BSc (Physiotherapy),duration,0.0,150,,consistent,69350,reconciled,none,,high,computed credits equal the stated total
2024,FHS,MB004AHS08,BSc(Physio),Physiotherapy,regular,4,132,0,132,False,0,78240,0,0,78240,BSc (Physiotherapy),duration,0.0,132,,consistent,78240,reconciled,none,,high,computed credits equal the stated total
2024,FHS,MB011,BSc(Audiology),Audiology,regular,1,194,0,176,False,18,95630,0,0,86710,BSc (Audiology),duration,10.3,194,,unresolved,95630,published_divergent,none,,low,no rule or adjudication applies; default-trust=computed
2024,FHS,MB011,BSc(Audiology),Audiology,regular,2,451,0,162,False,289,190400,0,0,90440,BSc (Audiology),duration,110.5,451,,unresolved,190400,published_divergent,none,,low,no rule or adjudication applies; default-trust=computed
2024,FHS,MB011,BSc(Audiology),Audiology,regular,3,258,0,140,False,118,152220,0,0,82100,BSc (Audiology),duration,85.4,258,,unresolved,152220,published_divergent,none,,low,no rule or adjudication applies; default-trust=computed
2024,FHS,MB011,BSc(Audiology),Audiology,regular,4,214,0,124,False,90,143740,0,0,83300,BSc (Audiology),duration,72.6,214,,unresolved,143740,published_divergent,none,,low,no rule or adjudication applies; default-trust=computed
2024,FHS,MB014,MBChB,Medicine,regular,1,167,0,167,False,0,102470,0,0,102470,MBChB,duration,0.0,167,,consistent,102470,reconciled,none,,high,computed credits equal the stated total
2024,FHS,MB014,MBChB,Medicine,regular,2,165,0,165,False,0,120950,0,0,120950,MBChB,duration,0.0,165,,consistent,120950,reconciled,none,,high,computed credits equal the stated total
2024,FHS,MB014,MBChB,Medicine,regular,3,198,0,198,False,0,127620,0,0,127620,MBChB,duration,0.0,198,,consistent,127620,reconciled,none,,high,computed credits equal the stated total
2024,FHS,MB014,MBChB,Medicine,regular,4,220,0,220,False,0,73730,0,5,124770,MBChB,duration,-40.9,220,,consistent,73730,published_divergent,none,,high,computed credits equal the stated total
2024,FHS,MB014,MBChB,Medicine,regular,5,210,0,210,False,0,17030,0,9,99560,MBChB,duration,-82.9,210,,consistent,17030,published_divergent,none,,high,computed credits equal the stated total
2024,FHS,MB014,MBChB,Medicine,regular,6,254,0,254,False,0,14700,0,9,124840,MBChB,duration,-88.2,254,,consistent,14700,published_divergent,none,,high,computed credits equal the stated total
2024,FHS,MB020,MBChB,Medicine,regular,1,120,0,60,False,60,79980,0,0,,,unmatched,,120,,unresolved,79980,no_published,none,,low,no rule or adjudication applies; default-trust=computed
2024,FHS,MB020,MBChB,Medicine,regular,2,60,0,60,False,0,39990,0,0,,,unmatched,,60,,consistent,39990,no_published,none,,high,computed credits equal the stated total
2024,FHS,MB020,MBChB,Medicine,regular,4,60,0,60,False,0,39990,0,0,,,unmatched,,60,,consistent,39990,no_published,none,,high,computed credits equal the stated total
2024,FHS,MU003MDN27,,ADVANCED DIPLOMA IN COSMETIC FORMULATION SCIENCE,regular,1,105,0,120,False,-15,47750,0,1,,,unmatched,,105,,unresolved,47750,no_published,none,,low,no rule or adjudication applies; default-trust=computed
2024,FHS,MU004AHS21,,HIGHER CERTIFICATE IN DISABILITY PRACTICE,regular,1,180,0,120,False,60,117060,0,2,,,unmatched,,180,,unresolved,117060,no_published,none,,low,no rule or adjudication applies; default-trust=computed
2024,FHS,MU004AHS21,,HIGHER CERTIFICATE IN DISABILITY PRACTICE,regular,2,221,0,,False,,53580,0,4,,,unmatched,,221,,unresolved,53580,no_published,none,,low,no rule or adjudication applies; default-trust=computed
2024,SCI,SB001AGE01,BSc,Archaeology,regular,1,72,0,,False,,19600,0,1,78500,Bachelor of Science,degree_flat,-75.0,72,,no_anchor,19600,published_divergent,none,,low,no rule or adjudication applies; default-trust=computed
2024,SCI,SB001AGE01,BSc,Archaeology,regular,2,48,0,,False,,25840,0,0,77500,Bachelor of Science,degree_flat,-66.7,48,,no_anchor,25840,published_divergent,none,,low,no rule or adjudication applies; default-trust=computed
2024,SCI,SB001AGE01,BSc,Archaeology,regular,3,108,0,,False,,58260,0,0,77500,Bachelor of Science,degree_flat,-24.8,108,,no_anchor,58260,published_divergent,none,,low,no rule or adjudication applies; default-trust=computed
2024,SCI,SB001AST02,BSc,Astrophysics,regular,1,90,0,,False,,29220,0,1,78500,Bachelor of Science,degree_flat,-62.8,90,,no_anchor,29220,published_divergent,none,,low,no rule or adjudication applies; default-trust=computed
2024,SCI,SB001AST02,BSc,Astrophysics,regular,2,120,0,,False,,64720,0,0,77500,Bachelor of Science,degree_flat,-16.5,120,,no_anchor,64720,published_divergent,none,,low,no rule or adjudication applies; default-trust=computed
2024,SCI,SB001AST02,BSc,Astrophysics,regular,3,72,0,,False,,38840,0,0,77500,Bachelor of Science,degree_flat,-49.9,72,,no_anchor,38840,published_divergent,none,,low,no rule or adjudication applies; default-trust=computed
2024,SCI,SB001BIO05,BSc,Marine Biology,regular,1,108,0,,False,,58620,0,0,78500,Bachelor of Science,degree_flat,-25.3,108,,no_anchor,58620,published_divergent,none,,low,no rule or adjudication applies; default-trust=computed
2024,SCI,SB001BIO05,BSc,Marine Biology,regular,2,120,0,,False,,64600,0,0,77500,Bachelor of Science,degree_flat,-16.6,120,,no_anchor,64600,published_divergent,none,,low,no rule or adjudication applies; default-trust=computed
2024,SCI,SB001BIO05,BSc,Marine Biology,regular,3,72,0,,False,,38840,0,0,77500,Bachelor of Science,degree_flat,-49.9,72,,no_anchor,38840,published_divergent,none,,low,no rule or adjudication applies; default-trust=computed
2024,SCI,SB001BIO12,BSc,Biology,regular,1,108,0,,False,,58620,0,0,78500,Bachelor of Science,degree_flat,-25.3,108,,no_anchor,58620,published_divergent,none,,low,no rule or adjudication applies; default-trust=computed
2024,SCI,SB001BIO12,BSc,Biology,regular,2,96,0,,False,,51680,0,0,77500,Bachelor of Science,degree_flat,-33.3,96,,no_anchor,51680,published_divergent,none,,low,no rule or adjudication applies; default-trust=computed
2024,SCI,SB001BIO12,BSc,Biology,regular,3,144,0,,False,,77680,0,0,77500,Bachelor of Science,degree_flat,0.2,144,,no_anchor,77680,reconciled,none,,low,no rule or adjudication applies; default-trust=computed
2024,SCI,SB001BIO13,BSc,Quantitative Biology,regular,1,54,0,,False,,29400,0,0,78500,Bachelor of Science,degree_flat,-62.5,54,,no_anchor,29400,published_divergent,none,,low,no rule or adjudication applies; default-trust=computed
2024,SCI,SB001BIO13,BSc,Quantitative Biology,regular,2,96,0,,False,,51680,0,0,77500,Bachelor of Science,degree_flat,-33.3,96,,no_anchor,51680,published_divergent,none,,low,no rule or adjudication applies; default-trust=computed
2024,SCI,SB001BIO13,BSc,Quantitative Biology,regular,3,36,0,,False,,19420,0,0,77500,Bachelor of Science,degree_flat,-74.9,36,,no_anchor,19420,published_divergent,none,,low,no rule or adjudication applies; default-trust=computed
2024,SCI,SB001CEM01,BSc,Chemistry,regular,1,108,0,,False,,38840,0,1,78500,Bachelor of Science,degree_flat,-50.5,108,,no_anchor,38840,published_divergent,none,,low,no rule or adjudication applies; default-trust=computed
2024,SCI,SB001CEM01,BSc,Chemistry,regular,2,48,0,,False,,25800,0,0,77500,Bachelor of Science,degree_flat,-66.7,48,,no_anchor,25800,published_divergent,none,,low,no rule or adjudication applies; default-trust=computed
2024,SCI,SB001CEM01,BSc,Chemistry,regular,3,72,0,,False,,38700,0,0,77500,Bachelor of Science,degree_flat,-50.1,72,,no_anchor,38700,published_divergent,none,,low,no rule or adjudication applies; default-trust=computed
2024,SCI,SB001CSC02,BSc,Business Computing,regular,1,90,0,,False,,48620,0,0,78500,Bachelor of Science,degree_flat,-38.1,90,,no_anchor,48620,published_divergent,none,,low,no rule or adjudication applies; default-trust=computed
2024,SCI,SB001CSC02,BSc,Business Computing,regular,2,42,0,,False,,22590,0,0,77500,Bachelor of Science,degree_flat,-70.9,42,,no_anchor,22590,published_divergent,none,,low,no rule or adjudication applies; default-trust=computed
2024,SCI,SB001CSC02,BSc,Business Computing,regular,3,54,0,,False,,29580,0,0,77500,Bachelor of Science,degree_flat,-61.8,54,,no_anchor,29580,published_divergent,none,,low,no rule or adjudication applies; default-trust=computed
2024,SCI,SB001CSC03,BSc,Computer Engineering,regular,1,72,0,,False,,19160,0,1,78500,Bachelor of Science,degree_flat,-75.6,72,,no_anchor,19160,published_divergent,none,,low,no rule or adjudication applies; default-trust=computed
2024,SCI,SB001CSC03,BSc,Computer Engineering,regular,2,24,0,,False,,14070,0,0,77500,Bachelor of Science,degree_flat,-81.8,24,,no_anchor,14070,published_divergent,none,,low,no rule or adjudication applies; default-trust=computed
2024,SCI,SB001CSC03,BSc,Computer Engineering,regular,3,72,0,,False,,40770,0,0,77500,Bachelor of Science,degree_flat,-47.4,72,,no_anchor,40770,published_divergent,none,,low,no rule or adjudication applies; default-trust=computed
2024,SCI,SB001CSC05,BSc,Computer Science,regular,1,72,0,,False,,38760,0,0,78500,Bachelor of Science,degree_flat,-50.6,72,,no_anchor,38760,published_divergent,none,,low,no rule or adjudication applies; default-trust=computed
2024,SCI,SB001CSC05,BSc,Computer Science,regular,2,66,0,,False,,35200,0,0,77500,Bachelor of Science,degree_flat,-54.6,66,,no_anchor,35200,published_divergent,none,,low,no rule or adjudication applies; default-trust=computed
2024,SCI,SB001CSC05,BSc,Computer Science,regular,3,72,0,,False,,38060,0,0,77500,Bachelor of Science,degree_flat,-50.9,72,,no_anchor,38060,published_divergent,none,,low,no rule or adjudication applies; default-trust=computed
2024,SCI,SB001EGS02,BSc,Environmental & Geographical Science,regular,1,72,0,,False,,19600,0,1,78500,Bachelor of Science,degree_flat,-75.0,72,,no_anchor,19600,published_divergent,none,,low,no rule or adjudication applies; default-trust=computed
2024,SCI,SB001EGS02,BSc,Environmental & Geographical Science,regular,2,48,0,,False,,25840,0,0,77500,Bachelor of Science,degree_flat,-66.7,48,,no_anchor,25840,published_divergent,none,,low,no rule or adjudication applies; default-trust=computed
2024,SCI,SB001EGS02,BSc,Environmental & Geographical Science,regular,3,144,0,,False,,77680,0,0,77500,Bachelor of Science,degree_flat,0.2,144,,no_anchor,77680,reconciled,none,,low,no rule or adjudication applies; default-trust=computed
2024,SCI,SB001GEO02,BSc,Geology,regular,1,126,0,,False,,49300,0,1,78500,Bachelor of Science,degree_flat,-37.2,126,,no_anchor,49300,published_divergent,none,,low,no rule or adjudication applies; default-trust=computed
2024,SCI,SB001GEO02,BSc,Geology,regular,2,48,0,,False,,25840,0,0,77500,Bachelor of Science,degree_flat,-66.7,48,,no_anchor,25840,published_divergent,none,,low,no rule or adjudication applies; default-trust=computed
2024,SCI,SB001GEO02,BSc,Geology,regular,3,72,0,,False,,38840,0,0,77500,Bachelor of Science,degree_flat,-49.9,72,,no_anchor,38840,published_divergent,none,,low,no rule or adjudication applies; default-trust=computed
2024,SCI,SB001HUB17,BSc,Human Anatomy & Physiology,regular,1,108,0,,False,,39020,0,1,78500,Bachelor of Science,degree_flat,-50.3,108,,no_anchor,39020,published_divergent,none,,low,no rule or adjudication applies; default-trust=computed
2024,SCI,SB001HUB17,BSc,Human Anatomy & Physiology,regular,2,48,0,,False,,25840,0,0,77500,Bachelor of Science,degree_flat,-66.7,48,,no_anchor,25840,published_divergent,none,,low,no rule or adjudication applies; default-trust=computed
2024,SCI,SB001HUB17,BSc,Human Anatomy & Physiology,regular,3,72,0,,False,,39070,0,0,77500,Bachelor of Science,degree_flat,-49.6,72,,no_anchor,39070,published_divergent,none,,low,no rule or adjudication applies; default-trust=computed
2024,SCI,SB001MAM01,BSc,Applied Mathematics,regular,1,72,0,,False,,19600,0,1,78500,Bachelor of Science,degree_flat,-75.0,72,,no_anchor,19600,published_divergent,none,,low,no rule or adjudication applies; default-trust=computed
2024,SCI,SB001MAM01,BSc,Applied Mathematics,regular,2,48,0,,False,,25920,0,0,77500,Bachelor of Science,degree_flat,-66.6,48,,no_anchor,25920,published_divergent,none,,low,no rule or adjudication applies; default-trust=computed
2024,SCI,SB001MAM01,BSc,Applied Mathematics,regular,3,72,0,,False,,38700,0,0,77500,Bachelor of Science,degree_flat,-50.1,72,,no_anchor,38700,published_divergent,none,,low,no rule or adjudication applies; default-trust=computed
2024,SCI,SB001MAM02,BSc,Mathematics,regular,1,54,0,,False,,9800,0,1,78500,Bachelor of Science,degree_flat,-87.5,54,,no_anchor,9800,published_divergent,none,,low,no rule or adjudication applies; default-trust=computed
2024,SCI,SB001MAM02,BSc,Mathematics,regular,2,48,0,,False,,25920,0,0,77500,Bachelor of Science,degree_flat,-66.6,48,,no_anchor,25920,published_divergent,none,,low,no rule or adjudication applies; default-trust=computed
2024,SCI,SB001MAM02,BSc,Mathematics,regular,3,72,0,,False,,38700,0,0,77500,Bachelor of Science,degree_flat,-50.1,72,,no_anchor,38700,published_divergent,none,,low,no rule or adjudication applies; default-trust=computed
2024,SCI,SB001MCB01,BSc,Biochemistry,regular,1,108,0,,False,,58620,0,0,78500,Bachelor of Science,degree_flat,-25.3,108,,no_anchor,58620,published_divergent,none,,low,no rule or adjudication applies; default-trust=computed
2024,SCI,SB001MCB01,BSc,Biochemistry,regular,2,72,0,,False,,38760,0,0,77500,Bachelor of Science,degree_flat,-50.0,72,,no_anchor,38760,published_divergent,none,,low,no rule or adjudication applies; default-trust=computed
2024,SCI,SB001MCB01,BSc,Biochemistry,regular,3,72,0,,False,,38840,0,0,77500,Bachelor of Science,degree_flat,-49.9,72,,no_anchor,38840,published_divergent,none,,low,no rule or adjudication applies; default-trust=computed
2024,SCI,SB001MCB04,BSc,Genetics,regular,1,108,0,,False,,58620,0,0,78500,Bachelor of Science,degree_flat,-25.3,108,,no_anchor,58620,published_divergent,none,,low,no rule or adjudication applies; default-trust=computed
2024,SCI,SB001MCB04,BSc,Genetics,regular,2,72,0,,False,,38760,0,0,77500,Bachelor of Science,degree_flat,-50.0,72,,no_anchor,38760,published_divergent,none,,low,no rule or adjudication applies; default-trust=computed
2024,SCI,SB001MCB04,BSc,Genetics,regular,3,72,0,,False,,38840,0,0,77500,Bachelor of Science,degree_flat,-49.9,72,,no_anchor,38840,published_divergent,none,,low,no rule or adjudication applies; default-trust=computed
2024,SCI,SB001PHY01,BSc,Physics,regular,1,108,0,,False,,39020,0,1,78500,Bachelor of Science,degree_flat,-50.3,108,,no_anchor,39020,published_divergent,none,,low,no rule or adjudication applies; default-trust=computed
2024,SCI,SB001PHY01,BSc,Physics,regular,2,72,0,,False,,38880,0,0,77500,Bachelor of Science,degree_flat,-49.8,72,,no_anchor,38880,published_divergent,none,,low,no rule or adjudication applies; default-trust=computed
2024,SCI,SB001PHY01,BSc,Physics,regular,3,72,0,,False,,38700,0,0,77500,Bachelor of Science,degree_flat,-50.1,72,,no_anchor,38700,published_divergent,none,,low,no rule or adjudication applies; default-trust=computed
2024,SCI,SB001SEA03,BSc,Ocean & Atmosphere Science,regular,1,108,0,,False,,39500,0,1,78500,Bachelor of Science,degree_flat,-49.7,108,,no_anchor,39500,published_divergent,none,,low,no rule or adjudication applies; default-trust=computed
2024,SCI,SB001SEA03,BSc,Ocean & Atmosphere Science,regular,2,48,0,,False,,25840,0,0,77500,Bachelor of Science,degree_flat,-66.7,48,,no_anchor,25840,published_divergent,none,,low,no rule or adjudication applies; default-trust=computed
2024,SCI,SB001SEA03,BSc,Ocean & Atmosphere Science,regular,3,72,0,,False,,38840,0,0,77500,Bachelor of Science,degree_flat,-49.9,72,,no_anchor,38840,published_divergent,none,,low,no rule or adjudication applies; default-trust=computed
2024,SCI,SB001STA01,BSc,Applied Statistics,regular,1,36,0,,False,,19600,0,0,78500,Bachelor of Science,degree_flat,-75.0,36,,no_anchor,19600,published_divergent,none,,low,no rule or adjudication applies; default-trust=computed
2024,SCI,SB001STA01,BSc,Applied Statistics,regular,2,24,0,,False,,12670,0,0,77500,Bachelor of Science,degree_flat,-83.7,24,,no_anchor,12670,published_divergent,none,,low,no rule or adjudication applies; default-trust=computed
2024,SCI,SB001STA01,BSc,Applied Statistics,regular,3,72,0,,False,,38060,0,0,77500,Bachelor of Science,degree_flat,-50.9,72,,no_anchor,38060,published_divergent,none,,low,no rule or adjudication applies; default-trust=computed
2024,SCI,SB001STA02,BSc,Mathematical Statistics,regular,1,54,0,,False,,9800,0,1,78500,Bachelor of Science,degree_flat,-87.5,54,,no_anchor,9800,published_divergent,none,,low,no rule or adjudication applies; default-trust=computed
2024,SCI,SB001STA02,BSc,Mathematical Statistics,regular,2,48,0,,False,,25340,0,0,77500,Bachelor of Science,degree_flat,-67.3,48,,no_anchor,25340,published_divergent,none,,low,no rule or adjudication applies; default-trust=computed
2024,SCI,SB001STA02,BSc,Mathematical Statistics,regular,3,72,0,,False,,38060,0,0,77500,Bachelor of Science,degree_flat,-50.9,72,,no_anchor,38060,published_divergent,none,,low,no rule or adjudication applies; default-trust=computed
2024,SCI,SB001STA13,BSc,Statistics & Data Science,regular,1,72,0,,False,,38760,0,0,78500,Bachelor of Science,degree_flat,-50.6,72,,no_anchor,38760,published_divergent,none,,low,no rule or adjudication applies; default-trust=computed
2024,SCI,SB001STA13,BSc,Statistics & Data Science,regular,2,168,0,,False,,88980,0,0,77500,Bachelor of Science,degree_flat,14.8,168,,no_anchor,88980,published_divergent,none,,low,no rule or adjudication applies; default-trust=computed
2024,SCI,SB001STA13,BSc,Statistics & Data Science,regular,3,144,0,,False,,76120,0,0,77500,Bachelor of Science,degree_flat,-1.8,144,,no_anchor,76120,reconciled,none,,low,no rule or adjudication applies; default-trust=computed
2025,COM,CB001ACC03,BCom,Financial Accounting: Accounting with Law,regular,1,129,0,129,False,0,76430,0,0,76430,BCom specialising in Financial Accounting: Accounting with Law Stream,label_match,0.0,129,,consistent,76430,reconciled,none,,high,computed credits equal the stated total
2025,COM,CB001ACC03,BCom,Financial Accounting: Accounting with Law,regular,2,162,0,162,False,0,89890,0,0,89890,BCom specialising in Financial Accounting: Accounting with Law Stream,label_match,0.0,162,,consistent,89890,reconciled,none,,high,computed credits equal the stated total
2025,COM,CB001ACC03,BCom,Financial Accounting: Accounting with Law,regular,3,144,0,144,False,0,79730,0,0,79730,BCom specialising in Financial Accounting: Accounting with Law Stream,label_match,0.0,144,,consistent,79730,reconciled,none,,high,computed credits equal the stated total
2025,COM,CB001ACC04,BCom,Financial Accounting: Chartered Accountant,regular,1,159,0,159,False,0,91190,0,0,91190,Bachelor of Commerce specialising in Financial | Chartered Accounting Stream,label_match,0.0,159,,consistent,91190,reconciled,none,,high,computed credits equal the stated total
2025,COM,CB001ACC04,BCom,Financial Accounting: Chartered Accountant,regular,2,144,0,144,False,0,83090,0,0,83090,Bachelor of Commerce specialising in Financial | Chartered Accounting Stream,label_match,0.0,144,,consistent,83090,reconciled,none,,high,computed credits equal the stated total
2025,COM,CB001ACC04,BCom,Financial Accounting: Chartered Accountant,regular,3,174,0,174,False,0,121280,0,0,121280,Bachelor of Commerce specialising in Financial | Chartered Accounting Stream,label_match,0.0,174,,consistent,121280,reconciled,none,,high,computed credits equal the stated total
2025,COM,CB001ACC08,BCom,Financial Accounting: General Accounting,regular,1,159,0,159,False,0,91190,0,0,91190,Bachelor of Commerce specialising in Financial Accounting General Accounting Stream,label_match,0.0,159,,consistent,91190,reconciled,none,,high,computed credits equal the stated total
2025,COM,CB001ACC08,BCom,Financial Accounting: General Accounting,regular,2,126,0,126,False,0,72930,0,0,72930,Bachelor of Commerce specialising in Financial Accounting General Accounting Stream,label_match,0.0,126,,consistent,72930,reconciled,none,,high,computed credits equal the stated total
2025,COM,CB001ACC08,BCom,Financial Accounting: General Accounting,regular,3,168,0,168,False,0,110560,0,0,110560,Bachelor of Commerce specialising in Financial Accounting General Accounting Stream,label_match,0.0,168,,consistent,110560,reconciled,none,,high,computed credits equal the stated total
2025,COM,CB001BUS06,BCom,Management Studies,regular,1,150,0,150,False,0,88530,10370,0,89890,BCom in the field of Management Studies,label_match,-1.5,150,,consistent,88530,reconciled,none,,high,computed credits equal the stated total
2025,COM,CB001BUS06,BCom,Management Studies,regular,2,144,0,144,False,0,82340,41760,0,118700,BCom in the field of Management Studies,label_match,-30.6,144,,consistent,82340,published_divergent,none,,high,computed credits equal the stated total
2025,COM,CB001BUS06,BCom,Management Studies,regular,3,120,0,120,False,0,69600,69600,0,73080,BCom in the field of Management Studies,label_match,-4.8,120,,consistent,69600,reconciled,none,,high,computed credits equal the stated total
2025,COM,CB001ECO02,BCom,Economics and Finance,regular,1,132,0,132,False,0,78090,0,0,78090,BCom specialising in Economics & Finance,label_match,0.0,132,,consistent,78090,reconciled,none,,high,computed credits equal the stated total
2025,COM,CB001ECO02,BCom,Economics and Finance,regular,2,132,0,156,True,-24,75150,10440,0,64710,BCom specialising in Economics & Finance,label_match,16.1,132,,unresolved,75150,published_divergent,none,,low,no rule or adjudication applies; default-trust=computed
2025,COM,CB001ECO02,BCom,Economics and Finance,regular,3,144,0,144,True,0,83150,10350,0,83240,BCom specialising in Economics & Finance,label_match,-0.1,144,,consistent,83150,reconciled,none,,high,computed credits equal the stated total
2025,COM,CB001ECO03,BCom,Economics with Law,regular,1,132,0,132,False,0,78090,0,0,78090,BCom specialising in Economics with Law,label_match,0.0,132,,consistent,78090,reconciled,none,,high,computed credits equal the stated total
2025,COM,CB001ECO03,BCom,Economics with Law,regular,2,162,0,144,False,18,89970,10370,0,90040,BCom specialising in Economics with Law,label_match,-0.1,162,,unresolved,89970,reconciled,none,,low,no rule or adjudication applies; default-trust=computed
2025,COM,CB001ECO03,BCom,Economics with Law,regular,3,216,1,144,False,72,121640,0,1,90320,BCom specialising in Economics with Law,label_match,34.7,216,,unresolved,121640,published_divergent,none,,low,no rule or adjudication applies; default-trust=computed
2025,COM,CB001ECO04,BCom,Economics and Statistics,regular,1,132,0,132,False,0,78090,0,0,78020,BCom specialising in Economics & Statistics,label_match,0.1,132,,consistent,78090,reconciled,none,,high,computed credits equal the stated total
2025,COM,CB001ECO04,BCom,Economics and Statistics,regular,2,186,1,156,True,30,104660,0,1,77840,BCom specialising in Economics & Statistics,label_match,34.5,186,,unresolved,104660,published_divergent,none,,low,no rule or adjudication applies; default-trust=computed
2025,COM,CB001ECO04,BCom,Economics and Statistics,regular,3,252,0,144,True,108,143200,10440,0,82040,BCom specialising in Economics & Statistics,label_match,74.5,252,,consistent,143200,published_divergent,none,,high,computed credits equal the stated total
2025,COM,CB001INF01,BCom,Information Systems,regular,1,132,0,132,False,0,77330,0,0,88760,BCom specialising in Information Systems,label_match,-12.9,132,,consistent,77330,published_divergent,none,,high,computed credits equal the stated total
2025,COM,CB001INF01,BCom,Information Systems,regular,2,144,0,144,False,0,83550,10440,0,83250,BCom specialising in Information Systems,label_match,0.4,144,,consistent,83550,reconciled,none,,high,computed credits equal the stated total
2025,COM,CB001INF01,BCom,Information Systems,regular,3,156,0,156,False,0,93510,20880,0,93510,BCom specialising in Information Systems,label_match,0.0,156,,consistent,93510,reconciled,none,,high,computed credits equal the stated total
2025,COM,CB001INF06,BCom,Information Systems and Computer Science,regular,1,150,0,150,False,0,87930,0,0,99590,BCom specialising in Information Systems & Computer Science,label_match,-11.7,150,,consistent,87930,published_divergent,none,,high,computed credits equal the stated total
2025,COM,CB001INF06,BCom,Information Systems and Computer Science,regular,2,162,0,162,False,0,91251,0,0,91250,BCom specialising in Information Systems & Computer Science,label_match,0.0,162,,consistent,91251,reconciled,none,,high,computed credits equal the stated total
2025,COM,CB001INF06,BCom,Information Systems and Computer Science,regular,3,144,0,144,False,0,82040,0,0,82040,BCom specialising in Information Systems & Computer Science,label_match,0.0,144,,consistent,82040,reconciled,none,,high,computed credits equal the stated total
2025,COM,CB001INF11,BCom,Information Systems and Finance,regular,1,150,0,150,False,0,88530,0,0,99960,BCom specialising in Information Systems & Finance,label_match,-11.4,150,,consistent,88530,published_divergent,none,,high,computed credits equal the stated total
2025,COM,CB001INF11,BCom,Information Systems and Finance,regular,2,162,0,162,False,0,93160,0,0,93160,BCom specialising in Information Systems & Finance,label_match,0.0,162,,consistent,93160,reconciled,none,,high,computed credits equal the stated total
2025,COM,CB001INF11,BCom,Information Systems and Finance,regular,3,150,0,150,False,0,86210,0,0,86210,BCom specialising in Information Systems & Finance,label_match,0.0,150,,consistent,86210,reconciled,none,,high,computed credits equal the stated total
2025,COM,CB001PHI03,BCom,"Philosophy, Politics & Economics",regular,1,132,0,132,False,0,75230,0,0,76520,"BCom specialising in Philosophy, Politics & Economics",label_match,-1.7,132,,consistent,75230,reconciled,none,,high,computed credits equal the stated total
2025,COM,CB001PHI03,BCom,"Philosophy, Politics & Economics",regular,2,252,2,156,False,96,137050,0,2,86730,"BCom specialising in Philosophy, Politics & Economics",label_match,58.0,156,,resolved_manual,137050,published_divergent,R3,COM-2025-001,high,"The year table lists a module menu with no printed selection rule, so the row sum counts every offering; the stated total is the only authoritative signal of the intended load and is stable across editions. Computed fee is left as the sum of listed modules and will show as published_divergent until the menu rule is confirmed."
2025,COM,CB001PHI03,BCom,"Philosophy, Politics & Economics",regular,3,229,2,150,True,79,108720,14500,2,92080,"BCom specialising in Philosophy, Politics & Economics",label_match,18.1,229,,unresolved,108720,published_divergent,none,,low,no rule or adjudication applies; default-trust=computed
2025,COM,CB003BUS01,BBusSc,Actuarial Science,regular,1,180,0,180,False,0,103890,0,0,103890,Bachelor of Business Science BBusSc specialising in Actuarial Science,label_match,0.0,180,,consistent,103890,reconciled,none,,high,computed credits equal the stated total
2025,COM,CB003BUS01,BBusSc,Actuarial Science,regular,2,186,0,186,False,0,106500,0,0,106500,Bachelor of Business Science BBusSc specialising in Actuarial Science,label_match,0.0,186,,consistent,106500,reconciled,none,,high,computed credits equal the stated total
2025,COM,CB003BUS01,BBusSc,Actuarial Science,regular,3,180,0,180,False,0,104500,0,0,104500,Bachelor of Business Science BBusSc specialising in Actuarial Science,label_match,0.0,180,,consistent,104500,reconciled,none,,high,computed credits equal the stated total
2025,COM,CB003BUS01,BBusSc,Actuarial Science,regular,4,156,0,174,False,-18,79310,0,0,85980,Bachelor of Business Science BBusSc specialising in Actuarial Science,label_match,-7.8,156,,unresolved,79310,published_divergent,none,,low,no rule or adjudication applies; default-trust=computed
2025,COM,CB003BUS09,BBusSc,Actuarial Science: Quantitative Finance,regular,1,180,0,180,False,0,103890,0,0,103890,BBusSc specialising in Actuarial Science: Quantitative Finance Stream,label_match,0.0,180,,consistent,103890,reconciled,none,,high,computed credits equal the stated total
2025,COM,CB003BUS09,BBusSc,Actuarial Science: Quantitative Finance,regular,2,186,0,186,False,0,106500,0,0,106500,BBusSc specialising in Actuarial Science: Quantitative Finance Stream,label_match,0.0,186,,consistent,106500,reconciled,none,,high,computed credits equal the stated total
2025,COM,CB003BUS09,BBusSc,Actuarial Science: Quantitative Finance,regular,3,198,0,198,False,0,112380,0,0,112380,BBusSc specialising in Actuarial Science: Quantitative Finance Stream,label_match,0.0,198,,consistent,112380,reconciled,none,,high,computed credits equal the stated total
2025,COM,CB003BUS09,BBusSc,Actuarial Science: Quantitative Finance,regular,4,129,0,129,False,0,73260,0,0,73260,BBusSc specialising in Actuarial Science: Quantitative Finance Stream,label_match,0.0,129,,consistent,73260,reconciled,none,,high,computed credits equal the stated total
2025,COM,CB004BUS07,BBusSc,Marketing,regular,1,132,0,132,False,0,78230,0,0,79450,BBusSc specialising in Marketing,label_match,-1.5,132,,consistent,78230,reconciled,none,,high,computed credits equal the stated total
2025,COM,CB004BUS07,BBusSc,Marketing,regular,2,168,0,168,False,0,95750,0,0,95750,BBusSc specialising in Marketing,label_match,0.0,168,,consistent,95750,reconciled,none,,high,computed credits equal the stated total
2025,COM,CB004BUS07,BBusSc,Marketing,regular,3,198,0,180,False,18,103660,10440,0,93220,BBusSc specialising in Marketing,label_match,11.2,198,,unresolved,103660,published_divergent,none,,low,no rule or adjudication applies; default-trust=computed
2025,COM,CB004BUS07,BBusSc,Marketing,regular,4,162,0,162,False,0,92410,0,0,92410,BBusSc specialising in Marketing,label_match,0.0,162,,consistent,92410,reconciled,none,,high,computed credits equal the stated total
2025,COM,CB004BUS08,BBusSc,Organisational Psychology,regular,1,144,0,144,False,0,81380,0,0,82670,BBusSc specialising in Organisational Psychology,label_match,-1.6,144,,consistent,81380,reconciled,none,,high,computed credits equal the stated total
2025,COM,CB004BUS08,BBusSc,Organisational Psychology,regular,2,132,0,132,False,0,77400,0,0,77400,BBusSc specialising in Organisational Psychology,label_match,0.0,132,,consistent,77400,reconciled,none,,high,computed credits equal the stated total
2025,COM,CB004BUS08,BBusSc,Organisational Psychology,regular,3,162,0,162,False,0,90490,0,0,90490,BBusSc specialising in Organisational Psychology,label_match,0.0,162,,consistent,90490,reconciled,none,,high,computed credits equal the stated total
2025,COM,CB004BUS08,BBusSc,Organisational Psychology,regular,4,138,0,138,False,0,87370,0,0,87370,BBusSc specialising in Organisational Psychology,label_match,0.0,138,,consistent,87370,reconciled,none,,high,computed credits equal the stated total
2025,COM,CB004CSC05,BBusSc,Computer Science,regular,1,144,0,144,False,0,82710,0,0,51690,BBusSc specialising in Computer Science,label_match,60.0,144,,consistent,82710,published_divergent,none,,high,computed credits equal the stated total
2025,COM,CB004CSC05,BBusSc,Computer Science,regular,2,168,0,168,True,0,96471,0,0,96470,BBusSc specialising in Computer Science,label_match,0.0,168,,consistent,96471,reconciled,none,,high,computed credits equal the stated total
2025,COM,CB004CSC05,BBusSc,Computer Science,regular,3,144,0,144,False,0,82040,0,0,82040,BBusSc specialising in Computer Science,label_match,0.0,144,,consistent,82040,reconciled,none,,high,computed credits equal the stated total
2025,COM,CB004CSC05,BBusSc,Computer Science,regular,4,244,0,160,False,84,116030,0,0,77300,BBusSc specialising in Computer Science,label_match,50.1,160,,resolved_manual,116030,published_divergent,R3,COM-2025-002,high,"The year table lists a module menu with no printed selection rule, so the row sum counts every offering; the stated total is the only authoritative signal of the intended load and is stable across editions. Computed fee is left as the sum of listed modules and will show as published_divergent until the menu rule is confirmed."
2025,COM,CB004ECO01,BBusSc,Economics,regular,1,132,0,132,False,0,78090,0,0,78090,BBusSc specialising in Economics,label_match,0.0,132,,consistent,78090,reconciled,none,,high,computed credits equal the stated total
2025,COM,CB004ECO01,BBusSc,Economics,regular,2,156,0,156,False,0,88560,0,0,88560,BBusSc specialising in Economics,label_match,0.0,156,,consistent,88560,reconciled,none,,high,computed credits equal the stated total
2025,COM,CB004ECO01,BBusSc,Economics,regular,3,216,2,162,True,54,123520,10440,2,113820,BBusSc specialising in Economics,label_match,8.5,216,,unresolved,123520,published_divergent,none,,low,no rule or adjudication applies; default-trust=computed
2025,COM,CB004ECO01,BBusSc,Economics,regular,4,140,0,140,False,0,89170,0,0,89170,BBusSc specialising in Economics,label_match,0.0,140,,consistent,89170,reconciled,none,,high,computed credits equal the stated total
2025,COM,CB004ECO03,BBusSc,Economics with Law,regular,1,132,0,132,False,0,78090,0,0,78090,BBusSc specialising in Economics with Law,label_match,0.0,132,,consistent,78090,reconciled,none,,high,computed credits equal the stated total
2025,COM,CB004ECO03,BBusSc,Economics with Law,regular,2,168,0,168,False,0,93290,0,0,93290,BBusSc specialising in Economics with Law,label_match,0.0,168,,consistent,93290,reconciled,none,,high,computed credits equal the stated total
2025,COM,CB004ECO03,BBusSc,Economics with Law,regular,3,162,0,162,False,0,90040,10440,0,90040,BBusSc specialising in Economics with Law,label_match,0.0,162,,consistent,90040,reconciled,none,,high,computed credits equal the stated total
2025,COM,CB004ECO03,BBusSc,Economics with Law,regular,4,158,0,158,False,0,99610,0,0,99610,BBusSc specialising in Economics with Law,label_match,0.0,158,,consistent,99610,reconciled,none,,high,computed credits equal the stated total
2025,COM,CB004FTX04,BBusSc,Finance with Accounting,regular,1,159,0,159,False,0,92020,0,0,92020,BBusSc specialising in Finance with Accounting (CA Option),label_match,0.0,159,,consistent,92020,reconciled,none,,high,computed credits equal the stated total
2025,COM,CB004FTX04,BBusSc,Finance with Accounting,regular,2,180,0,180,False,0,103690,0,0,103690,BBusSc specialising in Finance with Accounting (CA Option),label_match,0.0,180,,consistent,103690,reconciled,none,,high,computed credits equal the stated total
2025,COM,CB004FTX04,BBusSc,Finance with Accounting,regular,3,170,0,170,False,0,103200,0,0,103200,BBusSc specialising in Finance with Accounting (CA Option),label_match,0.0,170,,consistent,103200,reconciled,none,,high,computed credits equal the stated total
2025,COM,CB004FTX04,BBusSc,Finance with Accounting,regular,4,166,0,166,False,0,104390,0,0,104390,BBusSc specialising in Finance with Accounting (CA Option),label_match,0.0,166,,consistent,104390,reconciled,none,,high,computed credits equal the stated total
2025,COM,CB004FTX05,BBusSc,"Finance, Investment and Banking",regular,1,150,0,150,False,0,88530,0,0,88530,BBusSc specialising in Finance (Non CA Option),label_match,0.0,150,,consistent,88530,reconciled,none,,high,computed credits equal the stated total
2025,COM,CB004FTX05,BBusSc,"Finance, Investment and Banking",regular,2,168,0,168,False,0,95750,0,0,95750,BBusSc specialising in Finance (Non CA Option),label_match,0.0,168,,consistent,95750,reconciled,none,,high,computed credits equal the stated total
2025,COM,CB004FTX05,BBusSc,"Finance, Investment and Banking",regular,3,162,0,162,False,0,93220,10440,0,82780,BBusSc specialising in Finance (Non CA Option),label_match,12.6,162,,consistent,93220,published_divergent,none,,high,computed credits equal the stated total
2025,COM,CB004FTX05,BBusSc,"Finance, Investment and Banking",regular,4,126,0,126,False,0,73370,0,0,73370,BBusSc specialising in Finance (Non CA Option),label_match,0.0,126,,consistent,73370,reconciled,none,,high,computed credits equal the stated total
2025,COM,CB004INF01,BBusSc,Information Systems,regular,1,150,0,168,False,-18,88530,0,0,88530,BBusSc specialising in Information Systems,label_match,0.0,150,,resolved_computed,88530,reconciled,R1a,R1a,high,"stated total exceeds the taken-course sum by exactly the credits of the non-taken alternatives (all choice groups, 18 cr) — the printed total double-counts choices"
2025,COM,CB004INF01,BBusSc,Information Systems,regular,2,150,0,150,False,0,85690,0,0,85690,BBusSc specialising in Information Systems,label_match,0.0,150,,consistent,85690,reconciled,none,,high,computed credits equal the stated total
2025,COM,CB004INF01,BBusSc,Information Systems,regular,3,156,0,156,False,0,93510,0,0,93510,BBusSc specialising in Information Systems,label_match,0.0,156,,consistent,93510,reconciled,none,,high,computed credits equal the stated total
2025,COM,CB004INF01,BBusSc,Information Systems,regular,4,158,0,158,False,0,85820,0,0,85820,BBusSc specialising in Information Systems,label_match,0.0,158,,consistent,85820,reconciled,none,,high,computed credits equal the stated total
2025,COM,CB004STA13,BBusSc,Statistics and Data Sciences,regular,1,168,0,168,False,0,98370,0,0,98370,BBusSc specialising in Analytics,label_match,0.0,168,,consistent,98370,reconciled,none,,high,computed credits equal the stated total
2025,COM,CB004STA13,BBusSc,Statistics and Data Sciences,regular,2,186,0,186,False,0,105280,0,0,105280,BBusSc specialising in Analytics,label_match,0.0,186,,consistent,105280,reconciled,none,,high,computed credits equal the stated total
2025,COM,CB004STA13,BBusSc,Statistics and Data Sciences,regular,3,210,0,198,True,12,118560,0,0,136500,BBusSc specialising in Analytics,label_match,-13.1,210,,consistent,118560,published_divergent,none,,high,computed credits equal the stated total
2025,COM,CB004STA13,BBusSc,Statistics and Data Sciences,regular,4,160,0,160,False,0,76220,0,0,76220,BBusSc specialising in Analytics,label_match,0.0,160,,consistent,76220,reconciled,none,,high,computed credits equal the stated total
2025,COM,CB011ACC04,BCom,Financial Accounting: Chartered Accountant,extended,1,125,0,125,False,0,71670,0,0,71670,Bachelor of Commerce Academic Development specialising in Financial Accounting Chartered Accounting Stream,ad_duration,0.0,125,,consistent,71670,reconciled,none,,high,computed credits equal the stated total
2025,COM,CB011ACC04,BCom,Financial Accounting: Chartered Accountant,extended,2,126,0,126,False,0,72860,0,0,72860,Bachelor of Commerce Academic Development specialising in Financial Accounting Chartered Accounting Stream,ad_duration,0.0,126,,consistent,72860,reconciled,none,,high,computed credits equal the stated total
2025,COM,CB011ACC04,BCom,Financial Accounting: Chartered Accountant,extended,3,152,0,152,False,0,89980,0,0,89980,Bachelor of Commerce Academic Development specialising in Financial Accounting Chartered Accounting Stream,ad_duration,0.0,152,,consistent,89980,reconciled,none,,high,computed credits equal the stated total
2025,COM,CB011ACC04,BCom,Financial Accounting: Chartered Accountant,extended,4,112,0,112,False,0,83070,0,0,83070,Bachelor of Commerce Academic Development specialising in Financial Accounting Chartered Accounting Stream,ad_duration,0.0,112,,consistent,83070,reconciled,none,,high,computed credits equal the stated total
2025,COM,CB011ACC08,BCom,Financial Accounting: General Accounting,extended,1,125,0,125,False,0,71670,0,0,71670,BCom Academic Development specialising in Financial Accounting General Accounting Stream,ad_duration,0.0,125,,consistent,71670,reconciled,none,,high,computed credits equal the stated total
2025,COM,CB011ACC08,BCom,Financial Accounting: General Accounting,extended,2,126,0,108,False,18,72860,0,0,72860,BCom Academic Development specialising in Financial Accounting General Accounting Stream,ad_duration,0.0,126,,unresolved,72860,reconciled,none,,low,no rule or adjudication applies; default-trust=computed
2025,COM,CB011ACC08,BCom,Financial Accounting: General Accounting,extended,3,122,0,122,False,0,72500,0,0,72500,BCom Academic Development specialising in Financial Accounting General Accounting Stream,ad_duration,0.0,122,,consistent,72500,reconciled,none,,high,computed credits equal the stated total
2025,COM,CB011ACC08,BCom,Financial Accounting: General Accounting,extended,4,82,0,100,False,-18,58940,0,0,58940,BCom Academic Development specialising in Financial Accounting General Accounting Stream,ad_duration,0.0,82,,unresolved,58940,reconciled,none,,low,no rule or adjudication applies; default-trust=computed
2025,COM,CB011BUS06,BCom,Management Studies,extended,1,98,0,98,False,0,58640,0,0,68780,BCom Academic Development specialising in Management Studies,ad_duration,-14.7,98,,consistent,58640,published_divergent,none,,high,computed credits equal the stated total
2025,COM,CB011BUS06,BCom,Management Studies,extended,2,90,0,108,False,-18,51160,10370,0,71210,BCom Academic Development specialising in Management Studies,ad_duration,-28.2,90,,resolved_computed,51160,published_divergent,R1a,R1a,high,"stated total exceeds the taken-course sum by exactly the credits of the non-taken alternatives (one choice group, 18 cr) — the printed total double-counts choices"
2025,COM,CB011BUS06,BCom,Management Studies,extended,3,108,0,108,False,0,62360,41760,0,77840,BCom Academic Development specialising in Management Studies,ad_duration,-19.9,108,,consistent,62360,published_divergent,none,,high,computed credits equal the stated total
2025,COM,CB011BUS06,BCom,Management Studies,extended,4,120,0,120,False,0,69600,69600,0,71600,BCom Academic Development specialising in Management Studies,ad_duration,-2.8,120,,consistent,69600,reconciled,none,,high,computed credits equal the stated total
2025,COM,CB011ECO02,BCom,Economics and Finance,extended,1,98,0,98,False,0,57740,0,0,57740,BCom Academic Development specialising in Economics & Finance,ad_duration,0.0,98,,consistent,57740,reconciled,none,,high,computed credits equal the stated total
2025,COM,CB011ECO02,BCom,Economics and Finance,extended,2,90,0,90,False,0,52060,0,0,52060,BCom Academic Development specialising in Economics & Finance,ad_duration,0.0,90,,consistent,52060,reconciled,none,,high,computed credits equal the stated total
2025,COM,CB011ECO02,BCom,Economics and Finance,extended,3,96,0,114,True,-18,54890,10440,0,65330,BCom Academic Development specialising in Economics & Finance,ad_duration,-16.0,96,,unresolved,54890,published_divergent,none,,low,no rule or adjudication applies; default-trust=computed
2025,COM,CB011ECO02,BCom,Economics and Finance,extended,4,198,1,126,True,72,114750,10350,1,73080,BCom Academic Development specialising in Economics & Finance,ad_duration,57.0,198,,unresolved,114750,published_divergent,none,,low,no rule or adjudication applies; default-trust=computed
2025,COM,CB011ECO03,BCom,Economics with Law,extended,1,98,0,98,False,0,58640,0,0,58640,BCom Academic Development specialising in Economics with Law,ad_duration,0.0,98,,consistent,58640,reconciled,none,,high,computed credits equal the stated total
2025,COM,CB011ECO03,BCom,Economics with Law,extended,2,126,0,126,True,0,72590,10370,0,72590,BCom Academic Development specialising in Economics with Law,ad_duration,0.0,126,,consistent,72590,reconciled,none,,high,computed credits equal the stated total
2025,COM,CB011ECO03,BCom,Economics with Law,extended,3,108,0,108,False,0,59000,0,0,69440,BCom Academic Development specialising in Economics with Law,ad_duration,-15.0,108,,consistent,59000,published_divergent,none,,high,computed credits equal the stated total
2025,COM,CB011ECO03,BCom,Economics with Law,extended,4,180,1,108,False,72,100760,0,1,59000,BCom Academic Development specialising in Economics with Law,ad_duration,70.8,180,,unresolved,100760,published_divergent,none,,low,no rule or adjudication applies; default-trust=computed
2025,COM,CB011ECO04,BCom,Economics and Statistics,extended,1,98,0,98,False,0,58640,0,0,58640,BCom Academic Development specialising in Economics & Statistics,ad_duration,0.0,98,,consistent,58640,reconciled,none,,high,computed credits equal the stated total
2025,COM,CB011ECO04,BCom,Economics and Statistics,extended,2,90,0,90,False,0,51160,0,0,51160,BCom Academic Development specialising in Economics & Statistics,ad_duration,0.0,90,,consistent,51160,reconciled,none,,high,computed credits equal the stated total
2025,COM,CB011ECO04,BCom,Economics and Statistics,extended,3,138,0,138,True,0,78740,20880,0,68300,BCom Academic Development specialising in Economics & Statistics,ad_duration,15.3,138,,consistent,78740,published_divergent,none,,high,computed credits equal the stated total
2025,COM,CB011ECO04,BCom,Economics and Statistics,extended,4,126,0,126,True,0,71600,10440,0,71600,BCom Academic Development specialising in Economics & Statistics,ad_duration,0.0,126,,consistent,71600,reconciled,none,,high,computed credits equal the stated total
2025,COM,CB011INF01,BCom,Information Systems,extended,1,134,0,134,False,0,78620,0,0,88760,BCom Academic Development specialising in Information Systems,ad_duration,-11.4,134,,consistent,78620,published_divergent,none,,high,computed credits equal the stated total
2025,COM,CB011INF01,BCom,Information Systems,extended,2,126,0,126,False,0,73110,0,0,73110,BCom Academic Development specialising in Information Systems,ad_duration,0.0,126,,consistent,73110,reconciled,none,,high,computed credits equal the stated total
2025,COM,CB011INF01,BCom,Information Systems,extended,3,102,0,102,False,0,62470,0,0,62470,BCom Academic Development specialising in Information Systems,ad_duration,0.0,102,,consistent,62470,reconciled,none,,high,computed credits equal the stated total
2025,COM,CB011INF01,BCom,Information Systems,extended,4,138,0,138,False,0,79760,59160,0,74940,BCom Academic Development specialising in Information Systems,ad_duration,6.4,138,,consistent,79760,published_divergent,none,,high,computed credits equal the stated total
2025,COM,CB011INF06,BCom,Information Systems and Computer Science,extended,1,98,0,110,False,-12,58340,0,0,68710,BCom Academic Development specialising in Information Systems & Computer Science,ad_duration,-15.1,98,,unresolved,58340,published_divergent,none,,low,no rule or adjudication applies; default-trust=computed
2025,COM,CB011INF06,BCom,Information Systems and Computer Science,extended,2,108,0,108,False,0,61020,0,0,71390,BCom Academic Development specialising in Information Systems & Computer Science,ad_duration,-14.5,108,,consistent,61020,published_divergent,none,,high,computed credits equal the stated total
2025,COM,CB011INF06,BCom,Information Systems and Computer Science,extended,3,108,0,108,False,0,61181,0,0,61181,BCom Academic Development specialising in Information Systems & Computer Science,ad_duration,0.0,108,,consistent,61181,reconciled,none,,high,computed credits equal the stated total
2025,COM,CB011INF06,BCom,Information Systems and Computer Science,extended,4,126,0,126,False,0,71600,0,0,71600,BCom Academic Development specialising in Information Systems & Computer Science,ad_duration,0.0,126,,consistent,71600,reconciled,none,,high,computed credits equal the stated total
2025,COM,CB011INF11,BCom,Information Systems and Finance,extended,1,116,0,128,False,-12,69080,0,0,69080,BCom Academic Development specialising in Information Systems & Finance,ad_duration,0.0,116,,unresolved,69080,reconciled,none,,low,no rule or adjudication applies; default-trust=computed
2025,COM,CB011INF11,BCom,Information Systems and Finance,extended,2,108,0,108,False,0,62670,0,0,62670,BCom Academic Development specialising in Information Systems & Finance,ad_duration,0.0,108,,consistent,62670,reconciled,none,,high,computed credits equal the stated total
2025,COM,CB011INF11,BCom,Information Systems and Finance,extended,3,126,0,126,False,0,73010,0,0,73010,BCom Academic Development specialising in Information Systems & Finance,ad_duration,0.0,126,,consistent,73010,reconciled,none,,high,computed credits equal the stated total
2025,COM,CB011INF11,BCom,Information Systems and Finance,extended,4,114,0,114,False,0,64430,0,0,64430,BCom Academic Development specialising in Information Systems & Finance,ad_duration,0.0,114,,consistent,64430,reconciled,none,,high,computed credits equal the stated total
2025,COM,CB011PHI03,BCom,"Philosophy, Politics & Economics",extended,1,110,0,110,False,0,60860,0,0,60860,"BCom Academic Development specialising in Philosophy, Politics & Economics",ad_duration,0.0,110,,consistent,60860,reconciled,none,,high,computed credits equal the stated total
2025,COM,CB011PHI03,BCom,"Philosophy, Politics & Economics",extended,2,114,0,114,False,0,66790,0,0,66790,"BCom Academic Development specialising in Philosophy, Politics & Economics",ad_duration,0.0,114,,consistent,66790,reconciled,none,,high,computed credits equal the stated total
2025,COM,CB011PHI03,BCom,"Philosophy, Politics & Economics",extended,3,198,1,102,False,96,106800,0,1,56480,"BCom Academic Development specialising in Philosophy, Politics & Economics",ad_duration,89.1,102,,resolved_manual,106800,published_divergent,R3,COM-2025-003,high,"The year table lists a module menu with no printed selection rule, so the row sum counts every offering; the stated total is the only authoritative signal of the intended load and is stable across editions. Computed fee is left as the sum of listed modules and will show as published_divergent until the menu rule is confirmed."
2025,COM,CB011PHI03,BCom,"Philosophy, Politics & Economics",extended,4,175,2,114,True,61,77400,4060,2,60760,"BCom Academic Development specialising in Philosophy, Politics & Economics",ad_duration,27.4,175,,unresolved,77400,published_divergent,none,,low,no rule or adjudication applies; default-trust=computed
2025,COM,CB015BUS07,BBusSc,Marketing,extended,1,116,0,116,False,0,68180,0,0,73400,BBusSc Academic Development specialising in Marketing,ad_duration,-7.1,116,,consistent,68180,published_divergent,none,,high,computed credits equal the stated total
2025,COM,CB015BUS07,BBusSc,Marketing,extended,2,114,0,114,False,0,65540,0,0,65540,BBusSc Academic Development specialising in Marketing,ad_duration,0.0,114,,consistent,65540,reconciled,none,,high,computed credits equal the stated total
2025,COM,CB015BUS07,BBusSc,Marketing,extended,3,108,0,108,False,0,62360,0,0,72800,BBusSc Academic Development specialising in Marketing,ad_duration,-14.3,108,,consistent,62360,published_divergent,none,,high,computed credits equal the stated total
2025,COM,CB015BUS07,BBusSc,Marketing,extended,4,162,0,144,False,18,82780,10440,0,82780,BBusSc Academic Development specialising in Marketing,ad_duration,0.0,162,,unresolved,82780,reconciled,none,,low,no rule or adjudication applies; default-trust=computed
2025,COM,CB015BUS07,BBusSc,Marketing,extended,5,162,0,162,False,0,92410,0,0,92410,BBusSc Academic Development specialising in Marketing,ad_duration,0.0,162,,consistent,92410,reconciled,none,,high,computed credits equal the stated total
2025,COM,CB015BUS08,BBusSc,Organisational Psychology,extended,1,128,0,146,False,-18,72300,0,0,72300,BBusSc Academic Development specialising in Organisational Psychology,ad_duration,0.0,128,,resolved_computed,72300,reconciled,R1a,R1a,high,"stated total exceeds the taken-course sum by exactly the credits of the non-taken alternatives (all choice groups, 18 cr) — the printed total double-counts choices"
2025,COM,CB015BUS08,BBusSc,Organisational Psychology,extended,2,102,0,102,False,0,59420,0,0,64640,BBusSc Academic Development specialising in Organisational Psychology,ad_duration,-8.1,102,,consistent,59420,published_divergent,none,,high,computed credits equal the stated total
2025,COM,CB015BUS08,BBusSc,Organisational Psychology,extended,3,144,0,126,False,18,83240,10440,0,72800,BBusSc Academic Development specialising in Organisational Psychology,ad_duration,14.3,144,,unresolved,83240,published_divergent,none,,low,no rule or adjudication applies; default-trust=computed
2025,COM,CB015BUS08,BBusSc,Organisational Psychology,extended,4,84,0,84,False,0,46040,0,0,46040,BBusSc Academic Development specialising in Organisational Psychology,ad_duration,0.0,84,,consistent,46040,reconciled,none,,high,computed credits equal the stated total
2025,COM,CB015BUS08,BBusSc,Organisational Psychology,extended,5,138,0,156,False,-18,87370,0,0,87370,BBusSc Academic Development specialising in Organisational Psychology,ad_duration,0.0,138,,unresolved,87370,reconciled,none,,low,no rule or adjudication applies; default-trust=computed
2025,COM,CB015CSC05,BBusSc,Computer Science,extended,1,110,0,110,False,0,62660,0,0,73030,BBusSc Academic Development specialising in Computer Science,ad_duration,-14.2,110,,consistent,62660,published_divergent,none,,high,computed credits equal the stated total
2025,COM,CB015CSC05,BBusSc,Computer Science,extended,2,114,0,114,False,0,67140,0,0,67140,BBusSc Academic Development specialising in Computer Science,ad_duration,0.0,114,,consistent,67140,reconciled,none,,high,computed credits equal the stated total
2025,COM,CB015CSC05,BBusSc,Computer Science,extended,3,126,0,126,False,0,71551,0,0,71551,BBusSc Academic Development specialising in Computer Science,ad_duration,0.0,126,,consistent,71551,reconciled,none,,high,computed credits equal the stated total
2025,COM,CB015CSC05,BBusSc,Computer Science,extended,4,108,0,108,False,0,61160,0,0,61160,BBusSc Academic Development specialising in Computer Science,ad_duration,0.0,108,,consistent,61160,reconciled,none,,high,computed credits equal the stated total
2025,COM,CB015CSC05,BBusSc,Computer Science,extended,5,244,0,160,False,84,116030,0,0,74110,BBusSc Academic Development specialising in Computer Science,ad_duration,56.6,160,,resolved_manual,116030,published_divergent,R3,COM-2025-004,high,"The year table lists a module menu with no printed selection rule, so the row sum counts every offering; the stated total is the only authoritative signal of the intended load and is stable across editions. Computed fee is left as the sum of listed modules and will show as published_divergent until the menu rule is confirmed."
2025,COM,CB015ECO01,BBusSc,Economics,extended,1,116,0,116,False,0,68180,0,0,73400,BBusSc Academic Development specialising in Economics,ad_duration,-7.1,116,,consistent,68180,published_divergent,none,,high,computed credits equal the stated total
2025,COM,CB015ECO01,BBusSc,Economics,extended,2,108,0,108,False,0,62500,0,0,62430,BBusSc Academic Development specialising in Economics,ad_duration,0.1,108,,consistent,62500,reconciled,none,,high,computed credits equal the stated total
2025,COM,CB015ECO01,BBusSc,Economics,extended,3,138,0,138,False,0,78740,10440,0,98880,BBusSc Academic Development specialising in Economics,ad_duration,-20.4,138,,consistent,78740,published_divergent,none,,high,computed credits equal the stated total
2025,COM,CB015ECO01,BBusSc,Economics,extended,4,144,2,90,False,54,82040,0,2,82040,BBusSc Academic Development specialising in Economics,ad_duration,0.0,144,,unresolved,82040,reconciled,none,,low,no rule or adjudication applies; default-trust=computed
2025,COM,CB015ECO01,BBusSc,Economics,extended,5,140,0,140,False,0,89170,0,0,89170,BBusSc Academic Development specialising in Economics,ad_duration,0.0,140,,consistent,89170,reconciled,none,,high,computed credits equal the stated total
2025,COM,CB015ECO03,BBusSc,Economics with Law,extended,1,98,0,98,False,0,58640,0,0,58640,BBusSc Academic Development specialising in Economics with Law,ad_duration,0.0,98,,consistent,58640,reconciled,none,,high,computed credits equal the stated total
2025,COM,CB015ECO03,BBusSc,Economics with Law,extended,2,108,0,108,False,0,62220,0,0,62220,BBusSc Academic Development specialising in Economics with Law,ad_duration,0.0,108,,consistent,62220,reconciled,none,,high,computed credits equal the stated total
2025,COM,CB015ECO03,BBusSc,Economics with Law,extended,3,132,0,114,False,18,72410,0,0,72410,BBusSc Academic Development specialising in Economics with Law,ad_duration,0.0,132,,unresolved,72410,reconciled,none,,low,no rule or adjudication applies; default-trust=computed
2025,COM,CB015ECO03,BBusSc,Economics with Law,extended,4,144,0,144,False,0,79880,10440,0,79780,BBusSc Academic Development specialising in Economics with Law,ad_duration,0.1,144,,consistent,79880,reconciled,none,,high,computed credits equal the stated total
2025,COM,CB015ECO03,BBusSc,Economics with Law,extended,5,140,0,158,False,-18,89170,0,0,89170,BBusSc Academic Development specialising in Economics with Law,ad_duration,0.0,140,,unresolved,89170,reconciled,none,,low,no rule or adjudication applies; default-trust=computed
2025,COM,CB015FTX04,BBusSc,Finance with Accounting,extended,1,125,0,125,False,0,71670,0,0,62960,BBusSc Academic Development specialising in Finance with Accounting,ad_duration,13.8,125,,consistent,71670,published_divergent,none,,high,computed credits equal the stated total
2025,COM,CB015FTX04,BBusSc,Finance with Accounting,extended,2,138,0,138,False,0,80600,0,0,80600,BBusSc Academic Development specialising in Finance with Accounting,ad_duration,0.0,138,,consistent,80600,reconciled,none,,high,computed credits equal the stated total
2025,COM,CB015FTX04,BBusSc,Finance with Accounting,extended,3,150,0,150,False,0,86340,0,0,86340,BBusSc Academic Development specialising in Finance with Accounting,ad_duration,0.0,150,,consistent,86340,reconciled,none,,high,computed credits equal the stated total
2025,COM,CB015FTX04,BBusSc,Finance with Accounting,extended,4,160,0,160,False,0,103050,0,0,103050,BBusSc Academic Development specialising in Finance with Accounting,ad_duration,0.0,160,,consistent,103050,reconciled,none,,high,computed credits equal the stated total
2025,COM,CB015FTX04,BBusSc,Finance with Accounting,extended,5,140,0,160,False,-20,83660,0,0,83660,BBusSc Academic Development specialising in Finance with Accounting,ad_duration,0.0,140,,unresolved,83660,reconciled,none,,low,no rule or adjudication applies; default-trust=computed
2025,COM,CB015FTX05,BBusSc,"Finance, Investment and Banking",extended,1,116,0,116,False,0,69080,0,0,69080,BBusSc Academic Development specialising in Finance,ad_duration,0.0,116,,consistent,69080,reconciled,none,,high,computed credits equal the stated total
2025,COM,CB015FTX05,BBusSc,"Finance, Investment and Banking",extended,2,126,0,126,False,0,72040,0,0,72040,BBusSc Academic Development specialising in Finance,ad_duration,0.0,126,,consistent,72040,reconciled,none,,high,computed credits equal the stated total
2025,COM,CB015FTX05,BBusSc,"Finance, Investment and Banking",extended,3,96,0,96,False,0,54890,10440,0,54890,BBusSc Academic Development specialising in Finance,ad_duration,0.0,96,,consistent,54890,reconciled,none,,high,computed credits equal the stated total
2025,COM,CB015FTX05,BBusSc,"Finance, Investment and Banking",extended,4,144,0,144,False,0,82780,0,0,74790,BBusSc Academic Development specialising in Finance,ad_duration,10.7,144,,consistent,82780,published_divergent,none,,high,computed credits equal the stated total
2025,COM,CB015FTX05,BBusSc,"Finance, Investment and Banking",extended,5,126,0,126,False,0,73370,0,0,73370,BBusSc Academic Development specialising in Finance,ad_duration,0.0,126,,consistent,73370,reconciled,none,,high,computed credits equal the stated total
2025,COM,CB015INF01,BBusSc,Information Systems,extended,1,92,0,92,False,0,53420,0,0,53120,BBusSc Academic Development specialising in Information Systems,ad_duration,0.6,92,,consistent,53420,reconciled,none,,high,computed credits equal the stated total
2025,COM,CB015INF01,BBusSc,Information Systems,extended,2,96,0,114,False,-18,57280,0,0,66820,BBusSc Academic Development specialising in Information Systems,ad_duration,-14.3,96,,resolved_computed,57280,published_divergent,R1a,R1a,high,"stated total exceeds the taken-course sum by exactly the credits of the non-taken alternatives (all choice groups, 18 cr) — the printed total double-counts choices"
2025,COM,CB015INF01,BBusSc,Information Systems,extended,3,114,0,114,False,0,65430,0,0,65430,BBusSc Academic Development specialising in Information Systems,ad_duration,0.0,114,,consistent,65430,reconciled,none,,high,computed credits equal the stated total
2025,COM,CB015INF01,BBusSc,Information Systems,extended,4,90,0,138,False,-48,52200,0,0,83350,BBusSc Academic Development specialising in Information Systems,ad_duration,-37.4,90,,resolved_computed,52200,published_divergent,R1a,R1a,high,"stated total exceeds the taken-course sum by exactly the credits of the non-taken alternatives (all choice groups, 48 cr) — the printed total double-counts choices"
2025,COM,CB015INF01,BBusSc,Information Systems,extended,5,158,0,176,False,-18,85820,0,0,85820,BBusSc Academic Development specialising in Information Systems,ad_duration,0.0,158,,unresolved,85820,reconciled,none,,low,no rule or adjudication applies; default-trust=computed
2025,COM,CB015STA13,BBusSc,Statistics and Data Sciences,extended,1,134,0,134,False,0,78320,0,0,78320,BBusSc Academic Development specialising in Analytics,ad_duration,0.0,134,,consistent,78320,reconciled,none,,high,computed credits equal the stated total
2025,COM,CB015STA13,BBusSc,Statistics and Data Sciences,extended,2,72,0,72,False,0,41320,0,0,41320,BBusSc Academic Development specialising in Analytics,ad_duration,0.0,72,,consistent,41320,reconciled,none,,high,computed credits equal the stated total
2025,COM,CB015STA13,BBusSc,Statistics and Data Sciences,extended,3,168,0,168,False,0,95740,0,0,88880,BBusSc Academic Development specialising in Analytics,ad_duration,7.7,168,,consistent,95740,published_divergent,none,,high,computed credits equal the stated total
2025,COM,CB015STA13,BBusSc,Statistics and Data Sciences,extended,4,228,0,180,True,48,128260,0,0,149140,BBusSc Academic Development specialising in Analytics,ad_duration,-14.0,228,,consistent,128260,published_divergent,none,,high,computed credits equal the stated total
2025,COM,CB015STA13,BBusSc,Statistics and Data Sciences,extended,5,160,0,160,False,0,76220,0,0,76220,BBusSc Academic Development specialising in Analytics,ad_duration,0.0,160,,consistent,76220,reconciled,none,,high,computed credits equal the stated total
2025,COM,CB018BUS01,BBusSc,Actuarial Science,extended,1,110,0,110,False,0,63560,0,0,,,unmatched,,110,,consistent,63560,no_published,none,,high,computed credits equal the stated total
2025,COM,CB018BUS01,BBusSc,Actuarial Science,extended,2,108,0,108,False,0,62500,0,0,,,unmatched,,108,,consistent,62500,no_published,none,,high,computed credits equal the stated total
2025,COM,CB018BUS01,BBusSc,Actuarial Science,extended,3,150,0,150,False,0,85620,0,0,,,unmatched,,150,,consistent,85620,no_published,none,,high,computed credits equal the stated total
2025,COM,CB018BUS01,BBusSc,Actuarial Science,extended,4,180,0,180,False,0,104500,0,0,,,unmatched,,180,,consistent,104500,no_published,none,,high,computed credits equal the stated total
2025,COM,CB018BUS01,BBusSc,Actuarial Science,extended,5,156,0,156,False,0,79310,0,0,,,unmatched,,156,,consistent,79310,no_published,none,,high,computed credits equal the stated total
2025,COM,CB018BUS09,BBusSc,Actuarial Science: Quantitative Finance,extended,1,110,0,110,False,0,63560,0,0,,,unmatched,,110,,consistent,63560,no_published,none,,high,computed credits equal the stated total
2025,COM,CB018BUS09,BBusSc,Actuarial Science: Quantitative Finance,extended,2,108,0,108,False,0,62500,0,0,,,unmatched,,108,,consistent,62500,no_published,none,,high,computed credits equal the stated total
2025,COM,CB018BUS09,BBusSc,Actuarial Science: Quantitative Finance,extended,3,150,0,150,False,0,85620,0,0,,,unmatched,,150,,consistent,85620,no_published,none,,high,computed credits equal the stated total
2025,COM,CB018BUS09,BBusSc,Actuarial Science: Quantitative Finance,extended,4,198,0,198,False,0,112380,0,0,,,unmatched,,198,,consistent,112380,no_published,none,,high,computed credits equal the stated total
2025,COM,CB018BUS09,BBusSc,Actuarial Science: Quantitative Finance,extended,5,129,0,129,False,0,73260,0,0,,,unmatched,,129,,consistent,73260,no_published,none,,high,computed credits equal the stated total
2025,COM,CB019BUS01,BCom,Actuarial Science,regular,1,180,0,180,False,0,103890,0,0,103890,BCom specialising in Actuarial Science,label_match,0.0,180,,consistent,103890,reconciled,none,,high,computed credits equal the stated total
2025,COM,CB019BUS01,BCom,Actuarial Science,regular,2,186,0,186,False,0,106500,0,0,106500,BCom specialising in Actuarial Science,label_match,0.0,186,,consistent,106500,reconciled,none,,high,computed credits equal the stated total
2025,COM,CB019BUS01,BCom,Actuarial Science,regular,3,162,0,162,False,0,94060,0,0,94060,BCom specialising in Actuarial Science,label_match,0.0,162,,consistent,94060,reconciled,none,,high,computed credits equal the stated total
2025,COM,CB019BUS09,BCom,Actuarial Science: Quantitative Finance,regular,1,180,0,180,False,0,103890,0,0,103890,BCom specialising in Actuarial Science Quantitative Finance Stream,label_match,0.0,180,,consistent,103890,reconciled,none,,high,computed credits equal the stated total
2025,COM,CB019BUS09,BCom,Actuarial Science: Quantitative Finance,regular,2,186,0,186,False,0,106500,0,0,106500,BCom specialising in Actuarial Science Quantitative Finance Stream,label_match,0.0,186,,consistent,106500,reconciled,none,,high,computed credits equal the stated total
2025,COM,CB019BUS09,BCom,Actuarial Science: Quantitative Finance,regular,3,180,0,180,False,0,101940,0,0,101940,BCom specialising in Actuarial Science Quantitative Finance Stream,label_match,0.0,180,,consistent,101940,reconciled,none,,high,computed credits equal the stated total
2025,COM,CB020BUS01,BCom,Actuarial Science,extended,1,110,0,110,False,0,63560,0,0,63560,BCom Academic Development specialising in Actuarial Science,ad_duration,0.0,110,,consistent,63560,reconciled,none,,high,computed credits equal the stated total
2025,COM,CB020BUS01,BCom,Actuarial Science,extended,2,108,0,108,False,0,62500,0,0,62500,BCom Academic Development specialising in Actuarial Science,ad_duration,0.0,108,,consistent,62500,reconciled,none,,high,computed credits equal the stated total
2025,COM,CB020BUS01,BCom,Actuarial Science,extended,3,150,0,150,False,0,85620,0,0,85620,BCom Academic Development specialising in Actuarial Science,ad_duration,0.0,150,,consistent,85620,reconciled,none,,high,computed credits equal the stated total
2025,COM,CB020BUS01,BCom,Actuarial Science,extended,4,162,0,162,False,0,94060,0,0,94060,BCom Academic Development specialising in Actuarial Science,ad_duration,0.0,162,,consistent,94060,reconciled,none,,high,computed credits equal the stated total
2025,COM,CB020BUS09,BCom,Actuarial Science: Quantitative Finance,extended,1,110,0,110,False,0,63560,0,0,63560,BCom Academic Development specialising in Actuarial Science Quantitative Finance Stream,ad_duration,0.0,110,,consistent,63560,reconciled,none,,high,computed credits equal the stated total
2025,COM,CB020BUS09,BCom,Actuarial Science: Quantitative Finance,extended,2,126,0,126,False,0,72040,0,0,72040,BCom Academic Development specialising in Actuarial Science Quantitative Finance Stream,ad_duration,0.0,126,,consistent,72040,reconciled,none,,high,computed credits equal the stated total
2025,COM,CB020BUS09,BCom,Actuarial Science: Quantitative Finance,extended,3,132,0,132,False,0,76080,0,0,76080,BCom Academic Development specialising in Actuarial Science Quantitative Finance Stream,ad_duration,0.0,132,,consistent,76080,reconciled,none,,high,computed credits equal the stated total
2025,COM,CB020BUS09,BCom,Actuarial Science: Quantitative Finance,extended,4,180,0,180,False,0,101940,0,0,101940,BCom Academic Development specialising in Actuarial Science Quantitative Finance Stream,ad_duration,0.0,180,,consistent,101940,reconciled,none,,high,computed credits equal the stated total
2025,COM,CB023ACC04,BCom,Financial Accounting: Chartered Accountant,augmented,1,161,0,161,False,0,92480,0,0,,,unmatched,,161,,consistent,92480,no_published,none,,high,computed credits equal the stated total
2025,COM,CB023ACC04,BCom,Financial Accounting: Chartered Accountant,augmented,2,144,0,144,False,0,83090,0,0,,,unmatched,,144,,consistent,83090,no_published,none,,high,computed credits equal the stated total
2025,COM,CB023ACC04,BCom,Financial Accounting: Chartered Accountant,augmented,3,174,0,174,False,0,121280,0,0,,,unmatched,,174,,consistent,121280,no_published,none,,high,computed credits equal the stated total
2025,COM,CB023ACC08,BCom,Financial Accounting: General Accounting,augmented,1,161,0,161,False,0,92480,0,0,,,unmatched,,161,,consistent,92480,no_published,none,,high,computed credits equal the stated total
2025,COM,CB023ACC08,BCom,Financial Accounting: General Accounting,augmented,2,126,0,126,False,0,72930,0,0,,,unmatched,,126,,consistent,72930,no_published,none,,high,computed credits equal the stated total
2025,COM,CB023ACC08,BCom,Financial Accounting: General Accounting,augmented,3,168,0,168,False,0,110560,0,0,,,unmatched,,168,,consistent,110560,no_published,none,,high,computed credits equal the stated total
2025,COM,CB023BUS06,BCom,Management Studies,augmented,1,152,0,152,False,0,79450,0,1,,,unmatched,,152,,consistent,79450,no_published,none,,high,computed credits equal the stated total
2025,COM,CB023BUS06,BCom,Management Studies,augmented,2,144,0,144,False,0,82340,41760,0,,,unmatched,,144,,consistent,82340,no_published,none,,high,computed credits equal the stated total
2025,COM,CB023BUS06,BCom,Management Studies,augmented,3,120,0,120,False,0,69600,69600,0,,,unmatched,,120,,consistent,69600,no_published,none,,high,computed credits equal the stated total
2025,COM,CB023ECO02,BCom,Economics and Finance,augmented,1,134,0,134,False,0,79380,0,0,,,unmatched,,134,,consistent,79380,no_published,none,,high,computed credits equal the stated total
2025,COM,CB023ECO02,BCom,Economics and Finance,augmented,2,132,0,150,True,-18,75150,10440,0,,,unmatched,,132,,unresolved,75150,no_published,none,,low,no rule or adjudication applies; default-trust=computed
2025,COM,CB023ECO02,BCom,Economics and Finance,augmented,3,216,1,144,True,72,124910,10350,1,,,unmatched,,216,,unresolved,124910,no_published,none,,low,no rule or adjudication applies; default-trust=computed
2025,COM,CB023ECO03,BCom,Economics with Law,augmented,1,134,0,134,False,0,79380,0,0,,,unmatched,,134,,consistent,79380,no_published,none,,high,computed credits equal the stated total
2025,COM,CB023ECO03,BCom,Economics with Law,augmented,2,162,0,162,True,0,89970,10370,0,,,unmatched,,162,,consistent,89970,no_published,none,,high,computed credits equal the stated total
2025,COM,CB023ECO03,BCom,Economics with Law,augmented,3,216,1,144,False,72,121640,0,1,,,unmatched,,216,,unresolved,121640,no_published,none,,low,no rule or adjudication applies; default-trust=computed
2025,COM,CB023ECO04,BCom,Economics and Statistics,augmented,1,134,0,134,False,0,79380,0,0,,,unmatched,,134,,consistent,79380,no_published,none,,high,computed credits equal the stated total
2025,COM,CB023ECO04,BCom,Economics and Statistics,augmented,2,186,1,156,True,30,104660,0,1,,,unmatched,,186,,unresolved,104660,no_published,none,,low,no rule or adjudication applies; default-trust=computed
2025,COM,CB023ECO04,BCom,Economics and Statistics,augmented,3,234,0,144,False,90,132760,0,0,,,unmatched,,144,,resolved_manual,132760,no_published,R3,COM-2025-005,high,"The year table lists a module menu with no printed selection rule, so the row sum counts every offering; the stated total is the only authoritative signal of the intended load and is stable across editions. Computed fee is left as the sum of listed modules and will show as published_divergent until the menu rule is confirmed."
2025,COM,CB023INF01,BCom,Information Systems,augmented,1,134,0,134,False,0,78620,0,0,,,unmatched,,134,,consistent,78620,no_published,none,,high,computed credits equal the stated total
2025,COM,CB023INF01,BCom,Information Systems,augmented,2,144,0,144,False,0,83550,10440,0,,,unmatched,,144,,consistent,83550,no_published,none,,high,computed credits equal the stated total
2025,COM,CB023INF01,BCom,Information Systems,augmented,3,156,0,156,False,0,93510,20880,0,,,unmatched,,156,,consistent,93510,no_published,none,,high,computed credits equal the stated total
2025,COM,CB023INF06,BCom,Information Systems and Computer Science,augmented,1,152,0,134,False,18,89220,0,0,,,unmatched,,152,,unresolved,89220,no_published,none,,low,no rule or adjudication applies; default-trust=computed
2025,COM,CB023INF06,BCom,Information Systems and Computer Science,augmented,2,162,0,162,False,0,91251,0,0,,,unmatched,,162,,consistent,91251,no_published,none,,high,computed credits equal the stated total
2025,COM,CB023INF06,BCom,Information Systems and Computer Science,augmented,3,144,0,144,False,0,82040,0,0,,,unmatched,,144,,consistent,82040,no_published,none,,high,computed credits equal the stated total
2025,COM,CB023INF11,BCom,Information Systems and Finance,augmented,1,152,0,152,False,0,89820,0,0,,,unmatched,,152,,consistent,89820,no_published,none,,high,computed credits equal the stated total
2025,COM,CB023INF11,BCom,Information Systems and Finance,augmented,2,162,0,162,False,0,93160,0,0,,,unmatched,,162,,consistent,93160,no_published,none,,high,computed credits equal the stated total
2025,COM,CB023INF11,BCom,Information Systems and Finance,augmented,3,150,0,150,False,0,86210,0,0,,,unmatched,,150,,consistent,86210,no_published,none,,high,computed credits equal the stated total
2025,COM,CB023PHI03,BCom,"Philosophy, Politics & Economics",augmented,1,134,0,134,False,0,76520,0,0,,,unmatched,,134,,consistent,76520,no_published,none,,high,computed credits equal the stated total
2025,COM,CB023PHI03,BCom,"Philosophy, Politics & Economics",augmented,2,252,2,147,False,105,137050,0,2,,,unmatched,,147,,resolved_manual,137050,no_published,R3,COM-2025-006,high,"The year table lists a module menu with no printed selection rule, so the row sum counts every offering; the stated total is the only authoritative signal of the intended load and is stable across editions. Computed fee is left as the sum of listed modules and will show as published_divergent until the menu rule is confirmed."
2025,COM,CB023PHI03,BCom,"Philosophy, Politics & Economics",augmented,3,229,2,150,True,79,108720,14500,2,,,unmatched,,229,,unresolved,108720,no_published,none,,low,no rule or adjudication applies; default-trust=computed
2025,COM,CB024BUS07,BBusSc,Marketing,augmented,1,134,0,134,False,0,79450,0,0,,,unmatched,,134,,consistent,79450,no_published,none,,high,computed credits equal the stated total
2025,COM,CB024BUS07,BBusSc,Marketing,augmented,2,168,0,168,False,0,95750,0,0,,,unmatched,,168,,consistent,95750,no_published,none,,high,computed credits equal the stated total
2025,COM,CB024BUS07,BBusSc,Marketing,augmented,3,198,0,180,False,18,103660,10440,0,,,unmatched,,198,,unresolved,103660,no_published,none,,low,no rule or adjudication applies; default-trust=computed
2025,COM,CB024BUS07,BBusSc,Marketing,augmented,4,162,0,162,False,0,92410,0,0,,,unmatched,,162,,consistent,92410,no_published,none,,high,computed credits equal the stated total
2025,COM,CB024BUS08,BBusSc,Organisational Psychology,augmented,1,146,0,146,False,0,82670,0,0,,,unmatched,,146,,consistent,82670,no_published,none,,high,computed credits equal the stated total
2025,COM,CB024BUS08,BBusSc,Organisational Psychology,augmented,2,132,0,132,False,0,77400,0,0,,,unmatched,,132,,consistent,77400,no_published,none,,high,computed credits equal the stated total
2025,COM,CB024BUS08,BBusSc,Organisational Psychology,augmented,3,180,0,162,False,18,100930,10440,0,,,unmatched,,180,,unresolved,100930,no_published,none,,low,no rule or adjudication applies; default-trust=computed
2025,COM,CB024BUS08,BBusSc,Organisational Psychology,augmented,4,138,0,138,False,0,87370,0,0,,,unmatched,,138,,consistent,87370,no_published,none,,high,computed credits equal the stated total
2025,COM,CB024CSC05,BBusSc,Computer Science,augmented,1,146,0,146,False,0,84000,0,0,,,unmatched,,146,,consistent,84000,no_published,none,,high,computed credits equal the stated total
2025,COM,CB024CSC05,BBusSc,Computer Science,augmented,2,168,0,168,True,0,96471,0,0,,,unmatched,,168,,consistent,96471,no_published,none,,high,computed credits equal the stated total
2025,COM,CB024CSC05,BBusSc,Computer Science,augmented,3,144,0,144,False,0,82040,0,0,,,unmatched,,144,,consistent,82040,no_published,none,,high,computed credits equal the stated total
2025,COM,CB024CSC05,BBusSc,Computer Science,augmented,4,244,0,160,False,84,116030,0,0,,,unmatched,,160,,resolved_manual,116030,no_published,R3,COM-2025-007,high,"The year table lists a module menu with no printed selection rule, so the row sum counts every offering; the stated total is the only authoritative signal of the intended load and is stable across editions. Computed fee is left as the sum of listed modules and will show as published_divergent until the menu rule is confirmed."
2025,COM,CB024ECO01,BBusSc,Economics,augmented,1,134,0,134,False,0,79380,0,0,,,unmatched,,134,,consistent,79380,no_published,none,,high,computed credits equal the stated total
2025,COM,CB024ECO01,BBusSc,Economics,augmented,2,156,0,156,True,0,88560,0,0,,,unmatched,,156,,consistent,88560,no_published,none,,high,computed credits equal the stated total
2025,COM,CB024ECO01,BBusSc,Economics,augmented,3,216,2,162,True,54,123520,10440,2,,,unmatched,,216,,unresolved,123520,no_published,none,,low,no rule or adjudication applies; default-trust=computed
2025,COM,CB024ECO01,BBusSc,Economics,augmented,4,140,0,140,False,0,89170,0,0,,,unmatched,,140,,consistent,89170,no_published,none,,high,computed credits equal the stated total
2025,COM,CB024ECO03,BBusSc,Economics with Law,augmented,1,134,0,134,False,0,79380,0,0,,,unmatched,,134,,consistent,79380,no_published,none,,high,computed credits equal the stated total
2025,COM,CB024ECO03,BBusSc,Economics with Law,augmented,2,168,0,168,False,0,93290,0,0,,,unmatched,,168,,consistent,93290,no_published,none,,high,computed credits equal the stated total
2025,COM,CB024ECO03,BBusSc,Economics with Law,augmented,3,162,0,162,False,0,90040,10440,0,,,unmatched,,162,,consistent,90040,no_published,none,,high,computed credits equal the stated total
2025,COM,CB024ECO03,BBusSc,Economics with Law,augmented,4,158,0,158,False,0,99610,0,0,,,unmatched,,158,,consistent,99610,no_published,none,,high,computed credits equal the stated total
2025,COM,CB024FTX04,BBusSc,Finance with Accounting,augmented,1,161,0,161,False,0,93310,0,0,,,unmatched,,161,,consistent,93310,no_published,none,,high,computed credits equal the stated total
2025,COM,CB024FTX04,BBusSc,Finance with Accounting,augmented,2,180,0,180,False,0,103690,0,0,,,unmatched,,180,,consistent,103690,no_published,none,,high,computed credits equal the stated total
2025,COM,CB024FTX04,BBusSc,Finance with Accounting,augmented,3,170,0,170,False,0,103200,0,0,,,unmatched,,170,,consistent,103200,no_published,none,,high,computed credits equal the stated total
2025,COM,CB024FTX04,BBusSc,Finance with Accounting,augmented,4,166,0,166,False,0,104390,0,0,,,unmatched,,166,,consistent,104390,no_published,none,,high,computed credits equal the stated total
2025,COM,CB024FTX05,BBusSc,"Finance, Investment and Banking",augmented,1,152,0,152,False,0,89820,0,0,,,unmatched,,152,,consistent,89820,no_published,none,,high,computed credits equal the stated total
2025,COM,CB024FTX05,BBusSc,"Finance, Investment and Banking",augmented,2,168,0,168,False,0,95750,0,0,,,unmatched,,168,,consistent,95750,no_published,none,,high,computed credits equal the stated total
2025,COM,CB024FTX05,BBusSc,"Finance, Investment and Banking",augmented,3,144,0,162,False,-18,82780,0,0,,,unmatched,,144,,unresolved,82780,no_published,none,,low,no rule or adjudication applies; default-trust=computed
2025,COM,CB024FTX05,BBusSc,"Finance, Investment and Banking",augmented,4,126,0,108,False,18,73370,0,0,,,unmatched,,126,,unresolved,73370,no_published,none,,low,no rule or adjudication applies; default-trust=computed
2025,COM,CB024INF01,BBusSc,Information Systems,augmented,1,152,0,168,False,-16,89820,0,0,,,unmatched,,152,,unresolved,89820,no_published,none,,low,no rule or adjudication applies; default-trust=computed
2025,COM,CB024INF01,BBusSc,Information Systems,augmented,2,150,0,150,False,0,85690,0,0,,,unmatched,,150,,consistent,85690,no_published,none,,high,computed credits equal the stated total
2025,COM,CB024INF01,BBusSc,Information Systems,augmented,3,156,0,156,False,0,93510,0,0,,,unmatched,,156,,consistent,93510,no_published,none,,high,computed credits equal the stated total
2025,COM,CB024INF01,BBusSc,Information Systems,augmented,4,176,0,176,False,0,85820,0,0,,,unmatched,,176,,consistent,85820,no_published,none,,high,computed credits equal the stated total
2025,COM,CB024STA13,BBusSc,Statistics and Data Sciences,augmented,1,170,0,170,False,0,99660,0,0,,,unmatched,,170,,consistent,99660,no_published,none,,high,computed credits equal the stated total
2025,COM,CB024STA13,BBusSc,Statistics and Data Sciences,augmented,2,186,0,186,False,0,105280,0,0,,,unmatched,,186,,consistent,105280,no_published,none,,high,computed credits equal the stated total
2025,COM,CB024STA13,BBusSc,Statistics and Data Sciences,augmented,3,210,0,198,True,12,118560,0,0,,,unmatched,,210,,consistent,118560,no_published,none,,high,computed credits equal the stated total
2025,COM,CB024STA13,BBusSc,Statistics and Data Sciences,augmented,4,160,0,160,False,0,76220,0,0,,,unmatched,,160,,consistent,76220,no_published,none,,high,computed credits equal the stated total
2025,COM,CB025BUS01,BBusSc,Actuarial Science,augmented,1,182,0,182,False,0,105180,0,0,,,unmatched,,182,,consistent,105180,no_published,none,,high,computed credits equal the stated total
2025,COM,CB025BUS01,BBusSc,Actuarial Science,augmented,2,186,0,186,False,0,106500,0,0,,,unmatched,,186,,consistent,106500,no_published,none,,high,computed credits equal the stated total
2025,COM,CB025BUS01,BBusSc,Actuarial Science,augmented,3,180,0,180,False,0,104500,0,0,,,unmatched,,180,,consistent,104500,no_published,none,,high,computed credits equal the stated total
2025,COM,CB025BUS01,BBusSc,Actuarial Science,augmented,4,156,0,156,False,0,79310,0,0,,,unmatched,,156,,consistent,79310,no_published,none,,high,computed credits equal the stated total
2025,COM,CB025BUS09,BBusSc,Actuarial Science: Quantitative Finance,augmented,1,164,0,382,False,-218,94740,0,0,63560,BBusSc Academic Development specialising in Actuarial Science: Quantitative Finance Stream,ad_duration,49.1,164,182,resolved_computed,94740,published_divergent,R3,COM-2025-008,high,"Stated total 382 is a single digit-edit of 182, the sum of the table including both branches of its one OR choice; the sibling variant CB025BUS01 prints 182 for the same table. With the anchor corrected, the remaining 18-credit gap is the OR double-count (rule R1a) and the final load is the taken-course sum, 164. | stated total exceeds the taken-course sum by exactly the credits of the non-taken alternatives (all choice groups, 18 cr) — the printed total double-counts choices"
2025,COM,CB025BUS09,BBusSc,Actuarial Science: Quantitative Finance,augmented,2,186,0,186,False,0,106500,0,0,72040,BBusSc Academic Development specialising in Actuarial Science: Quantitative Finance Stream,ad_duration,47.8,186,,consistent,106500,published_divergent,none,,high,computed credits equal the stated total
2025,COM,CB025BUS09,BBusSc,Actuarial Science: Quantitative Finance,augmented,3,198,0,198,False,0,112380,0,0,76080,BBusSc Academic Development specialising in Actuarial Science: Quantitative Finance Stream,ad_duration,47.7,198,,consistent,112380,published_divergent,none,,high,computed credits equal the stated total
2025,COM,CB025BUS09,BBusSc,Actuarial Science: Quantitative Finance,augmented,4,129,0,129,False,0,73260,0,0,101940,BBusSc Academic Development specialising in Actuarial Science: Quantitative Finance Stream,ad_duration,-28.1,129,,consistent,73260,published_divergent,none,,high,computed credits equal the stated total
2025,COM,CB026BUS01,BCom,Actuarial Science,augmented,1,182,0,182,False,0,105180,0,0,,,unmatched,,182,,consistent,105180,no_published,none,,high,computed credits equal the stated total
2025,COM,CB026BUS01,BCom,Actuarial Science,augmented,2,186,0,186,False,0,106500,0,0,,,unmatched,,186,,consistent,106500,no_published,none,,high,computed credits equal the stated total
2025,COM,CB026BUS01,BCom,Actuarial Science,augmented,3,162,0,162,False,0,94060,0,0,,,unmatched,,162,,consistent,94060,no_published,none,,high,computed credits equal the stated total
2025,COM,CB026BUS09,BCom,Actuarial Science: Quantitative Finance,augmented,1,182,0,182,False,0,105180,0,0,,,unmatched,,182,,consistent,105180,no_published,none,,high,computed credits equal the stated total
2025,COM,CB026BUS09,BCom,Actuarial Science: Quantitative Finance,augmented,2,186,0,186,False,0,106500,0,0,,,unmatched,,186,,consistent,106500,no_published,none,,high,computed credits equal the stated total
2025,COM,CB026BUS09,BCom,Actuarial Science: Quantitative Finance,augmented,3,180,0,180,False,0,101940,0,0,,,unmatched,,180,,consistent,101940,no_published,none,,high,computed credits equal the stated total
2025,COM,CU017ACC01,AdvDip,Accounting,regular,1,174,0,174,False,0,121280,0,0,,,unmatched,,174,,consistent,121280,no_published,none,,high,computed credits equal the stated total
2025,COM,CU020BUS01,AdvDip,Actuarial Science,regular,1,180,0,126,True,54,104780,0,0,,,unmatched,,180,,consistent,104780,no_published,none,,high,computed credits equal the stated total
2025,EBE,EB001CHE01,,,regular,1,146,0,146,False,0,85460,0,0,85470,BSc Eng (Chemical),duration,-0.0,146,,consistent,85460,reconciled,none,,high,computed credits equal the stated total
2025,EBE,EB001CHE01,,,regular,2,108,0,108,True,0,69100,0,0,93140,BSc Eng (Chemical),duration,-25.8,108,,consistent,69100,published_divergent,none,,high,computed credits equal the stated total
2025,EBE,EB001CHE01,,,regular,3,114,0,114,True,0,67977,9547,0,88130,BSc Eng (Chemical),duration,-22.9,114,,consistent,67977,published_divergent,none,,high,computed credits equal the stated total
2025,EBE,EB001CHE01,,,regular,4,128,0,128,True,0,86237,9547,0,96490,BSc Eng (Chemical),duration,-10.6,128,,consistent,86237,published_divergent,none,,high,computed credits equal the stated total
2025,EBE,EB002CIV01,BSc(Eng),Civil Engineering,regular,1,140,0,140,False,0,85760,0,0,85760,BSc Eng (Civil),duration,0.0,140,,consistent,85760,reconciled,none,,high,computed credits equal the stated total
2025,EBE,EB002CIV01,BSc(Eng),Civil Engineering,regular,2,144,0,144,False,0,85630,0,0,85630,BSc Eng (Civil),duration,0.0,144,,consistent,85630,reconciled,none,,high,computed credits equal the stated total
2025,EBE,EB002CIV01,BSc(Eng),Civil Engineering,regular,3,134,0,152,False,-18,74470,0,0,87050,BSc Eng (Civil),duration,-14.5,134,,unresolved,74470,published_divergent,none,,low,no rule or adjudication applies; default-trust=computed
2025,EBE,EB002CIV01,BSc(Eng),Civil Engineering,regular,4,144,0,144,False,0,95870,0,0,95870,BSc Eng (Civil),duration,0.0,144,,consistent,95870,reconciled,none,,high,computed credits equal the stated total
2025,EBE,EB005MEC01,BSc(Eng),Mechanical Engineering,regular,1,144,0,144,False,0,88590,0,0,88590,BSc Eng (Mechanical),duration,0.0,144,,consistent,88590,reconciled,none,,high,computed credits equal the stated total
2025,EBE,EB005MEC01,BSc(Eng),Mechanical Engineering,regular,2,144,0,144,False,0,89190,0,0,88040,BSc Eng (Mechanical),duration,1.3,144,,consistent,89190,reconciled,none,,high,computed credits equal the stated total
2025,EBE,EB005MEC01,BSc(Eng),Mechanical Engineering,regular,3,144,0,144,False,0,92600,0,0,95780,BSc Eng (Mechanical),duration,-3.3,144,,consistent,92600,reconciled,none,,high,computed credits equal the stated total
2025,EBE,EB005MEC01,BSc(Eng),Mechanical Engineering,regular,4,144,0,144,False,0,90307,24197,0,85990,BSc Eng (Mechanical),duration,5.0,144,,consistent,90307,published_divergent,none,,high,computed credits equal the stated total
2025,EBE,EB009EEE01,BSc(Eng),Electrical Engineering,regular,1,132,0,132,False,0,79461,0,0,79460,BSc Eng (Electrical),duration,0.0,132,,consistent,79461,reconciled,none,,high,computed credits equal the stated total
2025,EBE,EB009EEE01,BSc(Eng),Electrical Engineering,regular,2,144,0,144,False,0,95660,0,0,95660,BSc Eng (Electrical),duration,0.0,144,,consistent,95660,reconciled,none,,high,computed credits equal the stated total
2025,EBE,EB009EEE01,BSc(Eng),Electrical Engineering,regular,3,146,0,146,True,0,89401,10260,0,89140,BSc Eng (Electrical),duration,0.3,146,,consistent,89401,reconciled,none,,high,computed credits equal the stated total
2025,EBE,EB009EEE01,BSc(Eng),Electrical Engineering,regular,4,138,0,138,True,0,82610,27360,0,96130,BSc Eng (Electrical),duration,-14.1,138,,consistent,82610,published_divergent,none,,high,computed credits equal the stated total
2025,EBE,EB010MEC05,BSc(Eng),Mechanical & Mechatronic Engineering,regular,1,144,0,144,False,0,88590,0,0,88590,BSc Eng (Mechanical and Mechatronic Engineering),duration,0.0,144,,consistent,88590,reconciled,none,,high,computed credits equal the stated total
2025,EBE,EB010MEC05,BSc(Eng),Mechanical & Mechatronic Engineering,regular,2,144,0,144,False,0,89190,0,0,89190,BSc Eng (Mechanical and Mechatronic Engineering),duration,0.0,144,,consistent,89190,reconciled,none,,high,computed credits equal the stated total
2025,EBE,EB010MEC05,BSc(Eng),Mechanical & Mechatronic Engineering,regular,3,144,0,144,False,0,92750,0,0,92750,BSc Eng (Mechanical and Mechatronic Engineering),duration,0.0,144,,consistent,92750,reconciled,none,,high,computed credits equal the stated total
2025,EBE,EB010MEC05,BSc(Eng),Mechanical & Mechatronic Engineering,regular,4,144,0,144,False,0,91203,17283,0,88790,BSc Eng (Mechanical and Mechatronic Engineering),duration,2.7,144,,consistent,91203,reconciled,none,,high,computed credits equal the stated total
2025,EBE,EB011EEE05,BSc(Eng),Mechatronics,regular,1,132,0,148,True,-16,79461,0,0,79460,BSc Eng (Mechatronics),duration,0.0,132,,unresolved,79461,reconciled,none,,low,no rule or adjudication applies; default-trust=computed
2025,EBE,EB011EEE05,BSc(Eng),Mechatronics,regular,2,144,0,144,True,0,95660,0,0,95660,BSc Eng (Mechatronics),duration,0.0,144,,consistent,95660,reconciled,none,,high,computed credits equal the stated total
2025,EBE,EB011EEE05,BSc(Eng),Mechatronics,regular,3,146,0,146,True,0,92111,10260,0,91850,BSc Eng (Mechatronics),duration,0.3,146,,consistent,92111,reconciled,none,,high,computed credits equal the stated total
2025,EBE,EB011EEE05,BSc(Eng),Mechatronics,regular,4,138,0,138,True,0,82610,27360,0,96130,BSc Eng (Mechatronics),duration,-14.1,138,,consistent,82610,published_divergent,none,,high,computed credits equal the stated total
2025,EBE,EB012APG01,BAS,,regular,1,144,0,144,False,0,86660,0,2,86660,Bachelor of Architectural Studies,label_match,0.0,144,,consistent,86660,reconciled,none,,high,computed credits equal the stated total
2025,EBE,EB012APG01,BAS,,regular,2,144,0,144,False,0,82740,0,0,83870,Bachelor of Architectural Studies,label_match,-1.3,144,,consistent,82740,reconciled,none,,high,computed credits equal the stated total
2025,EBE,EB012APG01,BAS,,regular,3,144,0,144,False,0,86450,0,0,86450,Bachelor of Architectural Studies,label_match,0.0,144,,consistent,86450,reconciled,none,,high,computed credits equal the stated total
2025,EBE,EB015CON04,BSc(ConStud),,regular,1,151,0,151,False,0,89350,0,0,89350,BSc in Construction Studies,label_match,0.0,151,,consistent,89350,reconciled,none,,high,computed credits equal the stated total
2025,EBE,EB015CON04,BSc(ConStud),,regular,2,148,0,148,False,0,81980,0,0,81980,BSc in Construction Studies,label_match,0.0,148,,consistent,81980,reconciled,none,,high,computed credits equal the stated total
2025,EBE,EB015CON04,BSc(ConStud),,regular,3,156,0,156,False,0,86520,0,0,86520,BSc in Construction Studies,label_match,0.0,156,,consistent,86520,reconciled,none,,high,computed credits equal the stated total
2025,EBE,EB017CON03,BSc(PropStud),,regular,1,152,0,152,False,0,87220,0,0,47991,BSc in Property Studies | MPhil In Conservation of Built Environment,label_match,81.7,152,,consistent,87220,published_divergent,none,,high,computed credits equal the stated total
2025,EBE,EB017CON03,BSc(PropStud),,regular,2,151,0,151,False,0,87040,0,0,40590,BSc in Property Studies | MPhil In Conservation of Built Environment,label_match,114.4,151,,consistent,87040,published_divergent,none,,high,computed credits equal the stated total
2025,EBE,EB017CON03,BSc(PropStud),,regular,3,146,0,146,False,0,83340,0,0,83340,BSc in Property Studies,label_match,0.0,146,,consistent,83340,reconciled,none,,high,computed credits equal the stated total
2025,EBE,EB019APG09,BSc(Geomatics),Surveying Stream,regular,1,124,0,124,False,0,71120,10370,0,71120,courses BSc (Geomatics),duration,0.0,124,,consistent,71120,reconciled,none,,high,computed credits equal the stated total
2025,EBE,EB019APG09,BSc(Geomatics),Surveying Stream,regular,2,148,0,148,False,0,89120,0,0,89120,courses BSc (Geomatics),duration,0.0,148,,consistent,89120,reconciled,none,,high,computed credits equal the stated total
2025,EBE,EB019APG09,BSc(Geomatics),Surveying Stream,regular,3,156,0,156,False,0,93810,6840,0,93840,courses BSc (Geomatics),duration,-0.0,156,,consistent,93810,reconciled,none,,high,computed credits equal the stated total
2025,EBE,EB019APG09,BSc(Geomatics),Surveying Stream,regular,4,150,0,150,False,0,93470,0,0,93470,courses BSc (Geomatics),duration,0.0,150,,consistent,93470,reconciled,none,,high,computed credits equal the stated total
2025,EBE,EB019APG11,BSc(Geomatics),Geoinformatics Stream Environmental and Geographical Science Specialisation,regular,1,126,0,126,False,0,72010,0,0,71120,courses BSc (Geomatics),duration,1.3,126,,consistent,72010,reconciled,none,,high,computed credits equal the stated total
2025,EBE,EB019APG11,BSc(Geomatics),Geoinformatics Stream Environmental and Geographical Science Specialisation,regular,2,148,0,148,False,0,89120,0,0,89120,courses BSc (Geomatics),duration,0.0,148,,consistent,89120,reconciled,none,,high,computed credits equal the stated total
2025,EBE,EB019APG11,BSc(Geomatics),Geoinformatics Stream Environmental and Geographical Science Specialisation,regular,3,154,0,154,False,0,91151,0,0,93840,courses BSc (Geomatics),duration,-2.9,154,,consistent,91151,reconciled,none,,high,computed credits equal the stated total
2025,EBE,EB019APG11,BSc(Geomatics),Geoinformatics Stream Environmental and Geographical Science Specialisation,regular,4,180,0,180,False,0,109550,0,0,93470,courses BSc (Geomatics),duration,17.2,180,,consistent,109550,published_divergent,none,,high,computed credits equal the stated total
2025,EBE,EB022EEE02,BSc(Eng),Electrical and Computer Engineering,regular,1,132,0,132,False,0,79461,0,0,79460,BSc Eng (Electrical & Computer),duration,0.0,132,,consistent,79461,reconciled,none,,high,computed credits equal the stated total
2025,EBE,EB022EEE02,BSc(Eng),Electrical and Computer Engineering,regular,2,144,0,144,False,0,95660,0,0,95660,BSc Eng (Electrical & Computer),duration,0.0,144,,consistent,95660,reconciled,none,,high,computed credits equal the stated total
2025,EBE,EB022EEE02,BSc(Eng),Electrical and Computer Engineering,regular,3,162,0,154,True,8,98191,10260,0,97930,BSc Eng (Electrical & Computer),duration,0.3,162,,consistent,98191,reconciled,none,,high,computed credits equal the stated total
2025,EBE,EB022EEE02,BSc(Eng),Electrical and Computer Engineering,regular,4,138,0,138,True,0,82610,27360,0,96130,BSc Eng (Electrical & Computer),duration,-14.1,138,,consistent,82610,published_divergent,none,,high,computed credits equal the stated total
2025,EBE,EB801CHE01,BSc(Eng),Chemical Engineering,extended,1,102,0,102,False,0,58790,0,0,,,unmatched,,102,,consistent,58790,no_published,none,,high,computed credits equal the stated total
2025,EBE,EB801CHE01,BSc(Eng),Chemical Engineering,extended,2,88,0,88,True,0,51823,6913,0,,,unmatched,,88,,consistent,51823,no_published,none,,high,computed credits equal the stated total
2025,EBE,EB801CHE01,BSc(Eng),Chemical Engineering,extended,3,88,0,88,True,0,57773,6913,0,,,unmatched,,88,,consistent,57773,no_published,none,,high,computed credits equal the stated total
2025,EBE,EB801CHE01,BSc(Eng),Chemical Engineering,extended,4,114,0,114,True,0,67648,9218,0,,,unmatched,,114,,consistent,67648,no_published,none,,high,computed credits equal the stated total
2025,EBE,EB801CHE01,BSc(Eng),Chemical Engineering,extended,5,128,0,128,False,0,85908,9218,0,,,unmatched,,128,,consistent,85908,no_published,none,,high,computed credits equal the stated total
2025,EBE,EB802CIV01,BSc(Eng),Civil Engineering,extended,1,112,0,112,False,0,65090,0,0,,,unmatched,,112,,consistent,65090,no_published,none,,high,computed credits equal the stated total
2025,EBE,EB802CIV01,BSc(Eng),Civil Engineering,extended,2,108,0,108,False,0,66900,0,0,,,unmatched,,108,,consistent,66900,no_published,none,,high,computed credits equal the stated total
2025,EBE,EB802CIV01,BSc(Eng),Civil Engineering,extended,3,112,0,112,False,0,63940,0,0,,,unmatched,,112,,consistent,63940,no_published,none,,high,computed credits equal the stated total
2025,EBE,EB802CIV01,BSc(Eng),Civil Engineering,extended,4,108,0,126,False,-18,60220,0,0,,,unmatched,,108,,unresolved,60220,no_published,none,,low,no rule or adjudication applies; default-trust=computed
2025,EBE,EB802CIV01,BSc(Eng),Civil Engineering,extended,5,126,0,126,False,0,84960,0,0,,,unmatched,,126,,consistent,84960,no_published,none,,high,computed credits equal the stated total
2025,EBE,EB805MEC01,BSc(Eng),Mechanical Engineering,extended,1,102,0,102,False,0,62490,0,0,,,unmatched,,102,,consistent,62490,no_published,none,,high,computed credits equal the stated total
2025,EBE,EB805MEC01,BSc(Eng),Mechanical Engineering,extended,2,98,0,98,False,0,58920,0,0,,,unmatched,,98,,consistent,58920,no_published,none,,high,computed credits equal the stated total
2025,EBE,EB805MEC01,BSc(Eng),Mechanical Engineering,extended,3,118,0,118,False,0,74530,10370,0,,,unmatched,,118,,consistent,74530,no_published,none,,high,computed credits equal the stated total
2025,EBE,EB805MEC01,BSc(Eng),Mechanical Engineering,extended,4,132,0,132,False,0,84810,0,0,,,unmatched,,132,,consistent,84810,no_published,none,,high,computed credits equal the stated total
2025,EBE,EB805MEC01,BSc(Eng),Mechanical Engineering,extended,5,126,0,126,False,0,79937,13827,0,,,unmatched,,126,,consistent,79937,no_published,none,,high,computed credits equal the stated total
2025,EBE,EB809EEE01,BSc(Eng),Electrical Engineering,extended,1,96,0,96,False,0,59180,0,0,,,unmatched,,96,,consistent,59180,no_published,none,,high,computed credits equal the stated total
2025,EBE,EB809EEE01,BSc(Eng),Electrical Engineering,extended,2,116,0,116,False,0,72421,0,0,,,unmatched,,116,,consistent,72421,no_published,none,,high,computed credits equal the stated total
2025,EBE,EB809EEE01,BSc(Eng),Electrical Engineering,extended,3,104,0,104,False,0,68300,0,0,,,unmatched,,104,,consistent,68300,no_published,none,,high,computed credits equal the stated total
2025,EBE,EB809EEE01,BSc(Eng),Electrical Engineering,extended,4,124,0,124,True,0,75091,10260,0,,,unmatched,,124,,consistent,75091,no_published,none,,high,computed credits equal the stated total
2025,EBE,EB809EEE01,BSc(Eng),Electrical Engineering,extended,5,128,0,128,True,0,77380,27360,0,,,unmatched,,128,,consistent,77380,no_published,none,,high,computed credits equal the stated total
2025,EBE,EB810MEC05,BSc(Eng),Mechanical & Mechatronic Engineering,extended,1,102,0,102,False,0,62490,0,0,,,unmatched,,102,,consistent,62490,no_published,none,,high,computed credits equal the stated total
2025,EBE,EB810MEC05,BSc(Eng),Mechanical & Mechatronic Engineering,extended,2,98,0,98,False,0,58920,0,0,,,unmatched,,98,,consistent,58920,no_published,none,,high,computed credits equal the stated total
2025,EBE,EB810MEC05,BSc(Eng),Mechanical & Mechatronic Engineering,extended,3,118,0,118,False,0,74530,10370,0,,,unmatched,,118,,consistent,74530,no_published,none,,high,computed credits equal the stated total
2025,EBE,EB810MEC05,BSc(Eng),Mechanical & Mechatronic Engineering,extended,4,132,0,132,False,0,84960,0,0,,,unmatched,,132,,consistent,84960,no_published,none,,high,computed credits equal the stated total
2025,EBE,EB810MEC05,BSc(Eng),Mechanical & Mechatronic Engineering,extended,5,126,0,126,False,0,80833,6913,0,,,unmatched,,126,,consistent,80833,no_published,none,,high,computed credits equal the stated total
2025,EBE,EB811EEE05,BSc(Eng),Mechatronics,extended,1,96,0,96,True,0,59180,0,0,,,unmatched,,96,,consistent,59180,no_published,none,,high,computed credits equal the stated total
2025,EBE,EB811EEE05,BSc(Eng),Mechatronics,extended,2,116,0,116,True,0,72421,0,0,,,unmatched,,116,,consistent,72421,no_published,none,,high,computed credits equal the stated total
2025,EBE,EB811EEE05,BSc(Eng),Mechatronics,extended,3,104,0,112,True,-8,68300,0,0,,,unmatched,,104,,unresolved,68300,no_published,none,,low,no rule or adjudication applies; default-trust=computed
2025,EBE,EB811EEE05,BSc(Eng),Mechatronics,extended,4,114,0,124,True,-10,72571,10260,0,,,unmatched,,114,,unresolved,72571,no_published,none,,low,no rule or adjudication applies; default-trust=computed
2025,EBE,EB811EEE05,BSc(Eng),Mechatronics,extended,5,138,0,128,True,10,82610,27360,0,,,unmatched,,138,,consistent,82610,no_published,none,,high,computed credits equal the stated total
2025,EBE,EB819APG09,BSc(Geomatics),Surveying Stream,extended,1,106,0,106,False,0,60750,0,0,,,unmatched,,106,,consistent,60750,no_published,none,,high,computed credits equal the stated total
2025,EBE,EB819APG09,BSc(Geomatics),Surveying Stream,extended,2,128,0,128,False,0,75850,10370,0,,,unmatched,,128,,consistent,75850,no_published,none,,high,computed credits equal the stated total
2025,EBE,EB819APG09,BSc(Geomatics),Surveying Stream,extended,3,102,0,102,False,0,62150,6840,0,,,unmatched,,102,,consistent,62150,no_published,none,,high,computed credits equal the stated total
2025,EBE,EB819APG09,BSc(Geomatics),Surveying Stream,extended,4,136,0,136,False,0,84790,0,0,,,unmatched,,136,,consistent,84790,no_published,none,,high,computed credits equal the stated total
2025,EBE,EB819APG09,BSc(Geomatics),Surveying Stream,extended,5,106,0,106,False,0,63980,0,0,,,unmatched,,106,,consistent,63980,no_published,none,,high,computed credits equal the stated total
2025,EBE,EB819APG11,BSc(Geomatics),Geoinformatics Stream Environmental and Geographical Science Specialisation,extended,1,108,0,108,False,0,61870,0,0,,,unmatched,,108,,consistent,61870,no_published,none,,high,computed credits equal the stated total
2025,EBE,EB819APG11,BSc(Geomatics),Geoinformatics Stream Environmental and Geographical Science Specialisation,extended,2,128,0,128,False,0,75620,0,0,,,unmatched,,128,,consistent,75620,no_published,none,,high,computed credits equal the stated total
2025,EBE,EB819APG11,BSc(Geomatics),Geoinformatics Stream Environmental and Geographical Science Specialisation,extended,3,150,0,150,False,0,89461,0,0,,,unmatched,,150,,consistent,89461,no_published,none,,high,computed credits equal the stated total
2025,EBE,EB819APG11,BSc(Geomatics),Geoinformatics Stream Environmental and Geographical Science Specialisation,extended,4,142,0,142,False,0,85820,0,0,,,unmatched,,142,,consistent,85820,no_published,none,,high,computed credits equal the stated total
2025,EBE,EB819APG11,BSc(Geomatics),Geoinformatics Stream Environmental and Geographical Science Specialisation,extended,5,80,0,80,False,0,49060,0,0,,,unmatched,,80,,consistent,49060,no_published,none,,high,computed credits equal the stated total
2025,EBE,EB822EEE02,BSc(Eng),Electrical and Computer Engineering,extended,1,96,0,96,True,0,59180,0,0,,,unmatched,,96,,consistent,59180,no_published,none,,high,computed credits equal the stated total
2025,EBE,EB822EEE02,BSc(Eng),Electrical and Computer Engineering,extended,2,116,0,116,True,0,72421,0,0,,,unmatched,,116,,consistent,72421,no_published,none,,high,computed credits equal the stated total
2025,EBE,EB822EEE02,BSc(Eng),Electrical and Computer Engineering,extended,3,114,0,122,True,-8,72430,10260,0,,,unmatched,,114,,unresolved,72430,no_published,none,,low,no rule or adjudication applies; default-trust=computed
2025,EBE,EB822EEE02,BSc(Eng),Electrical and Computer Engineering,extended,4,130,0,122,True,8,79751,0,0,,,unmatched,,130,,consistent,79751,no_published,none,,high,computed credits equal the stated total
2025,EBE,EB822EEE02,BSc(Eng),Electrical and Computer Engineering,extended,5,128,0,128,True,0,77380,27360,0,,,unmatched,,128,,consistent,77380,no_published,none,,high,computed credits equal the stated total
2025,HUM,HB001AFS01,BA/BSocSc,Gender Studies,regular,1,18,0,,False,,9440,0,0,75500,Bachelor of Arts and Bachelor of Social Science,degree_flat,-87.5,18,,no_anchor,9440,published_divergent,none,,low,no rule or adjudication applies; default-trust=computed
2025,HUM,HB001AFS01,BA/BSocSc,Gender Studies,regular,2,48,0,,False,,25160,0,0,75500,Bachelor of Arts and Bachelor of Social Science,degree_flat,-66.7,48,,no_anchor,25160,published_divergent,none,,low,no rule or adjudication applies; default-trust=computed
2025,HUM,HB001AFS01,BA/BSocSc,Gender Studies,regular,3,60,0,,False,,25160,0,0,75500,Bachelor of Arts and Bachelor of Social Science,degree_flat,-66.7,60,,no_anchor,25160,published_divergent,none,,low,no rule or adjudication applies; default-trust=computed
2025,HUM,HB001AGE01,BA/BSocSc,Archaeology,regular,2,48,0,,False,,27340,0,0,75500,Bachelor of Arts and Bachelor of Social Science,degree_flat,-63.8,48,,no_anchor,27340,published_divergent,none,,low,no rule or adjudication applies; default-trust=computed
2025,HUM,HB001AGE01,BA/BSocSc,Archaeology,regular,3,36,1,,False,,41100,0,0,75500,Bachelor of Arts and Bachelor of Social Science,degree_flat,-45.6,36,,no_anchor,41100,published_divergent,none,,low,no rule or adjudication applies; default-trust=computed
2025,HUM,HB001ANS01,BA/BSocSc,Anthropology,regular,1,18,0,,False,,9440,0,0,75500,Bachelor of Arts and Bachelor of Social Science,degree_flat,-87.5,18,,no_anchor,9440,published_divergent,none,,low,no rule or adjudication applies; default-trust=computed
2025,HUM,HB001ANS01,BA/BSocSc,Anthropology,regular,2,48,0,,False,,25160,0,0,75500,Bachelor of Arts and Bachelor of Social Science,degree_flat,-66.7,48,,no_anchor,25160,published_divergent,none,,low,no rule or adjudication applies; default-trust=computed
2025,HUM,HB001ANS01,BA/BSocSc,Anthropology,regular,3,60,0,,False,,25160,0,0,75500,Bachelor of Arts and Bachelor of Social Science,degree_flat,-66.7,60,,no_anchor,25160,published_divergent,none,,low,no rule or adjudication applies; default-trust=computed
2025,HUM,HB001ASL01,BA/BSocSc,African Studies,regular,1,18,0,,False,,9440,0,0,75500,Bachelor of Arts and Bachelor of Social Science,degree_flat,-87.5,18,,no_anchor,9440,published_divergent,none,,low,no rule or adjudication applies; default-trust=computed
2025,HUM,HB001ASL01,BA/BSocSc,African Studies,regular,2,48,0,,False,,25160,0,0,75500,Bachelor of Arts and Bachelor of Social Science,degree_flat,-66.7,48,,no_anchor,25160,published_divergent,none,,low,no rule or adjudication applies; default-trust=computed
2025,HUM,HB001ASL01,BA/BSocSc,African Studies,regular,3,60,0,,False,,25160,0,0,75500,Bachelor of Arts and Bachelor of Social Science,degree_flat,-66.7,60,,no_anchor,25160,published_divergent,none,,low,no rule or adjudication applies; default-trust=computed
2025,HUM,HB001ASL02,BA/BSocSc,Linguistics,regular,1,18,0,,False,,9440,0,0,75500,Bachelor of Arts and Bachelor of Social Science,degree_flat,-87.5,18,,no_anchor,9440,published_divergent,none,,low,no rule or adjudication applies; default-trust=computed
2025,HUM,HB001ASL02,BA/BSocSc,Linguistics,regular,2,48,0,,False,,25160,0,0,75500,Bachelor of Arts and Bachelor of Social Science,degree_flat,-66.7,48,,no_anchor,25160,published_divergent,none,,low,no rule or adjudication applies; default-trust=computed
2025,HUM,HB001ASL02,BA/BSocSc,Linguistics,regular,3,60,0,,False,,25160,0,0,75500,Bachelor of Arts and Bachelor of Social Science,degree_flat,-66.7,60,,no_anchor,25160,published_divergent,none,,low,no rule or adjudication applies; default-trust=computed
2025,HUM,HB001BUS08,BA/BSocSc,Organisational Psychology,regular,1,54,0,,False,,29320,0,0,75500,Bachelor of Arts and Bachelor of Social Science,degree_flat,-61.2,54,,no_anchor,29320,published_divergent,none,,low,no rule or adjudication applies; default-trust=computed
2025,HUM,HB001BUS08,BA/BSocSc,Organisational Psychology,regular,2,36,0,,False,,20880,0,0,75500,Bachelor of Arts and Bachelor of Social Science,degree_flat,-72.3,36,,no_anchor,20880,published_divergent,none,,low,no rule or adjudication applies; default-trust=computed
2025,HUM,HB001BUS08,BA/BSocSc,Organisational Psychology,regular,3,36,0,,False,,20880,0,0,75500,Bachelor of Arts and Bachelor of Social Science,degree_flat,-72.3,36,,no_anchor,20880,published_divergent,none,,low,no rule or adjudication applies; default-trust=computed
2025,HUM,HB001CSC05,BA/BSocSc,Computer Science,regular,1,36,1,,False,,30650,0,0,75500,Bachelor of Arts and Bachelor of Social Science,degree_flat,-59.4,36,,no_anchor,30650,published_divergent,none,,low,no rule or adjudication applies; default-trust=computed
2025,HUM,HB001CSC05,BA/BSocSc,Computer Science,regular,2,18,4,,False,,50671,0,0,75500,Bachelor of Arts and Bachelor of Social Science,degree_flat,-32.9,18,,no_anchor,50671,published_divergent,none,,low,no rule or adjudication applies; default-trust=computed
2025,HUM,HB001CSC05,BA/BSocSc,Computer Science,regular,3,0,2,,False,,40280,0,0,75500,Bachelor of Arts and Bachelor of Social Science,degree_flat,-46.6,0,,no_anchor,40280,published_divergent,none,,low,no rule or adjudication applies; default-trust=computed
2025,HUM,HB001ECO01,BA/BSocSc,Economics,regular,2,54,0,,False,,31320,0,0,75500,Bachelor of Arts and Bachelor of Social Science,degree_flat,-58.5,54,,no_anchor,31320,published_divergent,none,,low,no rule or adjudication applies; default-trust=computed
2025,HUM,HB001ECO01,BA/BSocSc,Economics,regular,3,54,0,,False,,31320,0,0,75500,Bachelor of Arts and Bachelor of Social Science,degree_flat,-58.5,54,,no_anchor,31320,published_divergent,none,,low,no rule or adjudication applies; default-trust=computed
2025,HUM,HB001EGS02,BA/BSocSc,Environmental and Geographical Science,regular,1,36,0,,False,,20740,0,0,75500,Bachelor of Arts and Bachelor of Social Science,degree_flat,-72.5,36,,no_anchor,20740,published_divergent,none,,low,no rule or adjudication applies; default-trust=computed
2025,HUM,HB001EGS02,BA/BSocSc,Environmental and Geographical Science,regular,2,48,0,,False,,27340,0,0,75500,Bachelor of Arts and Bachelor of Social Science,degree_flat,-63.8,48,,no_anchor,27340,published_divergent,none,,low,no rule or adjudication applies; default-trust=computed
2025,HUM,HB001EGS02,BA/BSocSc,Environmental and Geographical Science,regular,3,72,0,,False,,41100,0,0,75500,Bachelor of Arts and Bachelor of Social Science,degree_flat,-45.6,72,,no_anchor,41100,published_divergent,none,,low,no rule or adjudication applies; default-trust=computed
2025,HUM,HB001ELL10,BA/BSocSc,Literary Studies,regular,1,36,0,,False,,18880,0,0,75500,Bachelor of Arts and Bachelor of Social Science,degree_flat,-75.0,36,,no_anchor,18880,published_divergent,none,,low,no rule or adjudication applies; default-trust=computed
2025,HUM,HB001ELL10,BA/BSocSc,Literary Studies,regular,2,48,0,,False,,25160,0,0,75500,Bachelor of Arts and Bachelor of Social Science,degree_flat,-66.7,48,,no_anchor,25160,published_divergent,none,,low,no rule or adjudication applies; default-trust=computed
2025,HUM,HB001ELL10,BA/BSocSc,Literary Studies,regular,3,60,0,,False,,25160,0,0,75500,Bachelor of Arts and Bachelor of Social Science,degree_flat,-66.7,60,,no_anchor,25160,published_divergent,none,,low,no rule or adjudication applies; default-trust=computed
2025,HUM,HB001FAM01,BA/BSocSc,Film and Television Studies,regular,1,18,0,,False,,9440,0,0,75500,Bachelor of Arts and Bachelor of Social Science,degree_flat,-87.5,18,,no_anchor,9440,published_divergent,none,,low,no rule or adjudication applies; default-trust=computed
2025,HUM,HB001FAM01,BA/BSocSc,Film and Television Studies,regular,2,48,0,,False,,25160,0,0,75500,Bachelor of Arts and Bachelor of Social Science,degree_flat,-66.7,48,,no_anchor,25160,published_divergent,none,,low,no rule or adjudication applies; default-trust=computed
2025,HUM,HB001FAM01,BA/BSocSc,Film and Television Studies,regular,3,60,0,,False,,25160,0,0,75500,Bachelor of Arts and Bachelor of Social Science,degree_flat,-66.7,60,,no_anchor,25160,published_divergent,none,,low,no rule or adjudication applies; default-trust=computed
2025,HUM,HB001FAM07,BA/BSocSc,Media and Writing,regular,1,18,0,,False,,9440,0,0,75500,Bachelor of Arts and Bachelor of Social Science,degree_flat,-87.5,18,,no_anchor,9440,published_divergent,none,,low,no rule or adjudication applies; default-trust=computed
2025,HUM,HB001FAM07,BA/BSocSc,Media and Writing,regular,2,48,0,,False,,25160,0,0,75500,Bachelor of Arts and Bachelor of Social Science,degree_flat,-66.7,48,,no_anchor,25160,published_divergent,none,,low,no rule or adjudication applies; default-trust=computed
2025,HUM,HB001FAM07,BA/BSocSc,Media and Writing,regular,3,60,0,,False,,25160,0,0,75500,Bachelor of Arts and Bachelor of Social Science,degree_flat,-66.7,60,,no_anchor,25160,published_divergent,none,,low,no rule or adjudication applies; default-trust=computed
2025,HUM,HB001FIN05,BA/BSocSc,Art History and Discourse of Art,regular,1,36,0,,False,,18880,0,0,75500,Bachelor of Arts and Bachelor of Social Science,degree_flat,-75.0,36,,no_anchor,18880,published_divergent,none,,low,no rule or adjudication applies; default-trust=computed
2025,HUM,HB001FIN05,BA/BSocSc,Art History and Discourse of Art,regular,2,48,0,,False,,25160,0,0,75500,Bachelor of Arts and Bachelor of Social Science,degree_flat,-66.7,48,,no_anchor,25160,published_divergent,none,,low,no rule or adjudication applies; default-trust=computed
2025,HUM,HB001FIN05,BA/BSocSc,Art History and Discourse of Art,regular,3,30,0,,False,,12580,0,0,75500,Bachelor of Arts and Bachelor of Social Science,degree_flat,-83.3,30,,no_anchor,12580,published_divergent,none,,low,no rule or adjudication applies; default-trust=computed
2025,HUM,HB001HST04,BA/BSocSc,History,regular,1,36,0,,False,,18880,0,0,75500,Bachelor of Arts and Bachelor of Social Science,degree_flat,-75.0,36,,no_anchor,18880,published_divergent,none,,low,no rule or adjudication applies; default-trust=computed
2025,HUM,HB001HST04,BA/BSocSc,History,regular,2,0,2,,False,,25160,0,0,75500,Bachelor of Arts and Bachelor of Social Science,degree_flat,-66.7,0,,no_anchor,25160,published_divergent,none,,low,no rule or adjudication applies; default-trust=computed
2025,HUM,HB001HST04,BA/BSocSc,History,regular,3,60,0,,False,,25160,0,0,75500,Bachelor of Arts and Bachelor of Social Science,degree_flat,-66.7,60,,no_anchor,25160,published_divergent,none,,low,no rule or adjudication applies; default-trust=computed
2025,HUM,HB001INF09,BA/BSocSc,Informatics,regular,1,0,2,,False,,20580,0,0,75500,Bachelor of Arts and Bachelor of Social Science,degree_flat,-72.7,0,,no_anchor,20580,published_divergent,none,,low,no rule or adjudication applies; default-trust=computed
2025,HUM,HB001INF09,BA/BSocSc,Informatics,regular,3,54,0,,False,,31320,0,0,75500,Bachelor of Arts and Bachelor of Social Science,degree_flat,-58.5,54,,no_anchor,31320,published_divergent,none,,low,no rule or adjudication applies; default-trust=computed
2025,HUM,HB001MAM02,BA/BSocSc,Mathematics,regular,1,54,0,,False,,31110,0,0,75500,Bachelor of Arts and Bachelor of Social Science,degree_flat,-58.8,54,,no_anchor,31110,published_divergent,none,,low,no rule or adjudication applies; default-trust=computed
2025,HUM,HB001MAM02,BA/BSocSc,Mathematics,regular,2,48,0,,False,,27440,0,0,75500,Bachelor of Arts and Bachelor of Social Science,degree_flat,-63.7,48,,no_anchor,27440,published_divergent,none,,low,no rule or adjudication applies; default-trust=computed
2025,HUM,HB001PHI01,BA/BSocSc,Philosophy,regular,1,36,0,,False,,18880,0,0,75500,Bachelor of Arts and Bachelor of Social Science,degree_flat,-75.0,36,,no_anchor,18880,published_divergent,none,,low,no rule or adjudication applies; default-trust=computed
2025,HUM,HB001PHI01,BA/BSocSc,Philosophy,regular,2,48,0,,False,,25160,0,0,75500,Bachelor of Arts and Bachelor of Social Science,degree_flat,-66.7,48,,no_anchor,25160,published_divergent,none,,low,no rule or adjudication applies; default-trust=computed
2025,HUM,HB001PHI01,BA/BSocSc,Philosophy,regular,3,60,0,,False,,25160,0,0,75500,Bachelor of Arts and Bachelor of Social Science,degree_flat,-66.7,60,,no_anchor,25160,published_divergent,none,,low,no rule or adjudication applies; default-trust=computed
2025,HUM,HB001POL10,BA/BSocSc,Politics & Governance,regular,1,18,0,,False,,9440,0,0,75500,Bachelor of Arts and Bachelor of Social Science,degree_flat,-87.5,18,,no_anchor,9440,published_divergent,none,,low,no rule or adjudication applies; default-trust=computed
2025,HUM,HB001PSY01,BA/BSocSc,Psychology,regular,1,36,0,,False,,18880,0,0,75500,Bachelor of Arts and Bachelor of Social Science,degree_flat,-75.0,36,,no_anchor,18880,published_divergent,none,,low,no rule or adjudication applies; default-trust=computed
2025,HUM,HB001PSY01,BA/BSocSc,Psychology,regular,2,72,0,,False,,37740,0,0,75500,Bachelor of Arts and Bachelor of Social Science,degree_flat,-50.0,72,,no_anchor,37740,published_divergent,none,,low,no rule or adjudication applies; default-trust=computed
2025,HUM,HB001PSY01,BA/BSocSc,Psychology,regular,3,90,0,,False,,37740,0,0,75500,Bachelor of Arts and Bachelor of Social Science,degree_flat,-50.0,90,,no_anchor,37740,published_divergent,none,,low,no rule or adjudication applies; default-trust=computed
2025,HUM,HB001SLL01,BA/BSocSc,African Languages & Literatures,regular,1,36,0,,False,,18880,0,0,75500,Bachelor of Arts and Bachelor of Social Science,degree_flat,-75.0,36,,no_anchor,18880,published_divergent,none,,low,no rule or adjudication applies; default-trust=computed
2025,HUM,HB001SLL01,BA/BSocSc,African Languages & Literatures,regular,2,48,0,,False,,25160,0,0,75500,Bachelor of Arts and Bachelor of Social Science,degree_flat,-66.7,48,,no_anchor,25160,published_divergent,none,,low,no rule or adjudication applies; default-trust=computed
2025,HUM,HB001SLL01,BA/BSocSc,African Languages & Literatures,regular,3,60,0,,False,,25160,0,0,75500,Bachelor of Arts and Bachelor of Social Science,degree_flat,-66.7,60,,no_anchor,25160,published_divergent,none,,low,no rule or adjudication applies; default-trust=computed
2025,HUM,HB001SLL02,BA/BSocSc,Afrikaans,regular,2,48,0,,False,,25160,0,0,75500,Bachelor of Arts and Bachelor of Social Science,degree_flat,-66.7,48,,no_anchor,25160,published_divergent,none,,low,no rule or adjudication applies; default-trust=computed
2025,HUM,HB001SLL02,BA/BSocSc,Afrikaans,regular,3,60,0,,False,,25160,0,0,75500,Bachelor of Arts and Bachelor of Social Science,degree_flat,-66.7,60,,no_anchor,25160,published_divergent,none,,low,no rule or adjudication applies; default-trust=computed
2025,HUM,HB001SLL03,BA/BSocSc,Arabic Language and Literature,regular,2,48,0,,False,,25160,0,0,75500,Bachelor of Arts and Bachelor of Social Science,degree_flat,-66.7,48,,no_anchor,25160,published_divergent,none,,low,no rule or adjudication applies; default-trust=computed
2025,HUM,HB001SLL03,BA/BSocSc,Arabic Language and Literature,regular,3,60,0,,False,,25160,0,0,75500,Bachelor of Arts and Bachelor of Social Science,degree_flat,-66.7,60,,no_anchor,25160,published_divergent,none,,low,no rule or adjudication applies; default-trust=computed
2025,HUM,HB001SLL04,BA/BSocSc,Business French,regular,2,48,0,,False,,25160,0,0,75500,Bachelor of Arts and Bachelor of Social Science,degree_flat,-66.7,48,,no_anchor,25160,published_divergent,none,,low,no rule or adjudication applies; default-trust=computed
2025,HUM,HB001SLL04,BA/BSocSc,Business French,regular,3,60,0,,False,,25160,0,0,75500,Bachelor of Arts and Bachelor of Social Science,degree_flat,-66.7,60,,no_anchor,25160,published_divergent,none,,low,no rule or adjudication applies; default-trust=computed
2025,HUM,HB001SLL05,BA/BSocSc,Classical Studies,regular,2,24,1,,False,,12580,0,1,75500,Bachelor of Arts and Bachelor of Social Science,degree_flat,-83.3,24,,no_anchor,12580,published_divergent,none,,low,no rule or adjudication applies; default-trust=computed
2025,HUM,HB001SLL05,BA/BSocSc,Classical Studies,regular,3,0,2,,False,,0,0,2,75500,Bachelor of Arts and Bachelor of Social Science,degree_flat,,0,,no_anchor,0,published_divergent,none,,low,no rule or adjudication applies; default-trust=computed
2025,HUM,HB001SLL09,BA/BSocSc,Hebrew Language and Literature,regular,2,48,0,,False,,25160,0,0,75500,Bachelor of Arts and Bachelor of Social Science,degree_flat,-66.7,48,,no_anchor,25160,published_divergent,none,,low,no rule or adjudication applies; default-trust=computed
2025,HUM,HB001SLL09,BA/BSocSc,Hebrew Language and Literature,regular,3,0,2,,False,,0,0,2,75500,Bachelor of Arts and Bachelor of Social Science,degree_flat,,0,,no_anchor,0,published_divergent,none,,low,no rule or adjudication applies; default-trust=computed
2025,HUM,HB001SLL10,BA/BSocSc,Italian,regular,2,48,0,,False,,25160,0,0,75500,Bachelor of Arts and Bachelor of Social Science,degree_flat,-66.7,48,,no_anchor,25160,published_divergent,none,,low,no rule or adjudication applies; default-trust=computed
2025,HUM,HB001SLL10,BA/BSocSc,Italian,regular,3,60,0,,False,,25160,0,0,75500,Bachelor of Arts and Bachelor of Social Science,degree_flat,-66.7,60,,no_anchor,25160,published_divergent,none,,low,no rule or adjudication applies; default-trust=computed
2025,HUM,HB001SLL13,BA/BSocSc,Spanish,regular,2,48,0,,False,,25160,0,0,75500,Bachelor of Arts and Bachelor of Social Science,degree_flat,-66.7,48,,no_anchor,25160,published_divergent,none,,low,no rule or adjudication applies; default-trust=computed
2025,HUM,HB001SLL13,BA/BSocSc,Spanish,regular,3,60,0,,False,,25160,0,0,75500,Bachelor of Arts and Bachelor of Social Science,degree_flat,-66.7,60,,no_anchor,25160,published_divergent,none,,low,no rule or adjudication applies; default-trust=computed
2025,HUM,HB001SLL15,BA/BSocSc,Xhosa Communication,regular,2,48,0,,False,,25160,0,0,75500,Bachelor of Arts and Bachelor of Social Science,degree_flat,-66.7,48,,no_anchor,25160,published_divergent,none,,low,no rule or adjudication applies; default-trust=computed
2025,HUM,HB001SLL15,BA/BSocSc,Xhosa Communication,regular,3,60,0,,False,,25160,0,0,75500,Bachelor of Arts and Bachelor of Social Science,degree_flat,-66.7,60,,no_anchor,25160,published_divergent,none,,low,no rule or adjudication applies; default-trust=computed
2025,HUM,HB001SLL21,BA/BSocSc,Chinese Studies,regular,1,36,0,,False,,18880,0,0,75500,Bachelor of Arts and Bachelor of Social Science,degree_flat,-75.0,36,,no_anchor,18880,published_divergent,none,,low,no rule or adjudication applies; default-trust=computed
2025,HUM,HB001SLL21,BA/BSocSc,Chinese Studies,regular,2,48,0,,False,,25160,0,0,75500,Bachelor of Arts and Bachelor of Social Science,degree_flat,-66.7,48,,no_anchor,25160,published_divergent,none,,low,no rule or adjudication applies; default-trust=computed
2025,HUM,HB001SLL21,BA/BSocSc,Chinese Studies,regular,3,60,0,,False,,25160,0,0,75500,Bachelor of Arts and Bachelor of Social Science,degree_flat,-66.7,60,,no_anchor,25160,published_divergent,none,,low,no rule or adjudication applies; default-trust=computed
2025,HUM,HB001SOC01,BA/BSocSc,Sociology,regular,3,60,0,,False,,25160,0,0,75500,Bachelor of Arts and Bachelor of Social Science,degree_flat,-66.7,60,,no_anchor,25160,published_divergent,none,,low,no rule or adjudication applies; default-trust=computed
2025,HUM,HB001SOC02,BA/BSocSc,Industrial Sociology,regular,2,24,0,,False,,12580,0,0,75500,Bachelor of Arts and Bachelor of Social Science,degree_flat,-83.3,24,,no_anchor,12580,published_divergent,none,,low,no rule or adjudication applies; default-trust=computed
2025,HUM,HB001SOC02,BA/BSocSc,Industrial Sociology,regular,3,60,0,,False,,25160,0,0,75500,Bachelor of Arts and Bachelor of Social Science,degree_flat,-66.7,60,,no_anchor,25160,published_divergent,none,,low,no rule or adjudication applies; default-trust=computed
2025,HUM,HB001STA01,BA/BSocSc,Applied Statistics,regular,1,18,0,,False,,10370,0,0,75500,Bachelor of Arts and Bachelor of Social Science,degree_flat,-86.3,18,,no_anchor,10370,published_divergent,none,,low,no rule or adjudication applies; default-trust=computed
2025,HUM,HB001STA01,BA/BSocSc,Applied Statistics,regular,2,48,1,,False,,40230,0,0,75500,Bachelor of Arts and Bachelor of Social Science,degree_flat,-46.7,48,,no_anchor,40230,published_divergent,none,,low,no rule or adjudication applies; default-trust=computed
2025,HUM,HB001STA01,BA/BSocSc,Applied Statistics,regular,3,72,0,,False,,40280,0,0,75500,Bachelor of Arts and Bachelor of Social Science,degree_flat,-46.6,72,,no_anchor,40280,published_divergent,none,,low,no rule or adjudication applies; default-trust=computed
2025,HUM,HB001SWK03,BA/BSocSc,Social Development,regular,1,36,0,,False,,18880,0,0,75500,Bachelor of Arts and Bachelor of Social Science,degree_flat,-75.0,36,,no_anchor,18880,published_divergent,none,,low,no rule or adjudication applies; default-trust=computed
2025,HUM,HB001SWK03,BA/BSocSc,Social Development,regular,2,48,0,,False,,25160,0,0,75500,Bachelor of Arts and Bachelor of Social Science,degree_flat,-66.7,48,,no_anchor,25160,published_divergent,none,,low,no rule or adjudication applies; default-trust=computed
2025,HUM,HB001SWK03,BA/BSocSc,Social Development,regular,3,54,0,,False,,25160,0,0,75500,Bachelor of Arts and Bachelor of Social Science,degree_flat,-66.7,54,,no_anchor,25160,published_divergent,none,,low,no rule or adjudication applies; default-trust=computed
2025,HUM,HB001TDP09,BA/BSocSc,Theatre and Dance Studies,regular,1,18,0,,False,,9440,0,0,75500,Bachelor of Arts and Bachelor of Social Science,degree_flat,-87.5,18,,no_anchor,9440,published_divergent,none,,low,no rule or adjudication applies; default-trust=computed
2025,HUM,HB001TDP09,BA/BSocSc,Theatre and Dance Studies,regular,2,48,0,,False,,25160,0,0,75500,Bachelor of Arts and Bachelor of Social Science,degree_flat,-66.7,48,,no_anchor,25160,published_divergent,none,,low,no rule or adjudication applies; default-trust=computed
2025,HUM,HB001TDP09,BA/BSocSc,Theatre and Dance Studies,regular,3,120,0,,False,,50320,0,0,75500,Bachelor of Arts and Bachelor of Social Science,degree_flat,-33.4,120,,no_anchor,50320,published_divergent,none,,low,no rule or adjudication applies; default-trust=computed
2025,HUM,HB001XX21,BA/BSocSc,French,regular,2,48,0,,False,,25160,0,0,75500,Bachelor of Arts and Bachelor of Social Science,degree_flat,-66.7,48,,no_anchor,25160,published_divergent,none,,low,no rule or adjudication applies; default-trust=computed
2025,HUM,HB001XX21,BA/BSocSc,French,regular,3,120,0,,False,,50320,0,0,75500,Bachelor of Arts and Bachelor of Social Science,degree_flat,-33.4,120,,no_anchor,50320,published_divergent,none,,low,no rule or adjudication applies; default-trust=computed
2025,HUM,HB001XX23,BA/BSocSc,German,regular,2,48,0,,False,,25160,0,0,75500,Bachelor of Arts and Bachelor of Social Science,degree_flat,-66.7,48,,no_anchor,25160,published_divergent,none,,low,no rule or adjudication applies; default-trust=computed
2025,HUM,HB001XX23,BA/BSocSc,German,regular,3,120,0,,False,,50320,0,0,75500,Bachelor of Arts and Bachelor of Social Science,degree_flat,-33.4,120,,no_anchor,50320,published_divergent,none,,low,no rule or adjudication applies; default-trust=computed
2025,HUM,HB001XX26,BA/BSocSc,Portuguese,regular,2,48,0,,False,,25160,0,0,75500,Bachelor of Arts and Bachelor of Social Science,degree_flat,-66.7,48,,no_anchor,25160,published_divergent,none,,low,no rule or adjudication applies; default-trust=computed
2025,HUM,HB001XX26,BA/BSocSc,Portuguese,regular,3,120,0,,False,,50320,0,0,75500,Bachelor of Arts and Bachelor of Social Science,degree_flat,-33.4,120,,no_anchor,50320,published_divergent,none,,low,no rule or adjudication applies; default-trust=computed
2025,LAW,LB002,LLB,Four-year undergraduate LLB stream,regular,1,144,0,144,False,0,79600,31110,0,76810,Degrees Undergraduate LLB Regular curriculum 1st Year-depending on electives,flat_annual,3.6,144,,consistent,79600,reconciled,none,,high,computed credits equal the stated total
2025,LAW,LB002,LLB,Four-year undergraduate LLB stream,regular,2,156,0,156,False,0,83180,45060,0,76810,Degrees Undergraduate LLB Regular curriculum 1st Year-depending on electives,flat_annual,8.3,156,,consistent,83180,published_divergent,none,,high,computed credits equal the stated total
2025,LAW,LB002,LLB,Four-year undergraduate LLB stream,regular,3,180,0,180,False,0,89440,0,1,76810,Degrees Undergraduate LLB Regular curriculum 1st Year-depending on electives,flat_annual,16.4,180,,consistent,89440,published_divergent,none,,high,computed credits equal the stated total
2025,LAW,LB002,LLB,Four-year undergraduate LLB stream,regular,4,180,0,180,False,0,90300,18580,0,76810,Degrees Undergraduate LLB Regular curriculum 1st Year-depending on electives,flat_annual,17.6,180,,consistent,90300,published_divergent,none,,high,computed credits equal the stated total
2025,LAW,LB003,LLB,Five-year stream,extended,1,90,0,90,False,0,19810,0,2,,,unmatched,,90,,consistent,19810,no_published,none,,high,computed credits equal the stated total
2025,LAW,LB003,LLB,Five-year stream,extended,2,90,0,90,False,0,18880,18880,2,,,unmatched,,90,,consistent,18880,no_published,none,,high,computed credits equal the stated total
2025,LAW,LB003,LLB,Five-year stream,extended,3,120,0,156,False,-36,69807,33547,0,,,unmatched,,120,,unresolved,69807,no_published,none,,low,no rule or adjudication applies; default-trust=computed
2025,LAW,LB003,LLB,Five-year stream,extended,4,144,0,144,False,0,72260,0,1,,,unmatched,,144,,consistent,72260,no_published,none,,high,computed credits equal the stated total
2025,LAW,LB003,LLB,Five-year stream,extended,5,180,2,180,False,0,94120,22400,2,,,unmatched,,180,,unresolved,94120,no_published,none,,low,no rule or adjudication applies; default-trust=computed
2025,LAW,LP001,LLB,Graduate LLB Stream,regular,1,144,0,144,False,0,76240,0,0,76240,Graduate LLB,flat_annual,0.0,144,,consistent,76240,reconciled,none,,high,computed credits equal the stated total
2025,LAW,LP001,LLB,Graduate LLB Stream,regular,2,180,0,180,False,0,89440,0,1,76240,Graduate LLB,flat_annual,17.3,180,,consistent,89440,published_divergent,none,,high,computed credits equal the stated total
2025,LAW,LP001,LLB,Graduate LLB Stream,regular,3,180,0,180,False,0,88660,16940,0,76240,Graduate LLB,flat_annual,16.3,180,,consistent,88660,published_divergent,none,,high,computed credits equal the stated total
2025,FHS,MB001DOM02,,,regular,,455,0,,False,,326860,0,0,,,unmatched,,455,,unresolved,326860,no_published,none,,low,no rule or adjudication applies; default-trust=computed
2025,FHS,MB003AHS09,BSc(OT),Occupational Therapy,regular,1,144,0,144,False,0,84470,0,0,81770,BSc (Occupational Therapy),duration,3.3,144,,consistent,84470,reconciled,none,,high,computed credits equal the stated total
2025,FHS,MB003AHS09,BSc(OT),Occupational Therapy,regular,2,143,0,123,False,20,78100,0,0,78100,BSc (Occupational Therapy),duration,0.0,143,,unresolved,78100,reconciled,none,,low,no rule or adjudication applies; default-trust=computed
2025,FHS,MB003AHS09,BSc(OT),Occupational Therapy,regular,3,148,0,148,False,0,71740,0,0,71740,BSc (Occupational Therapy),duration,0.0,148,,consistent,71740,reconciled,none,,high,computed credits equal the stated total
2025,FHS,MB003AHS09,BSc(OT),Occupational Therapy,regular,4,144,0,144,False,0,91160,0,0,91160,BSc (Occupational Therapy),duration,0.0,144,,consistent,91160,reconciled,none,,high,computed credits equal the stated total
2025,FHS,MB004AHS08,BSc(Physio),Physiotherapy,regular,1,142,0,142,False,0,80240,0,0,80240,BSc (Physiotherapy),duration,0.0,142,,consistent,80240,reconciled,none,,high,computed credits equal the stated total
2025,FHS,MB004AHS08,BSc(Physio),Physiotherapy,regular,2,182,0,164,False,18,101270,0,0,101270,BSc (Physiotherapy),duration,0.0,182,,unresolved,101270,reconciled,none,,low,no rule or adjudication applies; default-trust=computed
2025,FHS,MB004AHS08,BSc(Physio),Physiotherapy,regular,3,170,0,170,False,0,83880,0,0,83880,BSc (Physiotherapy),duration,0.0,170,,consistent,83880,reconciled,none,,high,computed credits equal the stated total
2025,FHS,MB004AHS08,BSc(Physio),Physiotherapy,regular,4,156,0,132,False,24,96870,0,0,96870,BSc (Physiotherapy),duration,0.0,156,,unresolved,96870,reconciled,none,,low,no rule or adjudication applies; default-trust=computed
2025,FHS,MB011,BSc(Audiology),Audiology,regular,1,194,0,176,False,18,101210,0,0,91770,BSc (Audiology),duration,10.3,194,,unresolved,101210,published_divergent,none,,low,no rule or adjudication applies; default-trust=computed
2025,FHS,MB011,BSc(Audiology),Audiology,regular,2,451,0,162,False,289,201530,0,0,95720,BSc (Audiology),duration,110.5,451,,unresolved,201530,published_divergent,none,,low,no rule or adjudication applies; default-trust=computed
2025,FHS,MB011,BSc(Audiology),Audiology,regular,3,258,0,140,False,118,159890,0,0,85690,BSc (Audiology),duration,86.6,258,,unresolved,159890,published_divergent,none,,low,no rule or adjudication applies; default-trust=computed
2025,FHS,MB011,BSc(Audiology),Audiology,regular,4,214,0,124,False,90,152110,0,0,88150,BSc (Audiology),duration,72.6,214,,unresolved,152110,published_divergent,none,,low,no rule or adjudication applies; default-trust=computed
2025,FHS,MB014,MBChB,Medicine,regular,1,167,0,167,False,0,108430,0,0,108800,MBChB,duration,-0.3,167,,consistent,108430,reconciled,none,,high,computed credits equal the stated total
2025,FHS,MB014,MBChB,Medicine,regular,2,165,0,165,False,0,127990,0,0,127990,MBChB,duration,0.0,165,,consistent,127990,reconciled,none,,high,computed credits equal the stated total
2025,FHS,MB014,MBChB,Medicine,regular,3,198,0,198,False,0,137220,0,0,137220,MBChB,duration,0.0,198,,consistent,137220,reconciled,none,,high,computed credits equal the stated total
2025,FHS,MB014,MBChB,Medicine,regular,4,220,0,220,False,0,39710,0,8,143590,MBChB,duration,-72.3,220,,consistent,39710,published_divergent,none,,high,computed credits equal the stated total
2025,FHS,MB014,MBChB,Medicine,regular,5,210,0,210,False,0,28230,0,9,120090,MBChB,duration,-76.5,210,,consistent,28230,published_divergent,none,,high,computed credits equal the stated total
2025,FHS,MB014,MBChB,Medicine,regular,6,254,0,254,False,0,20550,0,9,132140,MBChB,duration,-84.4,254,,consistent,20550,published_divergent,none,,high,computed credits equal the stated total
2025,FHS,MB020,MBChB,Medicine,regular,1,180,0,,False,,126930,0,0,,,unmatched,,180,,unresolved,126930,no_published,none,,low,no rule or adjudication applies; default-trust=computed
2025,FHS,MU002AHS21,,HIGHER CERTIFICATE IN DISABILITY PRACTICE,regular,1,180,0,120,False,60,112340,0,1,,,unmatched,,180,,unresolved,112340,no_published,none,,low,no rule or adjudication applies; default-trust=computed
2025,FHS,MU002AHS21,,HIGHER CERTIFICATE IN DISABILITY PRACTICE,regular,2,221,0,,False,,71150,0,4,,,unmatched,,221,,unresolved,71150,no_published,none,,low,no rule or adjudication applies; default-trust=computed
2025,FHS,MU003MDN27,,ADVANCED DIPLOMA IN COSMETIC FORMULATION SCIENCE,regular,1,105,0,120,False,-15,50550,0,0,,,unmatched,,105,,unresolved,50550,no_published,none,,low,no rule or adjudication applies; default-trust=computed
2025,SCI,SB001AGE01,BSc,Archaeology,regular,1,72,0,,False,,20740,0,1,83000,Bachelor of Science,degree_flat,-75.0,72,,no_anchor,20740,published_divergent,none,,low,no rule or adjudication applies; default-trust=computed
2025,SCI,SB001AGE01,BSc,Archaeology,regular,2,48,0,,False,,27340,0,0,82000,Bachelor of Science,degree_flat,-66.7,48,,no_anchor,27340,published_divergent,none,,low,no rule or adjudication applies; default-trust=computed
2025,SCI,SB001AGE01,BSc,Archaeology,regular,3,108,0,,False,,61650,0,0,82000,Bachelor of Science,degree_flat,-24.8,108,,no_anchor,61650,published_divergent,none,,low,no rule or adjudication applies; default-trust=computed
2025,SCI,SB001AST02,BSc,Astrophysics,regular,1,90,0,,False,,30920,0,1,83000,Bachelor of Science,degree_flat,-62.7,90,,no_anchor,30920,published_divergent,none,,low,no rule or adjudication applies; default-trust=computed
2025,SCI,SB001AST02,BSc,Astrophysics,regular,2,120,0,,False,,68500,0,0,82000,Bachelor of Science,degree_flat,-16.5,120,,no_anchor,68500,published_divergent,none,,low,no rule or adjudication applies; default-trust=computed
2025,SCI,SB001AST02,BSc,Astrophysics,regular,3,72,0,,False,,41100,0,0,82000,Bachelor of Science,degree_flat,-49.9,72,,no_anchor,41100,published_divergent,none,,low,no rule or adjudication applies; default-trust=computed
2025,SCI,SB001BIO05,BSc,Marine Biology,regular,1,108,0,,False,,62030,0,0,83000,Bachelor of Science,degree_flat,-25.3,108,,no_anchor,62030,published_divergent,none,,low,no rule or adjudication applies; default-trust=computed
2025,SCI,SB001BIO05,BSc,Marine Biology,regular,2,120,0,,False,,68350,0,0,82000,Bachelor of Science,degree_flat,-16.6,120,,no_anchor,68350,published_divergent,none,,low,no rule or adjudication applies; default-trust=computed
2025,SCI,SB001BIO05,BSc,Marine Biology,regular,3,72,0,,False,,41100,0,0,82000,Bachelor of Science,degree_flat,-49.9,72,,no_anchor,41100,published_divergent,none,,low,no rule or adjudication applies; default-trust=computed
2025,SCI,SB001BIO12,BSc,Biology,regular,1,108,0,,False,,62030,0,0,83000,Bachelor of Science,degree_flat,-25.3,108,,no_anchor,62030,published_divergent,none,,low,no rule or adjudication applies; default-trust=computed
2025,SCI,SB001BIO12,BSc,Biology,regular,2,96,0,,False,,54680,0,0,82000,Bachelor of Science,degree_flat,-33.3,96,,no_anchor,54680,published_divergent,none,,low,no rule or adjudication applies; default-trust=computed
2025,SCI,SB001BIO12,BSc,Biology,regular,3,144,0,,False,,82200,0,0,82000,Bachelor of Science,degree_flat,0.2,144,,no_anchor,82200,reconciled,none,,low,no rule or adjudication applies; default-trust=computed
2025,SCI,SB001BIO13,BSc,Quantitative Biology,regular,1,54,0,,False,,31110,0,0,83000,Bachelor of Science,degree_flat,-62.5,54,,no_anchor,31110,published_divergent,none,,low,no rule or adjudication applies; default-trust=computed
2025,SCI,SB001BIO13,BSc,Quantitative Biology,regular,2,96,0,,False,,54680,0,0,82000,Bachelor of Science,degree_flat,-33.3,96,,no_anchor,54680,published_divergent,none,,low,no rule or adjudication applies; default-trust=computed
2025,SCI,SB001BIO13,BSc,Quantitative Biology,regular,3,36,0,,False,,20550,0,0,82000,Bachelor of Science,degree_flat,-74.9,36,,no_anchor,20550,published_divergent,none,,low,no rule or adjudication applies; default-trust=computed
2025,SCI,SB001CEM01,BSc,Chemistry,regular,1,108,0,,False,,41100,0,1,83000,Bachelor of Science,degree_flat,-50.5,108,,no_anchor,41100,published_divergent,none,,low,no rule or adjudication applies; default-trust=computed
2025,SCI,SB001CEM01,BSc,Chemistry,regular,2,48,0,,False,,27300,0,0,82000,Bachelor of Science,degree_flat,-66.7,48,,no_anchor,27300,published_divergent,none,,low,no rule or adjudication applies; default-trust=computed
2025,SCI,SB001CEM01,BSc,Chemistry,regular,3,72,0,,False,,40950,0,0,82000,Bachelor of Science,degree_flat,-50.1,72,,no_anchor,40950,published_divergent,none,,low,no rule or adjudication applies; default-trust=computed
2025,SCI,SB001CSC02,BSc,Business Computing,regular,1,69,0,,False,,41090,0,0,83000,Bachelor of Science,degree_flat,-50.5,69,,no_anchor,41090,published_divergent,none,,low,no rule or adjudication applies; default-trust=computed
2025,SCI,SB001CSC02,BSc,Business Computing,regular,2,42,0,,False,,23920,0,0,82000,Bachelor of Science,degree_flat,-70.8,42,,no_anchor,23920,published_divergent,none,,low,no rule or adjudication applies; default-trust=computed
2025,SCI,SB001CSC02,BSc,Business Computing,regular,3,54,0,,False,,31320,0,0,82000,Bachelor of Science,degree_flat,-61.8,54,,no_anchor,31320,published_divergent,none,,low,no rule or adjudication applies; default-trust=computed
2025,SCI,SB001CSC03,BSc,Computer Engineering,regular,1,72,0,,False,,20280,0,1,83000,Bachelor of Science,degree_flat,-75.6,72,,no_anchor,20280,published_divergent,none,,low,no rule or adjudication applies; default-trust=computed
2025,SCI,SB001CSC03,BSc,Computer Engineering,regular,2,42,0,,False,,26010,0,0,82000,Bachelor of Science,degree_flat,-68.3,42,,no_anchor,26010,published_divergent,none,,low,no rule or adjudication applies; default-trust=computed
2025,SCI,SB001CSC03,BSc,Computer Engineering,regular,3,54,0,,False,,32030,0,0,82000,Bachelor of Science,degree_flat,-60.9,54,,no_anchor,32030,published_divergent,none,,low,no rule or adjudication applies; default-trust=computed
2025,SCI,SB001CSC05,BSc,Computer Science,regular,1,54,0,,False,,30650,0,0,83000,Bachelor of Science,degree_flat,-63.1,54,,no_anchor,30650,published_divergent,none,,low,no rule or adjudication applies; default-trust=computed
2025,SCI,SB001CSC05,BSc,Computer Science,regular,2,90,0,,False,,50671,0,0,82000,Bachelor of Science,degree_flat,-38.2,90,,no_anchor,50671,published_divergent,none,,low,no rule or adjudication applies; default-trust=computed
2025,SCI,SB001CSC05,BSc,Computer Science,regular,3,72,0,,False,,40280,0,0,82000,Bachelor of Science,degree_flat,-50.9,72,,no_anchor,40280,published_divergent,none,,low,no rule or adjudication applies; default-trust=computed
2025,SCI,SB001CSC08,BSc,Artificial Intelligence,regular,1,90,0,,False,,51390,0,0,83000,Bachelor of Science,degree_flat,-38.1,90,,no_anchor,51390,published_divergent,none,,low,no rule or adjudication applies; default-trust=computed
2025,SCI,SB001CSC08,BSc,Artificial Intelligence,regular,2,96,0,,False,,53950,0,0,82000,Bachelor of Science,degree_flat,-34.2,96,,no_anchor,53950,published_divergent,none,,low,no rule or adjudication applies; default-trust=computed
2025,SCI,SB001CSC08,BSc,Artificial Intelligence,regular,3,72,0,,False,,0,0,4,82000,Bachelor of Science,degree_flat,,72,,no_anchor,0,published_divergent,none,,low,no rule or adjudication applies; default-trust=computed
2025,SCI,SB001EGS02,BSc,Environmental & Geographical Science,regular,1,72,0,,False,,20740,0,1,83000,Bachelor of Science,degree_flat,-75.0,72,,no_anchor,20740,published_divergent,none,,low,no rule or adjudication applies; default-trust=computed
2025,SCI,SB001EGS02,BSc,Environmental & Geographical Science,regular,2,48,0,,False,,27340,0,0,82000,Bachelor of Science,degree_flat,-66.7,48,,no_anchor,27340,published_divergent,none,,low,no rule or adjudication applies; default-trust=computed
2025,SCI,SB001EGS02,BSc,Environmental & Geographical Science,regular,3,144,0,,False,,82200,0,0,82000,Bachelor of Science,degree_flat,0.2,144,,no_anchor,82200,reconciled,none,,low,no rule or adjudication applies; default-trust=computed
2025,SCI,SB001GEO02,BSc,Geology,regular,1,126,0,,False,,52170,0,1,83000,Bachelor of Science,degree_flat,-37.1,126,,no_anchor,52170,published_divergent,none,,low,no rule or adjudication applies; default-trust=computed
2025,SCI,SB001GEO02,BSc,Geology,regular,2,48,0,,False,,27340,0,0,82000,Bachelor of Science,degree_flat,-66.7,48,,no_anchor,27340,published_divergent,none,,low,no rule or adjudication applies; default-trust=computed
2025,SCI,SB001GEO02,BSc,Geology,regular,3,72,0,,False,,41100,0,0,82000,Bachelor of Science,degree_flat,-49.9,72,,no_anchor,41100,published_divergent,none,,low,no rule or adjudication applies; default-trust=computed
2025,SCI,SB001HUB17,BSc,Human Anatomy & Physiology,regular,1,108,0,,False,,41290,0,1,83000,Bachelor of Science,degree_flat,-50.3,108,,no_anchor,41290,published_divergent,none,,low,no rule or adjudication applies; default-trust=computed
2025,SCI,SB001HUB17,BSc,Human Anatomy & Physiology,regular,2,48,0,,False,,27340,0,0,82000,Bachelor of Science,degree_flat,-66.7,48,,no_anchor,27340,published_divergent,none,,low,no rule or adjudication applies; default-trust=computed
2025,SCI,SB001HUB17,BSc,Human Anatomy & Physiology,regular,3,72,0,,False,,41340,0,0,82000,Bachelor of Science,degree_flat,-49.6,72,,no_anchor,41340,published_divergent,none,,low,no rule or adjudication applies; default-trust=computed
2025,SCI,SB001MAM01,BSc,Applied Mathematics,regular,1,72,0,,False,,20740,0,1,83000,Bachelor of Science,degree_flat,-75.0,72,,no_anchor,20740,published_divergent,none,,low,no rule or adjudication applies; default-trust=computed
2025,SCI,SB001MAM01,BSc,Applied Mathematics,regular,2,48,0,,False,,27440,0,0,82000,Bachelor of Science,degree_flat,-66.5,48,,no_anchor,27440,published_divergent,none,,low,no rule or adjudication applies; default-trust=computed
2025,SCI,SB001MAM01,BSc,Applied Mathematics,regular,3,108,0,,False,,61560,0,0,82000,Bachelor of Science,degree_flat,-24.9,108,,no_anchor,61560,published_divergent,none,,low,no rule or adjudication applies; default-trust=computed
2025,SCI,SB001MAM02,BSc,Mathematics,regular,1,54,0,,False,,10370,0,1,83000,Bachelor of Science,degree_flat,-87.5,54,,no_anchor,10370,published_divergent,none,,low,no rule or adjudication applies; default-trust=computed
2025,SCI,SB001MAM02,BSc,Mathematics,regular,2,48,0,,False,,27440,0,0,82000,Bachelor of Science,degree_flat,-66.5,48,,no_anchor,27440,published_divergent,none,,low,no rule or adjudication applies; default-trust=computed
2025,SCI,SB001MAM02,BSc,Mathematics,regular,3,108,0,,False,,61560,0,0,82000,Bachelor of Science,degree_flat,-24.9,108,,no_anchor,61560,published_divergent,none,,low,no rule or adjudication applies; default-trust=computed
2025,SCI,SB001MCB01,BSc,Biochemistry,regular,1,108,0,,False,,62030,0,0,83000,Bachelor of Science,degree_flat,-25.3,108,,no_anchor,62030,published_divergent,none,,low,no rule or adjudication applies; default-trust=computed
2025,SCI,SB001MCB01,BSc,Biochemistry,regular,2,72,0,,False,,41010,0,0,82000,Bachelor of Science,degree_flat,-50.0,72,,no_anchor,41010,published_divergent,none,,low,no rule or adjudication applies; default-trust=computed
2025,SCI,SB001MCB01,BSc,Biochemistry,regular,3,72,0,,False,,41100,0,0,82000,Bachelor of Science,degree_flat,-49.9,72,,no_anchor,41100,published_divergent,none,,low,no rule or adjudication applies; default-trust=computed
2025,SCI,SB001MCB04,BSc,Genetics,regular,1,108,0,,False,,62030,0,0,83000,Bachelor of Science,degree_flat,-25.3,108,,no_anchor,62030,published_divergent,none,,low,no rule or adjudication applies; default-trust=computed
2025,SCI,SB001MCB04,BSc,Genetics,regular,2,72,0,,False,,41010,0,0,82000,Bachelor of Science,degree_flat,-50.0,72,,no_anchor,41010,published_divergent,none,,low,no rule or adjudication applies; default-trust=computed
2025,SCI,SB001MCB04,BSc,Genetics,regular,3,72,0,,False,,41100,0,0,82000,Bachelor of Science,degree_flat,-49.9,72,,no_anchor,41100,published_divergent,none,,low,no rule or adjudication applies; default-trust=computed
2025,SCI,SB001PHY01,BSc,Physics,regular,1,108,0,,False,,41290,0,1,83000,Bachelor of Science,degree_flat,-50.3,108,,no_anchor,41290,published_divergent,none,,low,no rule or adjudication applies; default-trust=computed
2025,SCI,SB001PHY01,BSc,Physics,regular,2,72,0,,False,,41160,0,0,82000,Bachelor of Science,degree_flat,-49.8,72,,no_anchor,41160,published_divergent,none,,low,no rule or adjudication applies; default-trust=computed
2025,SCI,SB001PHY01,BSc,Physics,regular,3,72,0,,False,,40950,0,0,82000,Bachelor of Science,degree_flat,-50.1,72,,no_anchor,40950,published_divergent,none,,low,no rule or adjudication applies; default-trust=computed
2025,SCI,SB001SEA03,BSc,Ocean & Atmosphere Science,regular,1,108,0,,False,,41800,0,1,83000,Bachelor of Science,degree_flat,-49.6,108,,no_anchor,41800,published_divergent,none,,low,no rule or adjudication applies; default-trust=computed
2025,SCI,SB001SEA03,BSc,Ocean & Atmosphere Science,regular,2,48,0,,False,,27340,0,0,82000,Bachelor of Science,degree_flat,-66.7,48,,no_anchor,27340,published_divergent,none,,low,no rule or adjudication applies; default-trust=computed
2025,SCI,SB001SEA03,BSc,Ocean & Atmosphere Science,regular,3,72,0,,False,,41100,0,0,82000,Bachelor of Science,degree_flat,-49.9,72,,no_anchor,41100,published_divergent,none,,low,no rule or adjudication applies; default-trust=computed
2025,SCI,SB001STA01,BSc,Applied Statistics,regular,1,54,0,,False,,10370,0,1,83000,Bachelor of Science,degree_flat,-87.5,54,,no_anchor,10370,published_divergent,none,,low,no rule or adjudication applies; default-trust=computed
2025,SCI,SB001STA01,BSc,Applied Statistics,regular,2,24,0,,False,,13410,0,0,82000,Bachelor of Science,degree_flat,-83.6,24,,no_anchor,13410,published_divergent,none,,low,no rule or adjudication applies; default-trust=computed
2025,SCI,SB001STA01,BSc,Applied Statistics,regular,3,72,0,,False,,40280,0,0,82000,Bachelor of Science,degree_flat,-50.9,72,,no_anchor,40280,published_divergent,none,,low,no rule or adjudication applies; default-trust=computed
2025,SCI,SB001STA02,BSc,Mathematical Statistics,regular,1,54,0,,False,,10370,0,1,83000,Bachelor of Science,degree_flat,-87.5,54,,no_anchor,10370,published_divergent,none,,low,no rule or adjudication applies; default-trust=computed
2025,SCI,SB001STA02,BSc,Mathematical Statistics,regular,2,48,0,,False,,26820,0,0,82000,Bachelor of Science,degree_flat,-67.3,48,,no_anchor,26820,published_divergent,none,,low,no rule or adjudication applies; default-trust=computed
2025,SCI,SB001STA02,BSc,Mathematical Statistics,regular,3,72,0,,False,,40280,0,0,82000,Bachelor of Science,degree_flat,-50.9,72,,no_anchor,40280,published_divergent,none,,low,no rule or adjudication applies; default-trust=computed
2025,SCI,SB001STA13,BSc,Statistics & Data Science,regular,1,72,0,,False,,41020,0,0,83000,Bachelor of Science,degree_flat,-50.6,72,,no_anchor,41020,published_divergent,none,,low,no rule or adjudication applies; default-trust=computed
2025,SCI,SB001STA13,BSc,Statistics & Data Science,regular,2,168,0,,False,,94180,0,0,82000,Bachelor of Science,degree_flat,14.9,168,,no_anchor,94180,published_divergent,none,,low,no rule or adjudication applies; default-trust=computed
2025,SCI,SB001STA13,BSc,Statistics & Data Science,regular,3,144,0,,False,,80560,0,0,82000,Bachelor of Science,degree_flat,-1.8,144,,no_anchor,80560,reconciled,none,,low,no rule or adjudication applies; default-trust=computed
2026,COM,CB001ACC04,BCom,Financial Accounting: Chartered Accountant,regular,1,159,0,159,False,0,96840,0,0,96840,Bachelor of Commerce specialising in Financial | Chartered Accounting Stream,label_match,0.0,159,,consistent,96840,reconciled,none,,high,computed credits equal the stated total
2026,COM,CB001ACC04,BCom,Financial Accounting: Chartered Accountant,regular,2,144,0,144,False,0,87760,0,0,87760,Bachelor of Commerce specialising in Financial | Chartered Accounting Stream,label_match,0.0,144,,consistent,87760,reconciled,none,,high,computed credits equal the stated total
2026,COM,CB001ACC04,BCom,Financial Accounting: Chartered Accountant,regular,3,174,0,192,False,-18,128060,0,0,128060,Bachelor of Commerce specialising in Financial | Chartered Accounting Stream,label_match,0.0,174,,unresolved,128060,reconciled,none,,low,no rule or adjudication applies; default-trust=computed
2026,COM,CB001ACC08,BCom,Financial Accounting: General Accounting,regular,1,159,0,159,False,0,96840,0,0,96840,Bachelor of Commerce specialising in Financial Accounting General Accounting Stream,label_match,0.0,159,,consistent,96840,reconciled,none,,high,computed credits equal the stated total
2026,COM,CB001ACC08,BCom,Financial Accounting: General Accounting,regular,2,126,0,126,False,0,77120,0,0,77120,Bachelor of Commerce specialising in Financial Accounting General Accounting Stream,label_match,0.0,126,,consistent,77120,reconciled,none,,high,computed credits equal the stated total
2026,COM,CB001ACC08,BCom,Financial Accounting: General Accounting,regular,3,168,0,168,False,0,116620,0,0,116620,Bachelor of Commerce specialising in Financial Accounting General Accounting Stream,label_match,0.0,168,,consistent,116620,reconciled,none,,high,computed credits equal the stated total
2026,COM,CB001BUS06,BCom,Management Studies,regular,1,150,0,150,False,0,94030,10860,0,94030,BCom in the field of Management Studies,label_match,0.0,150,,consistent,94030,reconciled,none,,high,computed credits equal the stated total
2026,COM,CB001BUS06,BCom,Management Studies,regular,2,72,0,144,False,-72,42710,0,0,92870,BCom in the field of Management Studies,label_match,-54.0,72,,unresolved,42710,published_divergent,none,,low,no rule or adjudication applies; default-trust=computed
2026,COM,CB001BUS06,BCom,Management Studies,regular,3,120,0,120,False,0,73600,73600,0,77280,BCom in the field of Management Studies,label_match,-4.8,120,,consistent,73600,reconciled,none,,high,computed credits equal the stated total
2026,COM,CB001ECO02,BCom,Economics and Finance,regular,1,132,0,132,False,0,82990,0,0,82990,BCom specialising in Economics & Finance,label_match,0.0,132,,consistent,82990,reconciled,none,,high,computed credits equal the stated total
2026,COM,CB001ECO02,BCom,Economics and Finance,regular,2,132,0,156,True,-24,79230,11040,0,101310,BCom specialising in Economics & Finance,label_match,-21.8,132,,unresolved,79230,published_divergent,none,,low,no rule or adjudication applies; default-trust=computed
2026,COM,CB001ECO02,BCom,Economics and Finance,regular,3,144,0,144,True,0,87920,11040,0,87920,BCom specialising in Economics & Finance,label_match,0.0,144,,consistent,87920,reconciled,none,,high,computed credits equal the stated total
2026,COM,CB001ECO03,BCom,Economics with Law,regular,1,132,0,132,False,0,82990,0,0,82990,BCom specialising in Economics with Law,label_match,0.0,132,,consistent,82990,reconciled,none,,high,computed credits equal the stated total
2026,COM,CB001ECO03,BCom,Economics with Law,regular,2,144,1,144,False,0,83670,0,1,85800,BCom specialising in Economics with Law,label_match,-2.5,144,,unresolved,83670,reconciled,none,,low,no rule or adjudication applies; default-trust=computed
2026,COM,CB001ECO03,BCom,Economics with Law,regular,3,252,1,144,False,108,150310,0,1,95110,BCom specialising in Economics with Law,label_match,58.0,144,,resolved_manual,150310,published_divergent,R3,COM-2026-001,high,"The year table lists a module menu with no printed selection rule, so the row sum counts every offering; the stated total is the only authoritative signal of the intended load and is stable across editions. Computed fee is left as the sum of listed modules and will show as published_divergent until the menu rule is confirmed."
2026,COM,CB001ECO04,BCom,Economics and Statistics,regular,1,132,0,132,False,0,82990,0,0,82990,BCom specialising in Economics & Statistics,label_match,0.0,132,,consistent,82990,reconciled,none,,high,computed credits equal the stated total
2026,COM,CB001ECO04,BCom,Economics and Statistics,regular,2,302,1,156,True,146,167240,0,2,92870,BCom specialising in Economics & Statistics,label_match,80.1,156,,resolved_manual,167240,published_divergent,R3,COM-2026-002,high,"The year table lists a module menu with no printed selection rule, so the row sum counts every offering; the stated total is the only authoritative signal of the intended load and is stable across editions. Computed fee is left as the sum of listed modules and will show as published_divergent until the menu rule is confirmed."
2026,COM,CB001ECO04,BCom,Economics and Statistics,regular,3,252,0,144,True,108,129480,11040,2,108400,BCom specialising in Economics & Statistics,label_match,19.4,252,,consistent,129480,published_divergent,none,,high,computed credits equal the stated total
2026,COM,CB001INF01,BCom,Information Systems,regular,1,132,0,132,False,0,82300,0,0,82300,BCom specialising in Information Systems,label_match,0.0,132,,consistent,82300,reconciled,none,,high,computed credits equal the stated total
2026,COM,CB001INF01,BCom,Information Systems,regular,2,144,0,144,False,0,88150,10930,0,77220,BCom specialising in Information Systems,label_match,14.2,144,,consistent,88150,published_divergent,none,,high,computed credits equal the stated total
2026,COM,CB001INF01,BCom,Information Systems,regular,3,156,0,156,False,0,98560,21860,0,76700,BCom specialising in Information Systems,label_match,28.5,156,,consistent,98560,published_divergent,none,,high,computed credits equal the stated total
2026,COM,CB001INF06,BCom,Information Systems and Computer Science,regular,1,132,0,132,False,0,82330,0,0,81790,BCom specialising in Information Systems & Computer Science,label_match,0.7,132,,consistent,82330,reconciled,none,,high,computed credits equal the stated total
2026,COM,CB001INF06,BCom,Information Systems and Computer Science,regular,2,162,0,162,False,0,95910,0,0,81650,BCom specialising in Information Systems & Computer Science,label_match,17.5,162,,consistent,95910,published_divergent,none,,high,computed credits equal the stated total
2026,COM,CB001INF06,BCom,Information Systems and Computer Science,regular,3,144,0,144,False,0,86320,0,0,86320,BCom specialising in Information Systems & Computer Science,label_match,0.0,144,,consistent,86320,reconciled,none,,high,computed credits equal the stated total
2026,COM,CB001INF11,BCom,Information Systems and Finance,regular,1,150,0,150,False,0,94030,0,0,94030,BCom specialising in Information Systems & Finance,label_match,0.0,150,,consistent,94030,reconciled,none,,high,computed credits equal the stated total
2026,COM,CB001INF11,BCom,Information Systems and Finance,regular,2,162,0,162,False,0,98430,0,0,98430,BCom specialising in Information Systems & Finance,label_match,0.0,162,,consistent,98430,reconciled,none,,high,computed credits equal the stated total
2026,COM,CB001INF11,BCom,Information Systems and Finance,regular,3,150,0,150,False,0,90920,0,0,90920,BCom specialising in Information Systems & Finance,label_match,0.0,150,,consistent,90920,reconciled,none,,high,computed credits equal the stated total
2026,COM,CB001PHI03,BCom,"Philosophy, Politics & Economics",regular,1,123,0,132,False,-9,79870,0,0,76520,"BCom specialising in Philosophy, Politics & Economics",label_match,4.4,123,,unresolved,79870,reconciled,none,,low,no rule or adjudication applies; default-trust=computed
2026,COM,CB001PHI03,BCom,"Philosophy, Politics & Economics",regular,2,225,2,156,False,69,143920,0,2,67210,"BCom specialising in Philosophy, Politics & Economics",label_match,114.1,225,,unresolved,143920,published_divergent,none,,low,no rule or adjudication applies; default-trust=computed
2026,COM,CB001PHI03,BCom,"Philosophy, Politics & Economics",regular,3,222,3,150,True,72,110010,11040,3,83670,"BCom specialising in Philosophy, Politics & Economics",label_match,31.5,222,,unresolved,110010,published_divergent,none,,low,no rule or adjudication applies; default-trust=computed
2026,COM,CB003BUS01,BBusSc,Actuarial Science,regular,1,180,0,180,False,0,110160,0,0,110580,Bachelor of Business Science BBusSc specialising in Actuarial Science,label_match,-0.4,180,,consistent,110160,reconciled,none,,high,computed credits equal the stated total
2026,COM,CB003BUS01,BBusSc,Actuarial Science,regular,2,186,0,186,False,0,111950,0,0,111950,Bachelor of Business Science BBusSc specialising in Actuarial Science,label_match,0.0,186,,consistent,111950,reconciled,none,,high,computed credits equal the stated total
2026,COM,CB003BUS01,BBusSc,Actuarial Science,regular,3,180,0,180,False,0,88630,0,2,109710,Bachelor of Business Science BBusSc specialising in Actuarial Science,label_match,-19.2,180,,consistent,88630,published_divergent,none,,high,computed credits equal the stated total
2026,COM,CB003BUS01,BBusSc,Actuarial Science,regular,4,156,0,156,False,0,83550,0,0,83550,Bachelor of Business Science BBusSc specialising in Actuarial Science,label_match,0.0,156,,consistent,83550,reconciled,none,,high,computed credits equal the stated total
2026,COM,CB003BUS09,BBusSc,Actuarial Science: Quantitative Finance,regular,1,180,0,180,False,0,110160,0,0,98760,BBusSc specialising in Actuarial Science: Quantitative Finance Stream,label_match,11.5,180,,consistent,110160,published_divergent,none,,high,computed credits equal the stated total
2026,COM,CB003BUS09,BBusSc,Actuarial Science: Quantitative Finance,regular,2,186,0,186,False,0,111950,0,0,97910,BBusSc specialising in Actuarial Science: Quantitative Finance Stream,label_match,14.3,186,,consistent,111950,published_divergent,none,,high,computed credits equal the stated total
2026,COM,CB003BUS09,BBusSc,Actuarial Science: Quantitative Finance,regular,3,198,0,198,False,0,96960,0,2,96960,BBusSc specialising in Actuarial Science: Quantitative Finance Stream,label_match,0.0,198,,consistent,96960,reconciled,none,,high,computed credits equal the stated total
2026,COM,CB003BUS09,BBusSc,Actuarial Science: Quantitative Finance,regular,4,129,0,129,False,0,77050,0,0,77050,BBusSc specialising in Actuarial Science: Quantitative Finance Stream,label_match,0.0,129,,consistent,77050,reconciled,none,,high,computed credits equal the stated total
2026,COM,CB004BUS07,BBusSc,Marketing,regular,1,132,0,132,False,0,83170,0,0,83170,BBusSc specialising in Marketing,label_match,0.0,132,,consistent,83170,reconciled,none,,high,computed credits equal the stated total
2026,COM,CB004BUS07,BBusSc,Marketing,regular,2,114,0,114,False,0,67790,0,0,67790,BBusSc specialising in Marketing,label_match,0.0,114,,consistent,67790,reconciled,none,,high,computed credits equal the stated total
2026,COM,CB004BUS07,BBusSc,Marketing,regular,3,144,0,144,False,0,76280,0,0,76280,BBusSc specialising in Marketing,label_match,0.0,144,,consistent,76280,reconciled,none,,high,computed credits equal the stated total
2026,COM,CB004BUS07,BBusSc,Marketing,regular,4,162,0,162,False,0,97030,0,0,97030,BBusSc specialising in Marketing,label_match,0.0,162,,consistent,97030,reconciled,none,,high,computed credits equal the stated total
2026,COM,CB004BUS28,BBusSc,Industrial and Organisational Psychology,regular,1,138,0,138,False,0,86360,0,0,,,unmatched,,138,,consistent,86360,no_published,none,,high,computed credits equal the stated total
2026,COM,CB004BUS28,BBusSc,Industrial and Organisational Psychology,regular,2,132,0,132,False,0,81760,0,0,,,unmatched,,132,,consistent,81760,no_published,none,,high,computed credits equal the stated total
2026,COM,CB004BUS28,BBusSc,Industrial and Organisational Psychology,regular,3,136,0,154,False,-18,84140,0,0,,,unmatched,,136,,unresolved,84140,no_published,none,,low,no rule or adjudication applies; default-trust=computed
2026,COM,CB004BUS28,BBusSc,Industrial and Organisational Psychology,regular,4,138,0,138,False,0,91580,0,0,,,unmatched,,138,,consistent,91580,no_published,none,,high,computed credits equal the stated total
2026,COM,CB004CSC05,BBusSc,Computer Science,regular,1,144,0,162,False,-18,87660,0,0,87660,BBusSc specialising in Computer Science,label_match,0.0,144,,resolved_computed,87660,reconciled,R1a,R1a,high,"stated total exceeds the taken-course sum by exactly the credits of the non-taken alternatives (all choice groups, 18 cr) — the printed total double-counts choices"
2026,COM,CB004CSC05,BBusSc,Computer Science,regular,2,168,0,168,True,0,101400,0,0,104400,BBusSc specialising in Computer Science,label_match,-2.9,168,,consistent,101400,reconciled,none,,high,computed credits equal the stated total
2026,COM,CB004CSC05,BBusSc,Computer Science,regular,3,144,0,144,False,0,86320,0,0,86320,BBusSc specialising in Computer Science,label_match,0.0,144,,consistent,86320,reconciled,none,,high,computed credits equal the stated total
2026,COM,CB004CSC05,BBusSc,Computer Science,regular,4,244,0,160,False,84,121440,0,0,71720,BBusSc specialising in Computer Science,label_match,69.3,160,,resolved_manual,121440,published_divergent,R3,COM-2026-003,high,"The year table lists a module menu with no printed selection rule, so the row sum counts every offering; the stated total is the only authoritative signal of the intended load and is stable across editions. Computed fee is left as the sum of listed modules and will show as published_divergent until the menu rule is confirmed."
2026,COM,CB004ECO01,BBusSc,Economics,regular,1,132,0,132,False,0,82990,0,0,82990,BBusSc specialising in Economics,label_match,0.0,132,,consistent,82990,reconciled,none,,high,computed credits equal the stated total
2026,COM,CB004ECO01,BBusSc,Economics,regular,2,156,0,156,False,0,93270,0,0,93270,BBusSc specialising in Economics,label_match,0.0,156,,consistent,93270,reconciled,none,,high,computed credits equal the stated total
2026,COM,CB004ECO01,BBusSc,Economics,regular,3,216,1,162,True,54,130080,11040,1,109000,BBusSc specialising in Economics,label_match,19.3,216,,unresolved,130080,published_divergent,none,,low,no rule or adjudication applies; default-trust=computed
2026,COM,CB004ECO01,BBusSc,Economics,regular,4,140,0,140,False,0,93350,0,0,93350,BBusSc specialising in Economics,label_match,0.0,140,,consistent,93350,reconciled,none,,high,computed credits equal the stated total
2026,COM,CB004ECO03,BBusSc,Economics with Law,regular,1,132,0,132,False,0,82990,0,0,82990,BBusSc specialising in Economics with Law,label_match,0.0,132,,consistent,82990,reconciled,none,,high,computed credits equal the stated total
2026,COM,CB004ECO03,BBusSc,Economics with Law,regular,2,168,0,168,False,0,98110,0,0,98110,BBusSc specialising in Economics with Law,label_match,0.0,168,,consistent,98110,reconciled,none,,high,computed credits equal the stated total
2026,COM,CB004ECO03,BBusSc,Economics with Law,regular,3,162,0,162,False,0,94710,11040,0,94710,BBusSc specialising in Economics with Law,label_match,0.0,162,,consistent,94710,reconciled,none,,high,computed credits equal the stated total
2026,COM,CB004ECO03,BBusSc,Economics with Law,regular,4,158,0,158,False,0,104390,0,0,104390,BBusSc specialising in Economics with Law,label_match,0.0,158,,consistent,104390,reconciled,none,,high,computed credits equal the stated total
2026,COM,CB004FTX04,BBusSc,Finance with Accounting,regular,1,159,0,159,False,0,97710,0,0,97710,BBusSc specialising in Finance with Accounting (CA Option),label_match,0.0,159,,consistent,97710,reconciled,none,,high,computed credits equal the stated total
2026,COM,CB004FTX04,BBusSc,Finance with Accounting,regular,2,180,0,180,False,0,109220,0,0,109220,BBusSc specialising in Finance with Accounting (CA Option),label_match,0.0,180,,consistent,109220,reconciled,none,,high,computed credits equal the stated total
2026,COM,CB004FTX04,BBusSc,Finance with Accounting,regular,3,170,0,170,False,0,109030,0,0,109030,BBusSc specialising in Finance with Accounting (CA Option),label_match,0.0,170,,consistent,109030,reconciled,none,,high,computed credits equal the stated total
2026,COM,CB004FTX04,BBusSc,Finance with Accounting,regular,4,166,0,166,False,0,110160,0,0,110160,BBusSc specialising in Finance with Accounting (CA Option),label_match,0.0,166,,consistent,110160,reconciled,none,,high,computed credits equal the stated total
2026,COM,CB004FTX05,BBusSc,Finance,regular,1,150,0,150,False,0,94030,0,0,94030,BBusSc specialising in Finance (Non CA Option),label_match,0.0,150,,consistent,94030,reconciled,none,,high,computed credits equal the stated total
2026,COM,CB004FTX05,BBusSc,Finance,regular,2,168,0,168,False,0,100910,0,0,100910,BBusSc specialising in Finance (Non CA Option),label_match,0.0,168,,consistent,100910,reconciled,none,,high,computed credits equal the stated total
2026,COM,CB004FTX05,BBusSc,Finance,regular,3,162,0,162,False,0,98360,11040,0,87320,BBusSc specialising in Finance (Non CA Option),label_match,12.6,162,,consistent,98360,published_divergent,none,,high,computed credits equal the stated total
2026,COM,CB004FTX05,BBusSc,Finance,regular,4,126,0,126,False,0,77360,0,0,77360,BBusSc specialising in Finance (Non CA Option),label_match,0.0,126,,consistent,77360,reconciled,none,,high,computed credits equal the stated total
2026,COM,CB004INF01,BBusSc,Information Systems,regular,1,150,0,150,False,0,94030,0,0,77460,BBusSc specialising in Information Systems,label_match,21.4,150,,consistent,94030,published_divergent,none,,high,computed credits equal the stated total
2026,COM,CB004INF01,BBusSc,Information Systems,regular,2,150,0,150,False,0,90390,0,0,90390,BBusSc specialising in Information Systems,label_match,0.0,150,,consistent,90390,reconciled,none,,high,computed credits equal the stated total
2026,COM,CB004INF01,BBusSc,Information Systems,regular,3,156,0,156,False,0,98780,0,0,98780,BBusSc specialising in Information Systems,label_match,0.0,156,,consistent,98780,reconciled,none,,high,computed credits equal the stated total
2026,COM,CB004INF01,BBusSc,Information Systems,regular,4,158,0,158,False,0,90330,0,0,90330,BBusSc specialising in Information Systems,label_match,0.0,158,,consistent,90330,reconciled,none,,high,computed credits equal the stated total
2026,COM,CB004STA13,BBusSc,Statistics and Data Science,regular,1,168,0,168,False,0,104230,0,0,,,unmatched,,168,,consistent,104230,no_published,none,,high,computed credits equal the stated total
2026,COM,CB004STA13,BBusSc,Statistics and Data Science,regular,2,186,0,186,False,0,110550,0,0,,,unmatched,,186,,consistent,110550,no_published,none,,high,computed credits equal the stated total
2026,COM,CB004STA13,BBusSc,Statistics and Data Science,regular,3,210,0,198,True,12,103360,0,2,,,unmatched,,210,,consistent,103360,no_published,none,,high,computed credits equal the stated total
2026,COM,CB004STA13,BBusSc,Statistics and Data Science,regular,4,160,0,160,False,0,79770,0,0,,,unmatched,,160,,consistent,79770,no_published,none,,high,computed credits equal the stated total
2026,COM,CB011ACC04,BCom,Financial Accounting: Chartered Accountant,extended,1,125,0,125,False,0,76700,0,0,76700,Bachelor of Commerce Academic Development specialising in Financial Accounting Chartered Accounting Stream,ad_duration,0.0,125,,consistent,76700,reconciled,none,,high,computed credits equal the stated total
2026,COM,CB011ACC04,BCom,Financial Accounting: Chartered Accountant,extended,2,126,0,126,False,0,77300,0,0,77300,Bachelor of Commerce Academic Development specialising in Financial Accounting Chartered Accounting Stream,ad_duration,0.0,126,,consistent,77300,reconciled,none,,high,computed credits equal the stated total
2026,COM,CB011ACC04,BCom,Financial Accounting: Chartered Accountant,extended,3,152,0,152,False,0,94860,0,0,94860,Bachelor of Commerce Academic Development specialising in Financial Accounting Chartered Accounting Stream,ad_duration,0.0,152,,consistent,94860,reconciled,none,,high,computed credits equal the stated total
2026,COM,CB011ACC04,BCom,Financial Accounting: Chartered Accountant,extended,4,112,0,224,False,-112,87840,0,0,87840,Bachelor of Commerce Academic Development specialising in Financial Accounting Chartered Accounting Stream,ad_duration,0.0,112,,resolved_computed,87840,reconciled,R2a,R2a,medium,"identical taken-course set reconciles exactly in editions 2024, 2025; the divergent stated total here is edition-local drift"
2026,COM,CB011ACC08,BCom,Financial Accounting: General Accounting,extended,1,125,0,125,False,0,76700,0,0,76700,BCom Academic Development specialising in Financial Accounting General Accounting Stream,ad_duration,0.0,125,,consistent,76700,reconciled,none,,high,computed credits equal the stated total
2026,COM,CB011ACC08,BCom,Financial Accounting: General Accounting,extended,2,126,0,108,False,18,77300,0,0,77330,BCom Academic Development specialising in Financial Accounting General Accounting Stream,ad_duration,-0.0,126,,unresolved,77300,reconciled,none,,low,no rule or adjudication applies; default-trust=computed
2026,COM,CB011ACC08,BCom,Financial Accounting: General Accounting,extended,3,122,0,122,False,0,76560,0,0,76560,BCom Academic Development specialising in Financial Accounting General Accounting Stream,ad_duration,0.0,122,,consistent,76560,reconciled,none,,high,computed credits equal the stated total
2026,COM,CB011ACC08,BCom,Financial Accounting: General Accounting,extended,4,82,0,100,False,-18,62140,0,0,40820,BCom Academic Development specialising in Financial Accounting General Accounting Stream,ad_duration,52.2,82,,unresolved,62140,published_divergent,none,,low,no rule or adjudication applies; default-trust=computed
2026,COM,CB011BUS06,BCom,Management Studies,extended,1,98,0,,False,,63030,0,0,63030,BCom Academic Development specialising in Management Studies,ad_duration,0.0,98,,unresolved,63030,reconciled,none,,low,no rule or adjudication applies; default-trust=computed
2026,COM,CB011BUS06,BCom,Management Studies,extended,2,72,0,108,False,-36,43290,0,0,54330,BCom Academic Development specialising in Management Studies,ad_duration,-20.3,72,,unresolved,43290,published_divergent,none,,low,no rule or adjudication applies; default-trust=computed
2026,COM,CB011BUS06,BCom,Management Studies,extended,3,108,0,,False,,65840,44160,0,67970,BCom Academic Development specialising in Management Studies,ad_duration,-3.1,108,,unresolved,65840,reconciled,none,,low,no rule or adjudication applies; default-trust=computed
2026,COM,CB011BUS06,BCom,Management Studies,extended,4,120,0,,False,,73600,73600,0,77280,BCom Academic Development specialising in Management Studies,ad_duration,-4.8,120,,unresolved,73600,reconciled,none,,low,no rule or adjudication applies; default-trust=computed
2026,COM,CB011ECO02,BCom,Economics and Finance,extended,1,98,0,98,False,0,62340,0,0,62340,BCom Academic Development specialising in Economics & Finance,ad_duration,0.0,98,,consistent,62340,reconciled,none,,high,computed credits equal the stated total
2026,COM,CB011ECO02,BCom,Economics and Finance,extended,2,90,0,90,False,0,54840,0,0,54840,BCom Academic Development specialising in Economics & Finance,ad_duration,0.0,90,,consistent,54840,reconciled,none,,high,computed credits equal the stated total
2026,COM,CB011ECO02,BCom,Economics and Finance,extended,3,96,0,114,True,-18,57800,11040,0,79880,BCom Academic Development specialising in Economics & Finance,ad_duration,-27.6,96,,unresolved,57800,published_divergent,none,,low,no rule or adjudication applies; default-trust=computed
2026,COM,CB011ECO02,BCom,Economics and Finance,extended,4,198,1,162,True,36,121440,11040,1,79410,BCom Academic Development specialising in Economics & Finance,ad_duration,52.9,198,,unresolved,121440,published_divergent,none,,low,no rule or adjudication applies; default-trust=computed
2026,COM,CB011ECO03,BCom,Economics with Law,extended,1,98,0,98,False,0,63390,0,0,63390,BCom Academic Development specialising in Economics with Law,ad_duration,0.0,98,,consistent,63390,reconciled,none,,high,computed credits equal the stated total
2026,COM,CB011ECO03,BCom,Economics with Law,extended,2,126,0,126,True,0,76520,11040,0,76520,BCom Academic Development specialising in Economics with Law,ad_duration,0.0,126,,consistent,76520,reconciled,none,,high,computed credits equal the stated total
2026,COM,CB011ECO03,BCom,Economics with Law,extended,3,126,0,126,False,0,73030,0,0,73030,BCom Academic Development specialising in Economics with Law,ad_duration,0.0,126,,consistent,73030,reconciled,none,,high,computed credits equal the stated total
2026,COM,CB011ECO03,BCom,Economics with Law,extended,4,198,1,198,False,0,117190,0,1,61990,BCom Academic Development specialising in Economics with Law,ad_duration,89.0,198,,unresolved,117190,published_divergent,none,,low,no rule or adjudication applies; default-trust=computed
2026,COM,CB011ECO04,BCom,Economics and Statistics,extended,1,98,0,98,False,0,63390,0,0,63390,BCom Academic Development specialising in Economics & Statistics,ad_duration,0.0,98,,consistent,63390,reconciled,none,,high,computed credits equal the stated total
2026,COM,CB011ECO04,BCom,Economics and Statistics,extended,2,90,0,90,False,0,53790,0,0,53790,BCom Academic Development specialising in Economics & Statistics,ad_duration,0.0,90,,consistent,53790,reconciled,none,,high,computed credits equal the stated total
2026,COM,CB011ECO04,BCom,Economics and Statistics,extended,3,138,0,138,True,0,82880,22080,0,85880,BCom Academic Development specialising in Economics & Statistics,ad_duration,-3.5,138,,consistent,82880,reconciled,none,,high,computed credits equal the stated total
2026,COM,CB011ECO04,BCom,Economics and Statistics,extended,4,126,1,126,True,0,54200,11040,3,97360,BCom Academic Development specialising in Economics & Statistics,ad_duration,-44.3,126,,unresolved,54200,published_divergent,none,,low,no rule or adjudication applies; default-trust=computed
2026,COM,CB011INF01,BCom,Information Systems,extended,1,116,0,116,False,0,73020,0,0,73020,BCom Academic Development specialising in Information Systems,ad_duration,0.0,116,,consistent,73020,reconciled,none,,high,computed credits equal the stated total
2026,COM,CB011INF01,BCom,Information Systems,extended,2,126,0,126,False,0,77580,0,0,77580,BCom Academic Development specialising in Information Systems,ad_duration,0.0,126,,consistent,77580,reconciled,none,,high,computed credits equal the stated total
2026,COM,CB011INF01,BCom,Information Systems,extended,3,102,0,102,False,0,66060,0,0,66060,BCom Academic Development specialising in Information Systems,ad_duration,0.0,102,,consistent,66060,reconciled,none,,high,computed credits equal the stated total
2026,COM,CB011INF01,BCom,Information Systems,extended,4,90,0,90,False,0,54800,33120,0,53750,BCom Academic Development specialising in Information Systems,ad_duration,2.0,90,,consistent,54800,reconciled,none,,high,computed credits equal the stated total
2026,COM,CB011INF06,BCom,Information Systems and Computer Science,extended,1,98,0,98,False,0,62610,0,0,62610,BCom Academic Development specialising in Information Systems & Computer Science,ad_duration,0.0,98,,consistent,62610,reconciled,none,,high,computed credits equal the stated total
2026,COM,CB011INF06,BCom,Information Systems and Computer Science,extended,2,108,0,108,False,0,64370,0,0,53750,BCom Academic Development specialising in Information Systems & Computer Science,ad_duration,19.8,108,,consistent,64370,published_divergent,none,,high,computed credits equal the stated total
2026,COM,CB011INF06,BCom,Information Systems and Computer Science,extended,3,108,0,108,False,0,64420,0,0,63370,BCom Academic Development specialising in Information Systems & Computer Science,ad_duration,1.7,108,,consistent,64420,reconciled,none,,high,computed credits equal the stated total
2026,COM,CB011INF06,BCom,Information Systems and Computer Science,extended,4,126,0,126,False,0,75280,0,0,75280,BCom Academic Development specialising in Information Systems & Computer Science,ad_duration,0.0,126,,consistent,75280,reconciled,none,,high,computed credits equal the stated total
2026,COM,CB011INF11,BCom,Information Systems and Finance,extended,1,116,0,116,False,0,74430,0,0,74430,BCom Academic Development specialising in Information Systems & Finance,ad_duration,0.0,116,,consistent,74430,reconciled,none,,high,computed credits equal the stated total
2026,COM,CB011INF11,BCom,Information Systems and Finance,extended,2,108,0,108,False,0,66180,0,0,66180,BCom Academic Development specialising in Information Systems & Finance,ad_duration,0.0,108,,consistent,66180,reconciled,none,,high,computed credits equal the stated total
2026,COM,CB011INF11,BCom,Information Systems and Finance,extended,3,126,0,126,False,0,77100,0,0,77100,BCom Academic Development specialising in Information Systems & Finance,ad_duration,0.0,126,,consistent,77100,reconciled,none,,high,computed credits equal the stated total
2026,COM,CB011INF11,BCom,Information Systems and Finance,extended,4,114,0,114,False,0,67790,0,0,67790,BCom Academic Development specialising in Information Systems & Finance,ad_duration,0.0,114,,consistent,67790,reconciled,none,,high,computed credits equal the stated total
2026,COM,CB011PHI03,BCom,"Philosophy, Politics & Economics",extended,1,101,0,110,False,-9,65420,0,0,65420,"BCom Academic Development specialising in Philosophy, Politics & Economics",ad_duration,0.0,101,,unresolved,65420,reconciled,none,,low,no rule or adjudication applies; default-trust=computed
2026,COM,CB011PHI03,BCom,"Philosophy, Politics & Economics",extended,2,111,0,114,False,-3,70430,0,0,70430,"BCom Academic Development specialising in Philosophy, Politics & Economics",ad_duration,0.0,111,,unresolved,70430,reconciled,none,,low,no rule or adjudication applies; default-trust=computed
2026,COM,CB011PHI03,BCom,"Philosophy, Politics & Economics",extended,3,174,1,102,False,72,112140,0,1,59460,"BCom Academic Development specialising in Philosophy, Politics & Economics",ad_duration,88.6,174,,unresolved,112140,published_divergent,none,,low,no rule or adjudication applies; default-trust=computed
2026,COM,CB011PHI03,BCom,"Philosophy, Politics & Economics",extended,4,175,2,114,True,61,81183,4293,2,61590,"BCom Academic Development specialising in Philosophy, Politics & Economics",ad_duration,31.8,175,,unresolved,81183,published_divergent,none,,low,no rule or adjudication applies; default-trust=computed
2026,COM,CB015BUS07,BBusSc,Marketing,regular,1,98,0,98,False,0,61980,0,0,83170,BBusSc specialising in Marketing,label_match,-25.5,98,,consistent,61980,published_divergent,none,,high,computed credits equal the stated total
2026,COM,CB015BUS07,BBusSc,Marketing,regular,2,78,0,78,False,0,47340,0,0,67790,BBusSc specialising in Marketing,label_match,-30.2,78,,consistent,47340,published_divergent,none,,high,computed credits equal the stated total
2026,COM,CB015BUS07,BBusSc,Marketing,regular,3,108,0,108,False,0,64840,0,0,76280,BBusSc specialising in Marketing,label_match,-15.0,108,,consistent,64840,published_divergent,none,,high,computed credits equal the stated total
2026,COM,CB015BUS07,BBusSc,Marketing,regular,4,108,0,108,False,0,55200,0,0,97030,BBusSc specialising in Marketing,label_match,-43.1,108,,consistent,55200,published_divergent,none,,high,computed credits equal the stated total
2026,COM,CB015BUS07,BBusSc,Marketing,regular,5,162,0,162,False,0,97030,0,0,,,unmatched,,162,,consistent,97030,no_published,none,,high,computed credits equal the stated total
2026,COM,CB015BUS28,BBusSc,Industrial and Organisational Psychology,extended,1,104,0,104,False,0,66220,0,0,,,unmatched,,104,,consistent,66220,no_published,none,,high,computed credits equal the stated total
2026,COM,CB015BUS28,BBusSc,Industrial and Organisational Psychology,extended,2,120,0,120,False,0,73900,0,0,,,unmatched,,120,,consistent,73900,no_published,none,,high,computed credits equal the stated total
2026,COM,CB015BUS28,BBusSc,Industrial and Organisational Psychology,extended,3,126,0,108,False,18,76880,11040,0,,,unmatched,,126,,unresolved,76880,no_published,none,,low,no rule or adjudication applies; default-trust=computed
2026,COM,CB015BUS28,BBusSc,Industrial and Organisational Psychology,extended,4,76,0,94,False,-18,48420,0,0,,,unmatched,,76,,unresolved,48420,no_published,none,,low,no rule or adjudication applies; default-trust=computed
2026,COM,CB015BUS28,BBusSc,Industrial and Organisational Psychology,extended,5,138,0,138,False,0,91580,0,0,,,unmatched,,138,,consistent,91580,no_published,none,,high,computed credits equal the stated total
2026,COM,CB015ECO01,BBusSc,Economics,extended,1,116,0,116,False,0,73380,0,0,73380,BBusSc Academic Development specialising in Economics,ad_duration,0.0,116,,consistent,73380,reconciled,none,,high,computed credits equal the stated total
2026,COM,CB015ECO01,BBusSc,Economics,extended,2,108,0,108,False,0,65880,0,0,65880,BBusSc Academic Development specialising in Economics,ad_duration,0.0,108,,consistent,65880,reconciled,none,,high,computed credits equal the stated total
2026,COM,CB015ECO01,BBusSc,Economics,extended,3,120,0,138,False,-18,71840,0,0,71840,BBusSc Academic Development specialising in Economics,ad_duration,0.0,120,,resolved_computed,71840,reconciled,R1a,R1a,high,"stated total exceeds the taken-course sum by exactly the credits of the non-taken alternatives (one choice group, 18 cr) — the printed total double-counts choices"
2026,COM,CB015ECO01,BBusSc,Economics,extended,4,162,1,108,False,54,97360,11040,1,66240,BBusSc Academic Development specialising in Economics,ad_duration,47.0,162,,unresolved,97360,published_divergent,none,,low,no rule or adjudication applies; default-trust=computed
2026,COM,CB015ECO01,BBusSc,Economics,extended,5,140,0,140,False,0,93350,0,0,93350,BBusSc Academic Development specialising in Economics,ad_duration,0.0,140,,consistent,93350,reconciled,none,,high,computed credits equal the stated total
2026,COM,CB015ECO03,BBusSc,Economics with Law,regular,1,116,0,98,False,18,74430,0,0,82990,BBusSc specialising in Economics with Law,label_match,-10.3,116,,unresolved,74430,published_divergent,none,,low,no rule or adjudication applies; default-trust=computed
2026,COM,CB015ECO03,BBusSc,Economics with Law,regular,2,108,0,108,False,0,65480,0,0,98110,BBusSc specialising in Economics with Law,label_match,-33.3,108,,consistent,65480,published_divergent,none,,high,computed credits equal the stated total
2026,COM,CB015ECO03,BBusSc,Economics with Law,regular,3,132,0,114,False,18,76030,0,0,94710,BBusSc specialising in Economics with Law,label_match,-19.7,132,,unresolved,76030,published_divergent,none,,low,no rule or adjudication applies; default-trust=computed
2026,COM,CB015ECO03,BBusSc,Economics with Law,regular,4,144,0,144,False,0,84070,11040,0,104390,BBusSc specialising in Economics with Law,label_match,-19.5,144,,consistent,84070,published_divergent,none,,high,computed credits equal the stated total
2026,COM,CB015ECO03,BBusSc,Economics with Law,regular,5,140,0,158,False,-18,93350,0,0,,,unmatched,,140,,unresolved,93350,no_published,none,,low,no rule or adjudication applies; default-trust=computed
2026,COM,CB015FTX04,BBusSc,Finance with Accounting,regular,1,125,0,125,False,0,76700,0,0,97710,BBusSc specialising in Finance with Accounting (CA Option),label_match,-21.5,125,,consistent,76700,published_divergent,none,,high,computed credits equal the stated total
2026,COM,CB015FTX04,BBusSc,Finance with Accounting,regular,2,138,0,138,False,0,85190,0,0,109220,BBusSc specialising in Finance with Accounting (CA Option),label_match,-22.0,138,,consistent,85190,published_divergent,none,,high,computed credits equal the stated total
2026,COM,CB015FTX04,BBusSc,Finance with Accounting,regular,3,150,0,150,False,0,91160,0,0,109030,BBusSc specialising in Finance with Accounting (CA Option),label_match,-16.4,150,,consistent,91160,published_divergent,none,,high,computed credits equal the stated total
2026,COM,CB015FTX04,BBusSc,Finance with Accounting,regular,4,160,0,160,False,0,108870,0,0,110160,BBusSc specialising in Finance with Accounting (CA Option),label_match,-1.2,160,,consistent,108870,reconciled,none,,high,computed credits equal the stated total
2026,COM,CB015FTX04,BBusSc,Finance with Accounting,regular,5,140,0,140,False,0,88240,0,0,,,unmatched,,140,,consistent,88240,no_published,none,,high,computed credits equal the stated total
2026,COM,CB015FTX05,BBusSc,Finance,extended,1,116,0,116,False,0,74430,0,0,74430,BBusSc Academic Development specialising in Finance,ad_duration,0.0,116,,consistent,74430,reconciled,none,,high,computed credits equal the stated total
2026,COM,CB015FTX05,BBusSc,Finance,extended,2,126,0,126,False,0,75870,0,0,75870,BBusSc Academic Development specialising in Finance,ad_duration,0.0,126,,consistent,75870,reconciled,none,,high,computed credits equal the stated total
2026,COM,CB015FTX05,BBusSc,Finance,extended,3,96,0,96,False,0,57800,11040,0,57800,BBusSc Academic Development specialising in Finance,ad_duration,0.0,96,,consistent,57800,reconciled,none,,high,computed credits equal the stated total
2026,COM,CB015FTX05,BBusSc,Finance,extended,4,144,0,144,False,0,87320,0,0,87320,BBusSc Academic Development specialising in Finance,ad_duration,0.0,144,,consistent,87320,reconciled,none,,high,computed credits equal the stated total
2026,COM,CB015FTX05,BBusSc,Finance,extended,5,126,0,,False,,77360,0,0,77360,BBusSc Academic Development specialising in Finance,ad_duration,0.0,126,,unresolved,77360,reconciled,none,,low,no rule or adjudication applies; default-trust=computed
2026,COM,CB015INF01,BBusSc,Information Systems,extended,1,110,0,110,False,0,67850,0,0,67850,BBusSc Academic Development specialising in Information Systems,ad_duration,0.0,110,,consistent,67850,reconciled,none,,high,computed credits equal the stated total
2026,COM,CB015INF01,BBusSc,Information Systems,extended,2,96,0,96,False,0,60370,0,0,60370,BBusSc Academic Development specialising in Information Systems,ad_duration,0.0,96,,consistent,60370,reconciled,none,,high,computed credits equal the stated total
2026,COM,CB015INF01,BBusSc,Information Systems,extended,3,114,0,114,False,0,68960,0,0,68960,BBusSc Academic Development specialising in Information Systems,ad_duration,0.0,114,,consistent,68960,reconciled,none,,high,computed credits equal the stated total
2026,COM,CB015INF01,BBusSc,Information Systems,extended,4,90,0,138,False,-48,55200,0,0,77100,BBusSc Academic Development specialising in Information Systems,ad_duration,-28.4,90,,resolved_computed,55200,published_divergent,R1a,R1a,high,"stated total exceeds the taken-course sum by exactly the credits of the non-taken alternatives (all choice groups, 48 cr) — the printed total double-counts choices"
2026,COM,CB015INF01,BBusSc,Information Systems,extended,5,158,0,158,False,0,90330,0,0,90330,BBusSc Academic Development specialising in Information Systems,ad_duration,0.0,158,,consistent,90330,reconciled,none,,high,computed credits equal the stated total
2026,COM,CB015STA13,BBusSc,Statistics and Data Science,extended,1,134,0,134,False,0,84000,0,0,84000,BBusSc Academic Development specialising in Statistics and Data Science,ad_duration,0.0,134,,consistent,84000,reconciled,none,,high,computed credits equal the stated total
2026,COM,CB015STA13,BBusSc,Statistics and Data Science,extended,2,72,0,72,False,0,43380,0,0,43380,BBusSc Academic Development specialising in Statistics and Data Science,ad_duration,0.0,72,,consistent,43380,reconciled,none,,high,computed credits equal the stated total
2026,COM,CB015STA13,BBusSc,Statistics and Data Science,extended,3,168,0,168,False,0,100560,0,0,100560,BBusSc Academic Development specialising in Statistics and Data Science,ad_duration,0.0,168,,consistent,100560,reconciled,none,,high,computed credits equal the stated total
2026,COM,CB015STA13,BBusSc,Statistics and Data Science,extended,4,228,0,180,True,48,113400,0,2,132380,BBusSc Academic Development specialising in Statistics and Data Science,ad_duration,-14.3,228,,consistent,113400,published_divergent,none,,high,computed credits equal the stated total
2026,COM,CB015STA13,BBusSc,Statistics and Data Science,extended,5,160,0,160,False,0,79770,0,0,79770,BBusSc Academic Development specialising in Statistics and Data Science,ad_duration,0.0,160,,consistent,79770,reconciled,none,,high,computed credits equal the stated total
2026,COM,CB018BUS01,BBusSc,Actuarial Science,extended,1,110,0,128,False,-18,68480,0,0,,,unmatched,,110,,resolved_computed,68480,no_published,R1a,R1a,high,"stated total exceeds the taken-course sum by exactly the credits of the non-taken alternatives (all choice groups, 18 cr) — the printed total double-counts choices"
2026,COM,CB018BUS01,BBusSc,Actuarial Science,extended,2,108,0,108,False,0,65880,0,0,,,unmatched,,108,,consistent,65880,no_published,none,,high,computed credits equal the stated total
2026,COM,CB018BUS01,BBusSc,Actuarial Science,extended,3,150,0,150,False,0,89870,0,0,,,unmatched,,150,,consistent,89870,no_published,none,,high,computed credits equal the stated total
2026,COM,CB018BUS01,BBusSc,Actuarial Science,extended,4,180,0,180,False,0,88630,0,2,,,unmatched,,180,,consistent,88630,no_published,none,,high,computed credits equal the stated total
2026,COM,CB018BUS01,BBusSc,Actuarial Science,extended,5,156,0,156,False,0,83550,0,0,,,unmatched,,156,,consistent,83550,no_published,none,,high,computed credits equal the stated total
2026,COM,CB018BUS09,BBusSc,Actuarial Science: Quantitative Finance,regular,1,110,0,128,False,-18,68480,0,0,98760,BBusSc specialising in Actuarial Science: Quantitative Finance Stream,label_match,-30.7,110,,resolved_computed,68480,published_divergent,R1a,R1a,high,"stated total exceeds the taken-course sum by exactly the credits of the non-taken alternatives (all choice groups, 18 cr) — the printed total double-counts choices"
2026,COM,CB018BUS09,BBusSc,Actuarial Science: Quantitative Finance,regular,2,108,0,108,False,0,65880,0,0,97910,BBusSc specialising in Actuarial Science: Quantitative Finance Stream,label_match,-32.7,108,,consistent,65880,published_divergent,none,,high,computed credits equal the stated total
2026,COM,CB018BUS09,BBusSc,Actuarial Science: Quantitative Finance,regular,3,150,0,150,False,0,89870,0,0,96960,BBusSc specialising in Actuarial Science: Quantitative Finance Stream,label_match,-7.3,150,,consistent,89870,published_divergent,none,,high,computed credits equal the stated total
2026,COM,CB018BUS09,BBusSc,Actuarial Science: Quantitative Finance,regular,4,198,0,198,False,0,96960,0,2,77050,BBusSc specialising in Actuarial Science: Quantitative Finance Stream,label_match,25.8,198,,consistent,96960,published_divergent,none,,high,computed credits equal the stated total
2026,COM,CB018BUS09,BBusSc,Actuarial Science: Quantitative Finance,regular,5,129,0,129,False,0,77050,0,0,,,unmatched,,129,,consistent,77050,no_published,none,,high,computed credits equal the stated total
2026,COM,CB019BUS01,BCom,Actuarial Science,regular,1,180,0,180,False,0,110160,0,0,110580,BCom specialising in Actuarial Science,label_match,-0.4,180,,consistent,110160,reconciled,none,,high,computed credits equal the stated total
2026,COM,CB019BUS01,BCom,Actuarial Science,regular,2,186,0,186,False,0,111950,0,0,111950,BCom specialising in Actuarial Science,label_match,0.0,186,,consistent,111950,reconciled,none,,high,computed credits equal the stated total
2026,COM,CB019BUS01,BCom,Actuarial Science,regular,3,162,0,162,False,0,77590,0,2,98670,BCom specialising in Actuarial Science,label_match,-21.4,162,,consistent,77590,published_divergent,none,,high,computed credits equal the stated total
2026,COM,CB019BUS09,BCom,Actuarial Science: Quantitative Finance,regular,1,180,0,180,False,0,110160,0,0,99120,BCom specialising in Actuarial Science Quantitative Finance Stream,label_match,11.1,180,,consistent,110160,published_divergent,none,,high,computed credits equal the stated total
2026,COM,CB019BUS09,BCom,Actuarial Science: Quantitative Finance,regular,2,186,0,186,False,0,111950,0,0,111950,BCom specialising in Actuarial Science Quantitative Finance Stream,label_match,0.0,186,,consistent,111950,reconciled,none,,high,computed credits equal the stated total
2026,COM,CB019BUS09,BCom,Actuarial Science: Quantitative Finance,regular,3,180,0,180,False,0,85920,0,2,107000,BCom specialising in Actuarial Science Quantitative Finance Stream,label_match,-19.7,180,,consistent,85920,published_divergent,none,,high,computed credits equal the stated total
2026,COM,CB020BUS01,BCom,Actuarial Science,extended,1,110,0,110,False,0,68480,0,0,68480,BCom Academic Development specialising in Actuarial Science,ad_duration,0.0,110,,consistent,68480,reconciled,none,,high,computed credits equal the stated total
2026,COM,CB020BUS01,BCom,Actuarial Science,extended,2,108,0,108,False,0,65880,0,0,65880,BCom Academic Development specialising in Actuarial Science,ad_duration,0.0,108,,consistent,65880,reconciled,none,,high,computed credits equal the stated total
2026,COM,CB020BUS01,BCom,Actuarial Science,extended,3,150,0,150,False,0,89870,0,0,89870,BCom Academic Development specialising in Actuarial Science,ad_duration,0.0,150,,consistent,89870,reconciled,none,,high,computed credits equal the stated total
2026,COM,CB020BUS01,BCom,Actuarial Science,extended,4,162,0,162,False,0,77590,0,2,98670,BCom Academic Development specialising in Actuarial Science,ad_duration,-21.4,162,,consistent,77590,published_divergent,none,,high,computed credits equal the stated total
2026,COM,CB020BUS09,BCom,Actuarial Science: Quantitative Finance,extended,1,110,0,110,False,0,68480,0,0,68900,BCom Academic Development specialising in Actuarial Science Quantitative Finance Stream,ad_duration,-0.6,110,,consistent,68480,reconciled,none,,high,computed credits equal the stated total
2026,COM,CB020BUS09,BCom,Actuarial Science: Quantitative Finance,extended,2,126,0,126,False,0,75870,0,0,75870,BCom Academic Development specialising in Actuarial Science Quantitative Finance Stream,ad_duration,0.0,126,,consistent,75870,reconciled,none,,high,computed credits equal the stated total
2026,COM,CB020BUS09,BCom,Actuarial Science: Quantitative Finance,extended,3,132,0,132,False,0,79880,0,0,79880,BCom Academic Development specialising in Actuarial Science Quantitative Finance Stream,ad_duration,0.0,132,,consistent,79880,reconciled,none,,high,computed credits equal the stated total
2026,COM,CB020BUS09,BCom,Actuarial Science: Quantitative Finance,extended,4,180,0,180,False,0,85920,0,2,107000,BCom Academic Development specialising in Actuarial Science Quantitative Finance Stream,ad_duration,-19.7,180,,consistent,85920,published_divergent,none,,high,computed credits equal the stated total
2026,COM,CB023ACC04,BCom,Financial Accounting: Chartered Accountant,augmented,1,161,0,161,False,0,98960,0,0,,,unmatched,,161,,consistent,98960,no_published,none,,high,computed credits equal the stated total
2026,COM,CB023ACC04,BCom,Financial Accounting: Chartered Accountant,augmented,2,144,0,144,False,0,87760,0,0,,,unmatched,,144,,consistent,87760,no_published,none,,high,computed credits equal the stated total
2026,COM,CB023ACC04,BCom,Financial Accounting: Chartered Accountant,augmented,3,174,0,174,False,0,128060,0,0,,,unmatched,,174,,consistent,128060,no_published,none,,high,computed credits equal the stated total
2026,COM,CB023ACC08,BCom,Financial Accounting: General Accounting,augmented,1,161,0,161,False,0,98960,0,0,,,unmatched,,161,,consistent,98960,no_published,none,,high,computed credits equal the stated total
2026,COM,CB023ACC08,BCom,Financial Accounting: General Accounting,augmented,2,126,0,144,False,-18,77120,0,0,,,unmatched,,126,,unresolved,77120,no_published,none,,low,no rule or adjudication applies; default-trust=computed
2026,COM,CB023ACC08,BCom,Financial Accounting: General Accounting,augmented,3,168,0,168,False,0,116620,0,0,,,unmatched,,168,,consistent,116620,no_published,none,,high,computed credits equal the stated total
2026,COM,CB023BUS06,BCom,Management Studies,augmented,1,152,0,,False,,96150,10860,0,,,unmatched,,152,,unresolved,96150,no_published,none,,low,no rule or adjudication applies; default-trust=computed
2026,COM,CB023BUS06,BCom,Management Studies,augmented,2,72,0,,False,,42710,0,0,,,unmatched,,72,,unresolved,42710,no_published,none,,low,no rule or adjudication applies; default-trust=computed
2026,COM,CB023BUS06,BCom,Management Studies,augmented,3,120,0,,False,,73600,73600,0,,,unmatched,,120,,unresolved,73600,no_published,none,,low,no rule or adjudication applies; default-trust=computed
2026,COM,CB023ECO02,BCom,Economics and Finance,augmented,1,134,0,134,False,0,85110,0,0,,,unmatched,,134,,consistent,85110,no_published,none,,high,computed credits equal the stated total
2026,COM,CB023ECO02,BCom,Economics and Finance,augmented,2,132,0,150,True,-18,79230,11040,0,,,unmatched,,132,,unresolved,79230,no_published,none,,low,no rule or adjudication applies; default-trust=computed
2026,COM,CB023ECO02,BCom,Economics and Finance,augmented,3,216,1,144,True,72,132080,11040,1,,,unmatched,,216,,unresolved,132080,no_published,none,,low,no rule or adjudication applies; default-trust=computed
2026,COM,CB023ECO03,BCom,Economics with Law,augmented,1,134,0,134,False,0,85110,0,0,,,unmatched,,134,,consistent,85110,no_published,none,,high,computed credits equal the stated total
2026,COM,CB023ECO03,BCom,Economics with Law,augmented,2,162,0,162,True,0,94710,11040,0,,,unmatched,,162,,consistent,94710,no_published,none,,high,computed credits equal the stated total
2026,COM,CB023ECO03,BCom,Economics with Law,augmented,3,216,1,144,False,72,128230,0,1,,,unmatched,,216,,unresolved,128230,no_published,none,,low,no rule or adjudication applies; default-trust=computed
2026,COM,CB023ECO04,BCom,Economics and Statistics,augmented,1,134,0,152,False,-18,85110,0,0,,,unmatched,,134,,resolved_computed,85110,no_published,R1a,R1a,high,"stated total exceeds the taken-course sum by exactly the credits of the non-taken alternatives (one choice group, 18 cr) — the printed total double-counts choices"
2026,COM,CB023ECO04,BCom,Economics and Statistics,augmented,2,186,1,156,True,30,109910,0,1,,,unmatched,,186,,unresolved,109910,no_published,none,,low,no rule or adjudication applies; default-trust=computed
2026,COM,CB023ECO04,BCom,Economics and Statistics,augmented,3,324,1,144,False,180,173640,0,3,,,unmatched,,144,,resolved_manual,173640,no_published,R3,COM-2026-004,high,"The year table lists a module menu with no printed selection rule, so the row sum counts every offering; the stated total is the only authoritative signal of the intended load and is stable across editions. Computed fee is left as the sum of listed modules and will show as published_divergent until the menu rule is confirmed."
2026,COM,CB023INF01,BCom,Information Systems,augmented,1,134,0,134,False,0,84420,0,0,,,unmatched,,134,,consistent,84420,no_published,none,,high,computed credits equal the stated total
2026,COM,CB023INF01,BCom,Information Systems,augmented,2,144,0,144,False,0,88150,10930,0,,,unmatched,,144,,consistent,88150,no_published,none,,high,computed credits equal the stated total
2026,COM,CB023INF01,BCom,Information Systems,augmented,3,156,0,156,False,0,98780,22080,0,,,unmatched,,156,,consistent,98780,no_published,none,,high,computed credits equal the stated total
2026,COM,CB023INF06,BCom,Information Systems and Computer Science,augmented,1,134,0,134,False,0,84450,0,0,,,unmatched,,134,,consistent,84450,no_published,none,,high,computed credits equal the stated total
2026,COM,CB023INF06,BCom,Information Systems and Computer Science,augmented,2,162,0,162,False,0,95910,0,0,,,unmatched,,162,,consistent,95910,no_published,none,,high,computed credits equal the stated total
2026,COM,CB023INF06,BCom,Information Systems and Computer Science,augmented,3,144,0,144,False,0,86320,0,0,,,unmatched,,144,,consistent,86320,no_published,none,,high,computed credits equal the stated total
2026,COM,CB023INF11,BCom,Information Systems and Finance,augmented,1,152,0,152,False,0,96150,0,0,,,unmatched,,152,,consistent,96150,no_published,none,,high,computed credits equal the stated total
2026,COM,CB023INF11,BCom,Information Systems and Finance,augmented,2,162,0,162,False,0,98430,0,0,,,unmatched,,162,,consistent,98430,no_published,none,,high,computed credits equal the stated total
2026,COM,CB023INF11,BCom,Information Systems and Finance,augmented,3,150,0,150,False,0,90920,0,0,,,unmatched,,150,,consistent,90920,no_published,none,,high,computed credits equal the stated total
2026,COM,CB023PHI03,BCom,"Philosophy, Politics & Economics",augmented,1,134,0,146,False,-12,86340,0,0,,,unmatched,,134,,unresolved,86340,no_published,none,,low,no rule or adjudication applies; default-trust=computed
2026,COM,CB023PHI03,BCom,"Philosophy, Politics & Economics",augmented,2,196,1,147,False,49,126400,0,1,,,unmatched,,196,,unresolved,126400,no_published,none,,low,no rule or adjudication applies; default-trust=computed
2026,COM,CB023PHI03,BCom,"Philosophy, Politics & Economics",augmented,3,229,2,150,True,79,114303,15333,2,,,unmatched,,229,,unresolved,114303,no_published,none,,low,no rule or adjudication applies; default-trust=computed
2026,COM,CB024BUS07,BBusSc,Marketing,augmented,1,134,0,134,False,0,85290,0,0,61980,BBusSc Academic Development specialising in Marketing,label_match,37.6,134,,consistent,85290,published_divergent,none,,high,computed credits equal the stated total
2026,COM,CB024BUS07,BBusSc,Marketing,augmented,2,114,0,114,False,0,67790,0,0,47340,BBusSc Academic Development specialising in Marketing,label_match,43.2,114,,consistent,67790,published_divergent,none,,high,computed credits equal the stated total
2026,COM,CB024BUS07,BBusSc,Marketing,augmented,3,144,0,144,False,0,76280,0,0,68840,BBusSc Academic Development specialising in Marketing,label_match,10.8,144,,consistent,76280,published_divergent,none,,high,computed credits equal the stated total
2026,COM,CB024BUS07,BBusSc,Marketing,augmented,4,162,0,162,False,0,97030,0,0,55200,BBusSc Academic Development specialising in Marketing,label_match,75.8,162,,consistent,97030,published_divergent,none,,high,computed credits equal the stated total
2026,COM,CB024BUS28,BBusSc,Industrial and Organisational Psychology,augmented,1,140,0,140,False,0,88480,0,0,,,unmatched,,140,,consistent,88480,no_published,none,,high,computed credits equal the stated total
2026,COM,CB024BUS28,BBusSc,Industrial and Organisational Psychology,augmented,2,132,0,132,False,0,81760,0,0,,,unmatched,,132,,consistent,81760,no_published,none,,high,computed credits equal the stated total
2026,COM,CB024BUS28,BBusSc,Industrial and Organisational Psychology,augmented,3,136,0,154,False,-18,84140,0,0,,,unmatched,,136,,unresolved,84140,no_published,none,,low,no rule or adjudication applies; default-trust=computed
2026,COM,CB024BUS28,BBusSc,Industrial and Organisational Psychology,augmented,4,138,0,138,False,0,91580,0,0,,,unmatched,,138,,consistent,91580,no_published,none,,high,computed credits equal the stated total
2026,COM,CB024CSC05,BBusSc,Computer Science,augmented,1,146,0,146,False,0,89780,0,0,,,unmatched,,146,,consistent,89780,no_published,none,,high,computed credits equal the stated total
2026,COM,CB024CSC05,BBusSc,Computer Science,augmented,2,168,0,174,False,-6,101400,0,0,,,unmatched,,168,,unresolved,101400,no_published,none,,low,no rule or adjudication applies; default-trust=computed
2026,COM,CB024CSC05,BBusSc,Computer Science,augmented,3,162,0,144,False,18,97360,0,0,,,unmatched,,162,,unresolved,97360,no_published,none,,low,no rule or adjudication applies; default-trust=computed
2026,COM,CB024CSC05,BBusSc,Computer Science,augmented,4,142,0,160,False,-18,71720,0,0,,,unmatched,,142,,unresolved,71720,no_published,none,,low,no rule or adjudication applies; default-trust=computed
2026,COM,CB024ECO01,BBusSc,Economics,augmented,1,134,0,134,False,0,85110,0,0,,,unmatched,,134,,consistent,85110,no_published,none,,high,computed credits equal the stated total
2026,COM,CB024ECO01,BBusSc,Economics,augmented,2,156,0,156,True,0,93270,0,0,,,unmatched,,156,,consistent,93270,no_published,none,,high,computed credits equal the stated total
2026,COM,CB024ECO01,BBusSc,Economics,augmented,3,216,1,162,True,54,130080,11040,1,,,unmatched,,216,,unresolved,130080,no_published,none,,low,no rule or adjudication applies; default-trust=computed
2026,COM,CB024ECO01,BBusSc,Economics,augmented,4,140,0,140,False,0,93350,0,0,,,unmatched,,140,,consistent,93350,no_published,none,,high,computed credits equal the stated total
2026,COM,CB024ECO03,BBusSc,Economics with Law,augmented,1,116,0,134,False,-18,73710,0,0,74430,BBusSc Academic Development specialising in Economics with Law,label_match,-1.0,116,,unresolved,73710,reconciled,none,,low,no rule or adjudication applies; default-trust=computed
2026,COM,CB024ECO03,BBusSc,Economics with Law,augmented,2,168,0,168,False,0,98110,0,0,65480,BBusSc Academic Development specialising in Economics with Law,label_match,49.8,168,,consistent,98110,published_divergent,none,,high,computed credits equal the stated total
2026,COM,CB024ECO03,BBusSc,Economics with Law,augmented,3,162,0,162,False,0,94710,11040,0,76030,BBusSc Academic Development specialising in Economics with Law,label_match,24.6,162,,consistent,94710,published_divergent,none,,high,computed credits equal the stated total
2026,COM,CB024ECO03,BBusSc,Economics with Law,augmented,4,158,0,158,False,0,104390,0,0,84070,BBusSc Academic Development specialising in Economics with Law,label_match,24.2,158,,consistent,104390,published_divergent,none,,high,computed credits equal the stated total
2026,COM,CB024FTX04,BBusSc,Finance with Accounting,augmented,1,161,0,161,False,0,99830,0,0,76700,BBusSc Academic Development specialising in Finance with Accounting,label_match,30.2,161,,consistent,99830,published_divergent,none,,high,computed credits equal the stated total
2026,COM,CB024FTX04,BBusSc,Finance with Accounting,augmented,2,180,0,180,False,0,109220,0,0,85190,BBusSc Academic Development specialising in Finance with Accounting,label_match,28.2,180,,consistent,109220,published_divergent,none,,high,computed credits equal the stated total
2026,COM,CB024FTX04,BBusSc,Finance with Accounting,augmented,3,170,0,170,False,0,109030,0,0,80720,BBusSc Academic Development specialising in Finance with Accounting,label_match,35.1,170,,consistent,109030,published_divergent,none,,high,computed credits equal the stated total
2026,COM,CB024FTX04,BBusSc,Finance with Accounting,augmented,4,166,0,166,False,0,110160,0,0,108870,BBusSc Academic Development specialising in Finance with Accounting,label_match,1.2,166,,consistent,110160,reconciled,none,,high,computed credits equal the stated total
2026,COM,CB024FTX05,BBusSc,Finance,augmented,1,152,0,152,False,0,96150,0,0,,,unmatched,,152,,consistent,96150,no_published,none,,high,computed credits equal the stated total
2026,COM,CB024FTX05,BBusSc,Finance,augmented,2,168,0,168,False,0,100910,0,0,,,unmatched,,168,,consistent,100910,no_published,none,,high,computed credits equal the stated total
2026,COM,CB024FTX05,BBusSc,Finance,augmented,3,144,0,162,False,-18,87320,0,0,,,unmatched,,144,,unresolved,87320,no_published,none,,low,no rule or adjudication applies; default-trust=computed
2026,COM,CB024FTX05,BBusSc,Finance,augmented,4,126,0,126,False,0,77360,0,0,,,unmatched,,126,,consistent,77360,no_published,none,,high,computed credits equal the stated total
2026,COM,CB024INF01,BBusSc,Information Systems,augmented,1,152,0,152,False,0,96150,0,0,,,unmatched,,152,,consistent,96150,no_published,none,,high,computed credits equal the stated total
2026,COM,CB024INF01,BBusSc,Information Systems,augmented,2,150,0,150,False,0,90390,0,0,,,unmatched,,150,,consistent,90390,no_published,none,,high,computed credits equal the stated total
2026,COM,CB024INF01,BBusSc,Information Systems,augmented,3,156,0,156,False,0,98780,0,0,,,unmatched,,156,,consistent,98780,no_published,none,,high,computed credits equal the stated total
2026,COM,CB024INF01,BBusSc,Information Systems,augmented,4,158,0,158,False,0,90330,0,0,,,unmatched,,158,,consistent,90330,no_published,none,,high,computed credits equal the stated total
2026,COM,CB024STA13,BBusSc,Statistics and Data Science,augmented,1,170,0,170,False,0,106350,0,0,,,unmatched,,170,,consistent,106350,no_published,none,,high,computed credits equal the stated total
2026,COM,CB024STA13,BBusSc,Statistics and Data Science,augmented,2,186,0,186,False,0,110550,0,0,,,unmatched,,186,,consistent,110550,no_published,none,,high,computed credits equal the stated total
2026,COM,CB024STA13,BBusSc,Statistics and Data Science,augmented,3,210,0,198,True,12,103360,0,2,,,unmatched,,210,,consistent,103360,no_published,none,,high,computed credits equal the stated total
2026,COM,CB024STA13,BBusSc,Statistics and Data Science,augmented,4,160,0,160,False,0,79770,0,0,,,unmatched,,160,,consistent,79770,no_published,none,,high,computed credits equal the stated total
2026,COM,CB025BUS01,BBusSc,Actuarial Science,augmented,1,182,0,182,False,0,112280,0,0,,,unmatched,,182,,consistent,112280,no_published,none,,high,computed credits equal the stated total
2026,COM,CB025BUS01,BBusSc,Actuarial Science,augmented,2,186,0,186,False,0,111950,0,0,,,unmatched,,186,,consistent,111950,no_published,none,,high,computed credits equal the stated total
2026,COM,CB025BUS01,BBusSc,Actuarial Science,augmented,3,180,0,180,False,0,88630,0,2,,,unmatched,,180,,consistent,88630,no_published,none,,high,computed credits equal the stated total
2026,COM,CB025BUS01,BBusSc,Actuarial Science,augmented,4,156,0,156,False,0,83550,0,0,,,unmatched,,156,,consistent,83550,no_published,none,,high,computed credits equal the stated total
2026,COM,CB025BUS09,BBusSc,Actuarial Science: Quantitative Finance,augmented,1,182,0,182,False,0,112280,0,0,68480,BBusSc Academic Development specialising in Actuarial Science: Quantitative Finance Stream,label_match,64.0,182,,consistent,112280,published_divergent,none,,high,computed credits equal the stated total
2026,COM,CB025BUS09,BBusSc,Actuarial Science: Quantitative Finance,augmented,2,186,0,186,False,0,111950,0,0,65880,BBusSc Academic Development specialising in Actuarial Science: Quantitative Finance Stream,label_match,69.9,186,,consistent,111950,published_divergent,none,,high,computed credits equal the stated total
2026,COM,CB025BUS09,BBusSc,Actuarial Science: Quantitative Finance,augmented,3,198,0,198,False,0,96960,0,2,89870,BBusSc Academic Development specialising in Actuarial Science: Quantitative Finance Stream,label_match,7.9,198,,consistent,96960,published_divergent,none,,high,computed credits equal the stated total
2026,COM,CB025BUS09,BBusSc,Actuarial Science: Quantitative Finance,augmented,4,129,0,129,False,0,77050,0,0,75880,BBusSc Academic Development specialising in Actuarial Science: Quantitative Finance Stream,label_match,1.5,129,,consistent,77050,reconciled,none,,high,computed credits equal the stated total
2026,COM,CB026BUS01,BCom,Actuarial Science,augmented,1,182,0,182,False,0,112280,0,0,,,unmatched,,182,,consistent,112280,no_published,none,,high,computed credits equal the stated total
2026,COM,CB026BUS01,BCom,Actuarial Science,augmented,2,186,0,186,False,0,111950,0,0,,,unmatched,,186,,consistent,111950,no_published,none,,high,computed credits equal the stated total
2026,COM,CB026BUS01,BCom,Actuarial Science,augmented,3,162,0,162,False,0,77590,0,2,,,unmatched,,162,,consistent,77590,no_published,none,,high,computed credits equal the stated total
2026,COM,CB026BUS09,BCom,Actuarial Science: Quantitative Finance,augmented,1,182,0,182,False,0,112280,0,0,,,unmatched,,182,,consistent,112280,no_published,none,,high,computed credits equal the stated total
2026,COM,CB026BUS09,BCom,Actuarial Science: Quantitative Finance,augmented,2,186,0,186,False,0,111950,0,0,,,unmatched,,186,,consistent,111950,no_published,none,,high,computed credits equal the stated total
2026,COM,CB026BUS09,BCom,Actuarial Science: Quantitative Finance,augmented,3,180,0,180,False,0,85920,0,2,,,unmatched,,180,,consistent,85920,no_published,none,,high,computed credits equal the stated total
2026,COM,CU017ACC01,AdvDip,Accounting,regular,1,174,0,174,False,0,128060,0,0,,,unmatched,,174,,consistent,128060,no_published,none,,high,computed credits equal the stated total
2026,COM,CU020BUS01,AdvDip,Actuarial Science,regular,1,180,0,180,True,0,89390,11040,2,,,unmatched,,180,,consistent,89390,no_published,none,,high,computed credits equal the stated total
2026,COM,CU021GSB48,AdvDip,Management Development,regular,1,120,0,120,False,0,0,0,7,,,unmatched,,120,,consistent,0,no_published,none,,high,computed credits equal the stated total
2026,EBE,EB001CHE01,,,regular,1,138,0,138,False,0,89470,0,0,89470,BSc Eng (Chemical),duration,0.0,138,,consistent,89470,reconciled,none,,high,computed credits equal the stated total
2026,EBE,EB001CHE01,,,regular,2,108,0,108,True,0,72330,0,0,101050,BSc Eng (Chemical),duration,-28.4,108,,consistent,72330,published_divergent,none,,high,computed credits equal the stated total
2026,EBE,EB001CHE01,,,regular,3,94,0,114,True,-20,60471,9991,0,92230,BSc Eng (Chemical),duration,-34.4,94,,unresolved,60471,published_divergent,none,,low,no rule or adjudication applies; default-trust=computed
2026,EBE,EB001CHE01,,,regular,4,128,0,128,True,0,90251,9991,0,100980,BSc Eng (Chemical),duration,-10.6,128,,consistent,90251,published_divergent,none,,high,computed credits equal the stated total
2026,EBE,EB002CIV01,BSc(Eng),Civil Engineering,regular,1,140,0,140,False,0,89780,0,0,89780,BSc Eng (Civil),duration,0.0,140,,consistent,89780,reconciled,none,,high,computed credits equal the stated total
2026,EBE,EB002CIV01,BSc(Eng),Civil Engineering,regular,2,144,0,144,False,0,81280,0,0,81280,BSc Eng (Civil),duration,0.0,144,,consistent,81280,reconciled,none,,high,computed credits equal the stated total
2026,EBE,EB002CIV01,BSc(Eng),Civil Engineering,regular,3,134,0,152,False,-18,78100,0,0,87980,BSc Eng (Civil),duration,-11.2,134,,unresolved,78100,published_divergent,none,,low,no rule or adjudication applies; default-trust=computed
2026,EBE,EB002CIV01,BSc(Eng),Civil Engineering,regular,4,144,0,144,False,0,100360,0,0,100360,BSc Eng (Civil),duration,0.0,144,,consistent,100360,reconciled,none,,high,computed credits equal the stated total
2026,EBE,EB005MEC01,BSc(Eng),Mechanical Engineering,regular,1,130,0,130,False,0,83320,0,0,83320,BSc Eng (Mechanical),duration,0.0,130,,consistent,83320,reconciled,none,,high,computed credits equal the stated total
2026,EBE,EB005MEC01,BSc(Eng),Mechanical Engineering,regular,2,144,0,144,False,0,93400,0,0,93400,BSc Eng (Mechanical),duration,0.0,144,,consistent,93400,reconciled,none,,high,computed credits equal the stated total
2026,EBE,EB005MEC01,BSc(Eng),Mechanical Engineering,regular,3,144,0,144,False,0,96980,0,0,96980,BSc Eng (Mechanical),duration,0.0,144,,consistent,96980,reconciled,none,,high,computed credits equal the stated total
2026,EBE,EB005MEC01,BSc(Eng),Mechanical Engineering,regular,4,144,1,144,False,0,94570,25340,1,93260,BSc Eng (Mechanical),duration,1.4,144,,unresolved,94570,reconciled,none,,low,no rule or adjudication applies; default-trust=computed
2026,EBE,EB009EEE01,BSc(Eng),Electrical Engineering,regular,1,132,0,132,False,0,83200,0,0,82820,BSc Eng (Electrical),duration,0.5,132,,consistent,83200,reconciled,none,,high,computed credits equal the stated total
2026,EBE,EB009EEE01,BSc(Eng),Electrical Engineering,regular,2,144,0,144,False,0,96100,0,0,96100,BSc Eng (Electrical),duration,0.0,144,,consistent,96100,reconciled,none,,high,computed credits equal the stated total
2026,EBE,EB009EEE01,BSc(Eng),Electrical Engineering,regular,3,146,0,146,True,0,93730,10860,0,92750,BSc Eng (Electrical),duration,1.1,146,,consistent,93730,reconciled,none,,high,computed credits equal the stated total
2026,EBE,EB009EEE01,BSc(Eng),Electrical Engineering,regular,4,138,0,138,True,0,86800,28960,0,84310,BSc Eng (Electrical),duration,3.0,138,,consistent,86800,reconciled,none,,high,computed credits equal the stated total
2026,EBE,EB010MEC05,BSc(Eng),Mechanical & Mechatronic Engineering,regular,1,130,0,130,False,0,83320,0,0,83320,BSc Eng (Mechanical and Mechatronic Engineering),duration,0.0,130,,consistent,83320,reconciled,none,,high,computed credits equal the stated total
2026,EBE,EB010MEC05,BSc(Eng),Mechanical & Mechatronic Engineering,regular,2,144,0,144,False,0,93400,0,0,93400,BSc Eng (Mechanical and Mechatronic Engineering),duration,0.0,144,,consistent,93400,reconciled,none,,high,computed credits equal the stated total
2026,EBE,EB010MEC05,BSc(Eng),Mechanical & Mechatronic Engineering,regular,3,144,0,144,False,0,97130,0,0,97130,BSc Eng (Mechanical and Mechatronic Engineering),duration,0.0,144,,consistent,97130,reconciled,none,,high,computed credits equal the stated total
2026,EBE,EB010MEC05,BSc(Eng),Mechanical & Mechatronic Engineering,regular,4,144,1,144,False,0,95510,18100,1,101440,BSc Eng (Mechanical and Mechatronic Engineering),duration,-5.8,144,,unresolved,95510,published_divergent,none,,low,no rule or adjudication applies; default-trust=computed
2026,EBE,EB011EEE05,BSc(Eng),Mechatronics,regular,1,132,0,132,True,0,83200,0,0,82820,BSc Eng (Mechatronics),duration,0.5,132,,consistent,83200,reconciled,none,,high,computed credits equal the stated total
2026,EBE,EB011EEE05,BSc(Eng),Mechatronics,regular,2,144,0,136,True,8,96100,0,0,90610,BSc Eng (Mechatronics),duration,6.1,144,,consistent,96100,published_divergent,none,,high,computed credits equal the stated total
2026,EBE,EB011EEE05,BSc(Eng),Mechatronics,regular,3,146,0,146,True,0,96570,10860,0,93380,BSc Eng (Mechatronics),duration,3.4,146,,consistent,96570,reconciled,none,,high,computed credits equal the stated total
2026,EBE,EB011EEE05,BSc(Eng),Mechatronics,regular,4,138,0,138,True,0,86800,28960,0,100650,BSc Eng (Mechatronics),duration,-13.8,138,,consistent,86800,published_divergent,none,,high,computed credits equal the stated total
2026,EBE,EB012APG01,BAS,,regular,1,120,0,120,False,0,75610,0,0,75610,Bachelor of Architectural Studies,label_match,0.0,120,,consistent,75610,reconciled,none,,high,computed credits equal the stated total
2026,EBE,EB012APG01,BAS,,regular,2,128,0,128,False,0,78840,0,0,80070,Bachelor of Architectural Studies,label_match,-1.5,128,,consistent,78840,reconciled,none,,high,computed credits equal the stated total
2026,EBE,EB012APG01,BAS,,regular,3,128,0,128,False,0,82510,0,0,82510,Bachelor of Architectural Studies,label_match,0.0,128,,consistent,82510,reconciled,none,,high,computed credits equal the stated total
2026,EBE,EB015CON04,BSc(ConStud),,regular,1,145,0,145,False,0,94600,0,0,94600,BSc in Construction Studies,label_match,0.0,145,,consistent,94600,reconciled,none,,high,computed credits equal the stated total
2026,EBE,EB015CON04,BSc(ConStud),,regular,2,141,0,141,False,0,84940,0,0,84940,BSc in Construction Studies,label_match,0.0,141,,consistent,84940,reconciled,none,,high,computed credits equal the stated total
2026,EBE,EB015CON04,BSc(ConStud),,regular,3,136,0,136,False,0,90560,0,0,90560,BSc in Construction Studies,label_match,0.0,136,,consistent,90560,reconciled,none,,high,computed credits equal the stated total
2026,EBE,EB017CON03,BSc(PropStud),,regular,1,142,0,142,False,0,92270,0,0,49190,BSc in Property Studies | MPhil In Conservation of Built Environment,label_match,87.6,142,,consistent,92270,published_divergent,none,,high,computed credits equal the stated total
2026,EBE,EB017CON03,BSc(PropStud),,regular,2,143,0,143,False,0,91350,0,0,42480,BSc in Property Studies | MPhil In Conservation of Built Environment,label_match,115.0,143,,consistent,91350,published_divergent,none,,high,computed credits equal the stated total
2026,EBE,EB017CON03,BSc(PropStud),,regular,3,126,0,126,False,0,87260,0,0,87260,BSc in Property Studies,label_match,0.0,126,,consistent,87260,reconciled,none,,high,computed credits equal the stated total
2026,EBE,EB019APG09,BSc(Geomatics),Surveying Stream,regular,1,117,0,117,False,0,70310,0,0,73930,courses BSc (Geomatics),duration,-4.9,117,,consistent,70310,reconciled,none,,high,computed credits equal the stated total
2026,EBE,EB019APG09,BSc(Geomatics),Surveying Stream,regular,2,148,0,148,False,0,93300,0,0,78050,courses BSc (Geomatics),duration,19.5,148,,consistent,93300,published_divergent,none,,high,computed credits equal the stated total
2026,EBE,EB019APG09,BSc(Geomatics),Surveying Stream,regular,3,154,0,154,False,0,98077,7027,0,101910,courses BSc (Geomatics),duration,-3.8,154,,consistent,98077,reconciled,none,,high,computed credits equal the stated total
2026,EBE,EB019APG09,BSc(Geomatics),Surveying Stream,regular,4,150,0,150,False,0,97850,0,0,97850,courses BSc (Geomatics),duration,0.0,150,,consistent,97850,reconciled,none,,high,computed credits equal the stated total
2026,EBE,EB019APG11,BSc(Geomatics),Geoinformatics Stream Environmental and Geographical Science Specialisation,regular,1,117,0,117,False,0,70310,0,0,73930,courses BSc (Geomatics),duration,-4.9,117,,consistent,70310,reconciled,none,,high,computed credits equal the stated total
2026,EBE,EB019APG11,BSc(Geomatics),Geoinformatics Stream Environmental and Geographical Science Specialisation,regular,2,148,0,148,False,0,93300,0,0,78050,courses BSc (Geomatics),duration,19.5,148,,consistent,93300,published_divergent,none,,high,computed credits equal the stated total
2026,EBE,EB019APG11,BSc(Geomatics),Geoinformatics Stream Environmental and Geographical Science Specialisation,regular,3,154,0,154,False,0,95550,0,0,101910,courses BSc (Geomatics),duration,-6.2,154,,consistent,95550,published_divergent,none,,high,computed credits equal the stated total
2026,EBE,EB019APG11,BSc(Geomatics),Geoinformatics Stream Environmental and Geographical Science Specialisation,regular,4,180,0,180,False,0,114670,0,0,97850,courses BSc (Geomatics),duration,17.2,180,,consistent,114670,published_divergent,none,,high,computed credits equal the stated total
2026,EBE,EB022EEE02,BSc(Eng),Electrical and Computer Engineering,regular,1,132,0,132,False,0,83200,0,0,82820,BSc Eng (Electrical & Computer),duration,0.5,132,,consistent,83200,reconciled,none,,high,computed credits equal the stated total
2026,EBE,EB022EEE02,BSc(Eng),Electrical and Computer Engineering,regular,2,144,0,136,False,8,96100,0,0,90610,BSc Eng (Electrical & Computer),duration,6.1,144,,unresolved,96100,published_divergent,none,,low,no rule or adjudication applies; default-trust=computed
2026,EBE,EB022EEE02,BSc(Eng),Electrical and Computer Engineering,regular,3,162,0,154,True,8,102710,10640,0,100370,BSc Eng (Electrical & Computer),duration,2.3,162,,consistent,102710,reconciled,none,,high,computed credits equal the stated total
2026,EBE,EB022EEE02,BSc(Eng),Electrical and Computer Engineering,regular,4,138,0,138,True,0,86800,28960,0,97560,BSc Eng (Electrical & Computer),duration,-11.0,138,,consistent,86800,published_divergent,none,,high,computed credits equal the stated total
2026,EBE,EB801CHE01,BSc(Eng),Chemical Engineering,extended,1,102,0,102,False,0,61550,0,0,,,unmatched,,102,,consistent,61550,no_published,none,,high,computed credits equal the stated total
2026,EBE,EB801CHE01,BSc(Eng),Chemical Engineering,extended,2,83,0,83,True,0,56070,9050,0,,,unmatched,,83,,consistent,56070,no_published,none,,high,computed credits equal the stated total
2026,EBE,EB801CHE01,BSc(Eng),Chemical Engineering,extended,3,91,0,91,True,0,62280,9050,0,,,unmatched,,91,,consistent,62280,no_published,none,,high,computed credits equal the stated total
2026,EBE,EB801CHE01,BSc(Eng),Chemical Engineering,extended,4,94,0,114,True,-20,60133,9653,0,,,unmatched,,94,,unresolved,60133,no_published,none,,low,no rule or adjudication applies; default-trust=computed
2026,EBE,EB801CHE01,BSc(Eng),Chemical Engineering,extended,5,128,0,128,False,0,89913,9653,0,,,unmatched,,128,,consistent,89913,no_published,none,,high,computed credits equal the stated total
2026,EBE,EB802CIV01,BSc(Eng),Civil Engineering,extended,1,112,0,112,False,0,68140,0,0,,,unmatched,,112,,consistent,68140,no_published,none,,high,computed credits equal the stated total
2026,EBE,EB802CIV01,BSc(Eng),Civil Engineering,extended,2,112,0,112,False,0,72770,0,0,,,unmatched,,112,,consistent,72770,no_published,none,,high,computed credits equal the stated total
2026,EBE,EB802CIV01,BSc(Eng),Civil Engineering,extended,3,103,0,103,False,0,58720,0,0,,,unmatched,,103,,consistent,58720,no_published,none,,high,computed credits equal the stated total
2026,EBE,EB802CIV01,BSc(Eng),Civil Engineering,extended,4,108,0,126,False,-18,63170,0,0,,,unmatched,,108,,unresolved,63170,no_published,none,,low,no rule or adjudication applies; default-trust=computed
2026,EBE,EB802CIV01,BSc(Eng),Civil Engineering,extended,5,126,0,126,False,0,88940,0,0,,,unmatched,,126,,consistent,88940,no_published,none,,high,computed credits equal the stated total
2026,EBE,EB805MEC01,BSc(Eng),Mechanical Engineering,extended,1,114,0,114,False,0,72700,0,0,,,unmatched,,114,,consistent,72700,no_published,none,,high,computed credits equal the stated total
2026,EBE,EB805MEC01,BSc(Eng),Mechanical Engineering,extended,2,80,0,80,False,0,44990,0,1,,,unmatched,,80,,consistent,44990,no_published,none,,high,computed credits equal the stated total
2026,EBE,EB805MEC01,BSc(Eng),Mechanical Engineering,extended,3,115,0,115,False,0,76240,9050,0,,,unmatched,,115,,consistent,76240,no_published,none,,high,computed credits equal the stated total
2026,EBE,EB805MEC01,BSc(Eng),Mechanical Engineering,extended,4,132,0,132,False,0,88820,0,0,,,unmatched,,132,,consistent,88820,no_published,none,,high,computed credits equal the stated total
2026,EBE,EB805MEC01,BSc(Eng),Mechanical Engineering,extended,5,129,1,126,False,3,85520,16290,1,,,unmatched,,129,,unresolved,85520,no_published,none,,low,no rule or adjudication applies; default-trust=computed
2026,EBE,EB809EEE01,BSc(Eng),Electrical Engineering,extended,1,96,0,96,False,0,61960,0,0,,,unmatched,,96,,consistent,61960,no_published,none,,high,computed credits equal the stated total
2026,EBE,EB809EEE01,BSc(Eng),Electrical Engineering,extended,2,108,0,108,False,0,66290,0,0,,,unmatched,,108,,consistent,66290,no_published,none,,high,computed credits equal the stated total
2026,EBE,EB809EEE01,BSc(Eng),Electrical Engineering,extended,3,104,0,104,False,0,71510,0,0,,,unmatched,,104,,consistent,71510,no_published,none,,high,computed credits equal the stated total
2026,EBE,EB809EEE01,BSc(Eng),Electrical Engineering,extended,4,124,0,124,True,0,78530,10640,0,,,unmatched,,124,,consistent,78530,no_published,none,,high,computed credits equal the stated total
2026,EBE,EB809EEE01,BSc(Eng),Electrical Engineering,extended,5,128,0,128,True,0,81320,28960,0,,,unmatched,,128,,consistent,81320,no_published,none,,high,computed credits equal the stated total
2026,EBE,EB810MEC05,BSc(Eng),Mechanical & Mechatronic Engineering,extended,1,114,0,114,False,0,72700,0,0,,,unmatched,,114,,consistent,72700,no_published,none,,high,computed credits equal the stated total
2026,EBE,EB810MEC05,BSc(Eng),Mechanical & Mechatronic Engineering,extended,2,80,0,,False,,44990,0,1,,,unmatched,,80,,unresolved,44990,no_published,none,,low,no rule or adjudication applies; default-trust=computed
2026,EBE,EB810MEC05,BSc(Eng),Mechanical & Mechatronic Engineering,extended,3,115,0,115,False,0,76240,9050,0,,,unmatched,,115,,consistent,76240,no_published,none,,high,computed credits equal the stated total
2026,EBE,EB810MEC05,BSc(Eng),Mechanical & Mechatronic Engineering,extended,4,132,0,132,False,0,88970,0,0,,,unmatched,,132,,consistent,88970,no_published,none,,high,computed credits equal the stated total
2026,EBE,EB810MEC05,BSc(Eng),Mechanical & Mechatronic Engineering,extended,5,129,1,129,False,0,86460,9050,1,,,unmatched,,129,,unresolved,86460,no_published,none,,low,no rule or adjudication applies; default-trust=computed
2026,EBE,EB811EEE05,BSc(Eng),Mechatronics,extended,1,96,0,96,True,0,61960,0,0,,,unmatched,,96,,consistent,61960,no_published,none,,high,computed credits equal the stated total
2026,EBE,EB811EEE05,BSc(Eng),Mechatronics,extended,2,108,0,108,True,0,66290,0,0,,,unmatched,,108,,consistent,66290,no_published,none,,high,computed credits equal the stated total
2026,EBE,EB811EEE05,BSc(Eng),Mechatronics,extended,3,104,0,104,True,0,71510,0,0,,,unmatched,,104,,consistent,71510,no_published,none,,high,computed credits equal the stated total
2026,EBE,EB811EEE05,BSc(Eng),Mechatronics,extended,4,114,0,114,True,0,76110,10860,0,,,unmatched,,114,,consistent,76110,no_published,none,,high,computed credits equal the stated total
2026,EBE,EB811EEE05,BSc(Eng),Mechatronics,extended,5,138,0,138,True,0,86800,28960,0,,,unmatched,,138,,consistent,86800,no_published,none,,high,computed credits equal the stated total
2026,EBE,EB819APG09,BSc(Geomatics),Surveying Stream,extended,1,87,0,87,False,0,51840,0,0,,,unmatched,,87,,consistent,51840,no_published,none,,high,computed credits equal the stated total
2026,EBE,EB819APG09,BSc(Geomatics),Surveying Stream,extended,2,128,0,128,False,0,79410,10860,0,,,unmatched,,128,,consistent,79410,no_published,none,,high,computed credits equal the stated total
2026,EBE,EB819APG09,BSc(Geomatics),Surveying Stream,extended,3,102,0,102,False,0,64833,6923,0,,,unmatched,,102,,consistent,64833,no_published,none,,high,computed credits equal the stated total
2026,EBE,EB819APG09,BSc(Geomatics),Surveying Stream,extended,4,134,0,134,False,0,88770,0,0,,,unmatched,,134,,consistent,88770,no_published,none,,high,computed credits equal the stated total
2026,EBE,EB819APG09,BSc(Geomatics),Surveying Stream,extended,5,106,0,106,False,0,66970,0,0,,,unmatched,,106,,consistent,66970,no_published,none,,high,computed credits equal the stated total
2026,EBE,EB819APG11,BSc(Geomatics),Geoinformatics Stream Environmental and Geographical Science Specialisation,extended,1,87,0,87,False,0,51840,0,0,,,unmatched,,87,,consistent,51840,no_published,none,,high,computed credits equal the stated total
2026,EBE,EB819APG11,BSc(Geomatics),Geoinformatics Stream Environmental and Geographical Science Specialisation,extended,2,128,0,128,False,0,79170,0,0,,,unmatched,,128,,consistent,79170,no_published,none,,high,computed credits equal the stated total
2026,EBE,EB819APG11,BSc(Geomatics),Geoinformatics Stream Environmental and Geographical Science Specialisation,extended,3,150,0,150,False,0,93670,0,0,,,unmatched,,150,,consistent,93670,no_published,none,,high,computed credits equal the stated total
2026,EBE,EB819APG11,BSc(Geomatics),Geoinformatics Stream Environmental and Geographical Science Specialisation,extended,4,142,0,142,False,0,89950,0,0,,,unmatched,,142,,consistent,89950,no_published,none,,high,computed credits equal the stated total
2026,EBE,EB819APG11,BSc(Geomatics),Geoinformatics Stream Environmental and Geographical Science Specialisation,extended,5,80,0,80,False,0,51350,0,0,,,unmatched,,80,,consistent,51350,no_published,none,,high,computed credits equal the stated total
2026,EBE,EB822EEE02,BSc(Eng),Electrical and Computer Engineering,extended,1,96,0,96,True,0,61960,0,0,,,unmatched,,96,,consistent,61960,no_published,none,,high,computed credits equal the stated total
2026,EBE,EB822EEE02,BSc(Eng),Electrical and Computer Engineering,extended,2,108,0,108,True,0,66290,0,0,,,unmatched,,108,,consistent,66290,no_published,none,,high,computed credits equal the stated total
2026,EBE,EB822EEE02,BSc(Eng),Electrical and Computer Engineering,extended,3,114,0,114,True,0,75950,10860,0,,,unmatched,,114,,consistent,75950,no_published,none,,high,computed credits equal the stated total
2026,EBE,EB822EEE02,BSc(Eng),Electrical and Computer Engineering,extended,4,130,0,122,True,8,83510,0,0,,,unmatched,,130,,consistent,83510,no_published,none,,high,computed credits equal the stated total
2026,EBE,EB822EEE02,BSc(Eng),Electrical and Computer Engineering,extended,5,128,0,128,True,0,81320,28960,0,,,unmatched,,128,,consistent,81320,no_published,none,,high,computed credits equal the stated total
2026,HUM,HB001AFS01,BA/BSocSc,Gender Studies,regular,1,15,0,,False,,9880,0,0,79000,Bachelor of Arts and Bachelor of Social Science,degree_flat,-87.5,15,,no_anchor,9880,published_divergent,none,,low,no rule or adjudication applies; default-trust=computed
2026,HUM,HB001AFS01,BA/BSocSc,Gender Studies,regular,2,40,0,,False,,26340,0,0,79000,Bachelor of Arts and Bachelor of Social Science,degree_flat,-66.7,40,,no_anchor,26340,published_divergent,none,,low,no rule or adjudication applies; default-trust=computed
2026,HUM,HB001AFS01,BA/BSocSc,Gender Studies,regular,3,60,0,,False,,26340,0,0,79000,Bachelor of Arts and Bachelor of Social Science,degree_flat,-66.7,60,,no_anchor,26340,published_divergent,none,,low,no rule or adjudication applies; default-trust=computed
2026,HUM,HB001AGE01,BA/BSocSc,Archaeology,regular,2,48,0,,False,,28620,0,0,79000,Bachelor of Arts and Bachelor of Social Science,degree_flat,-63.8,48,,no_anchor,28620,published_divergent,none,,low,no rule or adjudication applies; default-trust=computed
2026,HUM,HB001AGE01,BA/BSocSc,Archaeology,regular,3,36,1,,False,,43020,0,0,79000,Bachelor of Arts and Bachelor of Social Science,degree_flat,-45.5,36,,no_anchor,43020,published_divergent,none,,low,no rule or adjudication applies; default-trust=computed
2026,HUM,HB001ANS01,BA/BSocSc,Anthropology,regular,1,15,0,,False,,9880,0,0,79000,Bachelor of Arts and Bachelor of Social Science,degree_flat,-87.5,15,,no_anchor,9880,published_divergent,none,,low,no rule or adjudication applies; default-trust=computed
2026,HUM,HB001ANS01,BA/BSocSc,Anthropology,regular,2,40,0,,False,,26340,0,0,79000,Bachelor of Arts and Bachelor of Social Science,degree_flat,-66.7,40,,no_anchor,26340,published_divergent,none,,low,no rule or adjudication applies; default-trust=computed
2026,HUM,HB001ANS01,BA/BSocSc,Anthropology,regular,3,60,0,,False,,26340,0,0,79000,Bachelor of Arts and Bachelor of Social Science,degree_flat,-66.7,60,,no_anchor,26340,published_divergent,none,,low,no rule or adjudication applies; default-trust=computed
2026,HUM,HB001ASL01,BA/BSocSc,African Studies,regular,1,15,0,,False,,9880,0,0,79000,Bachelor of Arts and Bachelor of Social Science,degree_flat,-87.5,15,,no_anchor,9880,published_divergent,none,,low,no rule or adjudication applies; default-trust=computed
2026,HUM,HB001ASL01,BA/BSocSc,African Studies,regular,2,40,0,,False,,26340,0,0,79000,Bachelor of Arts and Bachelor of Social Science,degree_flat,-66.7,40,,no_anchor,26340,published_divergent,none,,low,no rule or adjudication applies; default-trust=computed
2026,HUM,HB001ASL01,BA/BSocSc,African Studies,regular,3,60,0,,False,,26340,0,0,79000,Bachelor of Arts and Bachelor of Social Science,degree_flat,-66.7,60,,no_anchor,26340,published_divergent,none,,low,no rule or adjudication applies; default-trust=computed
2026,HUM,HB001ASL02,BA/BSocSc,Linguistics,regular,1,15,0,,False,,9880,0,0,79000,Bachelor of Arts and Bachelor of Social Science,degree_flat,-87.5,15,,no_anchor,9880,published_divergent,none,,low,no rule or adjudication applies; default-trust=computed
2026,HUM,HB001ASL02,BA/BSocSc,Linguistics,regular,2,40,0,,False,,26340,0,0,79000,Bachelor of Arts and Bachelor of Social Science,degree_flat,-66.7,40,,no_anchor,26340,published_divergent,none,,low,no rule or adjudication applies; default-trust=computed
2026,HUM,HB001ASL02,BA/BSocSc,Linguistics,regular,3,60,0,,False,,26340,0,0,79000,Bachelor of Arts and Bachelor of Social Science,degree_flat,-66.7,60,,no_anchor,26340,published_divergent,none,,low,no rule or adjudication applies; default-trust=computed
2026,HUM,HB001CSC05,BA/BSocSc,Computer Science,regular,1,36,1,,False,,32100,0,0,79000,Bachelor of Arts and Bachelor of Social Science,degree_flat,-59.4,36,,no_anchor,32100,published_divergent,none,,low,no rule or adjudication applies; default-trust=computed
2026,HUM,HB001CSC05,BA/BSocSc,Computer Science,regular,2,18,4,,False,,53160,0,0,79000,Bachelor of Arts and Bachelor of Social Science,degree_flat,-32.7,18,,no_anchor,53160,published_divergent,none,,low,no rule or adjudication applies; default-trust=computed
2026,HUM,HB001CSC05,BA/BSocSc,Computer Science,regular,3,0,2,,False,,42160,0,0,79000,Bachelor of Arts and Bachelor of Social Science,degree_flat,-46.6,0,,no_anchor,42160,published_divergent,none,,low,no rule or adjudication applies; default-trust=computed
2026,HUM,HB001ECO01,BA/BSocSc,Economics,regular,2,36,1,,False,,33120,0,0,79000,Bachelor of Arts and Bachelor of Social Science,degree_flat,-58.1,36,,no_anchor,33120,published_divergent,none,,low,no rule or adjudication applies; default-trust=computed
2026,HUM,HB001EGS02,BA/BSocSc,Environmental and Geographical Science,regular,1,36,0,,False,,21720,0,0,79000,Bachelor of Arts and Bachelor of Social Science,degree_flat,-72.5,36,,no_anchor,21720,published_divergent,none,,low,no rule or adjudication applies; default-trust=computed
2026,HUM,HB001EGS02,BA/BSocSc,Environmental and Geographical Science,regular,2,48,0,,False,,28620,0,0,79000,Bachelor of Arts and Bachelor of Social Science,degree_flat,-63.8,48,,no_anchor,28620,published_divergent,none,,low,no rule or adjudication applies; default-trust=computed
2026,HUM,HB001EGS02,BA/BSocSc,Environmental and Geographical Science,regular,3,72,0,,False,,43020,0,0,79000,Bachelor of Arts and Bachelor of Social Science,degree_flat,-45.5,72,,no_anchor,43020,published_divergent,none,,low,no rule or adjudication applies; default-trust=computed
2026,HUM,HB001ELL10,BA/BSocSc,Literary Studies,regular,1,30,0,,False,,19760,0,0,79000,Bachelor of Arts and Bachelor of Social Science,degree_flat,-75.0,30,,no_anchor,19760,published_divergent,none,,low,no rule or adjudication applies; default-trust=computed
2026,HUM,HB001ELL10,BA/BSocSc,Literary Studies,regular,2,40,0,,False,,26340,0,0,79000,Bachelor of Arts and Bachelor of Social Science,degree_flat,-66.7,40,,no_anchor,26340,published_divergent,none,,low,no rule or adjudication applies; default-trust=computed
2026,HUM,HB001ELL10,BA/BSocSc,Literary Studies,regular,3,60,0,,False,,26340,0,0,79000,Bachelor of Arts and Bachelor of Social Science,degree_flat,-66.7,60,,no_anchor,26340,published_divergent,none,,low,no rule or adjudication applies; default-trust=computed
2026,HUM,HB001FAM01,BA/BSocSc,Film and Television Studies,regular,1,15,0,,False,,9880,0,0,79000,Bachelor of Arts and Bachelor of Social Science,degree_flat,-87.5,15,,no_anchor,9880,published_divergent,none,,low,no rule or adjudication applies; default-trust=computed
2026,HUM,HB001FAM01,BA/BSocSc,Film and Television Studies,regular,2,40,0,,False,,26340,0,0,79000,Bachelor of Arts and Bachelor of Social Science,degree_flat,-66.7,40,,no_anchor,26340,published_divergent,none,,low,no rule or adjudication applies; default-trust=computed
2026,HUM,HB001FAM01,BA/BSocSc,Film and Television Studies,regular,3,60,0,,False,,26340,0,0,79000,Bachelor of Arts and Bachelor of Social Science,degree_flat,-66.7,60,,no_anchor,26340,published_divergent,none,,low,no rule or adjudication applies; default-trust=computed
2026,HUM,HB001FAM07,BA/BSocSc,Media and Writing,regular,1,15,0,,False,,9880,0,0,79000,Bachelor of Arts and Bachelor of Social Science,degree_flat,-87.5,15,,no_anchor,9880,published_divergent,none,,low,no rule or adjudication applies; default-trust=computed
2026,HUM,HB001FAM07,BA/BSocSc,Media and Writing,regular,2,40,0,,False,,26340,0,0,79000,Bachelor of Arts and Bachelor of Social Science,degree_flat,-66.7,40,,no_anchor,26340,published_divergent,none,,low,no rule or adjudication applies; default-trust=computed
2026,HUM,HB001FAM07,BA/BSocSc,Media and Writing,regular,3,60,0,,False,,26340,0,0,79000,Bachelor of Arts and Bachelor of Social Science,degree_flat,-66.7,60,,no_anchor,26340,published_divergent,none,,low,no rule or adjudication applies; default-trust=computed
2026,HUM,HB001FIN05,BA/BSocSc,Art History and Discourse of Art,regular,1,30,0,,False,,19760,0,0,79000,Bachelor of Arts and Bachelor of Social Science,degree_flat,-75.0,30,,no_anchor,19760,published_divergent,none,,low,no rule or adjudication applies; default-trust=computed
2026,HUM,HB001FIN05,BA/BSocSc,Art History and Discourse of Art,regular,2,40,0,,False,,26340,0,0,79000,Bachelor of Arts and Bachelor of Social Science,degree_flat,-66.7,40,,no_anchor,26340,published_divergent,none,,low,no rule or adjudication applies; default-trust=computed
2026,HUM,HB001FIN05,BA/BSocSc,Art History and Discourse of Art,regular,3,30,0,,False,,13170,0,0,79000,Bachelor of Arts and Bachelor of Social Science,degree_flat,-83.3,30,,no_anchor,13170,published_divergent,none,,low,no rule or adjudication applies; default-trust=computed
2026,HUM,HB001HST04,BA/BSocSc,History,regular,1,30,0,,False,,0,0,2,79000,Bachelor of Arts and Bachelor of Social Science,degree_flat,,30,,no_anchor,0,published_divergent,none,,low,no rule or adjudication applies; default-trust=computed
2026,HUM,HB001HST04,BA/BSocSc,History,regular,2,0,2,,False,,0,0,2,79000,Bachelor of Arts and Bachelor of Social Science,degree_flat,,0,,no_anchor,0,published_divergent,none,,low,no rule or adjudication applies; default-trust=computed
2026,HUM,HB001HST04,BA/BSocSc,History,regular,3,60,0,,False,,0,0,2,79000,Bachelor of Arts and Bachelor of Social Science,degree_flat,,60,,no_anchor,0,published_divergent,none,,low,no rule or adjudication applies; default-trust=computed
2026,HUM,HB001INF09,BA/BSocSc,Informatics,regular,1,0,2,,False,,21660,0,0,79000,Bachelor of Arts and Bachelor of Social Science,degree_flat,-72.6,0,,no_anchor,21660,published_divergent,none,,low,no rule or adjudication applies; default-trust=computed
2026,HUM,HB001MAM01,BA/BSocSc,Applied Mathematics,regular,2,48,0,,False,,28720,0,0,79000,Bachelor of Arts and Bachelor of Social Science,degree_flat,-63.6,48,,no_anchor,28720,published_divergent,none,,low,no rule or adjudication applies; default-trust=computed
2026,HUM,HB001MAM02,BA/BSocSc,Mathematics,regular,1,54,0,,False,,32580,0,0,79000,Bachelor of Arts and Bachelor of Social Science,degree_flat,-58.8,54,,no_anchor,32580,published_divergent,none,,low,no rule or adjudication applies; default-trust=computed
2026,HUM,HB001MAM02,BA/BSocSc,Mathematics,regular,2,48,0,,False,,28720,0,0,79000,Bachelor of Arts and Bachelor of Social Science,degree_flat,-63.6,48,,no_anchor,28720,published_divergent,none,,low,no rule or adjudication applies; default-trust=computed
2026,HUM,HB001PHI01,BA/BSocSc,Philosophy,regular,1,30,0,,False,,19760,0,0,79000,Bachelor of Arts and Bachelor of Social Science,degree_flat,-75.0,30,,no_anchor,19760,published_divergent,none,,low,no rule or adjudication applies; default-trust=computed
2026,HUM,HB001PHI01,BA/BSocSc,Philosophy,regular,2,40,0,,False,,26340,0,0,79000,Bachelor of Arts and Bachelor of Social Science,degree_flat,-66.7,40,,no_anchor,26340,published_divergent,none,,low,no rule or adjudication applies; default-trust=computed
2026,HUM,HB001PHI01,BA/BSocSc,Philosophy,regular,3,60,0,,False,,26340,0,0,79000,Bachelor of Arts and Bachelor of Social Science,degree_flat,-66.7,60,,no_anchor,26340,published_divergent,none,,low,no rule or adjudication applies; default-trust=computed
2026,HUM,HB001POL10,BA/BSocSc,Politics & Governance,regular,1,15,0,,False,,9880,0,0,79000,Bachelor of Arts and Bachelor of Social Science,degree_flat,-87.5,15,,no_anchor,9880,published_divergent,none,,low,no rule or adjudication applies; default-trust=computed
2026,HUM,HB001PSY01,BA/BSocSc,Psychology,regular,1,30,0,,False,,19760,0,0,79000,Bachelor of Arts and Bachelor of Social Science,degree_flat,-75.0,30,,no_anchor,19760,published_divergent,none,,low,no rule or adjudication applies; default-trust=computed
2026,HUM,HB001PSY01,BA/BSocSc,Psychology,regular,2,60,0,,False,,39510,0,0,79000,Bachelor of Arts and Bachelor of Social Science,degree_flat,-50.0,60,,no_anchor,39510,published_divergent,none,,low,no rule or adjudication applies; default-trust=computed
2026,HUM,HB001PSY01,BA/BSocSc,Psychology,regular,3,90,0,,False,,39510,0,0,79000,Bachelor of Arts and Bachelor of Social Science,degree_flat,-50.0,90,,no_anchor,39510,published_divergent,none,,low,no rule or adjudication applies; default-trust=computed
2026,HUM,HB001SLL01,BA/BSocSc,African Languages & Literatures,regular,1,30,0,,False,,19760,0,0,79000,Bachelor of Arts and Bachelor of Social Science,degree_flat,-75.0,30,,no_anchor,19760,published_divergent,none,,low,no rule or adjudication applies; default-trust=computed
2026,HUM,HB001SLL01,BA/BSocSc,African Languages & Literatures,regular,2,40,0,,False,,26340,0,0,79000,Bachelor of Arts and Bachelor of Social Science,degree_flat,-66.7,40,,no_anchor,26340,published_divergent,none,,low,no rule or adjudication applies; default-trust=computed
2026,HUM,HB001SLL01,BA/BSocSc,African Languages & Literatures,regular,3,60,0,,False,,26340,0,0,79000,Bachelor of Arts and Bachelor of Social Science,degree_flat,-66.7,60,,no_anchor,26340,published_divergent,none,,low,no rule or adjudication applies; default-trust=computed
2026,HUM,HB001SLL02,BA/BSocSc,Afrikaans,regular,2,40,0,,False,,26340,0,0,79000,Bachelor of Arts and Bachelor of Social Science,degree_flat,-66.7,40,,no_anchor,26340,published_divergent,none,,low,no rule or adjudication applies; default-trust=computed
2026,HUM,HB001SLL02,BA/BSocSc,Afrikaans,regular,3,60,0,,False,,26340,0,0,79000,Bachelor of Arts and Bachelor of Social Science,degree_flat,-66.7,60,,no_anchor,26340,published_divergent,none,,low,no rule or adjudication applies; default-trust=computed
2026,HUM,HB001SLL03,BA/BSocSc,Arabic Language and Literature,regular,2,40,0,,False,,26340,0,0,79000,Bachelor of Arts and Bachelor of Social Science,degree_flat,-66.7,40,,no_anchor,26340,published_divergent,none,,low,no rule or adjudication applies; default-trust=computed
2026,HUM,HB001SLL03,BA/BSocSc,Arabic Language and Literature,regular,3,60,0,,False,,26340,0,0,79000,Bachelor of Arts and Bachelor of Social Science,degree_flat,-66.7,60,,no_anchor,26340,published_divergent,none,,low,no rule or adjudication applies; default-trust=computed
2026,HUM,HB001SLL04,BA/BSocSc,Business French,regular,2,40,0,,False,,26340,0,0,79000,Bachelor of Arts and Bachelor of Social Science,degree_flat,-66.7,40,,no_anchor,26340,published_divergent,none,,low,no rule or adjudication applies; default-trust=computed
2026,HUM,HB001SLL04,BA/BSocSc,Business French,regular,3,60,0,,False,,26340,0,0,79000,Bachelor of Arts and Bachelor of Social Science,degree_flat,-66.7,60,,no_anchor,26340,published_divergent,none,,low,no rule or adjudication applies; default-trust=computed
2026,HUM,HB001SLL05,BA/BSocSc,Classical Studies,regular,2,44,0,,False,,26340,0,0,79000,Bachelor of Arts and Bachelor of Social Science,degree_flat,-66.7,44,,no_anchor,26340,published_divergent,none,,low,no rule or adjudication applies; default-trust=computed
2026,HUM,HB001SLL05,BA/BSocSc,Classical Studies,regular,3,60,0,,False,,26340,0,0,79000,Bachelor of Arts and Bachelor of Social Science,degree_flat,-66.7,60,,no_anchor,26340,published_divergent,none,,low,no rule or adjudication applies; default-trust=computed
2026,HUM,HB001SLL09,BA/BSocSc,Hebrew Language and Literature,regular,2,48,0,,False,,26340,0,0,79000,Bachelor of Arts and Bachelor of Social Science,degree_flat,-66.7,48,,no_anchor,26340,published_divergent,none,,low,no rule or adjudication applies; default-trust=computed
2026,HUM,HB001SLL09,BA/BSocSc,Hebrew Language and Literature,regular,3,0,2,,False,,0,0,2,79000,Bachelor of Arts and Bachelor of Social Science,degree_flat,,0,,no_anchor,0,published_divergent,none,,low,no rule or adjudication applies; default-trust=computed
2026,HUM,HB001SLL10,BA/BSocSc,Italian,regular,2,40,0,,False,,26340,0,0,79000,Bachelor of Arts and Bachelor of Social Science,degree_flat,-66.7,40,,no_anchor,26340,published_divergent,none,,low,no rule or adjudication applies; default-trust=computed
2026,HUM,HB001SLL10,BA/BSocSc,Italian,regular,3,60,0,,False,,26340,0,0,79000,Bachelor of Arts and Bachelor of Social Science,degree_flat,-66.7,60,,no_anchor,26340,published_divergent,none,,low,no rule or adjudication applies; default-trust=computed
2026,HUM,HB001SLL13,BA/BSocSc,Spanish,regular,2,40,0,,False,,26340,0,0,79000,Bachelor of Arts and Bachelor of Social Science,degree_flat,-66.7,40,,no_anchor,26340,published_divergent,none,,low,no rule or adjudication applies; default-trust=computed
2026,HUM,HB001SLL13,BA/BSocSc,Spanish,regular,3,60,0,,False,,26340,0,0,79000,Bachelor of Arts and Bachelor of Social Science,degree_flat,-66.7,60,,no_anchor,26340,published_divergent,none,,low,no rule or adjudication applies; default-trust=computed
2026,HUM,HB001SLL15,BA/BSocSc,Xhosa Communication,regular,2,40,0,,False,,26340,0,0,79000,Bachelor of Arts and Bachelor of Social Science,degree_flat,-66.7,40,,no_anchor,26340,published_divergent,none,,low,no rule or adjudication applies; default-trust=computed
2026,HUM,HB001SLL15,BA/BSocSc,Xhosa Communication,regular,3,60,0,,False,,26340,0,0,79000,Bachelor of Arts and Bachelor of Social Science,degree_flat,-66.7,60,,no_anchor,26340,published_divergent,none,,low,no rule or adjudication applies; default-trust=computed
2026,HUM,HB001SLL21,BA/BSocSc,Chinese Studies,regular,1,30,0,,False,,19760,0,0,79000,Bachelor of Arts and Bachelor of Social Science,degree_flat,-75.0,30,,no_anchor,19760,published_divergent,none,,low,no rule or adjudication applies; default-trust=computed
2026,HUM,HB001SLL21,BA/BSocSc,Chinese Studies,regular,2,40,0,,False,,26340,0,0,79000,Bachelor of Arts and Bachelor of Social Science,degree_flat,-66.7,40,,no_anchor,26340,published_divergent,none,,low,no rule or adjudication applies; default-trust=computed
2026,HUM,HB001SLL21,BA/BSocSc,Chinese Studies,regular,3,60,0,,False,,26340,0,0,79000,Bachelor of Arts and Bachelor of Social Science,degree_flat,-66.7,60,,no_anchor,26340,published_divergent,none,,low,no rule or adjudication applies; default-trust=computed
2026,HUM,HB001SOC01,BA/BSocSc,Sociology,regular,3,60,0,,False,,26340,0,0,79000,Bachelor of Arts and Bachelor of Social Science,degree_flat,-66.7,60,,no_anchor,26340,published_divergent,none,,low,no rule or adjudication applies; default-trust=computed
2026,HUM,HB001SOC02,BA/BSocSc,Industrial Sociology,regular,2,20,0,,False,,13170,0,0,79000,Bachelor of Arts and Bachelor of Social Science,degree_flat,-83.3,20,,no_anchor,13170,published_divergent,none,,low,no rule or adjudication applies; default-trust=computed
2026,HUM,HB001SOC02,BA/BSocSc,Industrial Sociology,regular,3,60,0,,False,,26340,0,0,79000,Bachelor of Arts and Bachelor of Social Science,degree_flat,-66.7,60,,no_anchor,26340,published_divergent,none,,low,no rule or adjudication applies; default-trust=computed
2026,HUM,HB001STA01,BA/BSocSc,Applied Statistics,regular,1,18,0,,False,,10860,0,0,79000,Bachelor of Arts and Bachelor of Social Science,degree_flat,-86.3,18,,no_anchor,10860,published_divergent,none,,low,no rule or adjudication applies; default-trust=computed
2026,HUM,HB001STA01,BA/BSocSc,Applied Statistics,regular,2,48,1,,False,,42120,0,0,79000,Bachelor of Arts and Bachelor of Social Science,degree_flat,-46.7,48,,no_anchor,42120,published_divergent,none,,low,no rule or adjudication applies; default-trust=computed
2026,HUM,HB001STA01,BA/BSocSc,Applied Statistics,regular,3,72,0,,False,,42160,0,0,79000,Bachelor of Arts and Bachelor of Social Science,degree_flat,-46.6,72,,no_anchor,42160,published_divergent,none,,low,no rule or adjudication applies; default-trust=computed
2026,HUM,HB001SWK03,BA/BSocSc,Social Development,regular,1,30,0,,False,,19760,0,0,79000,Bachelor of Arts and Bachelor of Social Science,degree_flat,-75.0,30,,no_anchor,19760,published_divergent,none,,low,no rule or adjudication applies; default-trust=computed
2026,HUM,HB001SWK03,BA/BSocSc,Social Development,regular,2,40,0,,False,,26340,0,0,79000,Bachelor of Arts and Bachelor of Social Science,degree_flat,-66.7,40,,no_anchor,26340,published_divergent,none,,low,no rule or adjudication applies; default-trust=computed
2026,HUM,HB001SWK03,BA/BSocSc,Social Development,regular,3,50,0,,False,,26340,0,0,79000,Bachelor of Arts and Bachelor of Social Science,degree_flat,-66.7,50,,no_anchor,26340,published_divergent,none,,low,no rule or adjudication applies; default-trust=computed
2026,HUM,HB001TDP09,BA/BSocSc,Theatre and Dance Studies,regular,1,15,0,,False,,9880,0,0,79000,Bachelor of Arts and Bachelor of Social Science,degree_flat,-87.5,15,,no_anchor,9880,published_divergent,none,,low,no rule or adjudication applies; default-trust=computed
2026,HUM,HB001TDP09,BA/BSocSc,Theatre and Dance Studies,regular,2,40,0,,False,,26340,0,0,79000,Bachelor of Arts and Bachelor of Social Science,degree_flat,-66.7,40,,no_anchor,26340,published_divergent,none,,low,no rule or adjudication applies; default-trust=computed
2026,HUM,HB001TDP09,BA/BSocSc,Theatre and Dance Studies,regular,3,120,0,,False,,52680,0,0,79000,Bachelor of Arts and Bachelor of Social Science,degree_flat,-33.3,120,,no_anchor,52680,published_divergent,none,,low,no rule or adjudication applies; default-trust=computed
2026,HUM,HB001XX21,BA/BSocSc,French,regular,2,40,0,,False,,26340,0,0,79000,Bachelor of Arts and Bachelor of Social Science,degree_flat,-66.7,40,,no_anchor,26340,published_divergent,none,,low,no rule or adjudication applies; default-trust=computed
2026,HUM,HB001XX21,BA/BSocSc,French,regular,3,120,0,,False,,52680,0,0,79000,Bachelor of Arts and Bachelor of Social Science,degree_flat,-33.3,120,,no_anchor,52680,published_divergent,none,,low,no rule or adjudication applies; default-trust=computed
2026,HUM,HB001XX23,BA/BSocSc,German,regular,2,40,0,,False,,26340,0,0,79000,Bachelor of Arts and Bachelor of Social Science,degree_flat,-66.7,40,,no_anchor,26340,published_divergent,none,,low,no rule or adjudication applies; default-trust=computed
2026,HUM,HB001XX23,BA/BSocSc,German,regular,3,120,0,,False,,52680,0,0,79000,Bachelor of Arts and Bachelor of Social Science,degree_flat,-33.3,120,,no_anchor,52680,published_divergent,none,,low,no rule or adjudication applies; default-trust=computed
2026,HUM,HB001XX26,BA/BSocSc,Portuguese,regular,2,40,0,,False,,26340,0,0,79000,Bachelor of Arts and Bachelor of Social Science,degree_flat,-66.7,40,,no_anchor,26340,published_divergent,none,,low,no rule or adjudication applies; default-trust=computed
2026,HUM,HB001XX26,BA/BSocSc,Portuguese,regular,3,120,0,,False,,52680,0,0,79000,Bachelor of Arts and Bachelor of Social Science,degree_flat,-33.3,120,,no_anchor,52680,published_divergent,none,,low,no rule or adjudication applies; default-trust=computed
2026,LAW,LB002,LLB,Four-year undergraduate LLB stream,regular,1,135,0,135,False,0,77920,27150,0,80410,Degrees Undergraduate LLB Regular curriculum 1st Year-depending on electives,flat_annual,-3.1,135,,consistent,77920,reconciled,none,,high,computed credits equal the stated total
2026,LAW,LB002,LLB,Four-year undergraduate LLB stream,regular,2,142,0,142,False,0,79232,39322,0,80410,Degrees Undergraduate LLB Regular curriculum 1st Year-depending on electives,flat_annual,-1.5,142,,consistent,79232,reconciled,none,,high,computed credits equal the stated total
2026,LAW,LB002,LLB,Four-year undergraduate LLB stream,regular,3,180,0,180,False,0,93640,0,0,80410,Degrees Undergraduate LLB Regular curriculum 1st Year-depending on electives,flat_annual,16.5,180,,consistent,93640,published_divergent,none,,high,computed credits equal the stated total
2026,LAW,LB002,LLB,Four-year undergraduate LLB stream,regular,4,180,0,180,False,0,93190,18100,0,80410,Degrees Undergraduate LLB Regular curriculum 1st Year-depending on electives,flat_annual,15.9,180,,consistent,93190,published_divergent,none,,high,computed credits equal the stated total
2026,LAW,LP001,LLB,Graduate LLB Stream,regular,1,144,0,144,False,0,79820,0,0,79820,Graduate LLB,flat_annual,0.0,144,,consistent,79820,reconciled,none,,high,computed credits equal the stated total
2026,LAW,LP001,LLB,Graduate LLB Stream,regular,2,180,0,180,False,0,93640,0,0,79820,Graduate LLB,flat_annual,17.3,180,,consistent,93640,published_divergent,none,,high,computed credits equal the stated total
2026,LAW,LP001,LLB,Graduate LLB Stream,regular,3,180,0,180,False,0,86050,10960,0,79820,Graduate LLB,flat_annual,7.8,180,,consistent,86050,published_divergent,none,,high,computed credits equal the stated total
2026,FHS,MB001DOM02,,,regular,,455,0,,False,,342100,0,0,,,unmatched,,455,,unresolved,342100,no_published,none,,low,no rule or adjudication applies; default-trust=computed
2026,FHS,MB003AHS09,BSc(OT),Occupational Therapy,regular,1,144,0,144,False,0,68670,0,2,85600,BSc (Occupational Therapy),duration,-19.8,144,,consistent,68670,published_divergent,none,,high,computed credits equal the stated total
2026,FHS,MB003AHS09,BSc(OT),Occupational Therapy,regular,2,139,0,123,False,16,81750,0,0,81750,BSc (Occupational Therapy),duration,0.0,139,,unresolved,81750,reconciled,none,,low,no rule or adjudication applies; default-trust=computed
2026,FHS,MB003AHS09,BSc(OT),Occupational Therapy,regular,3,148,0,148,False,0,75100,0,0,75100,BSc (Occupational Therapy),duration,0.0,148,,consistent,75100,reconciled,none,,high,computed credits equal the stated total
2026,FHS,MB003AHS09,BSc(OT),Occupational Therapy,regular,4,144,0,144,False,0,95410,0,0,95410,BSc (Occupational Therapy),duration,0.0,144,,consistent,95410,reconciled,none,,high,computed credits equal the stated total
2026,FHS,MB004AHS08,BSc(Physio),Physiotherapy,regular,1,142,0,142,False,0,74120,0,1,84000,BSc (Physiotherapy),duration,-11.8,142,,consistent,74120,published_divergent,none,,high,computed credits equal the stated total
2026,FHS,MB004AHS08,BSc(Physio),Physiotherapy,regular,2,182,0,164,False,18,105990,0,0,105990,BSc (Physiotherapy),duration,0.0,182,,unresolved,105990,reconciled,none,,low,no rule or adjudication applies; default-trust=computed
2026,FHS,MB004AHS08,BSc(Physio),Physiotherapy,regular,3,140,0,150,False,-10,69320,0,0,87800,BSc (Physiotherapy),duration,-21.0,140,,unresolved,69320,published_divergent,none,,low,no rule or adjudication applies; default-trust=computed
2026,FHS,MB004AHS08,BSc(Physio),Physiotherapy,regular,4,156,0,132,False,24,101380,0,0,101380,BSc (Physiotherapy),duration,0.0,156,,unresolved,101380,reconciled,none,,low,no rule or adjudication applies; default-trust=computed
2026,FHS,MB011,BSc(Audiology),Audiology,regular,1,188,0,176,False,12,86190,0,2,96070,BSc (Audiology),duration,-10.3,188,,unresolved,86190,published_divergent,none,,low,no rule or adjudication applies; default-trust=computed
2026,FHS,MB011,BSc(Audiology),Audiology,regular,2,401,0,162,False,239,181330,0,1,100210,BSc (Audiology),duration,81.0,401,,unresolved,181330,published_divergent,none,,low,no rule or adjudication applies; default-trust=computed
2026,FHS,MB011,BSc(Audiology),Audiology,regular,3,258,0,140,False,118,168650,0,0,90930,BSc (Audiology),duration,85.5,258,,unresolved,168650,published_divergent,none,,low,no rule or adjudication applies; default-trust=computed
2026,FHS,MB011,BSc(Audiology),Audiology,regular,4,214,0,124,False,90,159200,0,0,92260,BSc (Audiology),duration,72.6,214,,unresolved,159200,published_divergent,none,,low,no rule or adjudication applies; default-trust=computed
2026,FHS,MB014,MBChB,Medicine,regular,1,167,0,167,False,0,113510,0,0,113510,MBChB,duration,0.0,167,,consistent,113510,reconciled,none,,high,computed credits equal the stated total
2026,FHS,MB014,MBChB,Medicine,regular,2,165,0,165,False,0,133950,0,0,133950,MBChB,duration,0.0,165,,consistent,133950,reconciled,none,,high,computed credits equal the stated total
2026,FHS,MB014,MBChB,Medicine,regular,3,198,0,198,False,0,143620,0,0,143620,MBChB,duration,0.0,198,,consistent,143620,reconciled,none,,high,computed credits equal the stated total
2026,FHS,MB014,MBChB,Medicine,regular,4,220,0,220,False,0,83530,0,5,150290,MBChB,duration,-44.4,220,,consistent,83530,published_divergent,none,,high,computed credits equal the stated total
2026,FHS,MB014,MBChB,Medicine,regular,5,210,0,210,False,0,8270,0,11,125720,MBChB,duration,-93.4,210,,consistent,8270,published_divergent,none,,high,computed credits equal the stated total
2026,FHS,MB014,MBChB,Medicine,regular,6,254,0,254,False,0,61070,0,8,138350,MBChB,duration,-55.9,254,,consistent,61070,published_divergent,none,,high,computed credits equal the stated total
2026,FHS,MB020,MBChB,Medicine,regular,1,180,0,,False,,132840,0,0,,,unmatched,,180,,unresolved,132840,no_published,none,,low,no rule or adjudication applies; default-trust=computed
2026,FHS,MU002AHS21,,Higher Certificate in Disability Practice,regular,1,275,0,120,False,155,137240,0,4,,,unmatched,,275,,unresolved,137240,no_published,none,,low,no rule or adjudication applies; default-trust=computed
2026,FHS,MU002AHS21,,Higher Certificate in Disability Practice,regular,2,221,0,,False,,23450,0,9,,,unmatched,,221,,unresolved,23450,no_published,none,,low,no rule or adjudication applies; default-trust=computed
2026,FHS,MU003MDN27,,Advanced Diploma In Cosmetic Formulation Science,regular,1,105,0,120,False,-15,52930,0,1,,,unmatched,,105,,unresolved,52930,no_published,none,,low,no rule or adjudication applies; default-trust=computed
2026,SCI,SB001AGE01,BSc,Archaeology,regular,1,72,0,,False,,21720,0,1,87000,Bachelor of Science,degree_flat,-75.0,72,,no_anchor,21720,published_divergent,none,,low,no rule or adjudication applies; default-trust=computed
2026,SCI,SB001AGE01,BSc,Archaeology,regular,2,48,0,,False,,28620,0,0,86000,Bachelor of Science,degree_flat,-66.7,48,,no_anchor,28620,published_divergent,none,,low,no rule or adjudication applies; default-trust=computed
2026,SCI,SB001AGE01,BSc,Archaeology,regular,3,108,0,,False,,64530,0,0,86000,Bachelor of Science,degree_flat,-25.0,108,,no_anchor,64530,published_divergent,none,,low,no rule or adjudication applies; default-trust=computed
2026,SCI,SB001AST02,BSc,Astrophysics,regular,1,108,0,,False,,42990,0,1,87000,Bachelor of Science,degree_flat,-50.6,108,,no_anchor,42990,published_divergent,none,,low,no rule or adjudication applies; default-trust=computed
2026,SCI,SB001AST02,BSc,Astrophysics,regular,2,144,0,,False,,85910,0,0,86000,Bachelor of Science,degree_flat,-0.1,144,,no_anchor,85910,reconciled,none,,low,no rule or adjudication applies; default-trust=computed
2026,SCI,SB001AST02,BSc,Astrophysics,regular,3,72,0,,False,,43020,0,0,86000,Bachelor of Science,degree_flat,-50.0,72,,no_anchor,43020,published_divergent,none,,low,no rule or adjudication applies; default-trust=computed
2026,SCI,SB001BIO05,BSc,Marine Biology,regular,1,108,0,,False,,64950,0,0,87000,Bachelor of Science,degree_flat,-25.3,108,,no_anchor,64950,published_divergent,none,,low,no rule or adjudication applies; default-trust=computed
2026,SCI,SB001BIO05,BSc,Marine Biology,regular,2,120,0,,False,,71550,0,0,86000,Bachelor of Science,degree_flat,-16.8,120,,no_anchor,71550,published_divergent,none,,low,no rule or adjudication applies; default-trust=computed
2026,SCI,SB001BIO05,BSc,Marine Biology,regular,3,72,0,,False,,43020,0,0,86000,Bachelor of Science,degree_flat,-50.0,72,,no_anchor,43020,published_divergent,none,,low,no rule or adjudication applies; default-trust=computed
2026,SCI,SB001BIO12,BSc,Biology,regular,1,108,0,,False,,64950,0,0,87000,Bachelor of Science,degree_flat,-25.3,108,,no_anchor,64950,published_divergent,none,,low,no rule or adjudication applies; default-trust=computed
2026,SCI,SB001BIO12,BSc,Biology,regular,2,96,0,,False,,57240,0,0,86000,Bachelor of Science,degree_flat,-33.4,96,,no_anchor,57240,published_divergent,none,,low,no rule or adjudication applies; default-trust=computed
2026,SCI,SB001BIO12,BSc,Biology,regular,3,180,0,,False,,107550,0,0,86000,Bachelor of Science,degree_flat,25.1,180,,no_anchor,107550,published_divergent,none,,low,no rule or adjudication applies; default-trust=computed
2026,SCI,SB001BIO13,BSc,Quantitative Biology,regular,1,54,0,,False,,32580,0,0,87000,Bachelor of Science,degree_flat,-62.6,54,,no_anchor,32580,published_divergent,none,,low,no rule or adjudication applies; default-trust=computed
2026,SCI,SB001BIO13,BSc,Quantitative Biology,regular,2,96,0,,False,,57240,0,0,86000,Bachelor of Science,degree_flat,-33.4,96,,no_anchor,57240,published_divergent,none,,low,no rule or adjudication applies; default-trust=computed
2026,SCI,SB001BIO13,BSc,Quantitative Biology,regular,3,36,0,,False,,21510,0,0,86000,Bachelor of Science,degree_flat,-75.0,36,,no_anchor,21510,published_divergent,none,,low,no rule or adjudication applies; default-trust=computed
2026,SCI,SB001CEM01,BSc,Chemistry,regular,1,108,0,,False,,43020,0,1,87000,Bachelor of Science,degree_flat,-50.6,108,,no_anchor,43020,published_divergent,none,,low,no rule or adjudication applies; default-trust=computed
2026,SCI,SB001CEM01,BSc,Chemistry,regular,2,48,0,,False,,28570,0,0,86000,Bachelor of Science,degree_flat,-66.8,48,,no_anchor,28570,published_divergent,none,,low,no rule or adjudication applies; default-trust=computed
2026,SCI,SB001CEM01,BSc,Chemistry,regular,3,72,0,,False,,42860,0,0,86000,Bachelor of Science,degree_flat,-50.2,72,,no_anchor,42860,published_divergent,none,,low,no rule or adjudication applies; default-trust=computed
2026,SCI,SB001CSC02,BSc,Business Computing,regular,1,69,0,,False,,43140,0,0,87000,Bachelor of Science,degree_flat,-50.4,69,,no_anchor,43140,published_divergent,none,,low,no rule or adjudication applies; default-trust=computed
2026,SCI,SB001CSC02,BSc,Business Computing,regular,2,42,0,,False,,25300,0,0,86000,Bachelor of Science,degree_flat,-70.6,42,,no_anchor,25300,published_divergent,none,,low,no rule or adjudication applies; default-trust=computed
2026,SCI,SB001CSC02,BSc,Business Computing,regular,3,54,0,,False,,33120,0,0,86000,Bachelor of Science,degree_flat,-61.5,54,,no_anchor,33120,published_divergent,none,,low,no rule or adjudication applies; default-trust=computed
2026,SCI,SB001CSC03,BSc,Computer Engineering,regular,1,72,0,,False,,21240,0,1,87000,Bachelor of Science,degree_flat,-75.6,72,,no_anchor,21240,published_divergent,none,,low,no rule or adjudication applies; default-trust=computed
2026,SCI,SB001CSC03,BSc,Computer Engineering,regular,2,48,0,,False,,29630,0,0,86000,Bachelor of Science,degree_flat,-65.5,48,,no_anchor,29630,published_divergent,none,,low,no rule or adjudication applies; default-trust=computed
2026,SCI,SB001CSC03,BSc,Computer Engineering,regular,3,72,0,,False,,45170,0,0,86000,Bachelor of Science,degree_flat,-47.5,72,,no_anchor,45170,published_divergent,none,,low,no rule or adjudication applies; default-trust=computed
2026,SCI,SB001CSC05,BSc,Computer Science,regular,1,54,0,,False,,32100,0,0,87000,Bachelor of Science,degree_flat,-63.1,54,,no_anchor,32100,published_divergent,none,,low,no rule or adjudication applies; default-trust=computed
2026,SCI,SB001CSC05,BSc,Computer Science,regular,2,66,0,,False,,39120,0,0,86000,Bachelor of Science,degree_flat,-54.5,66,,no_anchor,39120,published_divergent,none,,low,no rule or adjudication applies; default-trust=computed
2026,SCI,SB001CSC05,BSc,Computer Science,regular,3,72,0,,False,,42160,0,0,86000,Bachelor of Science,degree_flat,-51.0,72,,no_anchor,42160,published_divergent,none,,low,no rule or adjudication applies; default-trust=computed
2026,SCI,SB001CSC08,BSc,Artificial Intelligence,regular,1,90,0,,False,,53820,0,0,87000,Bachelor of Science,degree_flat,-38.1,90,,no_anchor,53820,published_divergent,none,,low,no rule or adjudication applies; default-trust=computed
2026,SCI,SB001CSC08,BSc,Artificial Intelligence,regular,2,96,0,,False,,56480,0,0,86000,Bachelor of Science,degree_flat,-34.3,96,,no_anchor,56480,published_divergent,none,,low,no rule or adjudication applies; default-trust=computed
2026,SCI,SB001CSC08,BSc,Artificial Intelligence,regular,3,72,0,,False,,42160,0,0,86000,Bachelor of Science,degree_flat,-51.0,72,,no_anchor,42160,published_divergent,none,,low,no rule or adjudication applies; default-trust=computed
2026,SCI,SB001EGS02,BSc,Environmental & Geographical Science,regular,1,72,0,,False,,21720,0,1,87000,Bachelor of Science,degree_flat,-75.0,72,,no_anchor,21720,published_divergent,none,,low,no rule or adjudication applies; default-trust=computed
2026,SCI,SB001EGS02,BSc,Environmental & Geographical Science,regular,2,48,0,,False,,28620,0,0,86000,Bachelor of Science,degree_flat,-66.7,48,,no_anchor,28620,published_divergent,none,,low,no rule or adjudication applies; default-trust=computed
2026,SCI,SB001EGS02,BSc,Environmental & Geographical Science,regular,3,144,0,,False,,86040,0,0,86000,Bachelor of Science,degree_flat,0.0,144,,no_anchor,86040,reconciled,none,,low,no rule or adjudication applies; default-trust=computed
2026,SCI,SB001GEO02,BSc,Geology,regular,1,126,0,,False,,54620,0,1,87000,Bachelor of Science,degree_flat,-37.2,126,,no_anchor,54620,published_divergent,none,,low,no rule or adjudication applies; default-trust=computed
2026,SCI,SB001GEO02,BSc,Geology,regular,2,48,0,,False,,28620,0,0,86000,Bachelor of Science,degree_flat,-66.7,48,,no_anchor,28620,published_divergent,none,,low,no rule or adjudication applies; default-trust=computed
2026,SCI,SB001GEO02,BSc,Geology,regular,3,72,0,,False,,43020,0,0,86000,Bachelor of Science,degree_flat,-50.0,72,,no_anchor,43020,published_divergent,none,,low,no rule or adjudication applies; default-trust=computed
2026,SCI,SB001HUB17,BSc,Human Anatomy & Physiology,regular,1,108,0,,False,,43230,0,1,87000,Bachelor of Science,degree_flat,-50.3,108,,no_anchor,43230,published_divergent,none,,low,no rule or adjudication applies; default-trust=computed
2026,SCI,SB001HUB17,BSc,Human Anatomy & Physiology,regular,2,48,0,,False,,28620,0,0,86000,Bachelor of Science,degree_flat,-66.7,48,,no_anchor,28620,published_divergent,none,,low,no rule or adjudication applies; default-trust=computed
2026,SCI,SB001HUB17,BSc,Human Anatomy & Physiology,regular,3,72,0,,False,,43270,0,0,86000,Bachelor of Science,degree_flat,-49.7,72,,no_anchor,43270,published_divergent,none,,low,no rule or adjudication applies; default-trust=computed
2026,SCI,SB001MAM01,BSc,Applied Mathematics,regular,1,72,0,,False,,21720,0,1,87000,Bachelor of Science,degree_flat,-75.0,72,,no_anchor,21720,published_divergent,none,,low,no rule or adjudication applies; default-trust=computed
2026,SCI,SB001MAM01,BSc,Applied Mathematics,regular,2,48,0,,False,,28720,0,0,86000,Bachelor of Science,degree_flat,-66.6,48,,no_anchor,28720,published_divergent,none,,low,no rule or adjudication applies; default-trust=computed
2026,SCI,SB001MAM01,BSc,Applied Mathematics,regular,3,108,0,,False,,64440,0,0,86000,Bachelor of Science,degree_flat,-25.1,108,,no_anchor,64440,published_divergent,none,,low,no rule or adjudication applies; default-trust=computed
2026,SCI,SB001MAM02,BSc,Mathematics,regular,1,54,0,,False,,10860,0,1,87000,Bachelor of Science,degree_flat,-87.5,54,,no_anchor,10860,published_divergent,none,,low,no rule or adjudication applies; default-trust=computed
2026,SCI,SB001MAM02,BSc,Mathematics,regular,2,48,0,,False,,28720,0,0,86000,Bachelor of Science,degree_flat,-66.6,48,,no_anchor,28720,published_divergent,none,,low,no rule or adjudication applies; default-trust=computed
2026,SCI,SB001MAM02,BSc,Mathematics,regular,3,108,0,,False,,64440,0,0,86000,Bachelor of Science,degree_flat,-25.1,108,,no_anchor,64440,published_divergent,none,,low,no rule or adjudication applies; default-trust=computed
2026,SCI,SB001MCB01,BSc,Biochemistry,regular,1,108,0,,False,,64950,0,0,87000,Bachelor of Science,degree_flat,-25.3,108,,no_anchor,64950,published_divergent,none,,low,no rule or adjudication applies; default-trust=computed
2026,SCI,SB001MCB01,BSc,Biochemistry,regular,2,72,0,,False,,42930,0,0,86000,Bachelor of Science,degree_flat,-50.1,72,,no_anchor,42930,published_divergent,none,,low,no rule or adjudication applies; default-trust=computed
2026,SCI,SB001MCB01,BSc,Biochemistry,regular,3,72,0,,False,,43020,0,0,86000,Bachelor of Science,degree_flat,-50.0,72,,no_anchor,43020,published_divergent,none,,low,no rule or adjudication applies; default-trust=computed
2026,SCI,SB001MCB04,BSc,Genetics,regular,1,108,0,,False,,64950,0,0,87000,Bachelor of Science,degree_flat,-25.3,108,,no_anchor,64950,published_divergent,none,,low,no rule or adjudication applies; default-trust=computed
2026,SCI,SB001MCB04,BSc,Genetics,regular,2,72,0,,False,,42930,0,0,86000,Bachelor of Science,degree_flat,-50.1,72,,no_anchor,42930,published_divergent,none,,low,no rule or adjudication applies; default-trust=computed
2026,SCI,SB001MCB04,BSc,Genetics,regular,3,72,0,,False,,43020,0,0,86000,Bachelor of Science,degree_flat,-50.0,72,,no_anchor,43020,published_divergent,none,,low,no rule or adjudication applies; default-trust=computed
2026,SCI,SB001PHY01,BSc,Physics,regular,1,126,0,,False,,53850,0,1,87000,Bachelor of Science,degree_flat,-38.1,126,,no_anchor,53850,published_divergent,none,,low,no rule or adjudication applies; default-trust=computed
2026,SCI,SB001PHY01,BSc,Physics,regular,2,96,0,,False,,57290,0,0,86000,Bachelor of Science,degree_flat,-33.4,96,,no_anchor,57290,published_divergent,none,,low,no rule or adjudication applies; default-trust=computed
2026,SCI,SB001PHY01,BSc,Physics,regular,3,72,0,,False,,42860,0,0,86000,Bachelor of Science,degree_flat,-50.2,72,,no_anchor,42860,published_divergent,none,,low,no rule or adjudication applies; default-trust=computed
2026,SCI,SB001SEA03,BSc,Ocean & Atmosphere Science,regular,1,108,0,,False,,43760,0,1,87000,Bachelor of Science,degree_flat,-49.7,108,,no_anchor,43760,published_divergent,none,,low,no rule or adjudication applies; default-trust=computed
2026,SCI,SB001SEA03,BSc,Ocean & Atmosphere Science,regular,2,48,0,,False,,28620,0,0,86000,Bachelor of Science,degree_flat,-66.7,48,,no_anchor,28620,published_divergent,none,,low,no rule or adjudication applies; default-trust=computed
2026,SCI,SB001SEA03,BSc,Ocean & Atmosphere Science,regular,3,72,0,,False,,43020,0,0,86000,Bachelor of Science,degree_flat,-50.0,72,,no_anchor,43020,published_divergent,none,,low,no rule or adjudication applies; default-trust=computed
2026,SCI,SB001STA01,BSc,Applied Statistics,regular,1,54,0,,False,,10860,0,1,87000,Bachelor of Science,degree_flat,-87.5,54,,no_anchor,10860,published_divergent,none,,low,no rule or adjudication applies; default-trust=computed
2026,SCI,SB001STA01,BSc,Applied Statistics,regular,2,24,0,,False,,14040,0,0,86000,Bachelor of Science,degree_flat,-83.7,24,,no_anchor,14040,published_divergent,none,,low,no rule or adjudication applies; default-trust=computed
2026,SCI,SB001STA01,BSc,Applied Statistics,regular,3,72,0,,False,,42160,0,0,86000,Bachelor of Science,degree_flat,-51.0,72,,no_anchor,42160,published_divergent,none,,low,no rule or adjudication applies; default-trust=computed
2026,SCI,SB001STA02,BSc,Mathematical Statistics,regular,1,54,0,,False,,10860,0,1,87000,Bachelor of Science,degree_flat,-87.5,54,,no_anchor,10860,published_divergent,none,,low,no rule or adjudication applies; default-trust=computed
2026,SCI,SB001STA02,BSc,Mathematical Statistics,regular,2,48,0,,False,,28080,0,0,86000,Bachelor of Science,degree_flat,-67.3,48,,no_anchor,28080,published_divergent,none,,low,no rule or adjudication applies; default-trust=computed
2026,SCI,SB001STA02,BSc,Mathematical Statistics,regular,3,72,0,,False,,21080,0,2,86000,Bachelor of Science,degree_flat,-75.5,72,,no_anchor,21080,published_divergent,none,,low,no rule or adjudication applies; default-trust=computed
2026,SCI,SB001STA13,BSc,Statistics & Data Science,regular,1,72,0,,False,,42960,0,0,87000,Bachelor of Science,degree_flat,-50.6,72,,no_anchor,42960,published_divergent,none,,low,no rule or adjudication applies; default-trust=computed
2026,SCI,SB001STA13,BSc,Statistics & Data Science,regular,2,168,0,,False,,98600,0,0,86000,Bachelor of Science,degree_flat,14.7,168,,no_anchor,98600,published_divergent,none,,low,no rule or adjudication applies; default-trust=computed
2026,SCI,SB001STA13,BSc,Statistics & Data Science,regular,3,144,0,,False,,63240,0,2,86000,Bachelor of Science,degree_flat,-26.5,144,,no_anchor,63240,published_divergent,none,,low,no rule or adjudication applies; default-trust=computed
