year,faculty,plan_code,degree_abbrev,specialisation,variant,study_year,credits_ideal,credits_unresolved_slots,credits_stated,stated_is_minimum,credit_delta,fee_ideal_zar,fee_estimated_component_zar,fee_slots_missing,fee_published_zar,fee_published_label,fee_match_method,fee_delta_pct
2021,COM,CB001ACC03,BCom,Financial Accounting: Accounting with Law,regular,1,149,0,149,False,0,68490,0,0,68490,BCom specialising in Financial Accounting: Accounting with Law Stream,label_match,0.0
2021,COM,CB001ACC03,BCom,Financial Accounting: Accounting with Law,regular,2,162,0,162,False,0,74090,0,0,74090,BCom specialising in Financial Accounting: Accounting with Law Stream,label_match,0.0
2021,COM,CB001ACC03,BCom,Financial Accounting: Accounting with Law,regular,3,144,0,144,False,0,65720,0,0,65720,BCom specialising in Financial Accounting: Accounting with Law Stream,label_match,0.0
2021,COM,CB001ACC04,BCom,Financial Accounting: Chartered Accountant,regular,1,149,0,149,False,0,68490,0,0,68490,Bachelor of Commerce specialising in Financial | Chartered Accounting Stream,label_match,0.0
2021,COM,CB001ACC04,BCom,Financial Accounting: Chartered Accountant,regular,2,180,0,162,False,18,84930,0,0,84930,Bachelor of Commerce specialising in Financial | Chartered Accounting Stream,label_match,0.0
2021,COM,CB001ACC04,BCom,Financial Accounting: Chartered Accountant,regular,3,144,0,144,False,0,67140,0,0,67140,Bachelor of Commerce specialising in Financial | Chartered Accounting Stream,label_match,0.0
2021,COM,CB001ACC08,,,regular,1,149,0,149,False,0,68490,0,0,,,unmatched,
2021,COM,CB001ACC08,,,regular,2,162,0,162,False,0,76560,0,0,,,unmatched,
2021,COM,CB001ACC08,,,regular,3,144,0,144,False,0,66910,0,0,,,unmatched,
2021,COM,CB001BUS06,BCom,Management Studies,regular,1,185,0,185,False,0,84890,0,0,84640,BCom in the field of Management Studies,label_match,0.3
2021,COM,CB001BUS06,BCom,Management Studies,regular,2,168,0,168,False,0,79630,17200,0,79630,BCom in the field of Management Studies,label_match,0.0
2021,COM,CB001BUS06,BCom,Management Studies,regular,3,43,0,144,False,-101,20544,11944,0,68800,BCom in the field of Management Studies,label_match,-70.1
2021,COM,CB001ECO02,BCom,Economics and Finance,regular,1,167,0,167,False,0,77030,0,0,77030,BCom specialising in Economics & Finance,label_match,0.0
2021,COM,CB001ECO02,BCom,Economics and Finance,regular,2,150,0,150,True,0,70520,0,0,70520,BCom specialising in Economics & Finance,label_match,0.0
2021,COM,CB001ECO02,BCom,Economics and Finance,regular,3,144,0,144,False,0,68570,8600,0,68570,BCom specialising in Economics & Finance,label_match,0.0
2021,COM,CB001ECO03,BCom,Economics with Law,regular,1,149,0,149,False,0,68490,0,0,68490,BCom specialising in Economics with Law,label_match,0.0
2021,COM,CB001ECO03,BCom,Economics with Law,regular,2,162,0,162,True,0,73370,0,0,73370,BCom specialising in Economics with Law,label_match,0.0
2021,COM,CB001ECO03,BCom,Economics with Law,regular,3,144,0,162,False,-18,65820,0,0,65820,BCom specialising in Economics with Law,label_match,0.0
2021,COM,CB001ECO04,BCom,Economics and Statistics,regular,1,167,0,167,False,0,77030,0,0,76780,BCom specialising in Economics & Statistics,label_match,0.3
2021,COM,CB001ECO04,BCom,Economics and Statistics,regular,2,210,0,156,False,54,97540,0,0,72750,BCom specialising in Economics & Statistics,label_match,34.1
2021,COM,CB001ECO04,BCom,Economics and Statistics,regular,3,198,1,180,False,18,92830,0,1,84820,BCom specialising in Economics & Statistics,label_match,9.4
2021,COM,CB001INF01,BCom,Information Systems,regular,1,149,0,149,False,0,68000,0,0,67750,BCom specialising in Information Systems,label_match,0.4
2021,COM,CB001INF01,BCom,Information Systems,regular,2,126,0,126,False,0,60010,0,1,77210,BCom specialising in Information Systems,label_match,-22.3
2021,COM,CB001INF01,BCom,Information Systems,regular,3,156,0,156,False,0,77080,17200,0,77080,BCom specialising in Information Systems,label_match,0.0
2021,COM,CB001INF06,BCom,Information Systems and Computer Science,regular,1,149,0,149,False,0,68180,0,0,68180,BCom specialising in Information Systems & Computer Science,label_match,0.0
2021,COM,CB001INF06,BCom,Information Systems and Computer Science,regular,2,162,0,162,False,0,74990,0,0,74990,BCom specialising in Information Systems & Computer Science,label_match,0.0
2021,COM,CB001INF06,BCom,Information Systems and Computer Science,regular,3,144,0,144,False,0,67620,0,0,67620,BCom specialising in Information Systems & Computer Science,label_match,0.0
2021,COM,CB001INF11,BCom,Information Systems and Finance,regular,1,167,0,167,False,0,77030,0,0,76690,BCom specialising in Information Systems & Finance,label_match,0.4
2021,COM,CB001INF11,BCom,Information Systems and Finance,regular,2,162,0,162,False,0,76720,0,0,76720,BCom specialising in Information Systems & Finance,label_match,0.0
2021,COM,CB001INF11,BCom,Information Systems and Finance,regular,3,150,0,150,False,0,71030,0,0,71030,BCom specialising in Information Systems & Finance,label_match,0.0
2021,COM,CB001PHI03,BCom,"Philosophy, Politics & Economics",regular,1,149,0,149,False,0,66280,0,0,66280,"BCom specialising in Philosophy, Politics & Economics",label_match,0.0
2021,COM,CB001PHI03,BCom,"Philosophy, Politics & Economics",regular,2,246,0,174,False,72,110240,0,0,79130,"BCom specialising in Philosophy, Politics & Economics",label_match,39.3
2021,COM,CB001PHI03,BCom,"Philosophy, Politics & Economics",regular,3,222,2,168,False,54,88020,10370,2,74110,"BCom specialising in Philosophy, Politics & Economics",label_match,18.8
2021,COM,CB004BUS07,BBusSc,Marketing,regular,1,167,0,167,False,0,77030,0,0,77030,BBusSc specialising in Marketing,label_match,0.0
2021,COM,CB004BUS07,BBusSc,Marketing,regular,2,168,0,168,False,0,78890,0,0,78890,BBusSc specialising in Marketing,label_match,0.0
2021,COM,CB004BUS07,BBusSc,Marketing,regular,3,198,0,180,False,18,85410,8600,0,76810,BBusSc specialising in Marketing,label_match,11.2
2021,COM,CB004BUS07,BBusSc,Marketing,regular,4,180,0,180,False,0,84360,0,0,84360,BBusSc specialising in Marketing,label_match,0.0
2021,COM,CB004BUS08,BBusSc,Organisational Psychology,regular,1,167,0,167,False,0,75390,0,0,75390,BBusSc specialising in Organisational Psychology,label_match,0.0
2021,COM,CB004BUS08,BBusSc,Organisational Psychology,regular,2,162,0,162,False,0,60200,0,2,77010,BBusSc specialising in Organisational Psychology,label_match,-21.8
2021,COM,CB004BUS08,BBusSc,Organisational Psychology,regular,3,198,0,180,False,18,91030,8600,0,84200,BBusSc specialising in Organisational Psychology,label_match,8.1
2021,COM,CB004BUS08,BBusSc,Organisational Psychology,regular,4,156,0,156,False,0,80210,0,0,80210,BBusSc specialising in Organisational Psychology,label_match,0.0
2021,COM,CB004BUS22,BBusSc,Analytics,regular,1,185,0,185,False,0,85000,0,0,85000,BBusSc specialising in Analytics,label_match,0.0
2021,COM,CB004BUS22,BBusSc,Analytics,regular,2,186,0,186,False,0,86670,0,0,86670,BBusSc specialising in Analytics,label_match,0.0
2021,COM,CB004BUS22,BBusSc,Analytics,regular,3,210,0,198,True,12,97750,0,0,103950,BBusSc specialising in Analytics,label_match,-6.0
2021,COM,CB004BUS22,BBusSc,Analytics,regular,4,178,0,178,False,0,71030,0,0,71030,BBusSc specialising in Analytics,label_match,0.0
2021,COM,CB004CSC05,BBusSc,Computer Science,regular,1,149,0,147,False,2,67800,0,0,59390,BBusSc specialising in Computer Science,label_match,14.2
2021,COM,CB004CSC05,BBusSc,Computer Science,regular,2,162,0,162,False,0,75950,0,0,75950,BBusSc specialising in Computer Science,label_match,0.0
2021,COM,CB004CSC05,BBusSc,Computer Science,regular,3,180,0,180,False,0,84080,0,0,84080,BBusSc specialising in Computer Science,label_match,0.0
2021,COM,CB004CSC05,BBusSc,Computer Science,regular,4,166,0,166,False,0,67080,0,0,67080,BBusSc specialising in Computer Science,label_match,0.0
2021,COM,CB004ECO01,BBusSc,Economics,regular,1,167,0,167,False,0,77030,0,0,77030,BBusSc specialising in Economics,label_match,0.0
2021,COM,CB004ECO01,BBusSc,Economics,regular,2,156,0,150,False,6,72980,0,0,72980,BBusSc specialising in Economics,label_match,0.0
2021,COM,CB004ECO01,BBusSc,Economics,regular,3,282,1,162,False,120,133400,8600,1,77170,BBusSc specialising in Economics,label_match,72.9
2021,COM,CB004ECO01,BBusSc,Economics,regular,4,156,0,156,False,0,85900,0,0,85900,BBusSc specialising in Economics,label_match,0.0
2021,COM,CB004ECO03,BBusSc,Economics with Law,regular,1,167,0,167,False,0,77030,0,0,77030,BBusSc specialising in Economics with Law,label_match,0.0
2021,COM,CB004ECO03,BBusSc,Economics with Law,regular,2,168,0,168,False,0,76880,0,0,76880,BBusSc specialising in Economics with Law,label_match,0.0
2021,COM,CB004ECO03,BBusSc,Economics with Law,regular,3,162,0,144,False,18,74190,8600,0,74190,BBusSc specialising in Economics with Law,label_match,0.0
2021,COM,CB004ECO03,BBusSc,Economics with Law,regular,4,174,0,174,False,0,94500,0,0,94500,BBusSc specialising in Economics with Law,label_match,0.0
2021,COM,CB004FTX04,BBusSc,Finance with Accounting,regular,1,167,0,167,False,0,77030,0,0,77030,BBusSc specialising in Finance with Accounting (CA Option),label_match,0.0
2021,COM,CB004FTX04,BBusSc,Finance with Accounting,regular,2,168,0,168,False,0,78150,0,0,78150,BBusSc specialising in Finance with Accounting (CA Option),label_match,0.0
2021,COM,CB004FTX04,BBusSc,Finance with Accounting,regular,3,180,0,180,False,0,85080,0,0,85080,BBusSc specialising in Finance with Accounting (CA Option),label_match,0.0
2021,COM,CB004FTX04,BBusSc,Finance with Accounting,regular,4,162,0,162,False,0,77200,0,0,77200,BBusSc specialising in Finance with Accounting (CA Option),label_match,0.0
2021,COM,CB004FTX05,BBusSc,Finance,regular,1,167,0,167,False,0,77030,0,0,77030,BBusSc specialising in Finance (Non CA Option),label_match,0.0
2021,COM,CB004FTX05,BBusSc,Finance,regular,2,168,0,168,False,0,78890,0,0,78890,BBusSc specialising in Finance (Non CA Option),label_match,0.0
2021,COM,CB004FTX05,BBusSc,Finance,regular,3,18,0,180,False,-162,8600,8600,0,76730,BBusSc specialising in Finance (Non CA Option),label_match,-88.8
2021,COM,CB004FTX05,BBusSc,Finance,regular,4,144,0,144,False,0,68600,0,0,68600,BBusSc specialising in Finance (Non CA Option),label_match,0.0
2021,COM,CB004INF01,BBusSc,Information Systems,regular,1,185,0,185,False,0,84890,0,0,84640,BBusSc specialising in Information Systems,label_match,0.3
2021,COM,CB004INF01,BBusSc,Information Systems,regular,2,168,0,168,False,0,79920,0,0,79920,BBusSc specialising in Information Systems,label_match,0.0
2021,COM,CB004INF01,BBusSc,Information Systems,regular,3,156,0,156,False,0,77080,0,0,77080,BBusSc specialising in Information Systems,label_match,0.0
2021,COM,CB004INF01,BBusSc,Information Systems,regular,4,176,0,176,False,0,78900,0,0,78900,BBusSc specialising in Information Systems,label_match,0.0
2021,COM,CB011ACC03,BCom,Financial Accounting: Accounting with Law,extended,1,113,0,113,False,0,51540,0,0,51540,BCom Academic Development specialising in Financial Accounting: Accounting with Law Stream,ad_duration,0.0
2021,COM,CB011ACC03,BCom,Financial Accounting: Accounting with Law,extended,2,126,0,126,False,0,59620,0,0,59620,BCom Academic Development specialising in Financial Accounting: Accounting with Law Stream,ad_duration,0.0
2021,COM,CB011ACC03,BCom,Financial Accounting: Accounting with Law,extended,3,126,0,126,False,0,57120,0,0,57120,BCom Academic Development specialising in Financial Accounting: Accounting with Law Stream,ad_duration,0.0
2021,COM,CB011ACC03,BCom,Financial Accounting: Accounting with Law,extended,4,90,0,90,False,0,40020,0,0,40020,BCom Academic Development specialising in Financial Accounting: Accounting with Law Stream,ad_duration,0.0
2021,COM,CB011ACC04,BCom,Financial Accounting: Chartered Accountant,extended,1,131,0,131,False,0,59890,0,0,59950,Bachelor of Commerce Academic Development specialising in Financial Accounting Chartered Accounting Stream,ad_duration,-0.1
2021,COM,CB011ACC04,BCom,Financial Accounting: Chartered Accountant,extended,2,144,0,144,False,0,67960,0,0,67960,Bachelor of Commerce Academic Development specialising in Financial Accounting Chartered Accounting Stream,ad_duration,0.0
2021,COM,CB011ACC04,BCom,Financial Accounting: Chartered Accountant,extended,3,126,0,126,False,0,58390,0,0,58390,Bachelor of Commerce Academic Development specialising in Financial Accounting Chartered Accounting Stream,ad_duration,0.0
2021,COM,CB011ACC04,BCom,Financial Accounting: Chartered Accountant,extended,4,108,0,108,False,0,51420,0,0,51420,Bachelor of Commerce Academic Development specialising in Financial Accounting Chartered Accounting Stream,ad_duration,0.0
2021,COM,CB011ACC08,BCom,Financial Accounting: General Accounting,extended,1,131,0,131,False,0,59890,0,0,59890,BCom Academic Development specialising in Financial Accounting General Accounting Stream,ad_duration,0.0
2021,COM,CB011ACC08,BCom,Financial Accounting: General Accounting,extended,2,126,0,126,False,0,59360,0,0,59360,BCom Academic Development specialising in Financial Accounting General Accounting Stream,ad_duration,0.0
2021,COM,CB011ACC08,BCom,Financial Accounting: General Accounting,extended,3,108,0,126,False,-18,51500,0,0,50760,BCom Academic Development specialising in Financial Accounting General Accounting Stream,ad_duration,1.5
2021,COM,CB011ACC08,BCom,Financial Accounting: General Accounting,extended,4,108,0,108,False,0,49810,0,0,49810,BCom Academic Development specialising in Financial Accounting General Accounting Stream,ad_duration,0.0
2021,COM,CB011BUS06,,,extended,1,131,0,131,False,0,59400,0,0,,,unmatched,
2021,COM,CB011BUS06,,,extended,2,108,0,108,False,0,51230,8540,0,,,unmatched,
2021,COM,CB011BUS06,,,extended,3,132,0,132,False,0,62430,17200,0,,,unmatched,
2021,COM,CB011BUS06,,,extended,4,18,0,126,False,-108,8600,0,1,,,unmatched,
2021,COM,CB011ECO02,BCom,Economics and Finance,extended,1,113,0,113,False,0,51290,0,0,51290,BCom Academic Development specialising in Economics & Finance,ad_duration,0.0
2021,COM,CB011ECO02,BCom,Economics and Finance,extended,2,108,0,108,False,0,50800,0,0,50800,BCom Academic Development specialising in Economics & Finance,ad_duration,0.0
2021,COM,CB011ECO02,BCom,Economics and Finance,extended,3,114,0,132,False,-18,53830,0,0,67350,BCom Academic Development specialising in Economics & Finance,ad_duration,-20.1
2021,COM,CB011ECO02,BCom,Economics and Finance,extended,4,108,0,108,False,0,51600,0,1,51600,BCom Academic Development specialising in Economics & Finance,ad_duration,0.0
2021,COM,CB011ECO03,BCom,Economics with Law,extended,1,131,0,131,False,0,59890,0,0,59890,BCom Academic Development specialising in Economics with Law,ad_duration,0.0
2021,COM,CB011ECO03,BCom,Economics with Law,extended,2,204,0,108,False,96,92860,0,1,51370,BCom Academic Development specialising in Economics with Law,ad_duration,80.8
2021,COM,CB011ECO03,BCom,Economics with Law,extended,3,108,0,108,False,0,48620,0,0,57220,BCom Academic Development specialising in Economics with Law,ad_duration,-15.0
2021,COM,CB011ECO03,BCom,Economics with Law,extended,4,108,0,198,False,-90,48620,0,0,57220,BCom Academic Development specialising in Economics with Law,ad_duration,-15.0
2021,COM,CB011ECO04,BCom,Economics and Statistics,extended,1,131,0,113,False,18,60080,0,0,51540,BCom Academic Development specialising in Economics & Statistics,ad_duration,16.6
2021,COM,CB011ECO04,BCom,Economics and Statistics,extended,2,126,0,108,False,18,59090,0,0,50550,BCom Academic Development specialising in Economics & Statistics,ad_duration,16.9
2021,COM,CB011ECO04,BCom,Economics and Statistics,extended,3,144,0,144,True,0,67560,8600,0,58750,BCom Academic Development specialising in Economics & Statistics,ad_duration,15.0
2021,COM,CB011ECO04,BCom,Economics and Statistics,extended,4,162,0,162,False,0,76220,8600,0,76220,BCom Academic Development specialising in Economics & Statistics,ad_duration,0.0
2021,COM,CB011INF01,BCom,Information Systems,extended,1,113,0,113,False,0,51540,0,0,51540,BCom Academic Development specialising in Information Systems,ad_duration,0.0
2021,COM,CB011INF01,BCom,Information Systems,extended,2,108,0,108,False,0,51660,0,0,51660,BCom Academic Development specialising in Information Systems,ad_duration,0.0
2021,COM,CB011INF01,BCom,Information Systems,extended,3,120,0,120,False,0,59800,8540,0,68460,BCom Academic Development specialising in Information Systems,ad_duration,-12.6
2021,COM,CB011INF01,BCom,Information Systems,extended,4,108,0,108,False,0,50630,17200,0,50630,BCom Academic Development specialising in Information Systems,ad_duration,0.0
2021,COM,CB011INF06,BCom,Information Systems and Computer Science,extended,1,113,0,113,False,0,51290,0,0,51290,BCom Academic Development specialising in Information Systems & Computer Science,ad_duration,0.0
2021,COM,CB011INF06,BCom,Information Systems and Computer Science,extended,2,108,0,108,False,0,50070,0,0,50070,BCom Academic Development specialising in Information Systems & Computer Science,ad_duration,0.0
2021,COM,CB011INF06,BCom,Information Systems and Computer Science,extended,3,108,0,108,False,0,50410,0,0,61470,BCom Academic Development specialising in Information Systems & Computer Science,ad_duration,-18.0
2021,COM,CB011INF06,BCom,Information Systems and Computer Science,extended,4,126,0,126,False,0,59020,0,0,59020,BCom Academic Development specialising in Information Systems & Computer Science,ad_duration,0.0
2021,COM,CB011INF11,BCom,Information Systems and Finance,extended,1,131,0,131,False,0,60140,0,0,60140,BCom Academic Development specialising in Information Systems & Finance,ad_duration,0.0
2021,COM,CB011INF11,BCom,Information Systems and Finance,extended,2,108,0,108,False,0,51410,0,0,51410,BCom Academic Development specialising in Information Systems & Finance,ad_duration,0.0
2021,COM,CB011INF11,BCom,Information Systems and Finance,extended,3,126,0,126,False,0,60140,0,0,60140,BCom Academic Development specialising in Information Systems & Finance,ad_duration,0.0
2021,COM,CB011INF11,BCom,Information Systems and Finance,extended,4,114,0,114,False,0,53090,0,0,53090,BCom Academic Development specialising in Information Systems & Finance,ad_duration,0.0
2021,COM,CB011PHI03,BCom,"Philosophy, Politics & Economics",extended,1,113,0,113,False,0,49080,0,0,49080,"BCom Academic Development specialising in Philosophy, Politics & Economics",ad_duration,0.0
2021,COM,CB011PHI03,BCom,"Philosophy, Politics & Economics",extended,2,108,0,108,False,0,51350,0,0,51350,"BCom Academic Development specialising in Philosophy, Politics & Economics",ad_duration,0.0
2021,COM,CB011PHI03,BCom,"Philosophy, Politics & Economics",extended,3,198,0,102,False,96,86460,0,0,44980,"BCom Academic Development specialising in Philosophy, Politics & Economics",ad_duration,92.2
2021,COM,CB011PHI03,BCom,"Philosophy, Politics & Economics",extended,4,222,3,162,True,60,88020,10370,3,82710,"BCom Academic Development specialising in Philosophy, Politics & Economics",ad_duration,6.4
2021,COM,CB015BUS07,,,extended,1,131,0,131,False,0,59150,0,0,,,unmatched,
2021,COM,CB015BUS07,,,extended,2,132,0,132,False,0,62600,0,0,,,unmatched,
2021,COM,CB015BUS07,,,extended,3,108,0,108,False,0,51370,0,0,,,unmatched,
2021,COM,CB015BUS07,,,extended,4,144,0,144,False,0,59610,0,1,,,unmatched,
2021,COM,CB015BUS07,,,extended,5,180,0,180,False,0,84360,0,0,,,unmatched,
2021,COM,CB015BUS08,,,extended,1,131,0,131,False,0,58250,0,0,,,unmatched,
2021,COM,CB015BUS08,,,extended,2,132,0,132,False,0,62600,0,0,,,unmatched,
2021,COM,CB015BUS08,,,extended,3,126,0,126,False,0,42260,0,2,,,unmatched,
2021,COM,CB015BUS08,,,extended,4,138,0,120,False,18,63510,8600,0,,,unmatched,
2021,COM,CB015BUS08,,,extended,5,156,0,156,False,0,80210,0,0,,,unmatched,
2021,COM,CB015BUS22,,,extended,1,113,0,113,False,0,50550,0,0,,,unmatched,
2021,COM,CB015BUS22,,,extended,2,126,0,108,False,18,59640,0,0,,,unmatched,
2021,COM,CB015BUS22,,,extended,3,186,0,168,False,18,87410,0,0,,,unmatched,
2021,COM,CB015BUS22,,,extended,4,192,0,180,True,12,89150,0,0,,,unmatched,
2021,COM,CB015BUS22,,,extended,5,178,0,178,False,0,71030,0,0,,,unmatched,
2021,COM,CB015CSC05,,,extended,1,113,0,113,False,0,51040,0,0,,,unmatched,
2021,COM,CB015CSC05,,,extended,2,126,0,126,False,0,58920,0,0,,,unmatched,
2021,COM,CB015CSC05,,,extended,3,126,0,132,False,-6,58980,0,0,,,unmatched,
2021,COM,CB015CSC05,,,extended,4,126,0,126,False,0,59020,0,0,,,unmatched,
2021,COM,CB015CSC05,,,extended,5,166,0,166,False,0,67080,0,0,,,unmatched,
2021,COM,CB015ECO01,,,extended,1,149,0,131,False,18,68490,0,0,,,unmatched,
2021,COM,CB015ECO01,,,extended,2,144,0,126,False,18,68000,0,0,,,unmatched,
2021,COM,CB015ECO01,,,extended,3,138,0,138,False,0,64890,8600,0,,,unmatched,
2021,COM,CB015ECO01,,,extended,4,210,1,90,True,120,99230,0,1,,,unmatched,
2021,COM,CB015ECO01,,,extended,5,156,0,156,False,0,85900,0,0,,,unmatched,
2021,COM,CB015ECO03,,,extended,1,149,0,131,False,18,68490,0,0,,,unmatched,
2021,COM,CB015ECO03,,,extended,2,114,0,114,False,0,54000,0,0,,,unmatched,
2021,COM,CB015ECO03,,,extended,3,144,0,126,False,18,65590,0,0,,,unmatched,
2021,COM,CB015ECO03,,,extended,4,126,0,126,False,0,57220,0,1,,,unmatched,
2021,COM,CB015ECO03,,,extended,5,156,0,166,False,-10,85900,0,0,,,unmatched,
2021,COM,CB015FTX04,,,extended,1,131,0,131,False,0,59150,0,0,,,unmatched,
2021,COM,CB015FTX04,,,extended,2,126,0,126,False,0,59170,0,0,,,unmatched,
2021,COM,CB015FTX04,,,extended,3,168,0,168,False,0,79760,0,0,,,unmatched,
2021,COM,CB015FTX04,,,extended,4,144,0,144,False,0,67880,0,0,,,unmatched,
2021,COM,CB015FTX04,,,extended,5,144,0,144,False,0,68600,0,0,,,unmatched,
2021,COM,CB015FTX05,,,extended,1,131,0,131,False,0,59890,0,0,,,unmatched,
2021,COM,CB015FTX05,,,extended,2,150,0,150,False,0,70460,0,0,,,unmatched,
2021,COM,CB015FTX05,,,extended,3,90,0,90,False,0,42690,8600,0,,,unmatched,
2021,COM,CB015FTX05,,,extended,4,144,0,144,False,0,68210,0,0,,,unmatched,
2021,COM,CB015FTX05,,,extended,5,144,0,144,False,0,68600,0,0,,,unmatched,
2021,COM,CB015INF01,,,extended,1,149,0,131,False,18,67500,0,0,,,unmatched,
2021,COM,CB015INF01,,,extended,2,108,0,108,False,0,51540,0,0,,,unmatched,
2021,COM,CB015INF01,,,extended,3,150,0,150,False,0,71090,0,0,,,unmatched,
2021,COM,CB015INF01,,,extended,4,120,0,120,False,0,60110,0,0,,,unmatched,
2021,COM,CB015INF01,,,extended,5,176,0,176,False,0,78900,0,0,,,unmatched,
2021,COM,CB018BUS01,,,extended,1,113,0,113,False,0,51290,0,0,,,unmatched,
2021,COM,CB018BUS01,,,extended,2,108,0,108,False,0,51290,0,0,,,unmatched,
2021,COM,CB018BUS01,,,extended,3,150,0,150,False,0,70480,0,0,,,unmatched,
2021,COM,CB018BUS01,,,extended,4,180,0,180,False,0,86140,0,0,,,unmatched,
2021,COM,CB018BUS01,,,extended,5,174,0,,False,,73530,0,0,,,unmatched,
2021,COM,CB018BUS09,,,extended,1,113,0,113,False,0,51290,0,0,,,unmatched,
2021,COM,CB018BUS09,,,extended,2,108,0,108,False,0,51290,0,0,,,unmatched,
2021,COM,CB018BUS09,,,extended,3,150,0,150,False,0,70480,0,0,,,unmatched,
2021,COM,CB018BUS09,,,extended,4,198,0,198,False,0,92620,0,0,,,unmatched,
2021,COM,CB018BUS09,,,extended,5,147,0,147,False,0,68510,0,0,,,unmatched,
2021,COM,CB019BUS01,BCom,Actuarial Science,regular,1,185,0,185,False,0,85250,0,0,85250,BCom specialising in Actuarial Science,label_match,0.0
2021,COM,CB019BUS01,BCom,Actuarial Science,regular,2,186,0,186,False,0,87680,0,0,86900,BCom specialising in Actuarial Science,label_match,0.9
2021,COM,CB019BUS01,BCom,Actuarial Science,regular,3,162,0,162,False,0,77540,0,0,84020,BCom specialising in Actuarial Science,label_match,-7.7
2021,COM,CB019BUS09,BCom,Actuarial Science: Quantitative Finance,regular,1,185,0,185,False,0,85250,0,0,85250,BCom specialising in Actuarial Science Quantitative Finance Stream,label_match,0.0
2021,COM,CB019BUS09,BCom,Actuarial Science: Quantitative Finance,regular,2,186,0,186,False,0,87680,0,0,86900,BCom specialising in Actuarial Science Quantitative Finance Stream,label_match,0.9
2021,COM,CB019BUS09,BCom,Actuarial Science: Quantitative Finance,regular,3,180,0,180,False,0,84020,0,0,84020,BCom specialising in Actuarial Science Quantitative Finance Stream,label_match,0.0
2021,COM,CB020BUS01,BCom,Actuarial Science,extended,1,113,0,113,False,0,51290,0,0,51290,BCom Academic Development specialising in Actuarial Science,ad_duration,0.0
2021,COM,CB020BUS01,BCom,Actuarial Science,extended,2,108,0,108,False,0,51290,0,0,51290,BCom Academic Development specialising in Actuarial Science,ad_duration,0.0
2021,COM,CB020BUS01,BCom,Actuarial Science,extended,3,150,0,150,False,0,70480,0,0,70480,BCom Academic Development specialising in Actuarial Science,ad_duration,0.0
2021,COM,CB020BUS01,BCom,Actuarial Science,extended,4,162,0,162,False,0,77540,0,0,77540,BCom Academic Development specialising in Actuarial Science,ad_duration,0.0
2021,COM,CB020BUS09,BCom,Actuarial Science: Quantitative Finance,extended,1,113,0,113,False,0,51290,0,0,51290,BCom Academic Development specialising in Actuarial Science Quantitative Finance Stream,ad_duration,0.0
2021,COM,CB020BUS09,BCom,Actuarial Science: Quantitative Finance,extended,2,126,0,126,False,0,59150,0,0,59150,BCom Academic Development specialising in Actuarial Science Quantitative Finance Stream,ad_duration,0.0
2021,COM,CB020BUS09,BCom,Actuarial Science: Quantitative Finance,extended,3,132,0,132,False,0,62620,0,0,62620,BCom Academic Development specialising in Actuarial Science Quantitative Finance Stream,ad_duration,0.0
2021,COM,CB020BUS09,BCom,Actuarial Science: Quantitative Finance,extended,4,180,0,180,False,0,84020,0,0,84020,BCom Academic Development specialising in Actuarial Science Quantitative Finance Stream,ad_duration,0.0
2021,COM,CB023ACC03,BCom,Financial Accounting: Accounting with Law,augmented,1,149,0,149,False,0,68490,0,0,,,unmatched,
2021,COM,CB023ACC03,BCom,Financial Accounting: Accounting with Law,augmented,2,162,0,162,False,0,74090,0,0,,,unmatched,
2021,COM,CB023ACC03,BCom,Financial Accounting: Accounting with Law,augmented,3,144,0,144,False,0,65720,0,0,,,unmatched,
2021,COM,CB023ACC04,BCom,Financial Accounting: Chartered Accountant,augmented,1,149,0,149,False,0,68490,0,0,,,unmatched,
2021,COM,CB023ACC04,BCom,Financial Accounting: Chartered Accountant,augmented,2,198,0,162,False,36,93530,0,0,,,unmatched,
2021,COM,CB023ACC04,BCom,Financial Accounting: Chartered Accountant,augmented,3,144,0,144,False,0,67140,0,0,,,unmatched,
2021,COM,CB023ACC08,BCom,Financial Accounting: General Accounting,augmented,1,149,0,149,False,0,68490,0,0,,,unmatched,
2021,COM,CB023ACC08,BCom,Financial Accounting: General Accounting,augmented,2,162,0,162,False,0,76560,0,0,,,unmatched,
2021,COM,CB023ACC08,BCom,Financial Accounting: General Accounting,augmented,3,144,0,144,False,0,66910,0,0,,,unmatched,
2021,COM,CB023BUS06,BCom,Management Studies,augmented,1,185,0,185,False,0,84890,0,0,,,unmatched,
2021,COM,CB023BUS06,BCom,Management Studies,augmented,2,168,0,168,False,0,79630,17200,0,,,unmatched,
2021,COM,CB023BUS06,BCom,Management Studies,augmented,3,18,0,18,False,0,8600,0,2,,,unmatched,
2021,COM,CB023ECO02,BCom,Economics and Finance,augmented,1,167,0,167,False,0,77030,0,0,,,unmatched,
2021,COM,CB023ECO02,BCom,Economics and Finance,augmented,2,150,0,162,True,-12,70520,0,0,,,unmatched,
2021,COM,CB023ECO02,BCom,Economics and Finance,augmented,3,144,0,144,False,0,68570,8600,0,,,unmatched,
2021,COM,CB023ECO03,BCom,Economics with Law,augmented,1,149,0,149,False,0,68490,0,0,,,unmatched,
2021,COM,CB023ECO03,BCom,Economics with Law,augmented,2,162,0,162,True,0,73370,0,0,,,unmatched,
2021,COM,CB023ECO03,BCom,Economics with Law,augmented,3,144,0,144,False,0,65820,0,0,,,unmatched,
2021,COM,CB023ECO04,BCom,Economics and Statistics,augmented,1,167,0,167,False,0,77030,0,0,,,unmatched,
2021,COM,CB023ECO04,BCom,Economics and Statistics,augmented,2,210,0,156,True,54,97540,0,0,,,unmatched,
2021,COM,CB023ECO04,BCom,Economics and Statistics,augmented,3,216,0,180,False,36,101430,8600,0,,,unmatched,
2021,COM,CB023INF01,BCom,Information Systems,augmented,1,149,0,149,False,0,68000,0,0,,,unmatched,
2021,COM,CB023INF01,BCom,Information Systems,augmented,2,144,0,144,False,0,68610,8600,0,,,unmatched,
2021,COM,CB023INF01,BCom,Information Systems,augmented,3,156,0,156,False,0,77080,17200,0,,,unmatched,
2021,COM,CB023INF06,BCom,Information Systems and Computer Science,augmented,1,149,0,149,False,0,68180,0,0,,,unmatched,
2021,COM,CB023INF06,BCom,Information Systems and Computer Science,augmented,2,162,0,324,False,-162,74990,0,0,,,unmatched,
2021,COM,CB023INF06,BCom,Information Systems and Computer Science,augmented,3,144,0,144,False,0,67620,0,0,,,unmatched,
2021,COM,CB023INF11,BCom,Information Systems and Finance,augmented,1,167,0,167,False,0,77030,0,0,,,unmatched,
2021,COM,CB023INF11,BCom,Information Systems and Finance,augmented,2,162,0,162,False,0,76720,0,0,,,unmatched,
2021,COM,CB023INF11,BCom,Information Systems and Finance,augmented,3,150,0,150,False,0,71030,0,0,,,unmatched,
2021,COM,CB023PHI03,BCom,"Philosophy, Politics & Economics",augmented,1,149,0,149,False,0,66280,0,0,,,unmatched,
2021,COM,CB023PHI03,BCom,"Philosophy, Politics & Economics",augmented,2,246,0,174,False,72,110240,0,0,,,unmatched,
2021,COM,CB023PHI03,BCom,"Philosophy, Politics & Economics",augmented,3,222,3,168,False,54,88020,10370,3,,,unmatched,
2021,COM,CB024BUS07,BBusSc,Marketing,augmented,1,167,0,167,False,0,77030,0,0,59150,BBusSc Academic Development specialising in Marketing,label_match,30.2
2021,COM,CB024BUS07,BBusSc,Marketing,augmented,2,168,0,168,False,0,78890,0,0,51540,BBusSc Academic Development specialising in Marketing,label_match,53.1
2021,COM,CB024BUS07,BBusSc,Marketing,augmented,3,198,0,180,False,18,85410,8600,0,71090,BBusSc Academic Development specialising in Marketing,label_match,20.1
2021,COM,CB024BUS07,BBusSc,Marketing,augmented,4,180,0,180,False,0,84360,0,0,60110,BBusSc Academic Development specialising in Marketing,label_match,40.3
2021,COM,CB024BUS08,BBusSc,Organisational Psychology,augmented,1,167,0,167,False,0,75390,0,0,58250,BBusSc Academic Development specialising in Organisational Psychology,label_match,29.4
2021,COM,CB024BUS08,BBusSc,Organisational Psychology,augmented,2,162,0,162,False,0,60200,0,2,62600,BBusSc Academic Development specialising in Organisational Psychology,label_match,-3.8
2021,COM,CB024BUS08,BBusSc,Organisational Psychology,augmented,3,198,0,180,False,18,91030,8600,0,59460,BBusSc Academic Development specialising in Organisational Psychology,label_match,53.1
2021,COM,CB024BUS08,BBusSc,Organisational Psychology,augmented,4,156,0,156,False,0,80210,0,0,54910,BBusSc Academic Development specialising in Organisational Psychology,label_match,46.1
2021,COM,CB024BUS22,BBusSc,Analytics,augmented,1,185,0,185,False,0,85000,0,0,50550,BBusSc Academic Development specialising in Analytics,label_match,68.2
2021,COM,CB024BUS22,BBusSc,Analytics,augmented,2,186,0,186,False,0,86670,0,0,51040,BBusSc Academic Development specialising in Analytics,label_match,69.8
2021,COM,CB024BUS22,BBusSc,Analytics,augmented,3,264,0,198,True,66,123550,0,0,78810,BBusSc Academic Development specialising in Analytics,label_match,56.8
2021,COM,CB024BUS22,BBusSc,Analytics,augmented,4,178,0,178,False,0,71030,0,0,105760,BBusSc Academic Development specialising in Analytics,label_match,-32.8
2021,COM,CB024CSC05,BBusSc,Computer Science,augmented,1,149,0,149,False,0,67800,0,0,51040,BBusSc Academic Development specialising in Computer Science,label_match,32.8
2021,COM,CB024CSC05,BBusSc,Computer Science,augmented,2,162,0,162,False,0,75950,0,0,58920,BBusSc Academic Development specialising in Computer Science,label_match,28.9
2021,COM,CB024CSC05,BBusSc,Computer Science,augmented,3,180,0,180,False,0,84080,0,0,58980,BBusSc Academic Development specialising in Computer Science,label_match,42.6
2021,COM,CB024CSC05,BBusSc,Computer Science,augmented,4,166,0,166,False,0,67080,0,0,64560,BBusSc Academic Development specialising in Computer Science,label_match,3.9
2021,COM,CB024ECO01,BBusSc,Economics,augmented,1,167,0,167,False,0,77030,0,0,59890,BBusSc Academic Development specialising in Economics,label_match,28.6
2021,COM,CB024ECO01,BBusSc,Economics,augmented,2,156,0,150,False,6,72980,0,0,59400,BBusSc Academic Development specialising in Economics,label_match,22.9
2021,COM,CB024ECO01,BBusSc,Economics,augmented,3,264,1,162,True,102,124800,8600,1,70440,BBusSc Academic Development specialising in Economics,label_match,77.2
2021,COM,CB024ECO01,BBusSc,Economics,augmented,4,156,0,156,False,0,85900,0,0,59020,BBusSc Academic Development specialising in Economics,label_match,45.5
2021,COM,CB024ECO03,BBusSc,Economics with Law,augmented,1,167,0,167,False,0,77030,0,0,59890,BBusSc Academic Development specialising in Economics with Law,label_match,28.6
2021,COM,CB024ECO03,BBusSc,Economics with Law,augmented,2,168,0,168,False,0,76880,0,0,54000,BBusSc Academic Development specialising in Economics with Law,label_match,42.4
2021,COM,CB024ECO03,BBusSc,Economics with Law,augmented,3,144,1,144,False,0,65590,0,1,56990,BBusSc Academic Development specialising in Economics with Law,label_match,15.1
2021,COM,CB024ECO03,BBusSc,Economics with Law,augmented,4,174,0,174,False,0,94500,0,0,65820,BBusSc Academic Development specialising in Economics with Law,label_match,43.6
2021,COM,CB024FTX04,BBusSc,Finance with Accounting,augmented,1,167,0,167,False,0,77030,0,0,59090,BBusSc Academic Development specialising in Finance with Accounting,label_match,30.4
2021,COM,CB024FTX04,BBusSc,Finance with Accounting,augmented,2,168,0,168,False,0,78150,0,0,59170,BBusSc Academic Development specialising in Finance with Accounting,label_match,32.1
2021,COM,CB024FTX04,BBusSc,Finance with Accounting,augmented,3,180,0,180,False,0,85080,0,0,79760,BBusSc Academic Development specialising in Finance with Accounting,label_match,6.7
2021,COM,CB024FTX04,BBusSc,Finance with Accounting,augmented,4,162,0,162,False,0,77200,0,0,67880,BBusSc Academic Development specialising in Finance with Accounting,label_match,13.7
2021,COM,CB024FTX05,BBusSc,Finance,augmented,1,185,0,185,False,0,85630,0,0,59830,BBusSc Academic Development specialising in Finance,label_match,43.1
2021,COM,CB024FTX05,BBusSc,Finance,augmented,2,168,0,168,False,0,78890,0,0,70460,BBusSc Academic Development specialising in Finance,label_match,12.0
2021,COM,CB024FTX05,BBusSc,Finance,augmented,3,162,0,180,False,-18,76730,0,0,42690,BBusSc Academic Development specialising in Finance,label_match,79.7
2021,COM,CB024FTX05,BBusSc,Finance,augmented,4,144,0,144,False,0,68600,0,0,68210,BBusSc Academic Development specialising in Finance,label_match,0.6
2021,COM,CB024INF01,BBusSc,Information Systems,augmented,1,185,0,185,False,0,84890,0,0,56460,BBusSc Academic Development specialising in Information Systems,label_match,50.4
2021,COM,CB024INF01,BBusSc,Information Systems,augmented,2,168,0,168,False,0,79920,0,0,49200,BBusSc Academic Development specialising in Information Systems,label_match,62.4
2021,COM,CB024INF01,BBusSc,Information Systems,augmented,3,156,0,156,False,0,77080,0,0,70180,BBusSc Academic Development specialising in Information Systems,label_match,9.8
2021,COM,CB024INF01,BBusSc,Information Systems,augmented,4,176,0,176,False,0,78900,0,0,57390,BBusSc Academic Development specialising in Information Systems,label_match,37.5
2021,COM,CB025BUS01,BBusSc,Actuarial Science,augmented,1,185,0,185,False,0,85250,0,0,51100,Bachelor of Business Science Academic Development specialising in Actuarial Science,label_match,66.8
2021,COM,CB025BUS01,BBusSc,Actuarial Science,augmented,2,186,0,186,False,0,87680,0,0,51290,Bachelor of Business Science Academic Development specialising in Actuarial Science,label_match,70.9
2021,COM,CB025BUS01,BBusSc,Actuarial Science,augmented,3,180,0,180,False,0,86140,0,0,70480,Bachelor of Business Science Academic Development specialising in Actuarial Science,label_match,22.2
2021,COM,CB025BUS01,BBusSc,Actuarial Science,augmented,4,174,0,174,False,0,73530,0,0,86140,Bachelor of Business Science Academic Development specialising in Actuarial Science,label_match,-14.6
2021,COM,CB025BUS09,BBusSc,Actuarial Science: Quantitative Finance,augmented,1,185,0,185,False,0,85250,0,0,51290,BBusSc Academic Development specialising in Actuarial Science: Quantitative Finance Stream,label_match,66.2
2021,COM,CB025BUS09,BBusSc,Actuarial Science: Quantitative Finance,augmented,2,186,0,186,False,0,87680,0,0,51290,BBusSc Academic Development specialising in Actuarial Science: Quantitative Finance Stream,label_match,70.9
2021,COM,CB025BUS09,BBusSc,Actuarial Science: Quantitative Finance,augmented,3,198,0,198,False,0,92620,0,0,70480,BBusSc Academic Development specialising in Actuarial Science: Quantitative Finance Stream,label_match,31.4
2021,COM,CB025BUS09,BBusSc,Actuarial Science: Quantitative Finance,augmented,4,147,0,147,False,0,68510,0,0,92620,BBusSc Academic Development specialising in Actuarial Science: Quantitative Finance Stream,label_match,-26.0
2021,COM,CB026BUS01,BCom,Actuarial Science,augmented,1,185,0,185,False,0,85250,0,0,,,unmatched,
2021,COM,CB026BUS01,BCom,Actuarial Science,augmented,2,186,0,186,False,0,87680,0,0,,,unmatched,
2021,COM,CB026BUS01,BCom,Actuarial Science,augmented,3,162,0,162,False,0,77540,0,0,,,unmatched,
2021,COM,CB026BUS09,BCom,Actuarial Science: Quantitative Finance,augmented,1,185,0,185,False,0,85250,0,0,,,unmatched,
2021,COM,CB026BUS09,BCom,Actuarial Science: Quantitative Finance,augmented,2,186,0,186,False,0,87680,0,0,,,unmatched,
2021,COM,CB026BUS09,BCom,Actuarial Science: Quantitative Finance,augmented,3,180,0,180,False,0,84020,0,0,,,unmatched,
2021,COM,CU020BUS01,AdvDip,Actuarial Science,regular,1,370,0,185,False,185,170500,0,0,,,unmatched,
2021,COM,CU020BUS01,AdvDip,Actuarial Science,regular,2,372,0,186,False,186,175360,0,0,,,unmatched,
2021,COM,CU020BUS01,AdvDip,Actuarial Science,regular,3,378,0,198,False,180,178760,0,0,,,unmatched,
2021,COM,CU020BUS01,AdvDip,Actuarial Science,regular,4,321,0,147,False,174,142040,0,0,,,unmatched,
2022,COM,CB001ACC03,BCom,Financial Accounting: Accounting with Law,regular,1,149,0,149,False,0,71440,0,0,71440,BCom specialising in Financial Accounting: Accounting with Law Stream,label_match,0.0
2022,COM,CB001ACC03,BCom,Financial Accounting: Accounting with Law,regular,2,162,0,162,False,0,77270,0,0,77270,BCom specialising in Financial Accounting: Accounting with Law Stream,label_match,0.0
2022,COM,CB001ACC03,BCom,Financial Accounting: Accounting with Law,regular,3,144,0,144,False,0,68540,0,0,68540,BCom specialising in Financial Accounting: Accounting with Law Stream,label_match,0.0
2022,COM,CB001ACC04,BCom,Financial Accounting: Chartered Accountant,regular,1,149,0,149,False,0,71440,0,0,71440,Bachelor of Commerce specialising in Financial | Chartered Accounting Stream,label_match,0.0
2022,COM,CB001ACC04,BCom,Financial Accounting: Chartered Accountant,regular,2,162,0,162,False,0,79610,0,0,79610,Bachelor of Commerce specialising in Financial | Chartered Accounting Stream,label_match,0.0
2022,COM,CB001ACC04,BCom,Financial Accounting: Chartered Accountant,regular,3,144,0,144,False,0,70030,0,0,70030,Bachelor of Commerce specialising in Financial | Chartered Accounting Stream,label_match,0.0
2022,COM,CB001ACC08,BCom,Financial Accounting: General Accounting,regular,1,149,0,149,False,0,71440,0,0,71440,Bachelor of Commerce specialising in Financial Accounting General Accounting Stream,label_match,0.0
2022,COM,CB001ACC08,BCom,Financial Accounting: General Accounting,regular,2,144,0,144,False,0,70880,0,0,70880,Bachelor of Commerce specialising in Financial Accounting General Accounting Stream,label_match,0.0
2022,COM,CB001ACC08,BCom,Financial Accounting: General Accounting,regular,3,144,0,144,False,0,69790,0,0,69790,Bachelor of Commerce specialising in Financial Accounting General Accounting Stream,label_match,0.0
2022,COM,CB001BUS06,BCom,Management Studies,regular,1,185,0,185,False,0,88550,0,0,88290,BCom in the field of Management Studies,label_match,0.3
2022,COM,CB001BUS06,BCom,Management Studies,regular,2,168,0,168,False,0,83050,17940,0,83050,BCom in the field of Management Studies,label_match,0.0
2022,COM,CB001BUS06,BCom,Management Studies,regular,3,43,0,144,False,-101,21428,12458,0,71680,BCom in the field of Management Studies,label_match,-70.1
2022,COM,CB001ECO02,BCom,Economics and Finance,regular,1,167,0,167,False,0,80350,0,0,80350,BCom specialising in Economics & Finance,label_match,0.0
2022,COM,CB001ECO02,BCom,Economics and Finance,regular,2,150,0,150,True,0,73550,0,0,73550,BCom specialising in Economics & Finance,label_match,0.0
2022,COM,CB001ECO02,BCom,Economics and Finance,regular,3,144,0,144,False,0,71520,8970,0,71520,BCom specialising in Economics & Finance,label_match,0.0
2022,COM,CB001ECO03,BCom,Economics with Law,regular,1,149,0,149,False,0,71440,0,0,71440,BCom specialising in Economics with Law,label_match,0.0
2022,COM,CB001ECO03,BCom,Economics with Law,regular,2,162,0,162,True,0,76520,0,0,77380,BCom specialising in Economics with Law,label_match,-1.1
2022,COM,CB001ECO03,BCom,Economics with Law,regular,3,144,0,144,False,0,68650,0,0,68650,BCom specialising in Economics with Law,label_match,0.0
2022,COM,CB001ECO04,BCom,Economics and Statistics,regular,1,167,0,167,False,0,80350,0,0,80090,BCom specialising in Economics & Statistics,label_match,0.3
2022,COM,CB001ECO04,BCom,Economics and Statistics,regular,2,210,0,156,False,54,101710,0,0,75870,BCom specialising in Economics & Statistics,label_match,34.1
2022,COM,CB001ECO04,BCom,Economics and Statistics,regular,3,234,1,180,False,54,114130,0,1,88460,BCom specialising in Economics & Statistics,label_match,29.0
2022,COM,CB001INF01,BCom,Information Systems,regular,1,149,0,149,False,0,70930,0,0,70670,BCom specialising in Information Systems,label_match,0.4
2022,COM,CB001INF01,BCom,Information Systems,regular,2,144,0,144,False,0,71570,8970,0,71570,BCom specialising in Information Systems,label_match,0.0
2022,COM,CB001INF01,BCom,Information Systems,regular,3,156,0,156,False,0,80380,17940,0,80380,BCom specialising in Information Systems,label_match,0.0
2022,COM,CB001INF06,BCom,Information Systems and Computer Science,regular,1,149,0,149,False,0,71120,0,0,70970,BCom specialising in Information Systems & Computer Science,label_match,0.2
2022,COM,CB001INF06,BCom,Information Systems and Computer Science,regular,2,162,0,162,False,0,78210,0,0,78210,BCom specialising in Information Systems & Computer Science,label_match,0.0
2022,COM,CB001INF06,BCom,Information Systems and Computer Science,regular,3,144,0,144,False,0,70520,0,0,70520,BCom specialising in Information Systems & Computer Science,label_match,0.0
2022,COM,CB001INF11,BCom,Information Systems and Finance,regular,1,167,0,167,False,0,80350,0,0,80090,BCom specialising in Information Systems & Finance,label_match,0.3
2022,COM,CB001INF11,BCom,Information Systems and Finance,regular,2,162,0,162,False,0,80030,0,0,80030,BCom specialising in Information Systems & Finance,label_match,0.0
2022,COM,CB001INF11,BCom,Information Systems and Finance,regular,3,150,0,150,False,0,74080,0,0,74080,BCom specialising in Information Systems & Finance,label_match,0.0
2022,COM,CB001PHI03,BCom,"Philosophy, Politics & Economics",regular,1,149,0,149,False,0,69120,0,0,69120,"BCom specialising in Philosophy, Politics & Economics",label_match,0.0
2022,COM,CB001PHI03,BCom,"Philosophy, Politics & Economics",regular,2,246,0,174,False,72,114950,0,0,82520,"BCom specialising in Philosophy, Politics & Economics",label_match,39.3
2022,COM,CB001PHI03,BCom,"Philosophy, Politics & Economics",regular,3,222,2,168,False,54,91770,10810,2,77280,"BCom specialising in Philosophy, Politics & Economics",label_match,18.8
2022,COM,CB004BUS07,BBusSc,Marketing,regular,1,167,0,167,False,0,80350,0,0,80350,BBusSc specialising in Marketing,label_match,0.0
2022,COM,CB004BUS07,BBusSc,Marketing,regular,2,168,0,168,False,0,82280,0,0,82280,BBusSc specialising in Marketing,label_match,0.0
2022,COM,CB004BUS07,BBusSc,Marketing,regular,3,198,0,180,False,18,89080,8970,0,80110,BBusSc specialising in Marketing,label_match,11.2
2022,COM,CB004BUS07,BBusSc,Marketing,regular,4,180,0,180,False,0,87950,0,0,87950,BBusSc specialising in Marketing,label_match,0.0
2022,COM,CB004BUS08,BBusSc,Organisational Psychology,regular,1,167,0,167,False,0,78630,0,0,78630,BBusSc specialising in Organisational Psychology,label_match,0.0
2022,COM,CB004BUS08,BBusSc,Organisational Psychology,regular,2,162,0,162,False,0,80730,0,0,80730,BBusSc specialising in Organisational Psychology,label_match,0.0
2022,COM,CB004BUS08,BBusSc,Organisational Psychology,regular,3,180,0,180,False,0,85960,8970,0,85960,BBusSc specialising in Organisational Psychology,label_match,0.0
2022,COM,CB004BUS08,BBusSc,Organisational Psychology,regular,4,96,0,156,False,-60,71770,0,0,83620,BBusSc specialising in Organisational Psychology,label_match,-14.2
2022,COM,CB004BUS22,BBusSc,Analytics,regular,1,185,0,185,False,0,88650,0,0,88650,BBusSc specialising in Analytics,label_match,0.0
2022,COM,CB004BUS22,BBusSc,Analytics,regular,2,186,0,186,False,0,90380,0,0,90380,BBusSc specialising in Analytics,label_match,0.0
2022,COM,CB004BUS22,BBusSc,Analytics,regular,3,246,0,198,True,48,119250,0,0,108410,BBusSc specialising in Analytics,label_match,10.0
2022,COM,CB004BUS22,BBusSc,Analytics,regular,4,178,0,178,False,0,74050,0,0,74050,BBusSc specialising in Analytics,label_match,0.0
2022,COM,CB004CSC05,BBusSc,Computer Science,regular,1,149,0,149,False,0,70710,0,0,70860,BBusSc specialising in Computer Science,label_match,-0.2
2022,COM,CB004CSC05,BBusSc,Computer Science,regular,2,162,0,162,False,0,79200,0,0,79200,BBusSc specialising in Computer Science,label_match,0.0
2022,COM,CB004CSC05,BBusSc,Computer Science,regular,3,180,0,180,False,0,87690,0,0,87690,BBusSc specialising in Computer Science,label_match,0.0
2022,COM,CB004CSC05,BBusSc,Computer Science,regular,4,262,0,160,False,102,108160,0,0,67360,BBusSc specialising in Computer Science,label_match,60.6
2022,COM,CB004ECO01,BBusSc,Economics,regular,1,167,0,167,False,0,80350,0,0,80350,BBusSc specialising in Economics,label_match,0.0
2022,COM,CB004ECO01,BBusSc,Economics,regular,2,156,0,156,True,0,76110,0,0,76110,BBusSc specialising in Economics,label_match,0.0
2022,COM,CB004ECO01,BBusSc,Economics,regular,3,264,1,162,False,102,130150,8970,1,88840,BBusSc specialising in Economics,label_match,46.5
2022,COM,CB004ECO01,BBusSc,Economics,regular,4,156,0,156,False,0,89590,0,0,89590,BBusSc specialising in Economics,label_match,0.0
2022,COM,CB004ECO03,BBusSc,Economics with Law,regular,1,167,0,167,False,0,80350,0,0,80350,BBusSc specialising in Economics with Law,label_match,0.0
2022,COM,CB004ECO03,BBusSc,Economics with Law,regular,2,168,0,168,False,0,80180,0,0,80180,BBusSc specialising in Economics with Law,label_match,0.0
2022,COM,CB004ECO03,BBusSc,Economics with Law,regular,3,162,0,162,False,0,77380,8970,0,77380,BBusSc specialising in Economics with Law,label_match,0.0
2022,COM,CB004ECO03,BBusSc,Economics with Law,regular,4,174,0,174,False,0,98560,0,0,98560,BBusSc specialising in Economics with Law,label_match,0.0
2022,COM,CB004FTX04,BBusSc,Finance with Accounting,regular,1,167,0,167,False,0,80350,0,0,80350,BBusSc specialising in Finance with Accounting (CA Option),label_match,0.0
2022,COM,CB004FTX04,BBusSc,Finance with Accounting,regular,2,168,0,168,False,0,81510,0,0,81510,BBusSc specialising in Finance with Accounting (CA Option),label_match,0.0
2022,COM,CB004FTX04,BBusSc,Finance with Accounting,regular,3,180,0,180,False,0,88740,0,0,88740,BBusSc specialising in Finance with Accounting (CA Option),label_match,0.0
2022,COM,CB004FTX04,BBusSc,Finance with Accounting,regular,4,162,0,162,False,0,80510,0,0,80510,BBusSc specialising in Finance with Accounting (CA Option),label_match,0.0
2022,COM,CB004FTX05,BBusSc,Finance,regular,1,167,0,167,False,0,80350,0,0,80350,BBusSc specialising in Finance (Non CA Option),label_match,0.0
2022,COM,CB004FTX05,BBusSc,Finance,regular,2,168,0,168,False,0,82280,0,0,82280,BBusSc specialising in Finance (Non CA Option),label_match,0.0
2022,COM,CB004FTX05,BBusSc,Finance,regular,3,180,0,180,False,0,89000,8970,0,44150,BBusSc specialising in Finance (Non CA Option),label_match,101.6
2022,COM,CB004FTX05,BBusSc,Finance,regular,4,144,0,144,False,0,71540,0,0,71540,BBusSc specialising in Finance (Non CA Option),label_match,0.0
2022,COM,CB004INF01,BBusSc,Information Systems,regular,1,185,0,185,False,0,88550,0,0,88290,BBusSc specialising in Information Systems,label_match,0.3
2022,COM,CB004INF01,BBusSc,Information Systems,regular,2,168,0,168,False,0,83360,0,0,83360,BBusSc specialising in Information Systems,label_match,0.0
2022,COM,CB004INF01,BBusSc,Information Systems,regular,3,156,0,156,False,0,80380,0,0,80380,BBusSc specialising in Information Systems,label_match,0.0
2022,COM,CB004INF01,BBusSc,Information Systems,regular,4,176,0,176,False,0,82260,0,0,82260,BBusSc specialising in Information Systems,label_match,0.0
2022,COM,CB011ACC04,BCom,Financial Accounting: Chartered Accountant,extended,1,244,0,113,False,131,116230,0,0,62470,Bachelor of Commerce Academic Development specialising in Financial Accounting Chartered Accounting Stream,ad_duration,86.1
2022,COM,CB011ACC04,BCom,Financial Accounting: Chartered Accountant,extended,2,252,0,126,False,126,124090,0,0,61910,Bachelor of Commerce Academic Development specialising in Financial Accounting Chartered Accounting Stream,ad_duration,100.4
2022,COM,CB011ACC04,BCom,Financial Accounting: Chartered Accountant,extended,3,252,0,126,False,126,120470,0,0,60900,Bachelor of Commerce Academic Development specialising in Financial Accounting Chartered Accounting Stream,ad_duration,97.8
2022,COM,CB011ACC04,BCom,Financial Accounting: Chartered Accountant,extended,4,198,0,90,False,108,95370,0,0,53630,Bachelor of Commerce Academic Development specialising in Financial Accounting Chartered Accounting Stream,ad_duration,77.8
2022,COM,CB011ACC08,BCom,Financial Accounting: General Accounting,extended,1,131,0,131,False,0,62470,0,0,62470,BCom Academic Development specialising in Financial Accounting General Accounting Stream,ad_duration,0.0
2022,COM,CB011ACC08,BCom,Financial Accounting: General Accounting,extended,2,108,0,108,False,0,52940,0,0,52940,BCom Academic Development specialising in Financial Accounting General Accounting Stream,ad_duration,0.0
2022,COM,CB011ACC08,BCom,Financial Accounting: General Accounting,extended,3,90,0,90,False,0,44740,0,0,44740,BCom Academic Development specialising in Financial Accounting General Accounting Stream,ad_duration,0.0
2022,COM,CB011ACC08,BCom,Financial Accounting: General Accounting,extended,4,108,0,108,False,0,51960,0,0,51960,BCom Academic Development specialising in Financial Accounting General Accounting Stream,ad_duration,0.0
2022,COM,CB011BUS06,,,extended,1,131,0,131,False,0,61960,0,0,,,unmatched,
2022,COM,CB011BUS06,,,extended,2,108,0,108,False,0,53440,8910,0,,,unmatched,
2022,COM,CB011BUS06,,,extended,3,132,0,132,False,0,65110,17940,0,,,unmatched,
2022,COM,CB011BUS06,,,extended,4,18,0,126,False,-108,8970,0,1,,,unmatched,
2022,COM,CB011ECO02,BCom,Economics and Finance,extended,1,113,0,113,False,0,53500,0,0,53500,BCom Academic Development specialising in Economics & Finance,ad_duration,0.0
2022,COM,CB011ECO02,BCom,Economics and Finance,extended,2,108,0,108,False,0,52990,0,0,52990,BCom Academic Development specialising in Economics & Finance,ad_duration,0.0
2022,COM,CB011ECO02,BCom,Economics and Finance,extended,3,114,0,132,False,-18,56140,0,0,56140,BCom Academic Development specialising in Economics & Finance,ad_duration,0.0
2022,COM,CB011ECO02,BCom,Economics and Finance,extended,4,126,0,108,False,18,62790,8970,0,62790,BCom Academic Development specialising in Economics & Finance,ad_duration,0.0
2022,COM,CB011ECO04,BCom,Economics and Statistics,extended,1,244,0,131,False,113,116230,0,0,53500,BCom Academic Development specialising in Economics & Statistics,ad_duration,117.3
2022,COM,CB011ECO04,BCom,Economics and Statistics,extended,2,216,0,108,False,108,105450,0,0,52730,BCom Academic Development specialising in Economics & Statistics,ad_duration,100.0
2022,COM,CB011ECO04,BCom,Economics and Statistics,extended,3,252,0,108,False,144,121160,8970,0,67670,BCom Academic Development specialising in Economics & Statistics,ad_duration,79.0
2022,COM,CB011ECO04,BCom,Economics and Statistics,extended,4,270,0,198,False,72,130200,8970,0,79490,BCom Academic Development specialising in Economics & Statistics,ad_duration,63.8
2022,COM,CB011INF01,BCom,Information Systems,extended,1,113,0,113,False,0,53760,0,0,62730,BCom Academic Development specialising in Information Systems,ad_duration,-14.3
2022,COM,CB011INF01,BCom,Information Systems,extended,2,108,0,108,False,0,53890,0,0,53890,BCom Academic Development specialising in Information Systems,ad_duration,0.0
2022,COM,CB011INF01,BCom,Information Systems,extended,3,120,0,120,False,0,62360,8910,0,62420,BCom Academic Development specialising in Information Systems,ad_duration,-0.1
2022,COM,CB011INF01,BCom,Information Systems,extended,4,108,0,108,False,0,52810,17940,0,61780,BCom Academic Development specialising in Information Systems,ad_duration,-14.5
2022,COM,CB011INF06,BCom,Information Systems and Computer Science,extended,1,113,0,113,False,0,53500,0,0,53500,BCom Academic Development specialising in Information Systems & Computer Science,ad_duration,0.0
2022,COM,CB011INF06,BCom,Information Systems and Computer Science,extended,2,108,0,108,False,0,52230,0,0,52230,BCom Academic Development specialising in Information Systems & Computer Science,ad_duration,0.0
2022,COM,CB011INF06,BCom,Information Systems and Computer Science,extended,3,108,0,108,False,0,52570,0,0,52570,BCom Academic Development specialising in Information Systems & Computer Science,ad_duration,0.0
2022,COM,CB011INF06,BCom,Information Systems and Computer Science,extended,4,126,0,126,False,0,61550,0,0,61550,BCom Academic Development specialising in Information Systems & Computer Science,ad_duration,0.0
2022,COM,CB011INF11,BCom,Information Systems and Finance,extended,1,131,0,131,False,0,62730,0,0,62470,BCom Academic Development specialising in Information Systems & Finance,ad_duration,0.4
2022,COM,CB011INF11,BCom,Information Systems and Finance,extended,2,108,0,108,False,0,53630,0,0,53630,BCom Academic Development specialising in Information Systems & Finance,ad_duration,0.0
2022,COM,CB011INF11,BCom,Information Systems and Finance,extended,3,126,0,126,False,0,62730,0,0,62730,BCom Academic Development specialising in Information Systems & Finance,ad_duration,0.0
2022,COM,CB011INF11,BCom,Information Systems and Finance,extended,4,114,0,114,False,0,55370,0,0,55370,BCom Academic Development specialising in Information Systems & Finance,ad_duration,0.0
2022,COM,CB011PHI03,BCom,"Philosophy, Politics & Economics",extended,1,113,0,113,False,0,51180,0,0,51180,"BCom Academic Development specialising in Philosophy, Politics & Economics",ad_duration,0.0
2022,COM,CB011PHI03,BCom,"Philosophy, Politics & Economics",extended,2,108,0,108,False,0,53560,0,0,53560,"BCom Academic Development specialising in Philosophy, Politics & Economics",ad_duration,0.0
2022,COM,CB011PHI03,BCom,"Philosophy, Politics & Economics",extended,3,198,0,102,False,96,90140,0,0,46900,"BCom Academic Development specialising in Philosophy, Politics & Economics",ad_duration,92.2
2022,COM,CB011PHI03,BCom,"Philosophy, Politics & Economics",extended,4,222,3,162,True,60,91770,10810,3,75440,"BCom Academic Development specialising in Philosophy, Politics & Economics",ad_duration,21.6
2022,COM,CB015BUS07,,,extended,1,131,0,131,False,0,61700,0,0,,,unmatched,
2022,COM,CB015BUS07,,,extended,2,132,0,132,False,0,65290,0,0,,,unmatched,
2022,COM,CB015BUS07,,,extended,3,108,0,108,False,0,53580,0,0,,,unmatched,
2022,COM,CB015BUS07,,,extended,4,162,0,144,False,18,71140,8970,0,,,unmatched,
2022,COM,CB015BUS07,,,extended,5,180,0,180,False,0,87950,0,0,,,unmatched,
2022,COM,CB015BUS08,,,extended,1,131,0,131,False,0,60750,0,0,,,unmatched,
2022,COM,CB015BUS08,,,extended,2,132,0,132,False,0,65290,0,0,,,unmatched,
2022,COM,CB015BUS08,,,extended,3,126,0,126,False,0,62020,0,0,,,unmatched,
2022,COM,CB015BUS08,,,extended,4,138,0,120,False,18,57260,8970,1,,,unmatched,
2022,COM,CB015BUS08,,,extended,5,156,0,156,False,0,83620,0,0,,,unmatched,
2022,COM,CB015BUS22,,,extended,1,113,0,113,False,0,52730,0,0,,,unmatched,
2022,COM,CB015BUS22,,,extended,2,108,0,108,False,0,53240,0,0,,,unmatched,
2022,COM,CB015BUS22,,,extended,3,168,0,168,False,0,82180,0,0,,,unmatched,
2022,COM,CB015BUS22,,,extended,4,228,0,180,True,48,110280,0,0,,,unmatched,
2022,COM,CB015BUS22,,,extended,5,178,0,178,False,0,74050,0,0,,,unmatched,
2022,COM,CB015CSC05,,,extended,1,113,0,113,False,0,53240,0,0,,,unmatched,
2022,COM,CB015CSC05,,,extended,2,126,0,126,False,0,61460,0,0,,,unmatched,
2022,COM,CB015CSC05,,,extended,3,126,0,126,False,0,61500,0,0,,,unmatched,
2022,COM,CB015CSC05,,,extended,4,126,0,126,False,0,61550,0,0,,,unmatched,
2022,COM,CB015CSC05,,,extended,5,262,0,160,False,102,108160,0,0,,,unmatched,
2022,COM,CB015ECO01,,,extended,1,149,0,131,False,18,71440,0,0,,,unmatched,
2022,COM,CB015ECO01,,,extended,2,144,0,126,False,18,70930,0,0,,,unmatched,
2022,COM,CB015ECO01,,,extended,3,138,0,138,False,0,67670,8970,0,,,unmatched,
2022,COM,CB015ECO01,,,extended,4,192,1,90,True,102,94510,0,1,,,unmatched,
2022,COM,CB015ECO01,,,extended,5,156,0,156,False,0,89590,0,0,,,unmatched,
2022,COM,CB015ECO03,,,extended,1,149,0,131,False,18,71440,0,0,,,unmatched,
2022,COM,CB015ECO03,,,extended,2,114,0,114,False,0,56320,0,0,,,unmatched,
2022,COM,CB015ECO03,,,extended,3,144,0,126,False,18,68410,0,0,,,unmatched,
2022,COM,CB015ECO03,,,extended,4,144,0,144,False,0,68650,8970,0,,,unmatched,
2022,COM,CB015ECO03,,,extended,5,156,0,156,False,0,89590,0,0,,,unmatched,
2022,COM,CB015FTX04,,,extended,1,131,0,131,False,0,61700,0,0,,,unmatched,
2022,COM,CB015FTX04,,,extended,2,126,0,126,False,0,61720,0,0,,,unmatched,
2022,COM,CB015FTX04,,,extended,3,168,0,168,False,0,83180,0,0,,,unmatched,
2022,COM,CB015FTX04,,,extended,4,144,0,144,False,0,70800,0,0,,,unmatched,
2022,COM,CB015FTX04,,,extended,5,144,0,144,False,0,71540,0,0,,,unmatched,
2022,COM,CB015FTX05,,,extended,1,131,0,131,False,0,62470,0,0,,,unmatched,
2022,COM,CB015FTX05,,,extended,2,150,0,150,False,0,73490,0,0,,,unmatched,
2022,COM,CB015FTX05,,,extended,3,90,0,90,False,0,44530,8970,0,,,unmatched,
2022,COM,CB015FTX05,,,extended,4,144,0,144,False,0,71140,0,0,,,unmatched,
2022,COM,CB015FTX05,,,extended,5,144,0,144,False,0,71540,0,0,,,unmatched,
2022,COM,CB015INF01,,,extended,1,149,0,131,False,18,70410,0,0,,,unmatched,
2022,COM,CB015INF01,,,extended,2,108,0,108,False,0,53760,0,0,,,unmatched,
2022,COM,CB015INF01,,,extended,3,150,0,150,False,0,74150,0,0,,,unmatched,
2022,COM,CB015INF01,,,extended,4,120,0,138,False,-18,62680,0,0,,,unmatched,
2022,COM,CB015INF01,,,extended,5,176,0,176,False,0,82260,0,0,,,unmatched,
2022,COM,CB018BUS01,,,extended,1,113,0,113,False,0,53500,0,0,,,unmatched,
2022,COM,CB018BUS01,,,extended,2,108,0,108,False,0,53500,0,0,,,unmatched,
2022,COM,CB018BUS01,,,extended,3,150,0,150,False,0,73490,0,0,,,unmatched,
2022,COM,CB018BUS01,,,extended,4,180,0,180,False,0,89830,0,0,,,unmatched,
2022,COM,CB018BUS01,,,extended,5,174,0,,False,,76670,0,0,,,unmatched,
2022,COM,CB018BUS09,,,extended,1,113,0,113,False,0,53500,0,0,,,unmatched,
2022,COM,CB018BUS09,,,extended,2,108,0,108,False,0,53500,0,0,,,unmatched,
2022,COM,CB018BUS09,,,extended,3,150,0,150,False,0,73490,0,0,,,unmatched,
2022,COM,CB018BUS09,,,extended,4,198,0,198,False,0,96590,0,0,,,unmatched,
2022,COM,CB018BUS09,,,extended,5,147,0,147,False,0,71450,0,0,,,unmatched,
2022,COM,CB019BUS01,BCom,Actuarial Science,regular,1,185,0,185,False,0,88910,0,0,88910,BCom specialising in Actuarial Science,label_match,0.0
2022,COM,CB019BUS01,BCom,Actuarial Science,regular,2,186,0,186,False,0,91430,0,0,91430,BCom specialising in Actuarial Science,label_match,0.0
2022,COM,CB019BUS01,BCom,Actuarial Science,regular,3,162,0,162,False,0,80860,0,0,80860,BCom specialising in Actuarial Science,label_match,0.0
2022,COM,CB019BUS09,BCom,Actuarial Science: Quantitative Finance,regular,1,185,0,185,False,0,88910,0,0,88910,BCom specialising in Actuarial Science Quantitative Finance Stream,label_match,0.0
2022,COM,CB019BUS09,BCom,Actuarial Science: Quantitative Finance,regular,2,186,0,186,False,0,91430,0,0,91430,BCom specialising in Actuarial Science Quantitative Finance Stream,label_match,0.0
2022,COM,CB019BUS09,BCom,Actuarial Science: Quantitative Finance,regular,3,180,0,180,False,0,87620,0,0,87620,BCom specialising in Actuarial Science Quantitative Finance Stream,label_match,0.0
2022,COM,CB020BUS01,BCom,Actuarial Science,extended,1,113,0,113,False,0,53500,0,0,53500,BCom Academic Development specialising in Actuarial Science,ad_duration,0.0
2022,COM,CB020BUS01,BCom,Actuarial Science,extended,2,108,0,108,False,0,53500,0,0,53500,BCom Academic Development specialising in Actuarial Science,ad_duration,0.0
2022,COM,CB020BUS01,BCom,Actuarial Science,extended,3,150,0,150,False,0,73490,0,0,73490,BCom Academic Development specialising in Actuarial Science,ad_duration,0.0
2022,COM,CB020BUS01,BCom,Actuarial Science,extended,4,162,0,162,False,0,80860,0,0,80860,BCom Academic Development specialising in Actuarial Science,ad_duration,0.0
2022,COM,CB020BUS09,BCom,Actuarial Science: Quantitative Finance,extended,1,113,0,113,False,0,53500,0,0,53500,BCom Academic Development specialising in Actuarial Science Quantitative Finance Stream,ad_duration,0.0
2022,COM,CB020BUS09,BCom,Actuarial Science: Quantitative Finance,extended,2,126,0,126,False,0,61700,0,0,61700,BCom Academic Development specialising in Actuarial Science Quantitative Finance Stream,ad_duration,0.0
2022,COM,CB020BUS09,BCom,Actuarial Science: Quantitative Finance,extended,3,132,0,132,False,0,65290,0,0,65290,BCom Academic Development specialising in Actuarial Science Quantitative Finance Stream,ad_duration,0.0
2022,COM,CB020BUS09,BCom,Actuarial Science: Quantitative Finance,extended,4,180,0,180,False,0,87620,0,0,87620,BCom Academic Development specialising in Actuarial Science Quantitative Finance Stream,ad_duration,0.0
2022,COM,CB023ACC03,BCom,Financial Accounting: Accounting with Law,augmented,1,149,0,149,False,0,71440,0,0,53760,BCom Academic Development specialising in Financial Accounting: Accounting with Law Stream,label_match,32.9
2022,COM,CB023ACC03,BCom,Financial Accounting: Accounting with Law,augmented,2,162,0,162,False,0,77270,0,0,62180,BCom Academic Development specialising in Financial Accounting: Accounting with Law Stream,label_match,24.3
2022,COM,CB023ACC03,BCom,Financial Accounting: Accounting with Law,augmented,3,144,0,144,False,0,68540,0,0,59570,BCom Academic Development specialising in Financial Accounting: Accounting with Law Stream,label_match,15.1
2022,COM,CB023ACC04,BCom,Financial Accounting: Chartered Accountant,augmented,1,149,0,149,False,0,71440,0,0,,,unmatched,
2022,COM,CB023ACC04,BCom,Financial Accounting: Chartered Accountant,augmented,2,162,0,162,False,0,79610,0,0,,,unmatched,
2022,COM,CB023ACC04,BCom,Financial Accounting: Chartered Accountant,augmented,3,144,0,144,False,0,70030,0,0,,,unmatched,
2022,COM,CB023ACC08,BCom,Financial Accounting: General Accounting,augmented,1,149,0,149,False,0,71440,0,0,,,unmatched,
2022,COM,CB023ACC08,BCom,Financial Accounting: General Accounting,augmented,2,144,0,144,False,0,70880,0,0,,,unmatched,
2022,COM,CB023ACC08,BCom,Financial Accounting: General Accounting,augmented,3,144,0,144,False,0,69790,0,0,,,unmatched,
2022,COM,CB023BUS06,BCom,Management Studies,augmented,1,185,0,185,False,0,88550,0,0,61700,BCom Academic Development specialising in Management Studies,label_match,43.5
2022,COM,CB023BUS06,BCom,Management Studies,augmented,2,168,0,168,False,0,83050,17940,0,53440,BCom Academic Development specialising in Management Studies,label_match,55.4
2022,COM,CB023BUS06,BCom,Management Studies,augmented,3,144,0,144,False,0,8970,0,2,65110,BCom Academic Development specialising in Management Studies,label_match,-86.2
2022,COM,CB023ECO02,BCom,Economics and Finance,augmented,1,167,0,167,False,0,80350,0,0,,,unmatched,
2022,COM,CB023ECO02,BCom,Economics and Finance,augmented,2,150,0,150,True,0,73550,0,0,,,unmatched,
2022,COM,CB023ECO02,BCom,Economics and Finance,augmented,3,144,0,144,False,0,71520,8970,0,,,unmatched,
2022,COM,CB023ECO03,BCom,Economics with Law,augmented,1,149,0,149,False,0,71440,0,0,62470,BCom Academic Development specialising in Economics with Law,label_match,14.4
2022,COM,CB023ECO03,BCom,Economics with Law,augmented,2,162,0,162,True,0,76520,0,0,52720,BCom Academic Development specialising in Economics with Law,label_match,45.1
2022,COM,CB023ECO03,BCom,Economics with Law,augmented,3,144,0,144,False,0,68650,0,0,50710,BCom Academic Development specialising in Economics with Law,label_match,35.4
2022,COM,CB023ECO04,BCom,Economics and Statistics,augmented,1,167,0,167,False,0,80350,0,0,,,unmatched,
2022,COM,CB023ECO04,BCom,Economics and Statistics,augmented,2,210,0,156,True,54,101710,0,0,,,unmatched,
2022,COM,CB023ECO04,BCom,Economics and Statistics,augmented,3,252,0,180,False,72,123100,8970,0,,,unmatched,
2022,COM,CB023INF01,BCom,Information Systems,augmented,1,149,0,149,False,0,70930,0,0,,,unmatched,
2022,COM,CB023INF01,BCom,Information Systems,augmented,2,144,0,144,False,0,71570,8970,0,,,unmatched,
2022,COM,CB023INF01,BCom,Information Systems,augmented,3,156,0,156,False,0,80380,17940,0,,,unmatched,
2022,COM,CB023INF06,BCom,Information Systems and Computer Science,augmented,1,149,0,149,False,0,71120,0,0,,,unmatched,
2022,COM,CB023INF06,BCom,Information Systems and Computer Science,augmented,2,162,0,162,False,0,78210,0,0,,,unmatched,
2022,COM,CB023INF06,BCom,Information Systems and Computer Science,augmented,3,144,0,144,False,0,70520,0,0,,,unmatched,
2022,COM,CB023INF11,BCom,Information Systems and Finance,augmented,1,167,0,167,False,0,80350,0,0,,,unmatched,
2022,COM,CB023INF11,BCom,Information Systems and Finance,augmented,2,162,0,162,False,0,80030,0,0,,,unmatched,
2022,COM,CB023INF11,BCom,Information Systems and Finance,augmented,3,150,0,150,False,0,74080,0,0,,,unmatched,
2022,COM,CB023PHI03,BCom,"Philosophy, Politics & Economics",augmented,1,149,0,149,False,0,69120,0,0,,,unmatched,
2022,COM,CB023PHI03,BCom,"Philosophy, Politics & Economics",augmented,2,246,0,174,False,72,114950,0,0,,,unmatched,
2022,COM,CB023PHI03,BCom,"Philosophy, Politics & Economics",augmented,3,222,3,168,False,54,91770,10810,3,,,unmatched,
2022,COM,CB024BUS07,BBusSc,Marketing,augmented,1,167,0,167,False,0,80350,0,0,70670,BBusSc Academic Development specialising in Marketing,label_match,13.7
2022,COM,CB024BUS07,BBusSc,Marketing,augmented,2,168,0,168,False,0,82280,0,0,65290,BBusSc Academic Development specialising in Marketing,label_match,26.0
2022,COM,CB024BUS07,BBusSc,Marketing,augmented,3,198,0,180,False,18,89080,8970,0,62550,BBusSc Academic Development specialising in Marketing,label_match,42.4
2022,COM,CB024BUS07,BBusSc,Marketing,augmented,4,180,0,180,False,0,87950,0,0,62170,BBusSc Academic Development specialising in Marketing,label_match,41.5
2022,COM,CB024BUS08,BBusSc,Organisational Psychology,augmented,1,167,0,167,False,0,78630,0,0,60750,BBusSc Academic Development specialising in Organisational Psychology,label_match,29.4
2022,COM,CB024BUS08,BBusSc,Organisational Psychology,augmented,2,162,0,162,False,0,80730,0,0,65290,BBusSc Academic Development specialising in Organisational Psychology,label_match,23.6
2022,COM,CB024BUS08,BBusSc,Organisational Psychology,augmented,3,198,0,180,False,18,85960,8970,1,62020,BBusSc Academic Development specialising in Organisational Psychology,label_match,38.6
2022,COM,CB024BUS08,BBusSc,Organisational Psychology,augmented,4,156,0,156,False,0,83620,0,0,57260,BBusSc Academic Development specialising in Organisational Psychology,label_match,46.0
2022,COM,CB024BUS22,,,augmented,1,185,0,185,False,0,88650,0,0,,,unmatched,
2022,COM,CB024BUS22,,,augmented,2,186,0,186,False,0,90380,0,0,,,unmatched,
2022,COM,CB024BUS22,,,augmented,3,210,0,198,True,12,101930,0,0,,,unmatched,
2022,COM,CB024BUS22,,,augmented,4,178,0,178,False,0,74050,0,0,,,unmatched,
2022,COM,CB024CSC05,BBusSc,Computer Science,augmented,1,149,0,149,False,0,70710,0,0,53240,BBusSc Academic Development specialising in Computer Science,label_match,32.8
2022,COM,CB024CSC05,BBusSc,Computer Science,augmented,2,162,0,162,False,0,79200,0,0,61460,BBusSc Academic Development specialising in Computer Science,label_match,28.9
2022,COM,CB024CSC05,BBusSc,Computer Science,augmented,3,180,0,180,False,0,87690,0,0,61500,BBusSc Academic Development specialising in Computer Science,label_match,42.6
2022,COM,CB024CSC05,BBusSc,Computer Science,augmented,4,262,0,160,False,102,108160,0,0,61550,BBusSc Academic Development specialising in Computer Science,label_match,75.7
2022,COM,CB024ECO01,BBusSc,Economics,augmented,1,167,0,167,False,0,80350,0,0,62470,BBusSc Academic Development specialising in Economics,label_match,28.6
2022,COM,CB024ECO01,BBusSc,Economics,augmented,2,156,0,156,True,0,76110,0,0,61960,BBusSc Academic Development specialising in Economics,label_match,22.8
2022,COM,CB024ECO01,BBusSc,Economics,augmented,3,264,1,162,True,102,130150,8970,1,67670,BBusSc Academic Development specialising in Economics,label_match,92.3
2022,COM,CB024ECO01,BBusSc,Economics,augmented,4,156,0,156,False,0,89590,0,0,44850,BBusSc Academic Development specialising in Economics,label_match,99.8
2022,COM,CB024ECO03,BBusSc,Economics with Law,augmented,1,167,0,167,False,0,80350,0,0,62470,BBusSc Academic Development specialising in Economics with Law,label_match,28.6
2022,COM,CB024ECO03,BBusSc,Economics with Law,augmented,2,168,0,168,False,0,80180,0,0,56320,BBusSc Academic Development specialising in Economics with Law,label_match,42.4
2022,COM,CB024ECO03,BBusSc,Economics with Law,augmented,3,162,0,162,False,0,77380,8970,0,59440,BBusSc Academic Development specialising in Economics with Law,label_match,30.2
2022,COM,CB024ECO03,BBusSc,Economics with Law,augmented,4,174,0,174,False,0,98560,0,0,68650,BBusSc Academic Development specialising in Economics with Law,label_match,43.6
2022,COM,CB024FTX04,BBusSc,Finance with Accounting,augmented,1,167,0,167,False,0,80350,0,0,61700,BBusSc Academic Development specialising in Finance with Accounting,label_match,30.2
2022,COM,CB024FTX04,BBusSc,Finance with Accounting,augmented,2,168,0,168,False,0,81510,0,0,61720,BBusSc Academic Development specialising in Finance with Accounting,label_match,32.1
2022,COM,CB024FTX04,BBusSc,Finance with Accounting,augmented,3,180,0,180,False,0,88740,0,0,83180,BBusSc Academic Development specialising in Finance with Accounting,label_match,6.7
2022,COM,CB024FTX04,BBusSc,Finance with Accounting,augmented,4,162,0,162,False,0,80510,0,0,70800,BBusSc Academic Development specialising in Finance with Accounting,label_match,13.7
2022,COM,CB024FTX05,BBusSc,Finance,augmented,1,167,0,167,False,0,80350,0,0,53500,BBusSc Academic Development specialising in Finance,label_match,50.2
2022,COM,CB024FTX05,BBusSc,Finance,augmented,2,168,0,168,False,0,82280,0,0,73490,BBusSc Academic Development specialising in Finance,label_match,12.0
2022,COM,CB024FTX05,BBusSc,Finance,augmented,3,162,0,180,False,-18,80030,0,0,44530,BBusSc Academic Development specialising in Finance,label_match,79.7
2022,COM,CB024FTX05,BBusSc,Finance,augmented,4,144,0,144,False,0,71540,0,0,71140,BBusSc Academic Development specialising in Finance,label_match,0.6
2022,COM,CB024INF01,BBusSc,Information Systems,augmented,1,185,0,185,False,0,88550,0,0,61440,BBusSc Academic Development specialising in Information Systems,label_match,44.1
2022,COM,CB024INF01,BBusSc,Information Systems,augmented,2,168,0,168,False,0,83360,0,0,62730,BBusSc Academic Development specialising in Information Systems,label_match,32.9
2022,COM,CB024INF01,BBusSc,Information Systems,augmented,3,156,0,156,False,0,80380,0,0,74150,BBusSc Academic Development specialising in Information Systems,label_match,8.4
2022,COM,CB024INF01,BBusSc,Information Systems,augmented,4,176,0,176,False,0,82260,0,0,71650,BBusSc Academic Development specialising in Information Systems,label_match,14.8
2022,COM,CB025BUS01,BBusSc,Actuarial Science,augmented,1,185,0,185,False,0,88910,0,0,,,unmatched,
2022,COM,CB025BUS01,BBusSc,Actuarial Science,augmented,2,186,0,186,False,0,91430,0,0,,,unmatched,
2022,COM,CB025BUS01,BBusSc,Actuarial Science,augmented,3,180,0,180,False,0,89830,0,0,,,unmatched,
2022,COM,CB025BUS01,BBusSc,Actuarial Science,augmented,4,174,0,174,False,0,76670,0,0,,,unmatched,
2022,COM,CB025BUS09,BBusSc,Actuarial Science: Quantitative Finance,augmented,1,185,0,185,False,0,88910,0,0,53500,BBusSc Academic Development specialising in Actuarial Science: Quantitative Finance Stream,label_match,66.2
2022,COM,CB025BUS09,BBusSc,Actuarial Science: Quantitative Finance,augmented,2,186,0,186,False,0,91430,0,0,53500,BBusSc Academic Development specialising in Actuarial Science: Quantitative Finance Stream,label_match,70.9
2022,COM,CB025BUS09,BBusSc,Actuarial Science: Quantitative Finance,augmented,3,198,0,198,False,0,96590,0,0,73490,BBusSc Academic Development specialising in Actuarial Science: Quantitative Finance Stream,label_match,31.4
2022,COM,CB025BUS09,BBusSc,Actuarial Science: Quantitative Finance,augmented,4,147,0,147,False,0,71450,0,0,95590,BBusSc Academic Development specialising in Actuarial Science: Quantitative Finance Stream,label_match,-25.3
2022,COM,CB026BUS01,BCom,Actuarial Science,augmented,1,185,0,185,False,0,88910,0,0,,,unmatched,
2022,COM,CB026BUS01,BCom,Actuarial Science,augmented,2,186,0,186,False,0,91430,0,0,,,unmatched,
2022,COM,CB026BUS01,BCom,Actuarial Science,augmented,3,162,0,162,False,0,80860,0,0,,,unmatched,
2022,COM,CB026BUS09,BCom,Actuarial Science: Quantitative Finance,augmented,1,185,0,185,False,0,88910,0,0,,,unmatched,
2022,COM,CB026BUS09,BCom,Actuarial Science: Quantitative Finance,augmented,2,186,0,186,False,0,91430,0,0,,,unmatched,
2022,COM,CB026BUS09,BCom,Actuarial Science: Quantitative Finance,augmented,3,180,0,180,False,0,87620,0,0,,,unmatched,
2022,COM,CU020BUS01,AdvDip,Actuarial Science,regular,1,0,0,185,False,-185,0,0,0,,,unmatched,
2022,COM,CU020BUS01,AdvDip,Actuarial Science,regular,2,0,0,186,False,-186,0,0,0,,,unmatched,
2022,COM,CU020BUS01,AdvDip,Actuarial Science,regular,3,0,0,198,False,-198,0,0,0,,,unmatched,
2022,COM,CU020BUS01,AdvDip,Actuarial Science,regular,4,0,0,147,False,-147,0,0,0,,,unmatched,
2023,COM,CB001ACC03,BCom,Financial Accounting: Accounting with Law,regular,1,146,0,146,False,0,73760,0,0,73760,BCom specialising in Financial Accounting: Accounting with Law Stream,label_match,0.0
2023,COM,CB001ACC03,BCom,Financial Accounting: Accounting with Law,regular,2,162,0,162,False,0,81230,0,0,81230,BCom specialising in Financial Accounting: Accounting with Law Stream,label_match,0.0
2023,COM,CB001ACC03,BCom,Financial Accounting: Accounting with Law,regular,3,144,0,144,False,0,72050,0,0,71960,BCom specialising in Financial Accounting: Accounting with Law Stream,label_match,0.1
2023,COM,CB001ACC04,BCom,Financial Accounting: Chartered Accountant,regular,1,146,0,146,False,0,73760,0,0,73760,Bachelor of Commerce specialising in Financial | Chartered Accounting Stream,label_match,0.0
2023,COM,CB001ACC04,BCom,Financial Accounting: Chartered Accountant,regular,2,162,0,162,False,0,83690,0,0,83690,Bachelor of Commerce specialising in Financial | Chartered Accounting Stream,label_match,0.0
2023,COM,CB001ACC04,BCom,Financial Accounting: Chartered Accountant,regular,3,138,0,144,False,-6,73620,0,0,73620,Bachelor of Commerce specialising in Financial | Chartered Accounting Stream,label_match,0.0
2023,COM,CB001ACC08,,,regular,1,146,0,146,False,0,73760,0,0,,,unmatched,
2023,COM,CB001ACC08,,,regular,2,144,0,144,False,0,74510,0,0,,,unmatched,
2023,COM,CB001ACC08,,,regular,3,138,0,138,False,0,73370,0,0,,,unmatched,
2023,COM,CB001BUS06,BCom,Management Studies,regular,1,203,0,185,False,18,102680,0,0,93310,BCom in the field of Management Studies,label_match,10.0
2023,COM,CB001BUS06,BCom,Management Studies,regular,2,168,0,168,False,0,87310,18860,0,97310,BCom in the field of Management Studies,label_match,-10.3
2023,COM,CB001BUS06,BCom,Management Studies,regular,3,43,0,144,False,-101,22527,13097,0,75440,BCom in the field of Management Studies,label_match,-70.1
2023,COM,CB001ECO02,BCom,Economics and Finance,regular,1,167,0,167,False,0,84690,0,0,84690,BCom specialising in Economics & Finance,label_match,0.0
2023,COM,CB001ECO02,BCom,Economics and Finance,regular,2,150,0,150,True,0,77320,0,0,77320,BCom specialising in Economics & Finance,label_match,0.0
2023,COM,CB001ECO02,BCom,Economics and Finance,regular,3,144,0,144,False,0,75190,9430,0,75190,BCom specialising in Economics & Finance,label_match,0.0
2023,COM,CB001ECO03,BCom,Economics with Law,regular,1,149,0,149,False,0,75320,0,0,75320,BCom specialising in Economics with Law,label_match,0.0
2023,COM,CB001ECO03,BCom,Economics with Law,regular,2,162,0,162,True,0,80450,0,0,81350,BCom specialising in Economics with Law,label_match,-1.1
2023,COM,CB001ECO03,BCom,Economics with Law,regular,3,144,0,162,False,-18,72170,0,0,72170,BCom specialising in Economics with Law,label_match,0.0
2023,COM,CB001ECO04,BCom,Economics and Statistics,regular,1,185,0,167,False,18,94060,0,0,84690,BCom specialising in Economics & Statistics,label_match,11.1
2023,COM,CB001ECO04,BCom,Economics and Statistics,regular,2,210,0,156,False,54,106920,0,0,79760,BCom specialising in Economics & Statistics,label_match,34.1
2023,COM,CB001ECO04,BCom,Economics and Statistics,regular,3,234,1,180,False,54,119990,0,1,93000,BCom specialising in Economics & Statistics,label_match,29.0
2023,COM,CB001INF01,BCom,Information Systems,regular,1,149,0,149,False,0,74570,0,0,74300,BCom specialising in Information Systems,label_match,0.4
2023,COM,CB001INF01,BCom,Information Systems,regular,2,144,0,144,False,0,75460,9430,0,75460,BCom specialising in Information Systems,label_match,0.0
2023,COM,CB001INF01,BCom,Information Systems,regular,3,156,0,156,False,0,84500,18860,0,84500,BCom specialising in Information Systems,label_match,0.0
2023,COM,CB001INF06,BCom,Information Systems and Computer Science,regular,1,167,0,149,False,18,84150,0,0,84210,BCom specialising in Information Systems & Computer Science,label_match,-0.1
2023,COM,CB001INF06,BCom,Information Systems and Computer Science,regular,2,162,0,162,False,0,82440,0,0,82240,BCom specialising in Information Systems & Computer Science,label_match,0.2
2023,COM,CB001INF06,BCom,Information Systems and Computer Science,regular,3,144,0,144,False,0,74140,0,0,74140,BCom specialising in Information Systems & Computer Science,label_match,0.0
2023,COM,CB001INF11,BCom,Information Systems and Finance,regular,1,167,0,167,False,0,84690,0,0,84750,BCom specialising in Information Systems & Finance,label_match,-0.1
2023,COM,CB001INF11,BCom,Information Systems and Finance,regular,2,162,0,162,False,0,84140,0,0,84140,BCom specialising in Information Systems & Finance,label_match,0.0
2023,COM,CB001INF11,BCom,Information Systems and Finance,regular,3,150,0,150,False,0,77880,0,0,77880,BCom specialising in Information Systems & Finance,label_match,0.0
2023,COM,CB001PHI03,BCom,"Philosophy, Politics & Economics",regular,1,149,0,149,False,0,72680,0,0,72680,"BCom specialising in Philosophy, Politics & Economics",label_match,0.0
2023,COM,CB001PHI03,BCom,"Philosophy, Politics & Economics",regular,2,246,0,174,False,72,121090,0,0,86980,"BCom specialising in Philosophy, Politics & Economics",label_match,39.2
2023,COM,CB001PHI03,BCom,"Philosophy, Politics & Economics",regular,3,222,2,168,False,54,94570,9430,2,81260,"BCom specialising in Philosophy, Politics & Economics",label_match,16.4
2023,COM,CB004BUS07,BBusSc,Marketing,regular,1,167,0,167,False,0,84690,0,0,84690,BBusSc specialising in Marketing,label_match,0.0
2023,COM,CB004BUS07,BBusSc,Marketing,regular,2,168,0,168,False,0,86500,0,0,86500,BBusSc specialising in Marketing,label_match,0.0
2023,COM,CB004BUS07,BBusSc,Marketing,regular,3,198,0,180,False,18,93650,9430,0,84220,BBusSc specialising in Marketing,label_match,11.2
2023,COM,CB004BUS07,BBusSc,Marketing,regular,4,180,0,180,False,0,92450,0,0,92450,BBusSc specialising in Marketing,label_match,0.0
2023,COM,CB004BUS08,BBusSc,Organisational Psychology,regular,1,167,0,167,False,0,82890,0,0,82890,BBusSc specialising in Organisational Psychology,label_match,0.0
2023,COM,CB004BUS08,BBusSc,Organisational Psychology,regular,2,162,0,162,False,0,84870,0,0,84870,BBusSc specialising in Organisational Psychology,label_match,0.0
2023,COM,CB004BUS08,BBusSc,Organisational Psychology,regular,3,298,0,180,False,118,99810,9430,0,90380,BBusSc specialising in Organisational Psychology,label_match,10.4
2023,COM,CB004BUS08,BBusSc,Organisational Psychology,regular,4,156,0,156,False,0,87900,0,0,87900,BBusSc specialising in Organisational Psychology,label_match,0.0
2023,COM,CB004BUS22,BBusSc,Analytics,regular,1,185,0,185,False,0,93580,0,0,93580,BBusSc specialising in Analytics,label_match,0.0
2023,COM,CB004BUS22,BBusSc,Analytics,regular,2,186,0,186,False,0,95010,0,0,94950,BBusSc specialising in Analytics,label_match,0.1
2023,COM,CB004BUS22,BBusSc,Analytics,regular,3,210,0,198,True,12,107160,0,0,113980,BBusSc specialising in Analytics,label_match,-6.0
2023,COM,CB004BUS22,BBusSc,Analytics,regular,4,178,0,178,False,0,77830,0,0,77830,BBusSc specialising in Analytics,label_match,0.0
2023,COM,CB004CSC05,BBusSc,Computer Science,regular,1,149,0,185,False,-36,74720,0,0,74720,BBusSc specialising in Computer Science,label_match,0.0
2023,COM,CB004CSC05,BBusSc,Computer Science,regular,2,162,0,162,False,0,83260,0,0,83260,BBusSc specialising in Computer Science,label_match,0.0
2023,COM,CB004CSC05,BBusSc,Computer Science,regular,3,180,0,180,False,0,92190,0,0,92190,BBusSc specialising in Computer Science,label_match,0.0
2023,COM,CB004CSC05,BBusSc,Computer Science,regular,4,262,0,160,False,102,113750,0,0,70830,BBusSc specialising in Computer Science,label_match,60.6
2023,COM,CB004ECO01,BBusSc,Economics,regular,1,167,0,167,False,0,84690,0,0,846,BBusSc specialising in Economics,label_match,9910.6
2023,COM,CB004ECO01,BBusSc,Economics,regular,2,156,0,150,False,6,80010,0,0,86100,BBusSc specialising in Economics,label_match,-7.1
2023,COM,CB004ECO01,BBusSc,Economics,regular,3,228,1,162,False,66,118080,9430,1,84620,BBusSc specialising in Economics,label_match,39.5
2023,COM,CB004ECO01,BBusSc,Economics,regular,4,156,0,156,False,0,94180,0,0,94180,BBusSc specialising in Economics,label_match,0.0
2023,COM,CB004ECO03,BBusSc,Economics with Law,regular,1,167,0,167,False,0,84690,0,0,84690,BBusSc specialising in Economics with Law,label_match,0.0
2023,COM,CB004ECO03,BBusSc,Economics with Law,regular,2,168,0,168,False,0,84290,0,0,84290,BBusSc specialising in Economics with Law,label_match,0.0
2023,COM,CB004ECO03,BBusSc,Economics with Law,regular,3,162,0,162,False,0,81350,9430,0,81350,BBusSc specialising in Economics with Law,label_match,0.0
2023,COM,CB004ECO03,BBusSc,Economics with Law,regular,4,174,0,174,False,0,103610,0,0,103610,BBusSc specialising in Economics with Law,label_match,0.0
2023,COM,CB004FTX04,BBusSc,Finance with Accounting,regular,1,164,0,167,False,-3,83130,0,0,84690,BBusSc specialising in Finance with Accounting (CA Option),label_match,-1.8
2023,COM,CB004FTX04,BBusSc,Finance with Accounting,regular,2,162,0,162,False,0,85690,0,0,85690,BBusSc specialising in Finance with Accounting (CA Option),label_match,0.0
2023,COM,CB004FTX04,BBusSc,Finance with Accounting,regular,3,180,0,180,False,0,93290,0,0,93290,BBusSc specialising in Finance with Accounting (CA Option),label_match,0.0
2023,COM,CB004FTX04,BBusSc,Finance with Accounting,regular,4,162,0,162,False,0,84630,0,0,84630,BBusSc specialising in Finance with Accounting (CA Option),label_match,0.0
2023,COM,CB004FTX05,BBusSc,Finance,regular,1,167,0,185,False,-18,84690,0,0,84690,BBusSc specialising in Finance (Non CA Option),label_match,0.0
2023,COM,CB004FTX05,BBusSc,Finance,regular,2,168,0,168,False,0,86500,0,0,96110,BBusSc specialising in Finance (Non CA Option),label_match,-10.0
2023,COM,CB004FTX05,BBusSc,Finance,regular,3,180,0,180,False,0,93570,9430,0,93570,BBusSc specialising in Finance (Non CA Option),label_match,0.0
2023,COM,CB004FTX05,BBusSc,Finance,regular,4,144,0,144,False,0,75200,0,0,75200,BBusSc specialising in Finance (Non CA Option),label_match,0.0
2023,COM,CB004INF01,BBusSc,Information Systems,regular,1,185,0,185,False,0,93310,0,0,93040,BBusSc specialising in Information Systems,label_match,0.3
2023,COM,CB004INF01,BBusSc,Information Systems,regular,2,168,0,168,False,0,87640,0,0,87640,BBusSc specialising in Information Systems,label_match,0.0
2023,COM,CB004INF01,BBusSc,Information Systems,regular,3,156,0,156,False,0,84500,0,0,84500,BBusSc specialising in Information Systems,label_match,0.0
2023,COM,CB004INF01,BBusSc,Information Systems,regular,4,176,0,176,False,0,86470,0,0,86470,BBusSc specialising in Information Systems,label_match,0.0
2023,COM,CB011ACC03,BCom,Financial Accounting: Accounting with Law,extended,1,92,0,110,False,-18,45530,0,0,54960,BCom Academic Development specialising in Financial Accounting: Accounting with Law Stream,ad_duration,-17.2
2023,COM,CB011ACC03,BCom,Financial Accounting: Accounting with Law,extended,2,126,0,126,False,0,65580,0,0,65580,BCom Academic Development specialising in Financial Accounting: Accounting with Law Stream,ad_duration,0.0
2023,COM,CB011ACC03,BCom,Financial Accounting: Accounting with Law,extended,3,126,0,126,False,0,62620,0,0,62620,BCom Academic Development specialising in Financial Accounting: Accounting with Law Stream,ad_duration,0.0
2023,COM,CB011ACC03,BCom,Financial Accounting: Accounting with Law,extended,4,90,0,90,False,0,43880,0,0,43880,BCom Academic Development specialising in Financial Accounting: Accounting with Law Stream,ad_duration,0.0
2023,COM,CB011ACC04,BCom,Financial Accounting: Chartered Accountant,extended,1,128,0,128,False,0,64330,0,0,64330,Bachelor of Commerce Academic Development specialising in Financial Accounting Chartered Accounting Stream,ad_duration,0.0
2023,COM,CB011ACC04,BCom,Financial Accounting: Chartered Accountant,extended,2,126,0,126,False,0,65080,0,0,65080,Bachelor of Commerce Academic Development specialising in Financial Accounting Chartered Accounting Stream,ad_duration,0.0
2023,COM,CB011ACC04,BCom,Financial Accounting: Chartered Accountant,extended,3,120,0,120,False,0,64020,0,0,64020,Bachelor of Commerce Academic Development specialising in Financial Accounting Chartered Accounting Stream,ad_duration,0.0
2023,COM,CB011ACC04,BCom,Financial Accounting: Chartered Accountant,extended,4,108,0,108,False,0,56380,0,0,56380,Bachelor of Commerce Academic Development specialising in Financial Accounting Chartered Accounting Stream,ad_duration,0.0
2023,COM,CB011ACC08,BCom,Financial Accounting: General Accounting,extended,1,128,0,128,False,0,64330,0,0,64330,BCom Academic Development specialising in Financial Accounting General Accounting Stream,ad_duration,0.0
2023,COM,CB011ACC08,BCom,Financial Accounting: General Accounting,extended,2,108,0,108,False,0,55650,0,0,55650,BCom Academic Development specialising in Financial Accounting General Accounting Stream,ad_duration,0.0
2023,COM,CB011ACC08,BCom,Financial Accounting: General Accounting,extended,3,90,0,90,False,0,47030,0,0,47030,BCom Academic Development specialising in Financial Accounting General Accounting Stream,ad_duration,0.0
2023,COM,CB011ACC08,BCom,Financial Accounting: General Accounting,extended,4,102,0,108,False,-6,54630,0,0,54630,BCom Academic Development specialising in Financial Accounting General Accounting Stream,ad_duration,0.0
2023,COM,CB011BUS06,,,extended,1,131,0,131,False,0,65140,0,0,,,unmatched,
2023,COM,CB011BUS06,,,extended,2,108,0,108,False,0,56400,9370,0,,,unmatched,
2023,COM,CB011BUS06,,,extended,3,132,0,132,False,0,68450,18860,0,,,unmatched,
2023,COM,CB011BUS06,,,extended,4,18,0,126,False,-108,9430,0,1,,,unmatched,
2023,COM,CB011ECO02,BCom,Economics and Finance,extended,1,113,0,113,False,0,56460,0,0,56460,BCom Academic Development specialising in Economics & Finance,ad_duration,0.0
2023,COM,CB011ECO02,BCom,Economics and Finance,extended,2,108,0,108,False,0,55710,0,0,55710,BCom Academic Development specialising in Economics & Finance,ad_duration,0.0
2023,COM,CB011ECO02,BCom,Economics and Finance,extended,3,114,0,132,False,-18,59020,0,0,59020,BCom Academic Development specialising in Economics & Finance,ad_duration,0.0
2023,COM,CB011ECO02,BCom,Economics and Finance,extended,4,126,0,108,False,18,66010,9430,0,66010,BCom Academic Development specialising in Economics & Finance,ad_duration,0.0
2023,COM,CB011ECO04,BCom,Economics and Statistics,extended,1,244,0,131,False,113,122410,0,0,56520,BCom Academic Development specialising in Economics & Statistics,ad_duration,116.6
2023,COM,CB011ECO04,BCom,Economics and Statistics,extended,2,216,0,108,False,108,111080,0,0,55650,BCom Academic Development specialising in Economics & Statistics,ad_duration,99.6
2023,COM,CB011ECO04,BCom,Economics and Statistics,extended,3,252,0,108,False,144,127370,9430,0,61710,BCom Academic Development specialising in Economics & Statistics,ad_duration,106.4
2023,COM,CB011ECO04,BCom,Economics and Statistics,extended,4,270,0,198,False,72,136880,9430,0,83570,BCom Academic Development specialising in Economics & Statistics,ad_duration,63.8
2023,COM,CB011INF01,BCom,Information Systems,extended,1,113,0,113,False,0,56520,0,0,56520,BCom Academic Development specialising in Information Systems,ad_duration,0.0
2023,COM,CB011INF01,BCom,Information Systems,extended,2,108,0,108,False,0,56660,0,0,56660,BCom Academic Development specialising in Information Systems,ad_duration,0.0
2023,COM,CB011INF01,BCom,Information Systems,extended,3,120,0,120,False,0,65770,9370,0,65830,BCom Academic Development specialising in Information Systems,ad_duration,-0.1
2023,COM,CB011INF01,BCom,Information Systems,extended,4,108,0,108,False,0,55520,18860,0,55520,BCom Academic Development specialising in Information Systems,ad_duration,0.0
2023,COM,CB011INF06,BCom,Information Systems and Computer Science,extended,1,113,0,113,False,0,56250,0,0,56250,BCom Academic Development specialising in Information Systems & Computer Science,ad_duration,0.0
2023,COM,CB011INF06,BCom,Information Systems and Computer Science,extended,2,108,0,108,False,0,55130,0,0,55130,BCom Academic Development specialising in Information Systems & Computer Science,ad_duration,0.0
2023,COM,CB011INF06,BCom,Information Systems and Computer Science,extended,3,108,0,108,False,0,55270,0,0,55270,BCom Academic Development specialising in Information Systems & Computer Science,ad_duration,0.0
2023,COM,CB011INF06,BCom,Information Systems and Computer Science,extended,4,126,0,126,False,0,64710,0,0,64710,BCom Academic Development specialising in Information Systems & Computer Science,ad_duration,0.0
2023,COM,CB011INF11,BCom,Information Systems and Finance,extended,1,131,0,131,False,0,65950,0,0,65950,BCom Academic Development specialising in Information Systems & Finance,ad_duration,0.0
2023,COM,CB011INF11,BCom,Information Systems and Finance,extended,2,108,0,108,False,0,56600,0,0,60690,BCom Academic Development specialising in Information Systems & Finance,ad_duration,-6.7
2023,COM,CB011INF11,BCom,Information Systems and Finance,extended,3,126,0,126,False,0,65950,0,0,65950,BCom Academic Development specialising in Information Systems & Finance,ad_duration,0.0
2023,COM,CB011INF11,BCom,Information Systems and Finance,extended,4,114,0,114,False,0,58210,0,0,58210,BCom Academic Development specialising in Information Systems & Finance,ad_duration,0.0
2023,COM,CB011PHI03,BCom,"Philosophy, Politics & Economics",extended,1,113,0,113,False,0,53820,0,0,53820,"BCom Academic Development specialising in Philosophy, Politics & Economics",ad_duration,0.0
2023,COM,CB011PHI03,BCom,"Philosophy, Politics & Economics",extended,2,108,0,108,False,0,56520,0,0,56520,"BCom Academic Development specialising in Philosophy, Politics & Economics",ad_duration,0.0
2023,COM,CB011PHI03,BCom,"Philosophy, Politics & Economics",extended,3,198,0,102,False,96,94800,0,0,49320,"BCom Academic Development specialising in Philosophy, Politics & Economics",ad_duration,92.2
2023,COM,CB011PHI03,BCom,"Philosophy, Politics & Economics",extended,4,222,3,162,True,60,94570,9430,3,81260,"BCom Academic Development specialising in Philosophy, Politics & Economics",ad_duration,16.4
2023,COM,CB015BUS07,,,extended,1,131,0,131,False,0,65080,0,0,,,unmatched,
2023,COM,CB015BUS07,,,extended,2,132,0,132,False,0,68640,0,0,,,unmatched,
2023,COM,CB015BUS07,,,extended,3,108,0,108,False,0,56330,0,0,,,unmatched,
2023,COM,CB015BUS07,,,extended,4,162,0,144,False,18,74790,9430,0,,,unmatched,
2023,COM,CB015BUS07,,,extended,5,180,0,180,False,0,92450,0,0,,,unmatched,
2023,COM,CB015BUS08,,,extended,1,131,0,131,False,0,64090,0,0,,,unmatched,
2023,COM,CB015BUS08,,,extended,2,132,0,132,False,0,68640,0,0,,,unmatched,
2023,COM,CB015BUS08,,,extended,3,126,0,126,False,0,65200,0,0,,,unmatched,
2023,COM,CB015BUS08,,,extended,4,138,0,120,False,18,69640,9430,0,,,unmatched,
2023,COM,CB015BUS08,,,extended,5,36,0,156,False,-120,18740,0,0,,,unmatched,
2023,COM,CB015BUS22,,,extended,1,113,0,113,False,0,55440,0,0,,,unmatched,
2023,COM,CB015BUS22,,,extended,2,108,0,108,False,0,56190,0,0,,,unmatched,
2023,COM,CB015BUS22,,,extended,3,168,0,168,False,0,86390,0,0,,,unmatched,
2023,COM,CB015BUS22,,,extended,4,192,0,180,True,12,97730,0,0,,,unmatched,
2023,COM,CB015BUS22,,,extended,5,178,0,178,False,0,77830,0,0,,,unmatched,
2023,COM,CB015CSC05,,,extended,1,113,0,113,False,0,56190,0,0,,,unmatched,
2023,COM,CB015CSC05,,,extended,2,126,0,126,False,0,64620,0,0,,,unmatched,
2023,COM,CB015CSC05,,,extended,3,126,0,126,False,0,64650,0,0,,,unmatched,
2023,COM,CB015CSC05,,,extended,4,126,0,126,False,0,64710,0,0,,,unmatched,
2023,COM,CB015CSC05,,,extended,5,262,0,160,False,102,113750,0,0,,,unmatched,
2023,COM,CB015ECO01,,,extended,1,131,0,131,False,0,65890,0,0,,,unmatched,
2023,COM,CB015ECO01,,,extended,2,126,0,126,False,0,65140,0,0,,,unmatched,
2023,COM,CB015ECO01,,,extended,3,138,0,138,False,0,71140,9430,0,,,unmatched,
2023,COM,CB015ECO01,,,extended,4,156,1,90,True,66,80610,0,1,,,unmatched,
2023,COM,CB015ECO01,,,extended,5,156,0,156,False,0,94180,0,0,,,unmatched,
2023,COM,CB015ECO03,,,extended,1,131,0,131,False,0,65890,0,0,,,unmatched,
2023,COM,CB015ECO03,,,extended,2,114,0,114,False,0,59210,0,0,,,unmatched,
2023,COM,CB015ECO03,,,extended,3,126,0,126,False,0,62490,0,0,,,unmatched,
2023,COM,CB015ECO03,,,extended,4,144,0,144,False,0,72170,9430,0,,,unmatched,
2023,COM,CB015ECO03,,,extended,5,156,0,166,False,-10,94180,0,0,,,unmatched,
2023,COM,CB015FTX04,,,extended,1,131,0,131,False,0,65080,0,0,,,unmatched,
2023,COM,CB015FTX04,,,extended,2,135,0,135,False,0,72760,0,0,,,unmatched,
2023,COM,CB015FTX04,,,extended,3,168,0,168,False,0,87440,0,0,,,unmatched,
2023,COM,CB015FTX04,,,extended,4,144,0,144,False,0,74430,0,0,,,unmatched,
2023,COM,CB015FTX04,,,extended,5,144,0,144,False,0,75200,0,0,,,unmatched,
2023,COM,CB015FTX05,,,extended,1,149,0,131,False,18,75320,0,0,,,unmatched,
2023,COM,CB015FTX05,,,extended,2,132,0,150,False,-18,67830,0,0,,,unmatched,
2023,COM,CB015FTX05,,,extended,3,90,0,90,False,0,46820,9430,0,,,unmatched,
2023,COM,CB015FTX05,,,extended,4,144,0,144,False,0,74790,0,0,,,unmatched,
2023,COM,CB015FTX05,,,extended,5,144,0,144,False,0,75200,0,0,,,unmatched,
2023,COM,CB015INF01,,,extended,1,131,0,131,False,0,65080,0,0,,,unmatched,
2023,COM,CB015INF01,,,extended,2,108,0,108,False,0,56520,0,0,,,unmatched,
2023,COM,CB015INF01,,,extended,3,150,0,150,False,0,77960,0,0,,,unmatched,
2023,COM,CB015INF01,,,extended,4,120,0,120,False,0,65890,0,0,,,unmatched,
2023,COM,CB015INF01,,,extended,5,176,0,176,False,0,86470,0,0,,,unmatched,
2023,COM,CB018BUS01,,,extended,1,113,0,113,False,0,56250,0,0,,,unmatched,
2023,COM,CB018BUS01,,,extended,2,108,0,108,False,0,56460,0,0,,,unmatched,
2023,COM,CB018BUS01,,,extended,3,150,0,150,False,0,77250,0,0,,,unmatched,
2023,COM,CB018BUS01,,,extended,4,180,0,180,False,0,94450,0,0,,,unmatched,
2023,COM,CB018BUS01,,,extended,5,174,0,174,False,0,80600,0,0,,,unmatched,
2023,COM,CB018BUS09,,,extended,1,113,0,113,False,0,56250,0,0,,,unmatched,
2023,COM,CB018BUS09,,,extended,2,108,0,108,False,0,56460,0,0,,,unmatched,
2023,COM,CB018BUS09,,,extended,3,150,0,150,False,0,77250,0,0,,,unmatched,
2023,COM,CB018BUS09,,,extended,4,198,0,198,False,0,101550,0,0,,,unmatched,
2023,COM,CB018BUS09,,,extended,5,147,0,147,False,0,75110,0,0,,,unmatched,
2023,COM,CB019BUS01,BCom,Actuarial Science,regular,1,185,0,185,False,0,93850,0,0,93850,BCom specialising in Actuarial Science,label_match,0.0
2023,COM,CB019BUS01,BCom,Actuarial Science,regular,2,186,0,186,False,0,96110,0,0,95260,BCom specialising in Actuarial Science,label_match,0.9
2023,COM,CB019BUS01,BCom,Actuarial Science,regular,3,162,0,162,False,0,85020,0,0,82690,BCom specialising in Actuarial Science,label_match,2.8
2023,COM,CB019BUS09,BCom,Actuarial Science: Quantitative Finance,regular,1,185,0,185,False,0,93850,0,0,93850,BCom specialising in Actuarial Science Quantitative Finance Stream,label_match,0.0
2023,COM,CB019BUS09,BCom,Actuarial Science: Quantitative Finance,regular,2,186,0,186,False,0,96110,0,0,96110,BCom specialising in Actuarial Science Quantitative Finance Stream,label_match,0.0
2023,COM,CB019BUS09,BCom,Actuarial Science: Quantitative Finance,regular,3,180,0,180,False,0,92120,0,0,92150,BCom specialising in Actuarial Science Quantitative Finance Stream,label_match,-0.0
2023,COM,CB020BUS01,BCom,Actuarial Science,extended,1,113,0,113,False,0,56250,0,0,56250,BCom Academic Development specialising in Actuarial Science,ad_duration,0.0
2023,COM,CB020BUS01,BCom,Actuarial Science,extended,2,108,0,108,False,0,56460,0,0,56460,BCom Academic Development specialising in Actuarial Science,ad_duration,0.0
2023,COM,CB020BUS01,BCom,Actuarial Science,extended,3,150,0,150,False,0,77250,0,0,77250,BCom Academic Development specialising in Actuarial Science,ad_duration,0.0
2023,COM,CB020BUS01,BCom,Actuarial Science,extended,4,162,0,162,False,0,85020,0,0,91020,BCom Academic Development specialising in Actuarial Science,ad_duration,-6.6
2023,COM,CB020BUS09,BCom,Actuarial Science: Quantitative Finance,extended,1,113,0,113,False,0,56250,0,0,56250,BCom Academic Development specialising in Actuarial Science Quantitative Finance Stream,ad_duration,0.0
2023,COM,CB020BUS09,BCom,Actuarial Science: Quantitative Finance,extended,2,126,0,126,False,0,65080,0,0,65080,BCom Academic Development specialising in Actuarial Science Quantitative Finance Stream,ad_duration,0.0
2023,COM,CB020BUS09,BCom,Actuarial Science: Quantitative Finance,extended,3,132,0,132,False,0,68630,0,0,68630,BCom Academic Development specialising in Actuarial Science Quantitative Finance Stream,ad_duration,0.0
2023,COM,CB020BUS09,BCom,Actuarial Science: Quantitative Finance,extended,4,180,0,180,False,0,92120,0,0,92120,BCom Academic Development specialising in Actuarial Science Quantitative Finance Stream,ad_duration,0.0
2023,COM,CB023ACC03,BCom,Financial Accounting: Accounting with Law,augmented,1,146,0,146,False,0,73760,0,0,,,unmatched,
2023,COM,CB023ACC03,BCom,Financial Accounting: Accounting with Law,augmented,2,162,0,162,False,0,81230,0,0,,,unmatched,
2023,COM,CB023ACC03,BCom,Financial Accounting: Accounting with Law,augmented,3,144,0,144,False,0,72050,0,0,,,unmatched,
2023,COM,CB023ACC04,BCom,Financial Accounting: Chartered Accountant,augmented,1,146,0,146,False,0,73760,0,0,,,unmatched,
2023,COM,CB023ACC04,BCom,Financial Accounting: Chartered Accountant,augmented,2,162,0,162,False,0,83690,0,0,,,unmatched,
2023,COM,CB023ACC04,BCom,Financial Accounting: Chartered Accountant,augmented,3,138,0,138,False,0,73620,0,0,,,unmatched,
2023,COM,CB023ACC08,BCom,Financial Accounting: General Accounting,augmented,1,146,0,146,False,0,73760,0,0,,,unmatched,
2023,COM,CB023ACC08,BCom,Financial Accounting: General Accounting,augmented,2,144,0,144,False,0,74510,0,0,,,unmatched,
2023,COM,CB023ACC08,BCom,Financial Accounting: General Accounting,augmented,3,138,0,138,False,0,73370,0,0,,,unmatched,
2023,COM,CB023BUS06,BCom,Management Studies,augmented,1,203,0,185,False,18,102680,0,0,65140,BCom Academic Development specialising in Management Studies,label_match,57.6
2023,COM,CB023BUS06,BCom,Management Studies,augmented,2,168,0,168,False,0,87310,18860,0,56460,BCom Academic Development specialising in Management Studies,label_match,54.6
2023,COM,CB023BUS06,BCom,Management Studies,augmented,3,18,2,18,False,0,9430,0,2,68450,BCom Academic Development specialising in Management Studies,label_match,-86.2
2023,COM,CB023ECO02,BCom,Economics and Finance,augmented,1,167,0,167,False,0,84690,0,0,,,unmatched,
2023,COM,CB023ECO02,BCom,Economics and Finance,augmented,2,150,0,150,True,0,77320,0,0,,,unmatched,
2023,COM,CB023ECO02,BCom,Economics and Finance,augmented,3,144,0,144,False,0,75190,9430,0,,,unmatched,
2023,COM,CB023ECO03,BCom,Economics with Law,augmented,1,149,0,149,False,0,75320,0,0,65890,BCom Academic Development specialising in Economics with Law,label_match,14.3
2023,COM,CB023ECO03,BCom,Economics with Law,augmented,2,162,0,162,True,0,80450,0,0,56330,BCom Academic Development specialising in Economics with Law,label_match,42.8
2023,COM,CB023ECO03,BCom,Economics with Law,augmented,3,144,0,144,False,0,72170,0,0,53310,BCom Academic Development specialising in Economics with Law,label_match,35.4
2023,COM,CB023ECO04,BCom,Economics and Statistics,augmented,1,185,0,167,False,18,94060,0,0,,,unmatched,
2023,COM,CB023ECO04,BCom,Economics and Statistics,augmented,2,210,0,156,True,54,106920,0,0,,,unmatched,
2023,COM,CB023ECO04,BCom,Economics and Statistics,augmented,3,252,0,180,False,72,129420,9430,0,,,unmatched,
2023,COM,CB023INF01,BCom,Information Systems,augmented,1,149,0,149,False,0,74570,0,0,,,unmatched,
2023,COM,CB023INF01,BCom,Information Systems,augmented,2,144,0,144,False,0,75460,9430,0,,,unmatched,
2023,COM,CB023INF01,BCom,Information Systems,augmented,3,156,0,156,False,0,84500,18860,0,,,unmatched,
2023,COM,CB023INF06,BCom,Information Systems and Computer Science,augmented,1,167,0,149,False,18,84150,0,0,,,unmatched,
2023,COM,CB023INF06,BCom,Information Systems and Computer Science,augmented,2,162,0,162,False,0,82440,0,0,,,unmatched,
2023,COM,CB023INF06,BCom,Information Systems and Computer Science,augmented,3,144,0,144,False,0,74140,0,0,,,unmatched,
2023,COM,CB023INF11,BCom,Information Systems and Finance,augmented,1,167,0,167,False,0,84690,0,0,,,unmatched,
2023,COM,CB023INF11,BCom,Information Systems and Finance,augmented,2,162,0,162,False,0,84140,0,0,,,unmatched,
2023,COM,CB023INF11,BCom,Information Systems and Finance,augmented,3,150,0,150,False,0,77880,0,0,,,unmatched,
2023,COM,CB023PHI03,BCom,"Philosophy, Politics & Economics",augmented,1,149,0,149,False,0,72680,0,0,,,unmatched,
2023,COM,CB023PHI03,BCom,"Philosophy, Politics & Economics",augmented,2,246,0,174,False,72,121090,0,0,,,unmatched,
2023,COM,CB023PHI03,BCom,"Philosophy, Politics & Economics",augmented,3,222,3,168,False,54,94570,9430,3,,,unmatched,
2023,COM,CB024BUS07,BBusSc,Marketing,augmented,1,167,0,167,False,0,84690,0,0,65080,BBusSc Academic Development specialising in Marketing,label_match,30.1
2023,COM,CB024BUS07,BBusSc,Marketing,augmented,2,168,0,168,False,0,86500,0,0,68640,BBusSc Academic Development specialising in Marketing,label_match,26.0
2023,COM,CB024BUS07,BBusSc,Marketing,augmented,3,198,0,180,False,18,93650,9430,0,56330,BBusSc Academic Development specialising in Marketing,label_match,66.3
2023,COM,CB024BUS07,BBusSc,Marketing,augmented,4,180,0,180,False,0,92450,0,0,65360,BBusSc Academic Development specialising in Marketing,label_match,41.4
2023,COM,CB024BUS08,BBusSc,Organisational Psychology,augmented,1,167,0,167,False,0,82890,0,0,64090,BBusSc Academic Development specialising in Organisational Psychology,label_match,29.3
2023,COM,CB024BUS08,BBusSc,Organisational Psychology,augmented,2,162,0,162,False,0,84870,0,0,68640,BBusSc Academic Development specialising in Organisational Psychology,label_match,23.6
2023,COM,CB024BUS08,BBusSc,Organisational Psychology,augmented,3,198,0,180,False,18,99810,9430,0,65200,BBusSc Academic Development specialising in Organisational Psychology,label_match,53.1
2023,COM,CB024BUS08,BBusSc,Organisational Psychology,augmented,4,36,0,156,False,-120,18740,0,0,69640,BBusSc Academic Development specialising in Organisational Psychology,label_match,-73.1
2023,COM,CB024BUS22,,,augmented,1,185,0,185,False,0,93580,0,0,,,unmatched,
2023,COM,CB024BUS22,,,augmented,2,186,0,186,False,0,95010,0,0,,,unmatched,
2023,COM,CB024BUS22,,,augmented,3,210,0,198,True,12,107160,0,0,,,unmatched,
2023,COM,CB024BUS22,,,augmented,4,178,0,178,False,0,77830,0,0,,,unmatched,
2023,COM,CB024CSC05,BBusSc,Computer Science,augmented,1,149,0,185,False,-36,74720,0,0,56190,BBusSc Academic Development specialising in Computer Science,label_match,33.0
2023,COM,CB024CSC05,BBusSc,Computer Science,augmented,2,162,0,162,False,0,83260,0,0,64620,BBusSc Academic Development specialising in Computer Science,label_match,28.8
2023,COM,CB024CSC05,BBusSc,Computer Science,augmented,3,180,0,180,False,0,92190,0,0,64650,BBusSc Academic Development specialising in Computer Science,label_match,42.6
2023,COM,CB024CSC05,BBusSc,Computer Science,augmented,4,262,0,160,False,102,113750,0,0,64710,BBusSc Academic Development specialising in Computer Science,label_match,75.8
2023,COM,CB024ECO01,BBusSc,Economics,augmented,1,167,0,167,False,0,84690,0,0,65890,BBusSc Academic Development specialising in Economics,label_match,28.5
2023,COM,CB024ECO01,BBusSc,Economics,augmented,2,156,0,156,True,0,80010,0,0,65140,BBusSc Academic Development specialising in Economics,label_match,22.8
2023,COM,CB024ECO01,BBusSc,Economics,augmented,3,228,1,162,True,66,118080,9430,1,71140,BBusSc Academic Development specialising in Economics,label_match,66.0
2023,COM,CB024ECO01,BBusSc,Economics,augmented,4,156,0,156,False,0,94180,0,0,47150,BBusSc Academic Development specialising in Economics,label_match,99.7
2023,COM,CB024ECO03,BBusSc,Economics with Law,augmented,1,167,0,167,False,0,84690,0,0,65890,BBusSc Academic Development specialising in Economics with Law,label_match,28.5
2023,COM,CB024ECO03,BBusSc,Economics with Law,augmented,2,168,0,168,False,0,84290,0,0,59210,BBusSc Academic Development specialising in Economics with Law,label_match,42.4
2023,COM,CB024ECO03,BBusSc,Economics with Law,augmented,3,162,0,162,False,0,81350,9430,0,62490,BBusSc Academic Development specialising in Economics with Law,label_match,30.2
2023,COM,CB024ECO03,BBusSc,Economics with Law,augmented,4,174,0,174,False,0,103610,0,0,72170,BBusSc Academic Development specialising in Economics with Law,label_match,43.6
2023,COM,CB024FTX04,BBusSc,Finance with Accounting,augmented,1,164,0,164,False,0,83130,0,0,65080,BBusSc Academic Development specialising in Finance with Accounting,label_match,27.7
2023,COM,CB024FTX04,BBusSc,Finance with Accounting,augmented,2,162,0,162,False,0,85690,0,0,72760,BBusSc Academic Development specialising in Finance with Accounting,label_match,17.8
2023,COM,CB024FTX04,BBusSc,Finance with Accounting,augmented,3,180,0,180,False,0,93290,0,0,87440,BBusSc Academic Development specialising in Finance with Accounting,label_match,6.7
2023,COM,CB024FTX04,BBusSc,Finance with Accounting,augmented,4,162,0,162,False,0,84630,0,0,74430,BBusSc Academic Development specialising in Finance with Accounting,label_match,13.7
2023,COM,CB024FTX05,BBusSc,Finance,augmented,1,167,0,182,False,-15,84690,0,0,73760,BBusSc Academic Development specialising in Finance,label_match,14.8
2023,COM,CB024FTX05,BBusSc,Finance,augmented,2,168,0,168,False,0,86500,0,0,67830,BBusSc Academic Development specialising in Finance,label_match,27.5
2023,COM,CB024FTX05,BBusSc,Finance,augmented,3,162,0,180,False,-18,84140,0,0,46820,BBusSc Academic Development specialising in Finance,label_match,79.7
2023,COM,CB024FTX05,BBusSc,Finance,augmented,4,144,0,144,False,0,75200,0,0,74790,BBusSc Academic Development specialising in Finance,label_match,0.5
2023,COM,CB024INF01,BBusSc,Information Systems,augmented,1,185,0,185,False,0,93310,0,0,65080,BBusSc Academic Development specialising in Information Systems,label_match,43.4
2023,COM,CB024INF01,BBusSc,Information Systems,augmented,2,168,0,168,False,0,87640,0,0,56520,BBusSc Academic Development specialising in Information Systems,label_match,55.1
2023,COM,CB024INF01,BBusSc,Information Systems,augmented,3,156,0,156,False,0,84500,0,0,77960,BBusSc Academic Development specialising in Information Systems,label_match,8.4
2023,COM,CB024INF01,BBusSc,Information Systems,augmented,4,176,0,176,False,0,86470,0,0,65890,BBusSc Academic Development specialising in Information Systems,label_match,31.2
2023,COM,CB025BUS01,BBusSc,Actuarial Science,augmented,1,185,0,185,False,0,93850,0,0,,,unmatched,
2023,COM,CB025BUS01,BBusSc,Actuarial Science,augmented,2,186,0,186,False,0,96110,0,0,,,unmatched,
2023,COM,CB025BUS01,BBusSc,Actuarial Science,augmented,3,180,0,180,False,0,94450,0,0,,,unmatched,
2023,COM,CB025BUS01,BBusSc,Actuarial Science,augmented,4,174,0,174,False,0,80600,0,0,,,unmatched,
2023,COM,CB025BUS09,BBusSc,Actuarial Science: Quantitative Finance,augmented,1,185,0,185,False,0,93850,0,0,56250,BBusSc Academic Development specialising in Actuarial Science: Quantitative Finance Stream,label_match,66.8
2023,COM,CB025BUS09,BBusSc,Actuarial Science: Quantitative Finance,augmented,2,186,0,186,False,0,96110,0,0,56460,BBusSc Academic Development specialising in Actuarial Science: Quantitative Finance Stream,label_match,70.2
2023,COM,CB025BUS09,BBusSc,Actuarial Science: Quantitative Finance,augmented,3,198,0,198,False,0,101550,0,0,77250,BBusSc Academic Development specialising in Actuarial Science: Quantitative Finance Stream,label_match,31.5
2023,COM,CB025BUS09,BBusSc,Actuarial Science: Quantitative Finance,augmented,4,147,0,147,False,0,75110,0,0,94450,BBusSc Academic Development specialising in Actuarial Science: Quantitative Finance Stream,label_match,-20.5
2023,COM,CB026BUS01,BCom,Actuarial Science,augmented,1,185,0,185,False,0,93850,0,0,,,unmatched,
2023,COM,CB026BUS01,BCom,Actuarial Science,augmented,2,186,0,186,False,0,96110,0,0,,,unmatched,
2023,COM,CB026BUS01,BCom,Actuarial Science,augmented,3,162,0,162,False,0,85020,0,0,,,unmatched,
2023,COM,CB026BUS09,BCom,Actuarial Science: Quantitative Finance,augmented,1,185,0,185,False,0,93850,0,0,,,unmatched,
2023,COM,CB026BUS09,BCom,Actuarial Science: Quantitative Finance,augmented,2,186,0,186,False,0,96110,0,0,,,unmatched,
2023,COM,CB026BUS09,BCom,Actuarial Science: Quantitative Finance,augmented,3,180,0,180,False,0,92120,0,0,,,unmatched,
2023,COM,CU017ACC01,AdvDip,Accounting,regular,1,370,0,185,False,185,187700,0,0,,,unmatched,
2023,COM,CU017ACC01,AdvDip,Accounting,regular,2,372,0,186,False,186,192220,0,0,,,unmatched,
2023,COM,CU017ACC01,AdvDip,Accounting,regular,3,378,0,198,False,180,196000,0,0,,,unmatched,
2023,COM,CU017ACC01,AdvDip,Accounting,regular,4,321,0,147,False,174,155710,0,0,,,unmatched,
2024,COM,CB001ACC03,BCom,Financial Accounting: Accounting with Law,regular,2,162,0,162,False,0,84920,0,0,68890,BCom specialising in Financial Accounting: Accounting with Law Stream,label_match,23.3
2024,COM,CB001ACC03,BCom,Financial Accounting: Accounting with Law,regular,3,144,0,144,False,0,75320,0,0,76710,BCom specialising in Financial Accounting: Accounting with Law Stream,label_match,-1.8
2024,COM,CB001ACC04,BCom,Financial Accounting: Chartered Accountant,regular,1,159,0,159,False,0,86140,0,0,87350,Bachelor of Commerce specialising in Financial | Chartered Accounting Stream,label_match,-1.4
2024,COM,CB001ACC04,BCom,Financial Accounting: Chartered Accountant,regular,2,144,0,144,False,0,78490,0,0,78490,Bachelor of Commerce specialising in Financial | Chartered Accounting Stream,label_match,0.0
2024,COM,CB001ACC04,BCom,Financial Accounting: Chartered Accountant,regular,3,148,0,,False,,76970,0,0,86830,Bachelor of Commerce specialising in Financial | Chartered Accounting Stream,label_match,-11.4
2024,COM,CB001ACC08,BCom,Financial Accounting: General Accounting,regular,1,159,0,159,False,0,86140,0,0,87350,Bachelor of Commerce specialising in Financial Accounting General Accounting Stream,label_match,-1.4
2024,COM,CB001ACC08,BCom,Financial Accounting: General Accounting,regular,2,144,0,126,False,18,77900,0,0,77900,Bachelor of Commerce specialising in Financial Accounting General Accounting Stream,label_match,0.0
2024,COM,CB001ACC08,BCom,Financial Accounting: General Accounting,regular,3,168,0,168,False,0,76710,0,0,76710,Bachelor of Commerce specialising in Financial Accounting General Accounting Stream,label_match,0.0
2024,COM,CB001BUS06,BCom,Management Studies,regular,1,186,0,168,False,18,97510,0,0,77910,BCom in the field of Management Studies,label_match,25.2
2024,COM,CB001BUS06,BCom,Management Studies,regular,2,168,0,168,False,0,91290,19720,0,91090,BCom in the field of Management Studies,label_match,0.2
2024,COM,CB001BUS06,BCom,Management Studies,regular,3,120,0,120,False,0,65733,55873,0,88740,BCom in the field of Management Studies,label_match,-25.9
2024,COM,CB001ECO02,BCom,Economics and Finance,regular,1,150,0,150,False,0,78700,0,0,78700,BCom specialising in Economics & Finance,label_match,0.0
2024,COM,CB001ECO02,BCom,Economics and Finance,regular,2,132,0,150,True,-18,70980,9860,0,80840,BCom specialising in Economics & Finance,label_match,-12.2
2024,COM,CB001ECO02,BCom,Economics and Finance,regular,3,144,0,144,True,0,78620,9860,0,68760,BCom specialising in Economics & Finance,label_match,14.3
2024,COM,CB001ECO03,BCom,Economics with Law,regular,1,132,0,132,False,0,68900,0,0,68,BCom specialising in Economics with Law,label_match,101223.5
2024,COM,CB001ECO03,BCom,Economics with Law,regular,2,162,0,162,True,0,84990,9800,0,75190,BCom specialising in Economics with Law,label_match,13.0
2024,COM,CB001ECO03,BCom,Economics with Law,regular,3,216,1,162,False,54,114890,0,1,85310,BCom specialising in Economics with Law,label_match,34.7
2024,COM,CB001ECO04,BCom,Economics and Statistics,regular,1,150,0,150,False,0,78700,0,0,78700,BCom specialising in Economics & Statistics,label_match,0.0
2024,COM,CB001ECO04,BCom,Economics and Statistics,regular,2,186,1,156,True,30,98870,0,1,73530,BCom specialising in Economics & Statistics,label_match,34.5
2024,COM,CB001ECO04,BCom,Economics and Statistics,regular,3,234,1,180,False,54,125420,0,1,87390,BCom specialising in Economics & Statistics,label_match,43.5
2024,COM,CB001INF01,BCom,Information Systems,regular,1,132,0,132,False,0,68110,0,0,67890,BCom specialising in Information Systems,label_match,0.3
2024,COM,CB001INF01,BCom,Information Systems,regular,2,144,0,144,False,0,78910,9860,0,69050,BCom specialising in Information Systems,label_match,14.3
2024,COM,CB001INF01,BCom,Information Systems,regular,3,156,0,156,False,0,88340,19720,0,88340,BCom specialising in Information Systems,label_match,0.0
2024,COM,CB001INF06,BCom,Information Systems and Computer Science,regular,1,150,0,132,False,18,78140,0,0,68340,BCom specialising in Information Systems & Computer Science,label_match,14.3
2024,COM,CB001INF06,BCom,Information Systems and Computer Science,regular,2,162,0,162,False,0,86200,0,0,86200,BCom specialising in Information Systems & Computer Science,label_match,0.0
2024,COM,CB001INF06,BCom,Information Systems and Computer Science,regular,3,144,0,144,False,0,39440,0,2,77500,BCom specialising in Information Systems & Computer Science,label_match,-49.1
2024,COM,CB001INF11,BCom,Information Systems and Finance,regular,1,150,0,167,False,-17,78700,0,0,78700,BCom specialising in Information Systems & Finance,label_match,0.0
2024,COM,CB001INF11,BCom,Information Systems and Finance,regular,2,162,0,162,False,0,87980,0,0,87980,BCom specialising in Information Systems & Finance,label_match,0.0
2024,COM,CB001INF11,BCom,Information Systems and Finance,regular,3,150,0,150,False,0,81430,0,0,81430,BCom specialising in Information Systems & Finance,label_match,0.0
2024,COM,CB001PHI03,BCom,"Philosophy, Politics & Economics",regular,1,132,0,132,False,0,66140,0,0,66140,"BCom specialising in Philosophy, Politics & Economics",label_match,0.0
2024,COM,CB001PHI03,BCom,"Philosophy, Politics & Economics",regular,2,270,2,174,False,96,138510,0,2,90950,"BCom specialising in Philosophy, Politics & Economics",label_match,52.3
2024,COM,CB001PHI03,BCom,"Philosophy, Politics & Economics",regular,3,223,2,168,False,55,102724,13694,2,110780,"BCom specialising in Philosophy, Politics & Economics",label_match,-7.3
2024,COM,CB003BUS01,BBusSc,Actuarial Science,regular,1,180,0,180,False,0,98140,0,0,98140,Bachelor of Business Science BBusSc specialising in Actuarial Science,label_match,0.0
2024,COM,CB003BUS01,BBusSc,Actuarial Science,regular,2,186,0,186,False,0,100600,0,0,100600,Bachelor of Business Science BBusSc specialising in Actuarial Science,label_match,0.0
2024,COM,CB003BUS01,BBusSc,Actuarial Science,regular,3,180,0,180,False,0,98730,0,0,87130,Bachelor of Business Science BBusSc specialising in Actuarial Science,label_match,13.3
2024,COM,CB003BUS01,BBusSc,Actuarial Science,regular,4,174,0,174,False,0,84250,0,0,84250,Bachelor of Business Science BBusSc specialising in Actuarial Science,label_match,0.0
2024,COM,CB003BUS09,BBusSc,Actuarial Science: Quantitative Finance,regular,1,180,0,180,False,0,98140,0,0,98140,BBusSc specialising in Actuarial Science: Quantitative Finance Stream,label_match,0.0
2024,COM,CB003BUS09,BBusSc,Actuarial Science: Quantitative Finance,regular,2,186,0,186,False,0,100600,0,0,100600,BBusSc specialising in Actuarial Science: Quantitative Finance Stream,label_match,0.0
2024,COM,CB003BUS09,BBusSc,Actuarial Science: Quantitative Finance,regular,3,198,0,198,False,0,106160,0,0,106160,BBusSc specialising in Actuarial Science: Quantitative Finance Stream,label_match,0.0
2024,COM,CB003BUS09,BBusSc,Actuarial Science: Quantitative Finance,regular,4,147,0,147,False,0,78520,0,0,78520,BBusSc specialising in Actuarial Science: Quantitative Finance Stream,label_match,0.0
2024,COM,CB004BUS07,BBusSc,Marketing,regular,1,150,0,150,False,0,78700,0,0,78700,BBusSc specialising in Marketing,label_match,0.0
2024,COM,CB004BUS07,BBusSc,Marketing,regular,2,168,0,168,False,0,90440,0,0,90440,BBusSc specialising in Marketing,label_match,0.0
2024,COM,CB004BUS07,BBusSc,Marketing,regular,3,198,0,180,False,18,97910,9860,0,88050,BBusSc specialising in Marketing,label_match,11.2
2024,COM,CB004BUS07,BBusSc,Marketing,regular,4,180,0,180,False,0,96630,0,0,96630,BBusSc specialising in Marketing,label_match,0.0
2024,COM,CB004BUS08,BBusSc,Organisational Psychology,regular,1,144,0,144,False,0,76880,0,0,76880,BBusSc specialising in Organisational Psychology,label_match,0.0
2024,COM,CB004BUS08,BBusSc,Organisational Psychology,regular,2,132,0,132,False,0,68170,0,0,58310,BBusSc specialising in Organisational Psychology,label_match,16.9
2024,COM,CB004BUS08,BBusSc,Organisational Psychology,regular,3,162,0,162,False,0,85490,0,0,85490,BBusSc specialising in Organisational Psychology,label_match,0.0
2024,COM,CB004BUS08,BBusSc,Organisational Psychology,regular,4,156,0,156,False,0,91880,0,0,91880,BBusSc specialising in Organisational Psychology,label_match,0.0
2024,COM,CB004BUS22,BBusSc,Analytics,regular,1,168,0,168,False,0,88000,0,0,88000,BBusSc specialising in Analytics,label_match,0.0
2024,COM,CB004BUS22,BBusSc,Analytics,regular,2,186,0,186,False,0,99450,0,0,99450,BBusSc specialising in Analytics,label_match,0.0
2024,COM,CB004BUS22,BBusSc,Analytics,regular,3,210,0,198,True,12,112010,0,0,129010,BBusSc specialising in Analytics,label_match,-13.2
2024,COM,CB004BUS22,BBusSc,Analytics,regular,4,178,0,178,False,0,81340,0,0,81340,BBusSc specialising in Analytics,label_match,0.0
2024,COM,CB004CSC05,BBusSc,Computer Science,regular,1,144,0,162,False,-18,78140,0,0,78140,BBusSc specialising in Computer Science,label_match,0.0
2024,COM,CB004CSC05,BBusSc,Computer Science,regular,2,150,0,162,True,-12,77190,0,0,96910,BBusSc specialising in Computer Science,label_match,-20.3
2024,COM,CB004CSC05,BBusSc,Computer Science,regular,3,180,0,180,False,0,58310,0,2,96370,BBusSc specialising in Computer Science,label_match,-39.5
2024,COM,CB004CSC05,BBusSc,Computer Science,regular,4,262,0,160,False,102,118930,0,0,74050,BBusSc specialising in Computer Science,label_match,60.6
2024,COM,CB004ECO01,BBusSc,Economics,regular,1,150,0,150,False,0,78700,0,0,78700,BBusSc specialising in Economics,label_match,0.0
2024,COM,CB004ECO01,BBusSc,Economics,regular,2,156,0,150,False,6,83650,0,0,83650,BBusSc specialising in Economics,label_match,0.0
2024,COM,CB004ECO01,BBusSc,Economics,regular,3,216,2,162,False,54,116680,9860,2,116680,BBusSc specialising in Economics,label_match,0.0
2024,COM,CB004ECO01,BBusSc,Economics,regular,4,156,0,156,False,0,98470,0,0,98470,BBusSc specialising in Economics,label_match,0.0
2024,COM,CB004ECO03,BBusSc,Economics with Law,regular,1,150,0,150,False,0,78700,0,0,78700,BBusSc specialising in Economics with Law,label_match,0.0
2024,COM,CB004ECO03,BBusSc,Economics with Law,regular,2,168,0,168,False,0,88120,0,0,88120,BBusSc specialising in Economics with Law,label_match,0.0
2024,COM,CB004ECO03,BBusSc,Economics with Law,regular,3,162,0,162,False,0,85050,9860,0,85350,BBusSc specialising in Economics with Law,label_match,-0.4
2024,COM,CB004ECO03,BBusSc,Economics with Law,regular,4,174,0,174,False,0,108330,0,0,108330,BBusSc specialising in Economics with Law,label_match,0.0
2024,COM,CB004FTX04,BBusSc,Finance with Accounting,regular,1,159,0,159,False,0,86930,0,0,88560,BBusSc specialising in Finance with Accounting (CA Option),label_match,-1.8
2024,COM,CB004FTX04,BBusSc,Finance with Accounting,regular,2,180,0,180,False,0,99450,0,0,99450,BBusSc specialising in Finance with Accounting (CA Option),label_match,0.0
2024,COM,CB004FTX04,BBusSc,Finance with Accounting,regular,3,170,0,170,False,0,87680,0,0,87680,BBusSc specialising in Finance with Accounting (CA Option),label_match,0.0
2024,COM,CB004FTX04,BBusSc,Finance with Accounting,regular,4,184,0,184,False,0,88480,0,0,88480,BBusSc specialising in Finance with Accounting (CA Option),label_match,0.0
2024,COM,CB004FTX05,BBusSc,Finance,regular,1,150,0,150,False,0,78700,0,0,78700,BBusSc specialising in Finance (Non CA Option),label_match,0.0
2024,COM,CB004FTX05,BBusSc,Finance,regular,2,168,0,168,False,0,90440,0,0,90400,BBusSc specialising in Finance (Non CA Option),label_match,0.0
2024,COM,CB004FTX05,BBusSc,Finance,regular,3,144,0,162,False,-18,78190,0,0,88050,BBusSc specialising in Finance (Non CA Option),label_match,-11.2
2024,COM,CB004FTX05,BBusSc,Finance,regular,4,144,0,144,False,0,78620,0,0,78620,BBusSc specialising in Finance (Non CA Option),label_match,0.0
2024,COM,CB004INF01,BBusSc,Information Systems,regular,1,168,0,168,False,0,87710,0,0,87710,BBusSc specialising in Information Systems,label_match,0.0
2024,COM,CB004INF01,BBusSc,Information Systems,regular,2,168,0,168,False,0,91640,0,0,101410,BBusSc specialising in Information Systems,label_match,-9.6
2024,COM,CB004INF01,BBusSc,Information Systems,regular,3,156,0,156,False,0,88340,0,0,78620,BBusSc specialising in Information Systems,label_match,12.4
2024,COM,CB004INF01,BBusSc,Information Systems,regular,4,176,0,176,False,0,90400,0,0,90400,BBusSc specialising in Information Systems,label_match,0.0
2024,COM,CB011ACC03,BCom,Financial Accounting: Accounting with Law,extended,2,162,0,162,False,0,84920,0,0,84920,BCom Academic Development specialising in Financial Accounting: Accounting with Law Stream,ad_shared,0.0
2024,COM,CB011ACC03,BCom,Financial Accounting: Accounting with Law,extended,3,144,0,144,False,0,75320,0,0,75320,BCom Academic Development specialising in Financial Accounting: Accounting with Law Stream,ad_shared,0.0
2024,COM,CB011ACC04,BCom,Financial Accounting: Chartered Accountant,extended,1,125,0,125,False,0,67690,0,0,67690,Bachelor of Commerce Academic Development specialising in Financial Accounting Chartered Accounting Stream,ad_duration,0.0
2024,COM,CB011ACC04,BCom,Financial Accounting: Chartered Accountant,extended,2,126,0,126,False,0,68830,0,0,68830,Bachelor of Commerce Academic Development specialising in Financial Accounting Chartered Accounting Stream,ad_duration,0.0
2024,COM,CB011ACC04,BCom,Financial Accounting: Chartered Accountant,extended,3,152,0,152,False,0,76790,0,0,76790,Bachelor of Commerce Academic Development specialising in Financial Accounting Chartered Accounting Stream,ad_duration,0.0
2024,COM,CB011ACC04,BCom,Financial Accounting: Chartered Accountant,extended,4,112,0,112,False,0,58950,0,0,58950,Bachelor of Commerce Academic Development specialising in Financial Accounting Chartered Accounting Stream,ad_duration,0.0
2024,COM,CB011ACC08,BCom,Financial Accounting: General Accounting,extended,1,107,0,107,False,0,57830,0,0,57830,BCom Academic Development specialising in Financial Accounting General Accounting Stream,ad_duration,0.0
2024,COM,CB011ACC08,BCom,Financial Accounting: General Accounting,extended,2,126,0,126,False,0,68830,0,0,68830,BCom Academic Development specialising in Financial Accounting General Accounting Stream,ad_duration,0.0
2024,COM,CB011ACC08,BCom,Financial Accounting: General Accounting,extended,3,122,0,122,False,0,58770,0,0,58770,BCom Academic Development specialising in Financial Accounting General Accounting Stream,ad_duration,0.0
2024,COM,CB011ACC08,BCom,Financial Accounting: General Accounting,extended,4,82,0,100,False,-18,37660,0,0,37660,BCom Academic Development specialising in Financial Accounting General Accounting Stream,ad_duration,0.0
2024,COM,CB011BUS06,BCom,Management Studies,extended,1,116,0,116,False,0,59460,0,0,69040,BCom Academic Development specialising in Management Studies,ad_duration,-13.9
2024,COM,CB011BUS06,BCom,Management Studies,extended,2,90,0,108,False,-18,49180,0,0,59040,BCom Academic Development specialising in Management Studies,ad_duration,-16.7
2024,COM,CB011BUS06,BCom,Management Studies,extended,3,150,0,150,False,0,81430,29580,0,51850,BCom Academic Development specialising in Management Studies,ad_duration,57.0
2024,COM,CB011BUS06,BCom,Management Studies,extended,4,120,0,120,False,0,65733,55873,0,39440,BCom Academic Development specialising in Management Studies,ad_duration,66.7
2024,COM,CB011ECO02,BCom,Economics and Finance,extended,1,98,0,96,False,2,49600,0,0,59460,BCom Academic Development specialising in Economics & Finance,ad_duration,-16.6
2024,COM,CB011ECO02,BCom,Economics and Finance,extended,2,108,0,108,False,0,59040,0,0,59040,BCom Academic Development specialising in Economics & Finance,ad_duration,0.0
2024,COM,CB011ECO02,BCom,Economics and Finance,extended,3,96,0,132,True,-36,51850,9860,0,41990,BCom Academic Development specialising in Economics & Finance,ad_duration,23.5
2024,COM,CB011ECO02,BCom,Economics and Finance,extended,4,198,1,126,True,72,108460,9860,1,98600,BCom Academic Development specialising in Economics & Finance,ad_duration,10.0
2024,COM,CB011ECO03,BCom,Economics with Law,extended,1,114,0,116,False,-2,59100,0,0,59100,BCom Academic Development specialising in Economics with Law,ad_duration,0.0
2024,COM,CB011ECO03,BCom,Economics with Law,extended,2,108,0,108,True,0,58780,9800,0,48980,BCom Academic Development specialising in Economics with Law,ad_duration,20.0
2024,COM,CB011ECO03,BCom,Economics with Law,extended,3,108,0,108,False,0,55730,0,0,65590,BCom Academic Development specialising in Economics with Law,ad_duration,-15.0
2024,COM,CB011ECO03,BCom,Economics with Law,extended,4,180,1,108,False,72,95170,0,1,55730,BCom Academic Development specialising in Economics with Law,ad_duration,70.8
2024,COM,CB011ECO04,BCom,Economics and Statistics,extended,1,96,0,96,False,0,49240,0,0,49240,BCom Academic Development specialising in Economics & Statistics,ad_duration,0.0
2024,COM,CB011ECO04,BCom,Economics and Statistics,extended,2,108,0,108,False,0,58190,0,0,58190,BCom Academic Development specialising in Economics & Statistics,ad_duration,0.0
2024,COM,CB011ECO04,BCom,Economics and Statistics,extended,3,120,0,144,True,-24,64520,9860,0,64520,BCom Academic Development specialising in Economics & Statistics,ad_duration,0.0
2024,COM,CB011ECO04,BCom,Economics and Statistics,extended,4,162,0,162,True,0,87360,29580,0,95840,BCom Academic Development specialising in Economics & Statistics,ad_duration,-8.8
2024,COM,CB011INF01,BCom,Information Systems,extended,1,98,0,110,False,-12,50450,0,0,60030,BCom Academic Development specialising in Information Systems,ad_duration,-16.0
2024,COM,CB011INF01,BCom,Information Systems,extended,2,108,0,108,False,0,59250,0,0,59250,BCom Academic Development specialising in Information Systems,ad_duration,0.0
2024,COM,CB011INF01,BCom,Information Systems,extended,3,120,0,120,False,0,68760,9800,0,58960,BCom Academic Development specialising in Information Systems,ad_duration,16.6
2024,COM,CB011INF01,BCom,Information Systems,extended,4,108,0,108,False,0,58050,19720,0,38330,BCom Academic Development specialising in Information Systems,ad_duration,51.4
2024,COM,CB011INF06,BCom,Information Systems and Computer Science,extended,1,98,0,110,False,-12,50170,0,0,59970,BCom Academic Development specialising in Information Systems & Computer Science,ad_duration,-16.3
2024,COM,CB011INF06,BCom,Information Systems and Computer Science,extended,2,108,0,108,False,0,57650,0,0,67450,BCom Academic Development specialising in Information Systems & Computer Science,ad_duration,-14.5
2024,COM,CB011INF06,BCom,Information Systems and Computer Science,extended,3,108,0,108,False,0,57790,0,0,57790,BCom Academic Development specialising in Information Systems & Computer Science,ad_duration,0.0
2024,COM,CB011INF06,BCom,Information Systems and Computer Science,extended,4,126,0,126,False,0,29580,0,2,67640,BCom Academic Development specialising in Information Systems & Computer Science,ad_duration,-56.3
2024,COM,CB011INF11,BCom,Information Systems and Finance,extended,1,116,0,128,False,-12,60310,0,0,60310,BCom Academic Development specialising in Information Systems & Finance,ad_duration,0.0
2024,COM,CB011INF11,BCom,Information Systems and Finance,extended,2,108,0,108,False,0,59190,0,0,59190,BCom Academic Development specialising in Information Systems & Finance,ad_duration,0.0
2024,COM,CB011INF11,BCom,Information Systems and Finance,extended,3,126,0,126,False,0,68960,0,0,68960,BCom Academic Development specialising in Information Systems & Finance,ad_duration,0.0
2024,COM,CB011INF11,BCom,Information Systems and Finance,extended,4,114,0,114,False,0,60860,0,0,60860,BCom Academic Development specialising in Information Systems & Finance,ad_duration,0.0
2024,COM,CB011PHI03,BCom,"Philosophy, Politics & Economics",extended,1,110,0,108,False,2,57490,0,0,57490,"BCom Academic Development specialising in Philosophy, Politics & Economics",ad_duration,0.0
2024,COM,CB011PHI03,BCom,"Philosophy, Politics & Economics",extended,2,96,0,96,False,0,49240,0,0,49240,"BCom Academic Development specialising in Philosophy, Politics & Economics",ad_duration,0.0
2024,COM,CB011PHI03,BCom,"Philosophy, Politics & Economics",extended,3,198,1,102,False,96,99130,0,1,51570,"BCom Academic Development specialising in Philosophy, Politics & Economics",ad_duration,92.2
2024,COM,CB011PHI03,BCom,"Philosophy, Politics & Economics",extended,4,223,2,162,True,61,102724,13694,2,73080,"BCom Academic Development specialising in Philosophy, Politics & Economics",ad_duration,40.6
2024,COM,CB015BUS07,BBusSc,Marketing,extended,1,114,0,114,False,0,58250,0,0,58250,BBusSc Academic Development specialising in Marketing,ad_duration,0.0
2024,COM,CB015BUS07,BBusSc,Marketing,extended,2,96,0,96,False,0,51990,0,0,51990,BBusSc Academic Development specialising in Marketing,ad_duration,0.0
2024,COM,CB015BUS07,BBusSc,Marketing,extended,3,72,0,90,False,-18,39180,0,0,49040,BBusSc Academic Development specialising in Marketing,ad_duration,-20.1
2024,COM,CB015BUS07,BBusSc,Marketing,extended,4,126,0,126,False,0,58470,0,0,58470,BBusSc Academic Development specialising in Marketing,ad_duration,0.0
2024,COM,CB015BUS07,BBusSc,Marketing,extended,5,180,0,180,False,0,96630,0,0,96630,BBusSc Academic Development specialising in Marketing,ad_duration,0.0
2024,COM,CB015BUS08,BBusSc,Organisational Psychology,extended,1,128,0,128,False,0,68290,0,0,68290,BBusSc Academic Development specialising in Organisational Psychology,ad_duration,0.0
2024,COM,CB015BUS08,BBusSc,Organisational Psychology,extended,2,102,0,120,False,-18,51200,0,0,51200,BBusSc Academic Development specialising in Organisational Psychology,ad_duration,0.0
2024,COM,CB015BUS08,BBusSc,Organisational Psychology,extended,3,144,0,108,False,36,78620,9860,0,58900,BBusSc Academic Development specialising in Organisational Psychology,ad_duration,33.5
2024,COM,CB015BUS08,BBusSc,Organisational Psychology,extended,4,84,0,84,False,0,43500,0,0,43500,BBusSc Academic Development specialising in Organisational Psychology,ad_duration,0.0
2024,COM,CB015BUS08,BBusSc,Organisational Psychology,extended,5,156,0,156,False,0,91880,0,0,91880,BBusSc Academic Development specialising in Organisational Psychology,ad_duration,0.0
2024,COM,CB015BUS22,BBusSc,Analytics,extended,1,134,0,134,False,0,69040,0,0,69040,BBusSc Academic Development specialising in Analytics,ad_duration,0.0
2024,COM,CB015BUS22,BBusSc,Analytics,extended,2,72,0,72,False,0,39040,0,0,48840,BBusSc Academic Development specialising in Analytics,ad_duration,-20.1
2024,COM,CB015BUS22,BBusSc,Analytics,extended,3,168,0,168,False,0,90440,0,0,90440,BBusSc Academic Development specialising in Analytics,ad_duration,0.0
2024,COM,CB015BUS22,BBusSc,Analytics,extended,4,228,0,180,True,48,121180,0,0,140900,BBusSc Academic Development specialising in Analytics,ad_duration,-14.0
2024,COM,CB015BUS22,BBusSc,Analytics,extended,5,178,0,178,False,0,81340,0,0,81340,BBusSc Academic Development specialising in Analytics,ad_duration,0.0
2024,COM,CB015CSC05,BBusSc,Computer Science,extended,1,128,0,128,False,0,68980,0,0,68980,BBusSc Academic Development specialising in Computer Science,ad_duration,0.0
2024,COM,CB015CSC05,BBusSc,Computer Science,extended,2,114,0,126,False,-12,58500,0,0,68360,BBusSc Academic Development specialising in Computer Science,ad_duration,-14.4
2024,COM,CB015CSC05,BBusSc,Computer Science,extended,3,126,0,126,False,0,67590,0,0,67590,BBusSc Academic Development specialising in Computer Science,ad_duration,0.0
2024,COM,CB015CSC05,BBusSc,Computer Science,extended,4,126,0,126,False,0,29580,0,2,67640,BBusSc Academic Development specialising in Computer Science,ad_duration,-56.3
2024,COM,CB015CSC05,BBusSc,Computer Science,extended,5,262,0,160,False,102,118930,0,0,63490,BBusSc Academic Development specialising in Computer Science,ad_duration,87.3
2024,COM,CB015ECO01,BBusSc,Economics,extended,1,232,0,116,False,116,120620,0,0,60310,BBusSc Academic Development specialising in Economics,ad_duration,100.0
2024,COM,CB015ECO01,BBusSc,Economics,extended,2,240,0,114,False,126,129900,0,0,68050,BBusSc Academic Development specialising in Economics,ad_duration,90.9
2024,COM,CB015ECO01,BBusSc,Economics,extended,3,282,0,126,False,156,149570,9860,0,71140,BBusSc Academic Development specialising in Economics,ad_duration,110.2
2024,COM,CB015ECO01,BBusSc,Economics,extended,4,288,2,144,False,144,152950,9860,2,77500,BBusSc Academic Development specialising in Economics,ad_duration,97.4
2024,COM,CB015ECO01,BBusSc,Economics,extended,5,312,0,166,False,146,196940,0,0,68890,BBusSc Academic Development specialising in Economics,ad_duration,185.9
2024,COM,CB015FTX04,BBusSc,Finance with Accounting,extended,1,125,0,125,False,0,67690,0,0,69040,BBusSc Academic Development specialising in Finance with Accounting,ad_duration,-2.0
2024,COM,CB015FTX04,BBusSc,Finance with Accounting,extended,2,138,0,138,False,0,77650,0,0,48840,BBusSc Academic Development specialising in Finance with Accounting,ad_duration,59.0
2024,COM,CB015FTX04,BBusSc,Finance with Accounting,extended,3,150,0,150,False,0,81560,0,0,90440,BBusSc Academic Development specialising in Finance with Accounting,ad_duration,-9.8
2024,COM,CB015FTX04,BBusSc,Finance with Accounting,extended,4,160,0,160,False,0,77820,0,0,140900,BBusSc Academic Development specialising in Finance with Accounting,ad_duration,-44.8
2024,COM,CB015FTX04,BBusSc,Finance with Accounting,extended,5,158,0,158,False,0,78620,0,0,81340,BBusSc Academic Development specialising in Finance with Accounting,ad_duration,-3.3
2024,COM,CB015FTX05,BBusSc,Finance,extended,1,116,0,116,False,0,60310,0,0,73760,BBusSc Academic Development specialising in Finance,ad_duration,-18.2
2024,COM,CB015FTX05,BBusSc,Finance,extended,2,126,0,126,False,0,68050,0,0,67830,BBusSc Academic Development specialising in Finance,ad_duration,0.3
2024,COM,CB015FTX05,BBusSc,Finance,extended,3,96,0,90,False,6,51850,9860,0,46820,BBusSc Academic Development specialising in Finance,ad_duration,10.7
2024,COM,CB015FTX05,BBusSc,Finance,extended,4,144,0,144,False,0,78190,0,0,74790,BBusSc Academic Development specialising in Finance,ad_duration,4.5
2024,COM,CB015FTX05,BBusSc,Finance,extended,5,144,0,144,False,0,78620,0,0,75200,BBusSc Academic Development specialising in Finance,ad_duration,4.5
2024,COM,CB015INF01,BBusSc,Information Systems,extended,1,110,0,128,False,-18,59460,0,0,49320,BBusSc Academic Development specialising in Information Systems,ad_duration,20.6
2024,COM,CB015INF01,BBusSc,Information Systems,extended,2,132,0,108,False,24,68900,0,0,59100,BBusSc Academic Development specialising in Information Systems,ad_duration,16.6
2024,COM,CB015INF01,BBusSc,Information Systems,extended,3,132,0,132,False,0,71660,0,0,52200,BBusSc Academic Development specialising in Information Systems,ad_duration,37.3
2024,COM,CB015INF01,BBusSc,Information Systems,extended,4,120,0,120,False,0,68880,0,0,68880,BBusSc Academic Development specialising in Information Systems,ad_duration,0.0
2024,COM,CB015INF01,BBusSc,Information Systems,extended,5,176,0,176,False,0,90400,0,0,86470,BBusSc Academic Development specialising in Information Systems,ad_duration,4.5
2024,COM,CB018BUS01,BBusSc,Actuarial Science,extended,1,220,0,110,False,110,120060,0,0,,,unmatched,
2024,COM,CB018BUS01,BBusSc,Actuarial Science,extended,2,192,0,108,False,84,108220,0,0,,,unmatched,
2024,COM,CB018BUS01,BBusSc,Actuarial Science,extended,3,318,0,150,False,168,171620,0,0,,,unmatched,
2024,COM,CB018BUS01,BBusSc,Actuarial Science,extended,4,378,0,198,False,180,204890,0,0,,,unmatched,
2024,COM,CB018BUS01,BBusSc,Actuarial Science,extended,5,321,0,147,False,174,162770,0,0,,,unmatched,
2024,COM,CB019BUS01,BCom,Actuarial Science,regular,1,180,0,180,False,0,98140,0,0,98140,BCom specialising in Actuarial Science,label_match,0.0
2024,COM,CB019BUS01,BCom,Actuarial Science,regular,2,186,0,186,False,0,100600,0,0,100600,BCom specialising in Actuarial Science,label_match,0.0
2024,COM,CB019BUS01,BCom,Actuarial Science,regular,3,162,0,162,False,0,88870,0,0,88870,BCom specialising in Actuarial Science,label_match,0.0
2024,COM,CB019BUS09,BCom,Actuarial Science: Quantitative Finance,regular,1,180,0,180,False,0,98140,0,0,98080,BCom specialising in Actuarial Science Quantitative Finance Stream,label_match,0.1
2024,COM,CB019BUS09,BCom,Actuarial Science: Quantitative Finance,regular,2,186,0,186,False,0,100600,0,0,100600,BCom specialising in Actuarial Science Quantitative Finance Stream,label_match,0.0
2024,COM,CB019BUS09,BCom,Actuarial Science: Quantitative Finance,regular,3,180,0,180,False,0,96300,0,0,96300,BCom specialising in Actuarial Science Quantitative Finance Stream,label_match,0.0
2024,COM,CB020BUS01,BCom,Actuarial Science,extended,1,110,0,110,False,0,60030,0,0,60030,BCom Academic Development specialising in Actuarial Science,ad_duration,0.0
2024,COM,CB020BUS01,BCom,Actuarial Science,extended,2,108,0,108,False,0,59040,0,0,59040,BCom Academic Development specialising in Actuarial Science,ad_duration,0.0
2024,COM,CB020BUS01,BCom,Actuarial Science,extended,3,150,0,150,False,0,80880,0,0,80880,BCom Academic Development specialising in Actuarial Science,ad_duration,0.0
2024,COM,CB020BUS01,BCom,Actuarial Science,extended,4,162,0,162,False,0,88870,0,0,88870,BCom Academic Development specialising in Actuarial Science,ad_duration,0.0
2024,COM,CB020BUS09,BCom,Actuarial Science: Quantitative Finance,extended,1,110,0,110,False,0,60030,0,0,60030,BCom Academic Development specialising in Actuarial Science Quantitative Finance Stream,ad_duration,0.0
2024,COM,CB020BUS09,BCom,Actuarial Science: Quantitative Finance,extended,2,126,0,126,False,0,68050,0,0,68050,BCom Academic Development specialising in Actuarial Science Quantitative Finance Stream,ad_duration,0.0
2024,COM,CB020BUS09,BCom,Actuarial Science: Quantitative Finance,extended,3,132,0,,False,,71870,0,0,71870,BCom Academic Development specialising in Actuarial Science Quantitative Finance Stream,ad_duration,0.0
2024,COM,CB020BUS09,BCom,Actuarial Science: Quantitative Finance,extended,4,180,0,180,False,0,96300,0,0,96300,BCom Academic Development specialising in Actuarial Science Quantitative Finance Stream,ad_duration,0.0
2024,COM,CB023ACC03,BCom,Financial Accounting: Accounting with Law,augmented,2,162,0,162,False,0,84920,0,0,84920,BCom Academic Development specialising in Financial Accounting: Accounting with Law Stream,ad_shared,0.0
2024,COM,CB023ACC03,BCom,Financial Accounting: Accounting with Law,augmented,3,144,0,144,False,0,75320,0,0,75320,BCom Academic Development specialising in Financial Accounting: Accounting with Law Stream,ad_shared,0.0
2024,COM,CB023ACC04,BCom,Financial Accounting: Chartered Accountant,augmented,1,161,0,161,False,0,87350,0,0,,,unmatched,
2024,COM,CB023ACC04,BCom,Financial Accounting: Chartered Accountant,augmented,2,144,0,144,False,0,78490,0,0,,,unmatched,
2024,COM,CB023ACC04,BCom,Financial Accounting: Chartered Accountant,augmented,3,174,0,,False,,86830,0,0,,,unmatched,
2024,COM,CB023ACC08,BCom,Financial Accounting: General Accounting,augmented,1,161,0,161,False,0,87350,0,0,,,unmatched,
2024,COM,CB023ACC08,BCom,Financial Accounting: General Accounting,augmented,2,144,0,144,False,0,77900,0,0,,,unmatched,
2024,COM,CB023ACC08,BCom,Financial Accounting: General Accounting,augmented,3,168,0,168,False,0,76710,0,0,,,unmatched,
2024,COM,CB023BUS06,BCom,Management Studies,augmented,1,170,0,168,False,2,88920,0,0,,,unmatched,
2024,COM,CB023BUS06,BCom,Management Studies,augmented,2,168,0,168,False,0,91290,19720,0,,,unmatched,
2024,COM,CB023BUS06,BCom,Management Studies,augmented,3,120,0,120,False,0,65733,55873,0,,,unmatched,
2024,COM,CB023ECO02,BCom,Economics and Finance,augmented,1,150,0,152,False,-2,78700,0,0,,,unmatched,
2024,COM,CB023ECO02,BCom,Economics and Finance,augmented,2,132,0,150,True,-18,70980,9860,0,,,unmatched,
2024,COM,CB023ECO02,BCom,Economics and Finance,augmented,3,144,0,144,True,0,78620,9860,0,,,unmatched,
2024,COM,CB023ECO03,BCom,Economics with Law,augmented,1,132,0,134,False,-2,68900,0,0,,,unmatched,
2024,COM,CB023ECO03,BCom,Economics with Law,augmented,2,162,0,162,True,0,84990,9800,0,,,unmatched,
2024,COM,CB023ECO03,BCom,Economics with Law,augmented,3,216,1,162,False,54,114890,0,1,,,unmatched,
2024,COM,CB023ECO04,BCom,Economics and Statistics,augmented,1,150,0,168,False,-18,78700,0,0,,,unmatched,
2024,COM,CB023ECO04,BCom,Economics and Statistics,augmented,2,186,1,156,True,30,98870,0,1,,,unmatched,
2024,COM,CB023ECO04,BCom,Economics and Statistics,augmented,3,234,1,180,True,54,125420,0,1,,,unmatched,
2024,COM,CB023INF01,BCom,Information Systems,augmented,1,134,0,134,False,0,69320,0,0,,,unmatched,
2024,COM,CB023INF01,BCom,Information Systems,augmented,2,144,0,144,False,0,78910,9860,0,,,unmatched,
2024,COM,CB023INF01,BCom,Information Systems,augmented,3,156,0,156,False,0,88340,19720,0,,,unmatched,
2024,COM,CB023INF06,BCom,Information Systems and Computer Science,augmented,1,146,0,134,False,12,79350,0,0,,,unmatched,
2024,COM,CB023INF06,BCom,Information Systems and Computer Science,augmented,2,162,0,162,False,0,86200,0,0,,,unmatched,
2024,COM,CB023INF06,BCom,Information Systems and Computer Science,augmented,3,144,0,144,False,0,39440,0,2,,,unmatched,
2024,COM,CB023INF11,BCom,Information Systems and Finance,augmented,1,152,0,152,False,0,79910,0,0,,,unmatched,
2024,COM,CB023INF11,BCom,Information Systems and Finance,augmented,2,162,0,162,False,0,87980,0,0,,,unmatched,
2024,COM,CB023INF11,BCom,Information Systems and Finance,augmented,3,150,0,150,False,0,81430,0,0,,,unmatched,
2024,COM,CB023PHI03,BCom,"Philosophy, Politics & Economics",augmented,1,132,0,132,False,0,66140,0,0,,,unmatched,
2024,COM,CB023PHI03,BCom,"Philosophy, Politics & Economics",augmented,2,270,2,174,False,96,138510,0,2,,,unmatched,
2024,COM,CB023PHI03,BCom,"Philosophy, Politics & Economics",augmented,3,223,2,168,False,55,102724,13694,2,,,unmatched,
2024,COM,CB024BUS07,BBusSc,Marketing,augmented,1,150,0,150,False,0,78700,0,0,,,unmatched,
2024,COM,CB024BUS07,BBusSc,Marketing,augmented,2,114,0,114,False,0,60860,0,0,,,unmatched,
2024,COM,CB024BUS07,BBusSc,Marketing,augmented,3,144,0,144,False,0,68330,0,0,,,unmatched,
2024,COM,CB024BUS07,BBusSc,Marketing,augmented,4,180,0,180,False,0,96630,0,0,,,unmatched,
2024,COM,CB024BUS08,BBusSc,Organisational Psychology,augmented,1,146,0,146,False,0,78090,0,0,,,unmatched,
2024,COM,CB024BUS08,BBusSc,Organisational Psychology,augmented,2,132,0,132,False,0,68170,0,0,,,unmatched,
2024,COM,CB024BUS08,BBusSc,Organisational Psychology,augmented,3,162,0,162,False,0,85490,0,0,,,unmatched,
2024,COM,CB024BUS08,BBusSc,Organisational Psychology,augmented,4,156,0,156,False,0,91880,0,0,,,unmatched,
2024,COM,CB024BUS22,BBusSc,Analytics,augmented,1,170,0,170,False,0,89210,0,0,,,unmatched,
2024,COM,CB024BUS22,BBusSc,Analytics,augmented,2,198,0,186,False,12,105930,0,0,,,unmatched,
2024,COM,CB024BUS22,BBusSc,Analytics,augmented,3,210,0,198,True,12,112010,0,0,,,unmatched,
2024,COM,CB024BUS22,BBusSc,Analytics,augmented,4,178,0,178,False,0,81340,0,0,,,unmatched,
2024,COM,CB024CSC05,BBusSc,Computer Science,augmented,1,162,0,164,False,-2,87940,0,0,,,unmatched,
2024,COM,CB024CSC05,BBusSc,Computer Science,augmented,2,150,0,162,True,-12,77190,0,0,,,unmatched,
2024,COM,CB024CSC05,BBusSc,Computer Science,augmented,3,180,0,180,False,0,58310,0,2,,,unmatched,
2024,COM,CB024CSC05,BBusSc,Computer Science,augmented,4,262,0,160,False,102,118930,0,0,,,unmatched,
2024,COM,CB024ECO01,BBusSc,Economics,augmented,1,152,0,152,False,0,79910,0,0,,,unmatched,
2024,COM,CB024ECO01,BBusSc,Economics,augmented,2,156,0,156,True,0,83650,0,0,,,unmatched,
2024,COM,CB024ECO01,BBusSc,Economics,augmented,3,216,2,162,True,54,116680,9860,2,,,unmatched,
2024,COM,CB024ECO01,BBusSc,Economics,augmented,4,156,0,156,False,0,98470,0,0,,,unmatched,
2024,COM,CB024ECO03,BBusSc,Economics with Law,augmented,1,152,0,152,False,0,79910,0,0,60310,BBusSc Academic Development specialising in Economics with Law,label_match,32.5
2024,COM,CB024ECO03,BBusSc,Economics with Law,augmented,2,168,0,168,False,0,88120,0,0,61850,BBusSc Academic Development specialising in Economics with Law,label_match,42.5
2024,COM,CB024ECO03,BBusSc,Economics with Law,augmented,3,162,0,162,False,0,85050,9860,0,65330,BBusSc Academic Development specialising in Economics with Law,label_match,30.2
2024,COM,CB024ECO03,BBusSc,Economics with Law,augmented,4,174,0,174,False,0,108330,0,0,65590,BBusSc Academic Development specialising in Economics with Law,label_match,65.2
2024,COM,CB024FTX04,BBusSc,Finance with Accounting,augmented,1,161,0,161,False,0,88140,0,0,,,unmatched,
2024,COM,CB024FTX04,BBusSc,Finance with Accounting,augmented,2,162,0,162,False,0,89590,0,0,,,unmatched,
2024,COM,CB024FTX04,BBusSc,Finance with Accounting,augmented,3,188,0,188,False,0,97540,0,0,,,unmatched,
2024,COM,CB024FTX04,BBusSc,Finance with Accounting,augmented,4,184,0,184,False,0,88480,0,0,,,unmatched,
2024,COM,CB024FTX05,BBusSc,Finance,augmented,1,134,0,134,False,0,70110,0,0,,,unmatched,
2024,COM,CB024FTX05,BBusSc,Finance,augmented,2,162,0,168,False,-6,87570,0,0,,,unmatched,
2024,COM,CB024FTX05,BBusSc,Finance,augmented,3,168,0,180,False,-12,90860,0,0,,,unmatched,
2024,COM,CB024FTX05,BBusSc,Finance,augmented,4,144,0,144,False,0,78620,0,0,,,unmatched,
2024,COM,CB024INF01,BBusSc,Information Systems,augmented,1,170,0,170,False,0,88920,0,0,,,unmatched,
2024,COM,CB024INF01,BBusSc,Information Systems,augmented,2,168,0,168,False,0,91640,0,0,,,unmatched,
2024,COM,CB024INF01,BBusSc,Information Systems,augmented,3,156,0,156,False,0,88340,0,0,,,unmatched,
2024,COM,CB024INF01,BBusSc,Information Systems,augmented,4,176,0,176,False,0,90400,0,0,,,unmatched,
2024,COM,CB025BUS01,BBusSc,Actuarial Science,augmented,1,364,0,182,False,182,198700,0,0,,,unmatched,
2024,COM,CB025BUS01,BBusSc,Actuarial Science,augmented,2,372,0,186,False,186,201200,0,0,,,unmatched,
2024,COM,CB025BUS01,BBusSc,Actuarial Science,augmented,3,378,0,198,False,180,204890,0,0,,,unmatched,
2024,COM,CB025BUS01,BBusSc,Actuarial Science,augmented,4,321,0,147,False,174,162770,0,0,,,unmatched,
2024,COM,CB026BUS01,BCom,Actuarial Science,augmented,1,182,0,182,False,0,99350,0,0,,,unmatched,
2024,COM,CB026BUS01,BCom,Actuarial Science,augmented,2,186,0,186,False,0,100600,0,0,,,unmatched,
2024,COM,CB026BUS01,BCom,Actuarial Science,augmented,3,162,0,162,False,0,88870,0,0,,,unmatched,
2024,COM,CB026BUS09,BCom,Actuarial Science: Quantitative Finance,augmented,1,182,0,182,False,0,99350,0,0,,,unmatched,
2024,COM,CB026BUS09,BCom,Actuarial Science: Quantitative Finance,augmented,2,186,0,186,False,0,100600,0,0,,,unmatched,
2024,COM,CB026BUS09,BCom,Actuarial Science: Quantitative Finance,augmented,3,180,0,180,False,0,96300,0,0,,,unmatched,
2025,COM,CB001ACC03,BCom,Financial Accounting: Accounting with Law,regular,1,129,0,129,False,0,76430,0,0,76430,BCom specialising in Financial Accounting: Accounting with Law Stream,label_match,0.0
2025,COM,CB001ACC03,BCom,Financial Accounting: Accounting with Law,regular,2,162,0,162,False,0,89890,0,0,89890,BCom specialising in Financial Accounting: Accounting with Law Stream,label_match,0.0
2025,COM,CB001ACC03,BCom,Financial Accounting: Accounting with Law,regular,3,144,0,144,False,0,79730,0,0,79730,BCom specialising in Financial Accounting: Accounting with Law Stream,label_match,0.0
2025,COM,CB001ACC04,BCom,Financial Accounting: Chartered Accountant,regular,1,159,0,159,False,0,91190,0,0,91190,Bachelor of Commerce specialising in Financial | Chartered Accounting Stream,label_match,0.0
2025,COM,CB001ACC04,BCom,Financial Accounting: Chartered Accountant,regular,2,144,0,144,False,0,83090,0,0,83090,Bachelor of Commerce specialising in Financial | Chartered Accounting Stream,label_match,0.0
2025,COM,CB001ACC04,BCom,Financial Accounting: Chartered Accountant,regular,3,174,0,174,False,0,121280,0,0,121280,Bachelor of Commerce specialising in Financial | Chartered Accounting Stream,label_match,0.0
2025,COM,CB001ACC08,BCom,Financial Accounting: General Accounting,regular,1,159,0,159,False,0,91190,0,0,91190,Bachelor of Commerce specialising in Financial Accounting General Accounting Stream,label_match,0.0
2025,COM,CB001ACC08,BCom,Financial Accounting: General Accounting,regular,2,126,0,126,False,0,72930,0,0,72930,Bachelor of Commerce specialising in Financial Accounting General Accounting Stream,label_match,0.0
2025,COM,CB001ACC08,BCom,Financial Accounting: General Accounting,regular,3,168,0,168,False,0,110560,0,0,110560,Bachelor of Commerce specialising in Financial Accounting General Accounting Stream,label_match,0.0
2025,COM,CB001BUS06,BCom,Management Studies,regular,1,150,0,150,False,0,88530,10370,0,89890,BCom in the field of Management Studies,label_match,-1.5
2025,COM,CB001BUS06,BCom,Management Studies,regular,2,144,0,144,False,0,82340,41760,0,118700,BCom in the field of Management Studies,label_match,-30.6
2025,COM,CB001BUS06,BCom,Management Studies,regular,3,120,0,120,False,0,69600,69600,0,73080,BCom in the field of Management Studies,label_match,-4.8
2025,COM,CB001ECO02,BCom,Economics and Finance,regular,1,132,0,132,False,0,78090,0,0,78090,BCom specialising in Economics & Finance,label_match,0.0
2025,COM,CB001ECO02,BCom,Economics and Finance,regular,2,132,0,156,True,-24,75150,10440,0,64710,BCom specialising in Economics & Finance,label_match,16.1
2025,COM,CB001ECO02,BCom,Economics and Finance,regular,3,144,0,144,True,0,83150,10350,0,83240,BCom specialising in Economics & Finance,label_match,-0.1
2025,COM,CB001ECO03,BCom,Economics with Law,regular,1,132,0,132,False,0,78090,0,0,78090,BCom specialising in Economics with Law,label_match,0.0
2025,COM,CB001ECO03,BCom,Economics with Law,regular,2,162,0,144,False,18,89970,10370,0,90040,BCom specialising in Economics with Law,label_match,-0.1
2025,COM,CB001ECO03,BCom,Economics with Law,regular,3,216,1,144,False,72,121640,0,1,90320,BCom specialising in Economics with Law,label_match,34.7
2025,COM,CB001ECO04,BCom,Economics and Statistics,regular,1,132,0,132,False,0,78090,0,0,78020,BCom specialising in Economics & Statistics,label_match,0.1
2025,COM,CB001ECO04,BCom,Economics and Statistics,regular,2,186,1,156,True,30,104660,0,1,77840,BCom specialising in Economics & Statistics,label_match,34.5
2025,COM,CB001ECO04,BCom,Economics and Statistics,regular,3,252,0,144,True,108,143200,10440,0,82040,BCom specialising in Economics & Statistics,label_match,74.5
2025,COM,CB001INF01,BCom,Information Systems,regular,1,132,0,132,False,0,77330,0,0,88760,BCom specialising in Information Systems,label_match,-12.9
2025,COM,CB001INF01,BCom,Information Systems,regular,2,144,0,144,False,0,83550,10440,0,83250,BCom specialising in Information Systems,label_match,0.4
2025,COM,CB001INF01,BCom,Information Systems,regular,3,156,0,156,False,0,93510,20880,0,93510,BCom specialising in Information Systems,label_match,0.0
2025,COM,CB001INF06,BCom,Information Systems and Computer Science,regular,1,150,0,150,False,0,87930,0,0,99590,BCom specialising in Information Systems & Computer Science,label_match,-11.7
2025,COM,CB001INF06,BCom,Information Systems and Computer Science,regular,2,162,0,162,False,0,91251,0,0,91250,BCom specialising in Information Systems & Computer Science,label_match,0.0
2025,COM,CB001INF06,BCom,Information Systems and Computer Science,regular,3,144,0,144,False,0,82040,0,0,82040,BCom specialising in Information Systems & Computer Science,label_match,0.0
2025,COM,CB001INF11,BCom,Information Systems and Finance,regular,1,150,0,150,False,0,88530,0,0,99960,BCom specialising in Information Systems & Finance,label_match,-11.4
2025,COM,CB001INF11,BCom,Information Systems and Finance,regular,2,162,0,162,False,0,93160,0,0,93160,BCom specialising in Information Systems & Finance,label_match,0.0
2025,COM,CB001INF11,BCom,Information Systems and Finance,regular,3,150,0,150,False,0,86210,0,0,86210,BCom specialising in Information Systems & Finance,label_match,0.0
2025,COM,CB001PHI03,BCom,"Philosophy, Politics & Economics",regular,1,132,0,132,False,0,75230,0,0,76520,"BCom specialising in Philosophy, Politics & Economics",label_match,-1.7
2025,COM,CB001PHI03,BCom,"Philosophy, Politics & Economics",regular,2,252,2,156,False,96,137050,0,2,86730,"BCom specialising in Philosophy, Politics & Economics",label_match,58.0
2025,COM,CB001PHI03,BCom,"Philosophy, Politics & Economics",regular,3,229,2,150,True,79,108720,14500,2,92080,"BCom specialising in Philosophy, Politics & Economics",label_match,18.1
2025,COM,CB003BUS01,BBusSc,Actuarial Science,regular,1,180,0,180,False,0,103890,0,0,103890,Bachelor of Business Science BBusSc specialising in Actuarial Science,label_match,0.0
2025,COM,CB003BUS01,BBusSc,Actuarial Science,regular,2,186,0,186,False,0,106500,0,0,106500,Bachelor of Business Science BBusSc specialising in Actuarial Science,label_match,0.0
2025,COM,CB003BUS01,BBusSc,Actuarial Science,regular,3,180,0,180,False,0,104500,0,0,104500,Bachelor of Business Science BBusSc specialising in Actuarial Science,label_match,0.0
2025,COM,CB003BUS01,BBusSc,Actuarial Science,regular,4,156,0,174,False,-18,79310,0,0,85980,Bachelor of Business Science BBusSc specialising in Actuarial Science,label_match,-7.8
2025,COM,CB003BUS09,BBusSc,Actuarial Science: Quantitative Finance,regular,1,180,0,180,False,0,103890,0,0,103890,BBusSc specialising in Actuarial Science: Quantitative Finance Stream,label_match,0.0
2025,COM,CB003BUS09,BBusSc,Actuarial Science: Quantitative Finance,regular,2,186,0,186,False,0,106500,0,0,106500,BBusSc specialising in Actuarial Science: Quantitative Finance Stream,label_match,0.0
2025,COM,CB003BUS09,BBusSc,Actuarial Science: Quantitative Finance,regular,3,198,0,198,False,0,112380,0,0,112380,BBusSc specialising in Actuarial Science: Quantitative Finance Stream,label_match,0.0
2025,COM,CB003BUS09,BBusSc,Actuarial Science: Quantitative Finance,regular,4,129,0,129,False,0,73260,0,0,73260,BBusSc specialising in Actuarial Science: Quantitative Finance Stream,label_match,0.0
2025,COM,CB004BUS07,BBusSc,Marketing,regular,1,132,0,132,False,0,78230,0,0,79450,BBusSc specialising in Marketing,label_match,-1.5
2025,COM,CB004BUS07,BBusSc,Marketing,regular,2,168,0,168,False,0,95750,0,0,95750,BBusSc specialising in Marketing,label_match,0.0
2025,COM,CB004BUS07,BBusSc,Marketing,regular,3,198,0,180,False,18,103660,10440,0,93220,BBusSc specialising in Marketing,label_match,11.2
2025,COM,CB004BUS07,BBusSc,Marketing,regular,4,162,0,162,False,0,92410,0,0,92410,BBusSc specialising in Marketing,label_match,0.0
2025,COM,CB004BUS08,BBusSc,Organisational Psychology,regular,1,144,0,144,False,0,81380,0,0,82670,BBusSc specialising in Organisational Psychology,label_match,-1.6
2025,COM,CB004BUS08,BBusSc,Organisational Psychology,regular,2,132,0,132,False,0,77400,0,0,77400,BBusSc specialising in Organisational Psychology,label_match,0.0
2025,COM,CB004BUS08,BBusSc,Organisational Psychology,regular,3,162,0,162,False,0,90490,0,0,90490,BBusSc specialising in Organisational Psychology,label_match,0.0
2025,COM,CB004BUS08,BBusSc,Organisational Psychology,regular,4,138,0,138,False,0,87370,0,0,87370,BBusSc specialising in Organisational Psychology,label_match,0.0
2025,COM,CB004CSC05,BBusSc,Computer Science,regular,1,144,0,144,False,0,82710,0,0,51690,BBusSc specialising in Computer Science,label_match,60.0
2025,COM,CB004CSC05,BBusSc,Computer Science,regular,2,168,0,168,True,0,96471,0,0,96470,BBusSc specialising in Computer Science,label_match,0.0
2025,COM,CB004CSC05,BBusSc,Computer Science,regular,3,144,0,144,False,0,82040,0,0,82040,BBusSc specialising in Computer Science,label_match,0.0
2025,COM,CB004CSC05,BBusSc,Computer Science,regular,4,244,0,160,False,84,116030,0,0,77300,BBusSc specialising in Computer Science,label_match,50.1
2025,COM,CB004ECO01,BBusSc,Economics,regular,1,132,0,132,False,0,78090,0,0,78090,BBusSc specialising in Economics,label_match,0.0
2025,COM,CB004ECO01,BBusSc,Economics,regular,2,156,0,156,False,0,88560,0,0,88560,BBusSc specialising in Economics,label_match,0.0
2025,COM,CB004ECO01,BBusSc,Economics,regular,3,216,2,162,True,54,123520,10440,2,113820,BBusSc specialising in Economics,label_match,8.5
2025,COM,CB004ECO01,BBusSc,Economics,regular,4,140,0,140,False,0,89170,0,0,89170,BBusSc specialising in Economics,label_match,0.0
2025,COM,CB004ECO03,BBusSc,Economics with Law,regular,1,132,0,132,False,0,78090,0,0,78090,BBusSc specialising in Economics with Law,label_match,0.0
2025,COM,CB004ECO03,BBusSc,Economics with Law,regular,2,168,0,168,False,0,93290,0,0,93290,BBusSc specialising in Economics with Law,label_match,0.0
2025,COM,CB004ECO03,BBusSc,Economics with Law,regular,3,162,0,162,False,0,90040,10440,0,90040,BBusSc specialising in Economics with Law,label_match,0.0
2025,COM,CB004ECO03,BBusSc,Economics with Law,regular,4,158,0,158,False,0,99610,0,0,99610,BBusSc specialising in Economics with Law,label_match,0.0
2025,COM,CB004FTX04,BBusSc,Finance with Accounting,regular,1,159,0,159,False,0,92020,0,0,92020,BBusSc specialising in Finance with Accounting (CA Option),label_match,0.0
2025,COM,CB004FTX04,BBusSc,Finance with Accounting,regular,2,180,0,180,False,0,103690,0,0,103690,BBusSc specialising in Finance with Accounting (CA Option),label_match,0.0
2025,COM,CB004FTX04,BBusSc,Finance with Accounting,regular,3,170,0,170,False,0,103200,0,0,103200,BBusSc specialising in Finance with Accounting (CA Option),label_match,0.0
2025,COM,CB004FTX04,BBusSc,Finance with Accounting,regular,4,166,0,166,False,0,104390,0,0,104390,BBusSc specialising in Finance with Accounting (CA Option),label_match,0.0
2025,COM,CB004FTX05,BBusSc,"Finance, Investment and Banking",regular,1,150,0,150,False,0,88530,0,0,88530,BBusSc specialising in Finance (Non CA Option),label_match,0.0
2025,COM,CB004FTX05,BBusSc,"Finance, Investment and Banking",regular,2,168,0,168,False,0,95750,0,0,95750,BBusSc specialising in Finance (Non CA Option),label_match,0.0
2025,COM,CB004FTX05,BBusSc,"Finance, Investment and Banking",regular,3,162,0,162,False,0,93220,10440,0,82780,BBusSc specialising in Finance (Non CA Option),label_match,12.6
2025,COM,CB004FTX05,BBusSc,"Finance, Investment and Banking",regular,4,126,0,126,False,0,73370,0,0,73370,BBusSc specialising in Finance (Non CA Option),label_match,0.0
2025,COM,CB004INF01,BBusSc,Information Systems,regular,1,150,0,168,False,-18,88530,0,0,88530,BBusSc specialising in Information Systems,label_match,0.0
2025,COM,CB004INF01,BBusSc,Information Systems,regular,2,150,0,150,False,0,85690,0,0,85690,BBusSc specialising in Information Systems,label_match,0.0
2025,COM,CB004INF01,BBusSc,Information Systems,regular,3,156,0,156,False,0,93510,0,0,93510,BBusSc specialising in Information Systems,label_match,0.0
2025,COM,CB004INF01,BBusSc,Information Systems,regular,4,158,0,158,False,0,85820,0,0,85820,BBusSc specialising in Information Systems,label_match,0.0
2025,COM,CB004STA13,BBusSc,Statistics and Data Sciences,regular,1,168,0,168,False,0,98370,0,0,98370,BBusSc specialising in Analytics,label_match,0.0
2025,COM,CB004STA13,BBusSc,Statistics and Data Sciences,regular,2,186,0,186,False,0,105280,0,0,105280,BBusSc specialising in Analytics,label_match,0.0
2025,COM,CB004STA13,BBusSc,Statistics and Data Sciences,regular,3,210,0,198,True,12,118560,0,0,136500,BBusSc specialising in Analytics,label_match,-13.1
2025,COM,CB004STA13,BBusSc,Statistics and Data Sciences,regular,4,160,0,160,False,0,76220,0,0,76220,BBusSc specialising in Analytics,label_match,0.0
2025,COM,CB011ACC04,BCom,Financial Accounting: Chartered Accountant,extended,1,125,0,125,False,0,71670,0,0,71670,Bachelor of Commerce Academic Development specialising in Financial Accounting Chartered Accounting Stream,ad_duration,0.0
2025,COM,CB011ACC04,BCom,Financial Accounting: Chartered Accountant,extended,2,126,0,126,False,0,72860,0,0,72860,Bachelor of Commerce Academic Development specialising in Financial Accounting Chartered Accounting Stream,ad_duration,0.0
2025,COM,CB011ACC04,BCom,Financial Accounting: Chartered Accountant,extended,3,152,0,152,False,0,89980,0,0,89980,Bachelor of Commerce Academic Development specialising in Financial Accounting Chartered Accounting Stream,ad_duration,0.0
2025,COM,CB011ACC04,BCom,Financial Accounting: Chartered Accountant,extended,4,112,0,112,False,0,83070,0,0,83070,Bachelor of Commerce Academic Development specialising in Financial Accounting Chartered Accounting Stream,ad_duration,0.0
2025,COM,CB011ACC08,BCom,Financial Accounting: General Accounting,extended,1,125,0,125,False,0,71670,0,0,71670,BCom Academic Development specialising in Financial Accounting General Accounting Stream,ad_duration,0.0
2025,COM,CB011ACC08,BCom,Financial Accounting: General Accounting,extended,2,126,0,108,False,18,72860,0,0,72860,BCom Academic Development specialising in Financial Accounting General Accounting Stream,ad_duration,0.0
2025,COM,CB011ACC08,BCom,Financial Accounting: General Accounting,extended,3,122,0,122,False,0,72500,0,0,72500,BCom Academic Development specialising in Financial Accounting General Accounting Stream,ad_duration,0.0
2025,COM,CB011ACC08,BCom,Financial Accounting: General Accounting,extended,4,82,0,100,False,-18,58940,0,0,58940,BCom Academic Development specialising in Financial Accounting General Accounting Stream,ad_duration,0.0
2025,COM,CB011BUS06,BCom,Management Studies,extended,1,98,0,98,False,0,58640,0,0,68780,BCom Academic Development specialising in Management Studies,ad_duration,-14.7
2025,COM,CB011BUS06,BCom,Management Studies,extended,2,90,0,108,False,-18,51160,10370,0,71210,BCom Academic Development specialising in Management Studies,ad_duration,-28.2
2025,COM,CB011BUS06,BCom,Management Studies,extended,3,108,0,108,False,0,62360,41760,0,77840,BCom Academic Development specialising in Management Studies,ad_duration,-19.9
2025,COM,CB011BUS06,BCom,Management Studies,extended,4,120,0,120,False,0,69600,69600,0,71600,BCom Academic Development specialising in Management Studies,ad_duration,-2.8
2025,COM,CB011ECO02,BCom,Economics and Finance,extended,1,98,0,98,False,0,57740,0,0,57740,BCom Academic Development specialising in Economics & Finance,ad_duration,0.0
2025,COM,CB011ECO02,BCom,Economics and Finance,extended,2,90,0,90,False,0,52060,0,0,52060,BCom Academic Development specialising in Economics & Finance,ad_duration,0.0
2025,COM,CB011ECO02,BCom,Economics and Finance,extended,3,96,0,114,True,-18,54890,10440,0,65330,BCom Academic Development specialising in Economics & Finance,ad_duration,-16.0
2025,COM,CB011ECO02,BCom,Economics and Finance,extended,4,198,1,126,True,72,114750,10350,1,73080,BCom Academic Development specialising in Economics & Finance,ad_duration,57.0
2025,COM,CB011ECO03,BCom,Economics with Law,extended,1,98,0,98,False,0,58640,0,0,58640,BCom Academic Development specialising in Economics with Law,ad_duration,0.0
2025,COM,CB011ECO03,BCom,Economics with Law,extended,2,126,0,126,True,0,72590,10370,0,72590,BCom Academic Development specialising in Economics with Law,ad_duration,0.0
2025,COM,CB011ECO03,BCom,Economics with Law,extended,3,108,0,108,False,0,59000,0,0,69440,BCom Academic Development specialising in Economics with Law,ad_duration,-15.0
2025,COM,CB011ECO03,BCom,Economics with Law,extended,4,180,1,108,False,72,100760,0,1,59000,BCom Academic Development specialising in Economics with Law,ad_duration,70.8
2025,COM,CB011ECO04,BCom,Economics and Statistics,extended,1,98,0,98,False,0,58640,0,0,58640,BCom Academic Development specialising in Economics & Statistics,ad_duration,0.0
2025,COM,CB011ECO04,BCom,Economics and Statistics,extended,2,90,0,90,False,0,51160,0,0,51160,BCom Academic Development specialising in Economics & Statistics,ad_duration,0.0
2025,COM,CB011ECO04,BCom,Economics and Statistics,extended,3,138,0,138,True,0,78740,20880,0,68300,BCom Academic Development specialising in Economics & Statistics,ad_duration,15.3
2025,COM,CB011ECO04,BCom,Economics and Statistics,extended,4,126,0,126,True,0,71600,10440,0,71600,BCom Academic Development specialising in Economics & Statistics,ad_duration,0.0
2025,COM,CB011INF01,BCom,Information Systems,extended,1,134,0,134,False,0,78620,0,0,88760,BCom Academic Development specialising in Information Systems,ad_duration,-11.4
2025,COM,CB011INF01,BCom,Information Systems,extended,2,126,0,126,False,0,73110,0,0,73110,BCom Academic Development specialising in Information Systems,ad_duration,0.0
2025,COM,CB011INF01,BCom,Information Systems,extended,3,102,0,102,False,0,62470,0,0,62470,BCom Academic Development specialising in Information Systems,ad_duration,0.0
2025,COM,CB011INF01,BCom,Information Systems,extended,4,138,0,138,False,0,79760,59160,0,74940,BCom Academic Development specialising in Information Systems,ad_duration,6.4
2025,COM,CB011INF06,BCom,Information Systems and Computer Science,extended,1,98,0,110,False,-12,58340,0,0,68710,BCom Academic Development specialising in Information Systems & Computer Science,ad_duration,-15.1
2025,COM,CB011INF06,BCom,Information Systems and Computer Science,extended,2,108,0,108,False,0,61020,0,0,71390,BCom Academic Development specialising in Information Systems & Computer Science,ad_duration,-14.5
2025,COM,CB011INF06,BCom,Information Systems and Computer Science,extended,3,108,0,108,False,0,61181,0,0,61181,BCom Academic Development specialising in Information Systems & Computer Science,ad_duration,0.0
2025,COM,CB011INF06,BCom,Information Systems and Computer Science,extended,4,126,0,126,False,0,71600,0,0,71600,BCom Academic Development specialising in Information Systems & Computer Science,ad_duration,0.0
2025,COM,CB011INF11,BCom,Information Systems and Finance,extended,1,116,0,128,False,-12,69080,0,0,69080,BCom Academic Development specialising in Information Systems & Finance,ad_duration,0.0
2025,COM,CB011INF11,BCom,Information Systems and Finance,extended,2,108,0,108,False,0,62670,0,0,62670,BCom Academic Development specialising in Information Systems & Finance,ad_duration,0.0
2025,COM,CB011INF11,BCom,Information Systems and Finance,extended,3,126,0,126,False,0,73010,0,0,73010,BCom Academic Development specialising in Information Systems & Finance,ad_duration,0.0
2025,COM,CB011INF11,BCom,Information Systems and Finance,extended,4,114,0,114,False,0,64430,0,0,64430,BCom Academic Development specialising in Information Systems & Finance,ad_duration,0.0
2025,COM,CB011PHI03,BCom,"Philosophy, Politics & Economics",extended,1,110,0,110,False,0,60860,0,0,60860,"BCom Academic Development specialising in Philosophy, Politics & Economics",ad_duration,0.0
2025,COM,CB011PHI03,BCom,"Philosophy, Politics & Economics",extended,2,114,0,114,False,0,66790,0,0,66790,"BCom Academic Development specialising in Philosophy, Politics & Economics",ad_duration,0.0
2025,COM,CB011PHI03,BCom,"Philosophy, Politics & Economics",extended,3,198,1,102,False,96,106800,0,1,56480,"BCom Academic Development specialising in Philosophy, Politics & Economics",ad_duration,89.1
2025,COM,CB011PHI03,BCom,"Philosophy, Politics & Economics",extended,4,175,2,114,True,61,77400,4060,2,60760,"BCom Academic Development specialising in Philosophy, Politics & Economics",ad_duration,27.4
2025,COM,CB015BUS07,BBusSc,Marketing,extended,1,116,0,116,False,0,68180,0,0,73400,BBusSc Academic Development specialising in Marketing,ad_duration,-7.1
2025,COM,CB015BUS07,BBusSc,Marketing,extended,2,114,0,114,False,0,65540,0,0,65540,BBusSc Academic Development specialising in Marketing,ad_duration,0.0
2025,COM,CB015BUS07,BBusSc,Marketing,extended,3,108,0,108,False,0,62360,0,0,72800,BBusSc Academic Development specialising in Marketing,ad_duration,-14.3
2025,COM,CB015BUS07,BBusSc,Marketing,extended,4,162,0,144,False,18,82780,10440,0,82780,BBusSc Academic Development specialising in Marketing,ad_duration,0.0
2025,COM,CB015BUS07,BBusSc,Marketing,extended,5,162,0,162,False,0,92410,0,0,92410,BBusSc Academic Development specialising in Marketing,ad_duration,0.0
2025,COM,CB015BUS08,BBusSc,Organisational Psychology,extended,1,128,0,146,False,-18,72300,0,0,72300,BBusSc Academic Development specialising in Organisational Psychology,ad_duration,0.0
2025,COM,CB015BUS08,BBusSc,Organisational Psychology,extended,2,102,0,102,False,0,59420,0,0,64640,BBusSc Academic Development specialising in Organisational Psychology,ad_duration,-8.1
2025,COM,CB015BUS08,BBusSc,Organisational Psychology,extended,3,144,0,126,False,18,83240,10440,0,72800,BBusSc Academic Development specialising in Organisational Psychology,ad_duration,14.3
2025,COM,CB015BUS08,BBusSc,Organisational Psychology,extended,4,84,0,84,False,0,46040,0,0,46040,BBusSc Academic Development specialising in Organisational Psychology,ad_duration,0.0
2025,COM,CB015BUS08,BBusSc,Organisational Psychology,extended,5,138,0,156,False,-18,87370,0,0,87370,BBusSc Academic Development specialising in Organisational Psychology,ad_duration,0.0
2025,COM,CB015CSC05,BBusSc,Computer Science,extended,1,110,0,110,False,0,62660,0,0,73030,BBusSc Academic Development specialising in Computer Science,ad_duration,-14.2
2025,COM,CB015CSC05,BBusSc,Computer Science,extended,2,114,0,114,False,0,67140,0,0,67140,BBusSc Academic Development specialising in Computer Science,ad_duration,0.0
2025,COM,CB015CSC05,BBusSc,Computer Science,extended,3,126,0,126,False,0,71551,0,0,71551,BBusSc Academic Development specialising in Computer Science,ad_duration,0.0
2025,COM,CB015CSC05,BBusSc,Computer Science,extended,4,108,0,108,False,0,61160,0,0,61160,BBusSc Academic Development specialising in Computer Science,ad_duration,0.0
2025,COM,CB015CSC05,BBusSc,Computer Science,extended,5,244,0,160,False,84,116030,0,0,74110,BBusSc Academic Development specialising in Computer Science,ad_duration,56.6
2025,COM,CB015ECO01,BBusSc,Economics,extended,1,116,0,116,False,0,68180,0,0,73400,BBusSc Academic Development specialising in Economics,ad_duration,-7.1
2025,COM,CB015ECO01,BBusSc,Economics,extended,2,108,0,108,False,0,62500,0,0,62430,BBusSc Academic Development specialising in Economics,ad_duration,0.1
2025,COM,CB015ECO01,BBusSc,Economics,extended,3,138,0,138,False,0,78740,10440,0,98880,BBusSc Academic Development specialising in Economics,ad_duration,-20.4
2025,COM,CB015ECO01,BBusSc,Economics,extended,4,144,2,90,False,54,82040,0,2,82040,BBusSc Academic Development specialising in Economics,ad_duration,0.0
2025,COM,CB015ECO01,BBusSc,Economics,extended,5,140,0,140,False,0,89170,0,0,89170,BBusSc Academic Development specialising in Economics,ad_duration,0.0
2025,COM,CB015ECO03,BBusSc,Economics with Law,extended,1,98,0,98,False,0,58640,0,0,58640,BBusSc Academic Development specialising in Economics with Law,ad_duration,0.0
2025,COM,CB015ECO03,BBusSc,Economics with Law,extended,2,108,0,108,False,0,62220,0,0,62220,BBusSc Academic Development specialising in Economics with Law,ad_duration,0.0
2025,COM,CB015ECO03,BBusSc,Economics with Law,extended,3,132,0,114,False,18,72410,0,0,72410,BBusSc Academic Development specialising in Economics with Law,ad_duration,0.0
2025,COM,CB015ECO03,BBusSc,Economics with Law,extended,4,144,0,144,False,0,79880,10440,0,79780,BBusSc Academic Development specialising in Economics with Law,ad_duration,0.1
2025,COM,CB015ECO03,BBusSc,Economics with Law,extended,5,140,0,158,False,-18,89170,0,0,89170,BBusSc Academic Development specialising in Economics with Law,ad_duration,0.0
2025,COM,CB015FTX04,BBusSc,Finance with Accounting,extended,1,125,0,125,False,0,71670,0,0,62960,BBusSc Academic Development specialising in Finance with Accounting,ad_duration,13.8
2025,COM,CB015FTX04,BBusSc,Finance with Accounting,extended,2,138,0,138,False,0,80600,0,0,80600,BBusSc Academic Development specialising in Finance with Accounting,ad_duration,0.0
2025,COM,CB015FTX04,BBusSc,Finance with Accounting,extended,3,150,0,150,False,0,86340,0,0,86340,BBusSc Academic Development specialising in Finance with Accounting,ad_duration,0.0
2025,COM,CB015FTX04,BBusSc,Finance with Accounting,extended,4,160,0,160,False,0,103050,0,0,103050,BBusSc Academic Development specialising in Finance with Accounting,ad_duration,0.0
2025,COM,CB015FTX04,BBusSc,Finance with Accounting,extended,5,140,0,160,False,-20,83660,0,0,83660,BBusSc Academic Development specialising in Finance with Accounting,ad_duration,0.0
2025,COM,CB015FTX05,BBusSc,"Finance, Investment and Banking",extended,1,116,0,116,False,0,69080,0,0,69080,BBusSc Academic Development specialising in Finance,ad_duration,0.0
2025,COM,CB015FTX05,BBusSc,"Finance, Investment and Banking",extended,2,126,0,126,False,0,72040,0,0,72040,BBusSc Academic Development specialising in Finance,ad_duration,0.0
2025,COM,CB015FTX05,BBusSc,"Finance, Investment and Banking",extended,3,96,0,96,False,0,54890,10440,0,54890,BBusSc Academic Development specialising in Finance,ad_duration,0.0
2025,COM,CB015FTX05,BBusSc,"Finance, Investment and Banking",extended,4,144,0,144,False,0,82780,0,0,74790,BBusSc Academic Development specialising in Finance,ad_duration,10.7
2025,COM,CB015FTX05,BBusSc,"Finance, Investment and Banking",extended,5,126,0,126,False,0,73370,0,0,73370,BBusSc Academic Development specialising in Finance,ad_duration,0.0
2025,COM,CB015INF01,BBusSc,Information Systems,extended,1,92,0,92,False,0,53420,0,0,53120,BBusSc Academic Development specialising in Information Systems,ad_duration,0.6
2025,COM,CB015INF01,BBusSc,Information Systems,extended,2,96,0,114,False,-18,57280,0,0,66820,BBusSc Academic Development specialising in Information Systems,ad_duration,-14.3
2025,COM,CB015INF01,BBusSc,Information Systems,extended,3,114,0,114,False,0,65430,0,0,65430,BBusSc Academic Development specialising in Information Systems,ad_duration,0.0
2025,COM,CB015INF01,BBusSc,Information Systems,extended,4,90,0,138,False,-48,52200,0,0,83350,BBusSc Academic Development specialising in Information Systems,ad_duration,-37.4
2025,COM,CB015INF01,BBusSc,Information Systems,extended,5,158,0,176,False,-18,85820,0,0,85820,BBusSc Academic Development specialising in Information Systems,ad_duration,0.0
2025,COM,CB015STA13,BBusSc,Statistics and Data Sciences,extended,1,134,0,134,False,0,78320,0,0,78320,BBusSc Academic Development specialising in Analytics,ad_duration,0.0
2025,COM,CB015STA13,BBusSc,Statistics and Data Sciences,extended,2,72,0,72,False,0,41320,0,0,41320,BBusSc Academic Development specialising in Analytics,ad_duration,0.0
2025,COM,CB015STA13,BBusSc,Statistics and Data Sciences,extended,3,168,0,168,False,0,95740,0,0,88880,BBusSc Academic Development specialising in Analytics,ad_duration,7.7
2025,COM,CB015STA13,BBusSc,Statistics and Data Sciences,extended,4,228,0,180,True,48,128260,0,0,149140,BBusSc Academic Development specialising in Analytics,ad_duration,-14.0
2025,COM,CB015STA13,BBusSc,Statistics and Data Sciences,extended,5,160,0,160,False,0,76220,0,0,76220,BBusSc Academic Development specialising in Analytics,ad_duration,0.0
2025,COM,CB018BUS01,BBusSc,Actuarial Science,extended,1,110,0,110,False,0,63560,0,0,,,unmatched,
2025,COM,CB018BUS01,BBusSc,Actuarial Science,extended,2,108,0,108,False,0,62500,0,0,,,unmatched,
2025,COM,CB018BUS01,BBusSc,Actuarial Science,extended,3,150,0,150,False,0,85620,0,0,,,unmatched,
2025,COM,CB018BUS01,BBusSc,Actuarial Science,extended,4,180,0,180,False,0,104500,0,0,,,unmatched,
2025,COM,CB018BUS01,BBusSc,Actuarial Science,extended,5,156,0,156,False,0,79310,0,0,,,unmatched,
2025,COM,CB018BUS09,BBusSc,Actuarial Science: Quantitative Finance,extended,1,110,0,110,False,0,63560,0,0,,,unmatched,
2025,COM,CB018BUS09,BBusSc,Actuarial Science: Quantitative Finance,extended,2,108,0,108,False,0,62500,0,0,,,unmatched,
2025,COM,CB018BUS09,BBusSc,Actuarial Science: Quantitative Finance,extended,3,150,0,150,False,0,85620,0,0,,,unmatched,
2025,COM,CB018BUS09,BBusSc,Actuarial Science: Quantitative Finance,extended,4,198,0,198,False,0,112380,0,0,,,unmatched,
2025,COM,CB018BUS09,BBusSc,Actuarial Science: Quantitative Finance,extended,5,129,0,129,False,0,73260,0,0,,,unmatched,
2025,COM,CB019BUS01,BCom,Actuarial Science,regular,1,180,0,180,False,0,103890,0,0,103890,BCom specialising in Actuarial Science,label_match,0.0
2025,COM,CB019BUS01,BCom,Actuarial Science,regular,2,186,0,186,False,0,106500,0,0,106500,BCom specialising in Actuarial Science,label_match,0.0
2025,COM,CB019BUS01,BCom,Actuarial Science,regular,3,162,0,162,False,0,94060,0,0,94060,BCom specialising in Actuarial Science,label_match,0.0
2025,COM,CB019BUS09,BCom,Actuarial Science: Quantitative Finance,regular,1,180,0,180,False,0,103890,0,0,103890,BCom specialising in Actuarial Science Quantitative Finance Stream,label_match,0.0
2025,COM,CB019BUS09,BCom,Actuarial Science: Quantitative Finance,regular,2,186,0,186,False,0,106500,0,0,106500,BCom specialising in Actuarial Science Quantitative Finance Stream,label_match,0.0
2025,COM,CB019BUS09,BCom,Actuarial Science: Quantitative Finance,regular,3,180,0,180,False,0,101940,0,0,101940,BCom specialising in Actuarial Science Quantitative Finance Stream,label_match,0.0
2025,COM,CB020BUS01,BCom,Actuarial Science,extended,1,110,0,110,False,0,63560,0,0,63560,BCom Academic Development specialising in Actuarial Science,ad_duration,0.0
2025,COM,CB020BUS01,BCom,Actuarial Science,extended,2,108,0,108,False,0,62500,0,0,62500,BCom Academic Development specialising in Actuarial Science,ad_duration,0.0
2025,COM,CB020BUS01,BCom,Actuarial Science,extended,3,150,0,150,False,0,85620,0,0,85620,BCom Academic Development specialising in Actuarial Science,ad_duration,0.0
2025,COM,CB020BUS01,BCom,Actuarial Science,extended,4,162,0,162,False,0,94060,0,0,94060,BCom Academic Development specialising in Actuarial Science,ad_duration,0.0
2025,COM,CB020BUS09,BCom,Actuarial Science: Quantitative Finance,extended,1,110,0,110,False,0,63560,0,0,63560,BCom Academic Development specialising in Actuarial Science Quantitative Finance Stream,ad_duration,0.0
2025,COM,CB020BUS09,BCom,Actuarial Science: Quantitative Finance,extended,2,126,0,126,False,0,72040,0,0,72040,BCom Academic Development specialising in Actuarial Science Quantitative Finance Stream,ad_duration,0.0
2025,COM,CB020BUS09,BCom,Actuarial Science: Quantitative Finance,extended,3,132,0,132,False,0,76080,0,0,76080,BCom Academic Development specialising in Actuarial Science Quantitative Finance Stream,ad_duration,0.0
2025,COM,CB020BUS09,BCom,Actuarial Science: Quantitative Finance,extended,4,180,0,180,False,0,101940,0,0,101940,BCom Academic Development specialising in Actuarial Science Quantitative Finance Stream,ad_duration,0.0
2025,COM,CB023ACC04,BCom,Financial Accounting: Chartered Accountant,augmented,1,161,0,161,False,0,92480,0,0,,,unmatched,
2025,COM,CB023ACC04,BCom,Financial Accounting: Chartered Accountant,augmented,2,144,0,144,False,0,83090,0,0,,,unmatched,
2025,COM,CB023ACC04,BCom,Financial Accounting: Chartered Accountant,augmented,3,174,0,174,False,0,121280,0,0,,,unmatched,
2025,COM,CB023ACC08,BCom,Financial Accounting: General Accounting,augmented,1,161,0,161,False,0,92480,0,0,,,unmatched,
2025,COM,CB023ACC08,BCom,Financial Accounting: General Accounting,augmented,2,126,0,126,False,0,72930,0,0,,,unmatched,
2025,COM,CB023ACC08,BCom,Financial Accounting: General Accounting,augmented,3,168,0,168,False,0,110560,0,0,,,unmatched,
2025,COM,CB023BUS06,BCom,Management Studies,augmented,1,152,0,152,False,0,79450,0,1,,,unmatched,
2025,COM,CB023BUS06,BCom,Management Studies,augmented,2,144,0,144,False,0,82340,41760,0,,,unmatched,
2025,COM,CB023BUS06,BCom,Management Studies,augmented,3,120,0,120,False,0,69600,69600,0,,,unmatched,
2025,COM,CB023ECO02,BCom,Economics and Finance,augmented,1,134,0,134,False,0,79380,0,0,,,unmatched,
2025,COM,CB023ECO02,BCom,Economics and Finance,augmented,2,132,0,150,True,-18,75150,10440,0,,,unmatched,
2025,COM,CB023ECO02,BCom,Economics and Finance,augmented,3,216,1,144,True,72,124910,10350,1,,,unmatched,
2025,COM,CB023ECO03,BCom,Economics with Law,augmented,1,134,0,134,False,0,79380,0,0,,,unmatched,
2025,COM,CB023ECO03,BCom,Economics with Law,augmented,2,162,0,162,True,0,89970,10370,0,,,unmatched,
2025,COM,CB023ECO03,BCom,Economics with Law,augmented,3,216,1,144,False,72,121640,0,1,,,unmatched,
2025,COM,CB023ECO04,BCom,Economics and Statistics,augmented,1,134,0,134,False,0,79380,0,0,,,unmatched,
2025,COM,CB023ECO04,BCom,Economics and Statistics,augmented,2,186,1,156,True,30,104660,0,1,,,unmatched,
2025,COM,CB023ECO04,BCom,Economics and Statistics,augmented,3,234,0,144,False,90,132760,0,0,,,unmatched,
2025,COM,CB023INF01,BCom,Information Systems,augmented,1,134,0,134,False,0,78620,0,0,,,unmatched,
2025,COM,CB023INF01,BCom,Information Systems,augmented,2,144,0,144,False,0,83550,10440,0,,,unmatched,
2025,COM,CB023INF01,BCom,Information Systems,augmented,3,156,0,156,False,0,93510,20880,0,,,unmatched,
2025,COM,CB023INF06,BCom,Information Systems and Computer Science,augmented,1,152,0,134,False,18,89220,0,0,,,unmatched,
2025,COM,CB023INF06,BCom,Information Systems and Computer Science,augmented,2,162,0,162,False,0,91251,0,0,,,unmatched,
2025,COM,CB023INF06,BCom,Information Systems and Computer Science,augmented,3,144,0,144,False,0,82040,0,0,,,unmatched,
2025,COM,CB023INF11,BCom,Information Systems and Finance,augmented,1,152,0,152,False,0,89820,0,0,,,unmatched,
2025,COM,CB023INF11,BCom,Information Systems and Finance,augmented,2,162,0,162,False,0,93160,0,0,,,unmatched,
2025,COM,CB023INF11,BCom,Information Systems and Finance,augmented,3,150,0,150,False,0,86210,0,0,,,unmatched,
2025,COM,CB023PHI03,BCom,"Philosophy, Politics & Economics",augmented,1,134,0,134,False,0,76520,0,0,,,unmatched,
2025,COM,CB023PHI03,BCom,"Philosophy, Politics & Economics",augmented,2,252,2,147,False,105,137050,0,2,,,unmatched,
2025,COM,CB023PHI03,BCom,"Philosophy, Politics & Economics",augmented,3,229,2,150,True,79,108720,14500,2,,,unmatched,
2025,COM,CB024BUS07,BBusSc,Marketing,augmented,1,134,0,134,False,0,79450,0,0,,,unmatched,
2025,COM,CB024BUS07,BBusSc,Marketing,augmented,2,168,0,168,False,0,95750,0,0,,,unmatched,
2025,COM,CB024BUS07,BBusSc,Marketing,augmented,3,198,0,180,False,18,103660,10440,0,,,unmatched,
2025,COM,CB024BUS07,BBusSc,Marketing,augmented,4,162,0,162,False,0,92410,0,0,,,unmatched,
2025,COM,CB024BUS08,BBusSc,Organisational Psychology,augmented,1,146,0,146,False,0,82670,0,0,,,unmatched,
2025,COM,CB024BUS08,BBusSc,Organisational Psychology,augmented,2,132,0,132,False,0,77400,0,0,,,unmatched,
2025,COM,CB024BUS08,BBusSc,Organisational Psychology,augmented,3,180,0,162,False,18,100930,10440,0,,,unmatched,
2025,COM,CB024BUS08,BBusSc,Organisational Psychology,augmented,4,138,0,138,False,0,87370,0,0,,,unmatched,
2025,COM,CB024CSC05,BBusSc,Computer Science,augmented,1,146,0,146,False,0,84000,0,0,,,unmatched,
2025,COM,CB024CSC05,BBusSc,Computer Science,augmented,2,168,0,168,True,0,96471,0,0,,,unmatched,
2025,COM,CB024CSC05,BBusSc,Computer Science,augmented,3,144,0,144,False,0,82040,0,0,,,unmatched,
2025,COM,CB024CSC05,BBusSc,Computer Science,augmented,4,244,0,160,False,84,116030,0,0,,,unmatched,
2025,COM,CB024ECO01,BBusSc,Economics,augmented,1,134,0,134,False,0,79380,0,0,,,unmatched,
2025,COM,CB024ECO01,BBusSc,Economics,augmented,2,156,0,156,True,0,88560,0,0,,,unmatched,
2025,COM,CB024ECO01,BBusSc,Economics,augmented,3,216,2,162,True,54,123520,10440,2,,,unmatched,
2025,COM,CB024ECO01,BBusSc,Economics,augmented,4,140,0,140,False,0,89170,0,0,,,unmatched,
2025,COM,CB024ECO03,BBusSc,Economics with Law,augmented,1,134,0,134,False,0,79380,0,0,,,unmatched,
2025,COM,CB024ECO03,BBusSc,Economics with Law,augmented,2,168,0,168,False,0,93290,0,0,,,unmatched,
2025,COM,CB024ECO03,BBusSc,Economics with Law,augmented,3,162,0,162,False,0,90040,10440,0,,,unmatched,
2025,COM,CB024ECO03,BBusSc,Economics with Law,augmented,4,158,0,158,False,0,99610,0,0,,,unmatched,
2025,COM,CB024FTX04,BBusSc,Finance with Accounting,augmented,1,161,0,161,False,0,93310,0,0,,,unmatched,
2025,COM,CB024FTX04,BBusSc,Finance with Accounting,augmented,2,180,0,180,False,0,103690,0,0,,,unmatched,
2025,COM,CB024FTX04,BBusSc,Finance with Accounting,augmented,3,170,0,170,False,0,103200,0,0,,,unmatched,
2025,COM,CB024FTX04,BBusSc,Finance with Accounting,augmented,4,166,0,166,False,0,104390,0,0,,,unmatched,
2025,COM,CB024FTX05,BBusSc,"Finance, Investment and Banking",augmented,1,152,0,152,False,0,89820,0,0,,,unmatched,
2025,COM,CB024FTX05,BBusSc,"Finance, Investment and Banking",augmented,2,168,0,168,False,0,95750,0,0,,,unmatched,
2025,COM,CB024FTX05,BBusSc,"Finance, Investment and Banking",augmented,3,144,0,162,False,-18,82780,0,0,,,unmatched,
2025,COM,CB024FTX05,BBusSc,"Finance, Investment and Banking",augmented,4,126,0,108,False,18,73370,0,0,,,unmatched,
2025,COM,CB024INF01,BBusSc,Information Systems,augmented,1,152,0,168,False,-16,89820,0,0,,,unmatched,
2025,COM,CB024INF01,BBusSc,Information Systems,augmented,2,150,0,150,False,0,85690,0,0,,,unmatched,
2025,COM,CB024INF01,BBusSc,Information Systems,augmented,3,156,0,156,False,0,93510,0,0,,,unmatched,
2025,COM,CB024INF01,BBusSc,Information Systems,augmented,4,176,0,176,False,0,85820,0,0,,,unmatched,
2025,COM,CB024STA13,BBusSc,Statistics and Data Sciences,augmented,1,170,0,170,False,0,99660,0,0,,,unmatched,
2025,COM,CB024STA13,BBusSc,Statistics and Data Sciences,augmented,2,186,0,186,False,0,105280,0,0,,,unmatched,
2025,COM,CB024STA13,BBusSc,Statistics and Data Sciences,augmented,3,210,0,198,True,12,118560,0,0,,,unmatched,
2025,COM,CB024STA13,BBusSc,Statistics and Data Sciences,augmented,4,160,0,160,False,0,76220,0,0,,,unmatched,
2025,COM,CB025BUS01,BBusSc,Actuarial Science,augmented,1,182,0,182,False,0,105180,0,0,,,unmatched,
2025,COM,CB025BUS01,BBusSc,Actuarial Science,augmented,2,186,0,186,False,0,106500,0,0,,,unmatched,
2025,COM,CB025BUS01,BBusSc,Actuarial Science,augmented,3,180,0,180,False,0,104500,0,0,,,unmatched,
2025,COM,CB025BUS01,BBusSc,Actuarial Science,augmented,4,156,0,156,False,0,79310,0,0,,,unmatched,
2025,COM,CB025BUS09,BBusSc,Actuarial Science: Quantitative Finance,augmented,1,164,0,382,False,-218,94740,0,0,63560,BBusSc Academic Development specialising in Actuarial Science: Quantitative Finance Stream,ad_duration,49.1
2025,COM,CB025BUS09,BBusSc,Actuarial Science: Quantitative Finance,augmented,2,186,0,186,False,0,106500,0,0,72040,BBusSc Academic Development specialising in Actuarial Science: Quantitative Finance Stream,ad_duration,47.8
2025,COM,CB025BUS09,BBusSc,Actuarial Science: Quantitative Finance,augmented,3,198,0,198,False,0,112380,0,0,76080,BBusSc Academic Development specialising in Actuarial Science: Quantitative Finance Stream,ad_duration,47.7
2025,COM,CB025BUS09,BBusSc,Actuarial Science: Quantitative Finance,augmented,4,129,0,129,False,0,73260,0,0,101940,BBusSc Academic Development specialising in Actuarial Science: Quantitative Finance Stream,ad_duration,-28.1
2025,COM,CB026BUS01,BCom,Actuarial Science,augmented,1,182,0,182,False,0,105180,0,0,,,unmatched,
2025,COM,CB026BUS01,BCom,Actuarial Science,augmented,2,186,0,186,False,0,106500,0,0,,,unmatched,
2025,COM,CB026BUS01,BCom,Actuarial Science,augmented,3,162,0,162,False,0,94060,0,0,,,unmatched,
2025,COM,CB026BUS09,BCom,Actuarial Science: Quantitative Finance,augmented,1,182,0,182,False,0,105180,0,0,,,unmatched,
2025,COM,CB026BUS09,BCom,Actuarial Science: Quantitative Finance,augmented,2,186,0,186,False,0,106500,0,0,,,unmatched,
2025,COM,CB026BUS09,BCom,Actuarial Science: Quantitative Finance,augmented,3,180,0,180,False,0,101940,0,0,,,unmatched,
2026,COM,CB001ACC04,BCom,Financial Accounting: Chartered Accountant,regular,1,159,0,159,False,0,96840,0,0,96840,Bachelor of Commerce specialising in Financial | Chartered Accounting Stream,label_match,0.0
2026,COM,CB001ACC04,BCom,Financial Accounting: Chartered Accountant,regular,2,144,0,144,False,0,87760,0,0,87760,Bachelor of Commerce specialising in Financial | Chartered Accounting Stream,label_match,0.0
2026,COM,CB001ACC04,BCom,Financial Accounting: Chartered Accountant,regular,3,174,0,192,False,-18,128060,0,0,128060,Bachelor of Commerce specialising in Financial | Chartered Accounting Stream,label_match,0.0
2026,COM,CB001ACC08,BCom,Financial Accounting: General Accounting,regular,1,159,0,159,False,0,96840,0,0,96840,Bachelor of Commerce specialising in Financial Accounting General Accounting Stream,label_match,0.0
2026,COM,CB001ACC08,BCom,Financial Accounting: General Accounting,regular,2,126,0,126,False,0,77120,0,0,77120,Bachelor of Commerce specialising in Financial Accounting General Accounting Stream,label_match,0.0
2026,COM,CB001ACC08,BCom,Financial Accounting: General Accounting,regular,3,168,0,168,False,0,116620,0,0,116620,Bachelor of Commerce specialising in Financial Accounting General Accounting Stream,label_match,0.0
2026,COM,CB001BUS06,BCom,Management Studies,regular,1,150,0,150,False,0,94030,10860,0,94030,BCom in the field of Management Studies,label_match,0.0
2026,COM,CB001BUS06,BCom,Management Studies,regular,2,72,0,144,False,-72,42710,0,0,92870,BCom in the field of Management Studies,label_match,-54.0
2026,COM,CB001BUS06,BCom,Management Studies,regular,3,120,0,120,False,0,73600,73600,0,77280,BCom in the field of Management Studies,label_match,-4.8
2026,COM,CB001ECO02,BCom,Economics and Finance,regular,1,132,0,132,False,0,82990,0,0,82990,BCom specialising in Economics & Finance,label_match,0.0
2026,COM,CB001ECO02,BCom,Economics and Finance,regular,2,132,0,156,True,-24,79230,11040,0,101310,BCom specialising in Economics & Finance,label_match,-21.8
2026,COM,CB001ECO02,BCom,Economics and Finance,regular,3,144,0,144,True,0,87920,11040,0,87920,BCom specialising in Economics & Finance,label_match,0.0
2026,COM,CB001ECO03,BCom,Economics with Law,regular,1,132,0,132,False,0,82990,0,0,82990,BCom specialising in Economics with Law,label_match,0.0
2026,COM,CB001ECO03,BCom,Economics with Law,regular,2,144,1,144,False,0,83670,0,1,85800,BCom specialising in Economics with Law,label_match,-2.5
2026,COM,CB001ECO03,BCom,Economics with Law,regular,3,252,1,144,False,108,150310,0,1,95110,BCom specialising in Economics with Law,label_match,58.0
2026,COM,CB001ECO04,BCom,Economics and Statistics,regular,1,132,0,132,False,0,82990,0,0,82990,BCom specialising in Economics & Statistics,label_match,0.0
2026,COM,CB001ECO04,BCom,Economics and Statistics,regular,2,302,1,156,True,146,167240,0,2,92870,BCom specialising in Economics & Statistics,label_match,80.1
2026,COM,CB001ECO04,BCom,Economics and Statistics,regular,3,252,0,144,True,108,129480,11040,2,108400,BCom specialising in Economics & Statistics,label_match,19.4
2026,COM,CB001INF01,BCom,Information Systems,regular,1,132,0,132,False,0,82300,0,0,82300,BCom specialising in Information Systems,label_match,0.0
2026,COM,CB001INF01,BCom,Information Systems,regular,2,144,0,144,False,0,88150,10930,0,77220,BCom specialising in Information Systems,label_match,14.2
2026,COM,CB001INF01,BCom,Information Systems,regular,3,156,0,156,False,0,98560,21860,0,76700,BCom specialising in Information Systems,label_match,28.5
2026,COM,CB001INF06,BCom,Information Systems and Computer Science,regular,1,132,0,132,False,0,82330,0,0,81790,BCom specialising in Information Systems & Computer Science,label_match,0.7
2026,COM,CB001INF06,BCom,Information Systems and Computer Science,regular,2,162,0,162,False,0,95910,0,0,81650,BCom specialising in Information Systems & Computer Science,label_match,17.5
2026,COM,CB001INF06,BCom,Information Systems and Computer Science,regular,3,144,0,144,False,0,86320,0,0,86320,BCom specialising in Information Systems & Computer Science,label_match,0.0
2026,COM,CB001INF11,BCom,Information Systems and Finance,regular,1,150,0,150,False,0,94030,0,0,94030,BCom specialising in Information Systems & Finance,label_match,0.0
2026,COM,CB001INF11,BCom,Information Systems and Finance,regular,2,162,0,162,False,0,98430,0,0,98430,BCom specialising in Information Systems & Finance,label_match,0.0
2026,COM,CB001INF11,BCom,Information Systems and Finance,regular,3,150,0,150,False,0,90920,0,0,90920,BCom specialising in Information Systems & Finance,label_match,0.0
2026,COM,CB001PHI03,BCom,"Philosophy, Politics & Economics",regular,1,123,0,132,False,-9,79870,0,0,76520,"BCom specialising in Philosophy, Politics & Economics",label_match,4.4
2026,COM,CB001PHI03,BCom,"Philosophy, Politics & Economics",regular,2,225,2,156,False,69,143920,0,2,67210,"BCom specialising in Philosophy, Politics & Economics",label_match,114.1
2026,COM,CB001PHI03,BCom,"Philosophy, Politics & Economics",regular,3,222,3,150,True,72,110010,11040,3,83670,"BCom specialising in Philosophy, Politics & Economics",label_match,31.5
2026,COM,CB003BUS01,BBusSc,Actuarial Science,regular,1,180,0,180,False,0,110160,0,0,110580,Bachelor of Business Science BBusSc specialising in Actuarial Science,label_match,-0.4
2026,COM,CB003BUS01,BBusSc,Actuarial Science,regular,2,186,0,186,False,0,111950,0,0,111950,Bachelor of Business Science BBusSc specialising in Actuarial Science,label_match,0.0
2026,COM,CB003BUS01,BBusSc,Actuarial Science,regular,3,180,0,180,False,0,88630,0,2,109710,Bachelor of Business Science BBusSc specialising in Actuarial Science,label_match,-19.2
2026,COM,CB003BUS01,BBusSc,Actuarial Science,regular,4,156,0,156,False,0,83550,0,0,83550,Bachelor of Business Science BBusSc specialising in Actuarial Science,label_match,0.0
2026,COM,CB003BUS09,BBusSc,Actuarial Science: Quantitative Finance,regular,1,180,0,180,False,0,110160,0,0,98760,BBusSc specialising in Actuarial Science: Quantitative Finance Stream,label_match,11.5
2026,COM,CB003BUS09,BBusSc,Actuarial Science: Quantitative Finance,regular,2,186,0,186,False,0,111950,0,0,97910,BBusSc specialising in Actuarial Science: Quantitative Finance Stream,label_match,14.3
2026,COM,CB003BUS09,BBusSc,Actuarial Science: Quantitative Finance,regular,3,198,0,198,False,0,96960,0,2,96960,BBusSc specialising in Actuarial Science: Quantitative Finance Stream,label_match,0.0
2026,COM,CB003BUS09,BBusSc,Actuarial Science: Quantitative Finance,regular,4,129,0,129,False,0,77050,0,0,77050,BBusSc specialising in Actuarial Science: Quantitative Finance Stream,label_match,0.0
2026,COM,CB004BUS07,BBusSc,Marketing,regular,1,132,0,132,False,0,83170,0,0,83170,BBusSc specialising in Marketing,label_match,0.0
2026,COM,CB004BUS07,BBusSc,Marketing,regular,2,114,0,114,False,0,67790,0,0,67790,BBusSc specialising in Marketing,label_match,0.0
2026,COM,CB004BUS07,BBusSc,Marketing,regular,3,144,0,144,False,0,76280,0,0,76280,BBusSc specialising in Marketing,label_match,0.0
2026,COM,CB004BUS07,BBusSc,Marketing,regular,4,162,0,162,False,0,97030,0,0,97030,BBusSc specialising in Marketing,label_match,0.0
2026,COM,CB004BUS28,BBusSc,Industrial and Organisational Psychology,regular,1,138,0,138,False,0,86360,0,0,,,unmatched,
2026,COM,CB004BUS28,BBusSc,Industrial and Organisational Psychology,regular,2,132,0,132,False,0,81760,0,0,,,unmatched,
2026,COM,CB004BUS28,BBusSc,Industrial and Organisational Psychology,regular,3,136,0,154,False,-18,84140,0,0,,,unmatched,
2026,COM,CB004BUS28,BBusSc,Industrial and Organisational Psychology,regular,4,138,0,138,False,0,91580,0,0,,,unmatched,
2026,COM,CB004CSC05,BBusSc,Computer Science,regular,1,144,0,162,False,-18,87660,0,0,87660,BBusSc specialising in Computer Science,label_match,0.0
2026,COM,CB004CSC05,BBusSc,Computer Science,regular,2,168,0,168,True,0,101400,0,0,104400,BBusSc specialising in Computer Science,label_match,-2.9
2026,COM,CB004CSC05,BBusSc,Computer Science,regular,3,144,0,144,False,0,86320,0,0,86320,BBusSc specialising in Computer Science,label_match,0.0
2026,COM,CB004CSC05,BBusSc,Computer Science,regular,4,244,0,160,False,84,121440,0,0,71720,BBusSc specialising in Computer Science,label_match,69.3
2026,COM,CB004ECO01,BBusSc,Economics,regular,1,132,0,132,False,0,82990,0,0,82990,BBusSc specialising in Economics,label_match,0.0
2026,COM,CB004ECO01,BBusSc,Economics,regular,2,156,0,156,False,0,93270,0,0,93270,BBusSc specialising in Economics,label_match,0.0
2026,COM,CB004ECO01,BBusSc,Economics,regular,3,216,1,162,True,54,130080,11040,1,109000,BBusSc specialising in Economics,label_match,19.3
2026,COM,CB004ECO01,BBusSc,Economics,regular,4,140,0,140,False,0,93350,0,0,93350,BBusSc specialising in Economics,label_match,0.0
2026,COM,CB004ECO03,BBusSc,Economics with Law,regular,1,132,0,132,False,0,82990,0,0,82990,BBusSc specialising in Economics with Law,label_match,0.0
2026,COM,CB004ECO03,BBusSc,Economics with Law,regular,2,168,0,168,False,0,98110,0,0,98110,BBusSc specialising in Economics with Law,label_match,0.0
2026,COM,CB004ECO03,BBusSc,Economics with Law,regular,3,162,0,162,False,0,94710,11040,0,94710,BBusSc specialising in Economics with Law,label_match,0.0
2026,COM,CB004ECO03,BBusSc,Economics with Law,regular,4,158,0,158,False,0,104390,0,0,104390,BBusSc specialising in Economics with Law,label_match,0.0
2026,COM,CB004FTX04,BBusSc,Finance with Accounting,regular,1,159,0,159,False,0,97710,0,0,97710,BBusSc specialising in Finance with Accounting (CA Option),label_match,0.0
2026,COM,CB004FTX04,BBusSc,Finance with Accounting,regular,2,180,0,180,False,0,109220,0,0,109220,BBusSc specialising in Finance with Accounting (CA Option),label_match,0.0
2026,COM,CB004FTX04,BBusSc,Finance with Accounting,regular,3,170,0,170,False,0,109030,0,0,109030,BBusSc specialising in Finance with Accounting (CA Option),label_match,0.0
2026,COM,CB004FTX04,BBusSc,Finance with Accounting,regular,4,166,0,166,False,0,110160,0,0,110160,BBusSc specialising in Finance with Accounting (CA Option),label_match,0.0
2026,COM,CB004FTX05,BBusSc,Finance,regular,1,150,0,150,False,0,94030,0,0,94030,BBusSc specialising in Finance (Non CA Option),label_match,0.0
2026,COM,CB004FTX05,BBusSc,Finance,regular,2,168,0,168,False,0,100910,0,0,100910,BBusSc specialising in Finance (Non CA Option),label_match,0.0
2026,COM,CB004FTX05,BBusSc,Finance,regular,3,162,0,162,False,0,98360,11040,0,87320,BBusSc specialising in Finance (Non CA Option),label_match,12.6
2026,COM,CB004FTX05,BBusSc,Finance,regular,4,126,0,126,False,0,77360,0,0,77360,BBusSc specialising in Finance (Non CA Option),label_match,0.0
2026,COM,CB004INF01,BBusSc,Information Systems,regular,1,150,0,150,False,0,94030,0,0,77460,BBusSc specialising in Information Systems,label_match,21.4
2026,COM,CB004INF01,BBusSc,Information Systems,regular,2,150,0,150,False,0,90390,0,0,90390,BBusSc specialising in Information Systems,label_match,0.0
2026,COM,CB004INF01,BBusSc,Information Systems,regular,3,156,0,156,False,0,98780,0,0,98780,BBusSc specialising in Information Systems,label_match,0.0
2026,COM,CB004INF01,BBusSc,Information Systems,regular,4,158,0,158,False,0,90330,0,0,90330,BBusSc specialising in Information Systems,label_match,0.0
2026,COM,CB004STA13,BBusSc,Statistics and Data Science,regular,1,168,0,168,False,0,104230,0,0,,,unmatched,
2026,COM,CB004STA13,BBusSc,Statistics and Data Science,regular,2,186,0,186,False,0,110550,0,0,,,unmatched,
2026,COM,CB004STA13,BBusSc,Statistics and Data Science,regular,3,210,0,198,True,12,103360,0,2,,,unmatched,
2026,COM,CB004STA13,BBusSc,Statistics and Data Science,regular,4,160,0,160,False,0,79770,0,0,,,unmatched,
2026,COM,CB011ACC04,BCom,Financial Accounting: Chartered Accountant,extended,1,125,0,125,False,0,76700,0,0,76700,Bachelor of Commerce Academic Development specialising in Financial Accounting Chartered Accounting Stream,ad_duration,0.0
2026,COM,CB011ACC04,BCom,Financial Accounting: Chartered Accountant,extended,2,126,0,126,False,0,77300,0,0,77300,Bachelor of Commerce Academic Development specialising in Financial Accounting Chartered Accounting Stream,ad_duration,0.0
2026,COM,CB011ACC04,BCom,Financial Accounting: Chartered Accountant,extended,3,152,0,152,False,0,94860,0,0,94860,Bachelor of Commerce Academic Development specialising in Financial Accounting Chartered Accounting Stream,ad_duration,0.0
2026,COM,CB011ACC04,BCom,Financial Accounting: Chartered Accountant,extended,4,112,0,224,False,-112,87840,0,0,87840,Bachelor of Commerce Academic Development specialising in Financial Accounting Chartered Accounting Stream,ad_duration,0.0
2026,COM,CB011ACC08,BCom,Financial Accounting: General Accounting,extended,1,125,0,125,False,0,76700,0,0,76700,BCom Academic Development specialising in Financial Accounting General Accounting Stream,ad_duration,0.0
2026,COM,CB011ACC08,BCom,Financial Accounting: General Accounting,extended,2,126,0,108,False,18,77300,0,0,77330,BCom Academic Development specialising in Financial Accounting General Accounting Stream,ad_duration,-0.0
2026,COM,CB011ACC08,BCom,Financial Accounting: General Accounting,extended,3,122,0,122,False,0,76560,0,0,76560,BCom Academic Development specialising in Financial Accounting General Accounting Stream,ad_duration,0.0
2026,COM,CB011ACC08,BCom,Financial Accounting: General Accounting,extended,4,82,0,100,False,-18,62140,0,0,40820,BCom Academic Development specialising in Financial Accounting General Accounting Stream,ad_duration,52.2
2026,COM,CB011BUS06,BCom,Management Studies,extended,1,98,0,,False,,63030,0,0,63030,BCom Academic Development specialising in Management Studies,ad_duration,0.0
2026,COM,CB011BUS06,BCom,Management Studies,extended,2,72,0,108,False,-36,43290,0,0,54330,BCom Academic Development specialising in Management Studies,ad_duration,-20.3
2026,COM,CB011BUS06,BCom,Management Studies,extended,3,108,0,,False,,65840,44160,0,67970,BCom Academic Development specialising in Management Studies,ad_duration,-3.1
2026,COM,CB011BUS06,BCom,Management Studies,extended,4,120,0,,False,,73600,73600,0,77280,BCom Academic Development specialising in Management Studies,ad_duration,-4.8
2026,COM,CB011ECO02,BCom,Economics and Finance,extended,1,98,0,98,False,0,62340,0,0,62340,BCom Academic Development specialising in Economics & Finance,ad_duration,0.0
2026,COM,CB011ECO02,BCom,Economics and Finance,extended,2,90,0,90,False,0,54840,0,0,54840,BCom Academic Development specialising in Economics & Finance,ad_duration,0.0
2026,COM,CB011ECO02,BCom,Economics and Finance,extended,3,96,0,114,True,-18,57800,11040,0,79880,BCom Academic Development specialising in Economics & Finance,ad_duration,-27.6
2026,COM,CB011ECO02,BCom,Economics and Finance,extended,4,198,1,162,True,36,121440,11040,1,79410,BCom Academic Development specialising in Economics & Finance,ad_duration,52.9
2026,COM,CB011ECO03,BCom,Economics with Law,extended,1,98,0,98,False,0,63390,0,0,63390,BCom Academic Development specialising in Economics with Law,ad_duration,0.0
2026,COM,CB011ECO03,BCom,Economics with Law,extended,2,126,0,126,True,0,76520,11040,0,76520,BCom Academic Development specialising in Economics with Law,ad_duration,0.0
2026,COM,CB011ECO03,BCom,Economics with Law,extended,3,126,0,126,False,0,73030,0,0,73030,BCom Academic Development specialising in Economics with Law,ad_duration,0.0
2026,COM,CB011ECO03,BCom,Economics with Law,extended,4,198,1,198,False,0,117190,0,1,61990,BCom Academic Development specialising in Economics with Law,ad_duration,89.0
2026,COM,CB011ECO04,BCom,Economics and Statistics,extended,1,98,0,98,False,0,63390,0,0,63390,BCom Academic Development specialising in Economics & Statistics,ad_duration,0.0
2026,COM,CB011ECO04,BCom,Economics and Statistics,extended,2,90,0,90,False,0,53790,0,0,53790,BCom Academic Development specialising in Economics & Statistics,ad_duration,0.0
2026,COM,CB011ECO04,BCom,Economics and Statistics,extended,3,138,0,138,True,0,82880,22080,0,85880,BCom Academic Development specialising in Economics & Statistics,ad_duration,-3.5
2026,COM,CB011ECO04,BCom,Economics and Statistics,extended,4,126,1,126,True,0,54200,11040,3,97360,BCom Academic Development specialising in Economics & Statistics,ad_duration,-44.3
2026,COM,CB011INF01,BCom,Information Systems,extended,1,116,0,116,False,0,73020,0,0,73020,BCom Academic Development specialising in Information Systems,ad_duration,0.0
2026,COM,CB011INF01,BCom,Information Systems,extended,2,126,0,126,False,0,77580,0,0,77580,BCom Academic Development specialising in Information Systems,ad_duration,0.0
2026,COM,CB011INF01,BCom,Information Systems,extended,3,102,0,102,False,0,66060,0,0,66060,BCom Academic Development specialising in Information Systems,ad_duration,0.0
2026,COM,CB011INF01,BCom,Information Systems,extended,4,90,0,90,False,0,54800,33120,0,53750,BCom Academic Development specialising in Information Systems,ad_duration,2.0
2026,COM,CB011INF06,BCom,Information Systems and Computer Science,extended,1,98,0,98,False,0,62610,0,0,62610,BCom Academic Development specialising in Information Systems & Computer Science,ad_duration,0.0
2026,COM,CB011INF06,BCom,Information Systems and Computer Science,extended,2,108,0,108,False,0,64370,0,0,53750,BCom Academic Development specialising in Information Systems & Computer Science,ad_duration,19.8
2026,COM,CB011INF06,BCom,Information Systems and Computer Science,extended,3,108,0,108,False,0,64420,0,0,63370,BCom Academic Development specialising in Information Systems & Computer Science,ad_duration,1.7
2026,COM,CB011INF06,BCom,Information Systems and Computer Science,extended,4,126,0,126,False,0,75280,0,0,75280,BCom Academic Development specialising in Information Systems & Computer Science,ad_duration,0.0
2026,COM,CB011INF11,BCom,Information Systems and Finance,extended,1,116,0,116,False,0,74430,0,0,74430,BCom Academic Development specialising in Information Systems & Finance,ad_duration,0.0
2026,COM,CB011INF11,BCom,Information Systems and Finance,extended,2,108,0,108,False,0,66180,0,0,66180,BCom Academic Development specialising in Information Systems & Finance,ad_duration,0.0
2026,COM,CB011INF11,BCom,Information Systems and Finance,extended,3,126,0,126,False,0,77100,0,0,77100,BCom Academic Development specialising in Information Systems & Finance,ad_duration,0.0
2026,COM,CB011INF11,BCom,Information Systems and Finance,extended,4,114,0,114,False,0,67790,0,0,67790,BCom Academic Development specialising in Information Systems & Finance,ad_duration,0.0
2026,COM,CB011PHI03,BCom,"Philosophy, Politics & Economics",extended,1,101,0,110,False,-9,65420,0,0,65420,"BCom Academic Development specialising in Philosophy, Politics & Economics",ad_duration,0.0
2026,COM,CB011PHI03,BCom,"Philosophy, Politics & Economics",extended,2,111,0,114,False,-3,70430,0,0,70430,"BCom Academic Development specialising in Philosophy, Politics & Economics",ad_duration,0.0
2026,COM,CB011PHI03,BCom,"Philosophy, Politics & Economics",extended,3,174,1,102,False,72,112140,0,1,59460,"BCom Academic Development specialising in Philosophy, Politics & Economics",ad_duration,88.6
2026,COM,CB011PHI03,BCom,"Philosophy, Politics & Economics",extended,4,175,2,114,True,61,81183,4293,2,61590,"BCom Academic Development specialising in Philosophy, Politics & Economics",ad_duration,31.8
2026,COM,CB015BUS07,BBusSc,Marketing,regular,1,98,0,98,False,0,61980,0,0,83170,BBusSc specialising in Marketing,label_match,-25.5
2026,COM,CB015BUS07,BBusSc,Marketing,regular,2,78,0,78,False,0,47340,0,0,67790,BBusSc specialising in Marketing,label_match,-30.2
2026,COM,CB015BUS07,BBusSc,Marketing,regular,3,108,0,108,False,0,64840,0,0,76280,BBusSc specialising in Marketing,label_match,-15.0
2026,COM,CB015BUS07,BBusSc,Marketing,regular,4,108,0,108,False,0,55200,0,0,97030,BBusSc specialising in Marketing,label_match,-43.1
2026,COM,CB015BUS07,BBusSc,Marketing,regular,5,162,0,162,False,0,97030,0,0,,,unmatched,
2026,COM,CB015BUS28,BBusSc,Industrial and Organisational Psychology,extended,1,104,0,104,False,0,66220,0,0,,,unmatched,
2026,COM,CB015BUS28,BBusSc,Industrial and Organisational Psychology,extended,2,120,0,120,False,0,73900,0,0,,,unmatched,
2026,COM,CB015BUS28,BBusSc,Industrial and Organisational Psychology,extended,3,126,0,108,False,18,76880,11040,0,,,unmatched,
2026,COM,CB015BUS28,BBusSc,Industrial and Organisational Psychology,extended,4,76,0,94,False,-18,48420,0,0,,,unmatched,
2026,COM,CB015BUS28,BBusSc,Industrial and Organisational Psychology,extended,5,138,0,138,False,0,91580,0,0,,,unmatched,
2026,COM,CB015ECO01,BBusSc,Economics,extended,1,116,0,116,False,0,73380,0,0,73380,BBusSc Academic Development specialising in Economics,ad_duration,0.0
2026,COM,CB015ECO01,BBusSc,Economics,extended,2,108,0,108,False,0,65880,0,0,65880,BBusSc Academic Development specialising in Economics,ad_duration,0.0
2026,COM,CB015ECO01,BBusSc,Economics,extended,3,120,0,138,False,-18,71840,0,0,71840,BBusSc Academic Development specialising in Economics,ad_duration,0.0
2026,COM,CB015ECO01,BBusSc,Economics,extended,4,162,1,108,False,54,97360,11040,1,66240,BBusSc Academic Development specialising in Economics,ad_duration,47.0
2026,COM,CB015ECO01,BBusSc,Economics,extended,5,140,0,140,False,0,93350,0,0,93350,BBusSc Academic Development specialising in Economics,ad_duration,0.0
2026,COM,CB015ECO03,BBusSc,Economics with Law,regular,1,116,0,98,False,18,74430,0,0,82990,BBusSc specialising in Economics with Law,label_match,-10.3
2026,COM,CB015ECO03,BBusSc,Economics with Law,regular,2,108,0,108,False,0,65480,0,0,98110,BBusSc specialising in Economics with Law,label_match,-33.3
2026,COM,CB015ECO03,BBusSc,Economics with Law,regular,3,132,0,114,False,18,76030,0,0,94710,BBusSc specialising in Economics with Law,label_match,-19.7
2026,COM,CB015ECO03,BBusSc,Economics with Law,regular,4,144,0,144,False,0,84070,11040,0,104390,BBusSc specialising in Economics with Law,label_match,-19.5
2026,COM,CB015ECO03,BBusSc,Economics with Law,regular,5,140,0,158,False,-18,93350,0,0,,,unmatched,
2026,COM,CB015FTX04,BBusSc,Finance with Accounting,regular,1,125,0,125,False,0,76700,0,0,97710,BBusSc specialising in Finance with Accounting (CA Option),label_match,-21.5
2026,COM,CB015FTX04,BBusSc,Finance with Accounting,regular,2,138,0,138,False,0,85190,0,0,109220,BBusSc specialising in Finance with Accounting (CA Option),label_match,-22.0
2026,COM,CB015FTX04,BBusSc,Finance with Accounting,regular,3,150,0,150,False,0,91160,0,0,109030,BBusSc specialising in Finance with Accounting (CA Option),label_match,-16.4
2026,COM,CB015FTX04,BBusSc,Finance with Accounting,regular,4,160,0,160,False,0,108870,0,0,110160,BBusSc specialising in Finance with Accounting (CA Option),label_match,-1.2
2026,COM,CB015FTX04,BBusSc,Finance with Accounting,regular,5,140,0,140,False,0,88240,0,0,,,unmatched,
2026,COM,CB015FTX05,BBusSc,Finance,extended,1,116,0,116,False,0,74430,0,0,74430,BBusSc Academic Development specialising in Finance,ad_duration,0.0
2026,COM,CB015FTX05,BBusSc,Finance,extended,2,126,0,126,False,0,75870,0,0,75870,BBusSc Academic Development specialising in Finance,ad_duration,0.0
2026,COM,CB015FTX05,BBusSc,Finance,extended,3,96,0,96,False,0,57800,11040,0,57800,BBusSc Academic Development specialising in Finance,ad_duration,0.0
2026,COM,CB015FTX05,BBusSc,Finance,extended,4,144,0,144,False,0,87320,0,0,87320,BBusSc Academic Development specialising in Finance,ad_duration,0.0
2026,COM,CB015FTX05,BBusSc,Finance,extended,5,126,0,,False,,77360,0,0,77360,BBusSc Academic Development specialising in Finance,ad_duration,0.0
2026,COM,CB015INF01,BBusSc,Information Systems,extended,1,110,0,110,False,0,67850,0,0,67850,BBusSc Academic Development specialising in Information Systems,ad_duration,0.0
2026,COM,CB015INF01,BBusSc,Information Systems,extended,2,96,0,96,False,0,60370,0,0,60370,BBusSc Academic Development specialising in Information Systems,ad_duration,0.0
2026,COM,CB015INF01,BBusSc,Information Systems,extended,3,114,0,114,False,0,68960,0,0,68960,BBusSc Academic Development specialising in Information Systems,ad_duration,0.0
2026,COM,CB015INF01,BBusSc,Information Systems,extended,4,90,0,138,False,-48,55200,0,0,77100,BBusSc Academic Development specialising in Information Systems,ad_duration,-28.4
2026,COM,CB015INF01,BBusSc,Information Systems,extended,5,158,0,158,False,0,90330,0,0,90330,BBusSc Academic Development specialising in Information Systems,ad_duration,0.0
2026,COM,CB015STA13,BBusSc,Statistics and Data Science,extended,1,134,0,134,False,0,84000,0,0,84000,BBusSc Academic Development specialising in Statistics and Data Science,ad_duration,0.0
2026,COM,CB015STA13,BBusSc,Statistics and Data Science,extended,2,72,0,72,False,0,43380,0,0,43380,BBusSc Academic Development specialising in Statistics and Data Science,ad_duration,0.0
2026,COM,CB015STA13,BBusSc,Statistics and Data Science,extended,3,168,0,168,False,0,100560,0,0,100560,BBusSc Academic Development specialising in Statistics and Data Science,ad_duration,0.0
2026,COM,CB015STA13,BBusSc,Statistics and Data Science,extended,4,228,0,180,True,48,113400,0,2,132380,BBusSc Academic Development specialising in Statistics and Data Science,ad_duration,-14.3
2026,COM,CB015STA13,BBusSc,Statistics and Data Science,extended,5,160,0,160,False,0,79770,0,0,79770,BBusSc Academic Development specialising in Statistics and Data Science,ad_duration,0.0
2026,COM,CB018BUS01,BBusSc,Actuarial Science,extended,1,110,0,128,False,-18,68480,0,0,,,unmatched,
2026,COM,CB018BUS01,BBusSc,Actuarial Science,extended,2,108,0,108,False,0,65880,0,0,,,unmatched,
2026,COM,CB018BUS01,BBusSc,Actuarial Science,extended,3,150,0,150,False,0,89870,0,0,,,unmatched,
2026,COM,CB018BUS01,BBusSc,Actuarial Science,extended,4,180,0,180,False,0,88630,0,2,,,unmatched,
2026,COM,CB018BUS01,BBusSc,Actuarial Science,extended,5,156,0,156,False,0,83550,0,0,,,unmatched,
2026,COM,CB018BUS09,BBusSc,Actuarial Science: Quantitative Finance,regular,1,110,0,128,False,-18,68480,0,0,98760,BBusSc specialising in Actuarial Science: Quantitative Finance Stream,label_match,-30.7
2026,COM,CB018BUS09,BBusSc,Actuarial Science: Quantitative Finance,regular,2,108,0,108,False,0,65880,0,0,97910,BBusSc specialising in Actuarial Science: Quantitative Finance Stream,label_match,-32.7
2026,COM,CB018BUS09,BBusSc,Actuarial Science: Quantitative Finance,regular,3,150,0,150,False,0,89870,0,0,96960,BBusSc specialising in Actuarial Science: Quantitative Finance Stream,label_match,-7.3
2026,COM,CB018BUS09,BBusSc,Actuarial Science: Quantitative Finance,regular,4,198,0,198,False,0,96960,0,2,77050,BBusSc specialising in Actuarial Science: Quantitative Finance Stream,label_match,25.8
2026,COM,CB018BUS09,BBusSc,Actuarial Science: Quantitative Finance,regular,5,129,0,129,False,0,77050,0,0,,,unmatched,
2026,COM,CB019BUS01,BCom,Actuarial Science,regular,1,180,0,180,False,0,110160,0,0,110580,BCom specialising in Actuarial Science,label_match,-0.4
2026,COM,CB019BUS01,BCom,Actuarial Science,regular,2,186,0,186,False,0,111950,0,0,111950,BCom specialising in Actuarial Science,label_match,0.0
2026,COM,CB019BUS01,BCom,Actuarial Science,regular,3,162,0,162,False,0,77590,0,2,98670,BCom specialising in Actuarial Science,label_match,-21.4
2026,COM,CB019BUS09,BCom,Actuarial Science: Quantitative Finance,regular,1,180,0,180,False,0,110160,0,0,99120,BCom specialising in Actuarial Science Quantitative Finance Stream,label_match,11.1
2026,COM,CB019BUS09,BCom,Actuarial Science: Quantitative Finance,regular,2,186,0,186,False,0,111950,0,0,111950,BCom specialising in Actuarial Science Quantitative Finance Stream,label_match,0.0
2026,COM,CB019BUS09,BCom,Actuarial Science: Quantitative Finance,regular,3,180,0,180,False,0,85920,0,2,107000,BCom specialising in Actuarial Science Quantitative Finance Stream,label_match,-19.7
2026,COM,CB020BUS01,BCom,Actuarial Science,extended,1,110,0,110,False,0,68480,0,0,68480,BCom Academic Development specialising in Actuarial Science,ad_duration,0.0
2026,COM,CB020BUS01,BCom,Actuarial Science,extended,2,108,0,108,False,0,65880,0,0,65880,BCom Academic Development specialising in Actuarial Science,ad_duration,0.0
2026,COM,CB020BUS01,BCom,Actuarial Science,extended,3,150,0,150,False,0,89870,0,0,89870,BCom Academic Development specialising in Actuarial Science,ad_duration,0.0
2026,COM,CB020BUS01,BCom,Actuarial Science,extended,4,162,0,162,False,0,77590,0,2,98670,BCom Academic Development specialising in Actuarial Science,ad_duration,-21.4
2026,COM,CB020BUS09,BCom,Actuarial Science: Quantitative Finance,extended,1,110,0,110,False,0,68480,0,0,68900,BCom Academic Development specialising in Actuarial Science Quantitative Finance Stream,ad_duration,-0.6
2026,COM,CB020BUS09,BCom,Actuarial Science: Quantitative Finance,extended,2,126,0,126,False,0,75870,0,0,75870,BCom Academic Development specialising in Actuarial Science Quantitative Finance Stream,ad_duration,0.0
2026,COM,CB020BUS09,BCom,Actuarial Science: Quantitative Finance,extended,3,132,0,132,False,0,79880,0,0,79880,BCom Academic Development specialising in Actuarial Science Quantitative Finance Stream,ad_duration,0.0
2026,COM,CB020BUS09,BCom,Actuarial Science: Quantitative Finance,extended,4,180,0,180,False,0,85920,0,2,107000,BCom Academic Development specialising in Actuarial Science Quantitative Finance Stream,ad_duration,-19.7
2026,COM,CB023ACC04,BCom,Financial Accounting: Chartered Accountant,augmented,1,161,0,161,False,0,98960,0,0,,,unmatched,
2026,COM,CB023ACC04,BCom,Financial Accounting: Chartered Accountant,augmented,2,144,0,144,False,0,87760,0,0,,,unmatched,
2026,COM,CB023ACC04,BCom,Financial Accounting: Chartered Accountant,augmented,3,174,0,174,False,0,128060,0,0,,,unmatched,
2026,COM,CB023ACC08,BCom,Financial Accounting: General Accounting,augmented,1,161,0,161,False,0,98960,0,0,,,unmatched,
2026,COM,CB023ACC08,BCom,Financial Accounting: General Accounting,augmented,2,126,0,144,False,-18,77120,0,0,,,unmatched,
2026,COM,CB023ACC08,BCom,Financial Accounting: General Accounting,augmented,3,168,0,168,False,0,116620,0,0,,,unmatched,
2026,COM,CB023BUS06,BCom,Management Studies,augmented,1,152,0,,False,,96150,10860,0,,,unmatched,
2026,COM,CB023BUS06,BCom,Management Studies,augmented,2,72,0,,False,,42710,0,0,,,unmatched,
2026,COM,CB023BUS06,BCom,Management Studies,augmented,3,120,0,,False,,73600,73600,0,,,unmatched,
2026,COM,CB023ECO02,BCom,Economics and Finance,augmented,1,134,0,134,False,0,85110,0,0,,,unmatched,
2026,COM,CB023ECO02,BCom,Economics and Finance,augmented,2,132,0,150,True,-18,79230,11040,0,,,unmatched,
2026,COM,CB023ECO02,BCom,Economics and Finance,augmented,3,216,1,144,True,72,132080,11040,1,,,unmatched,
2026,COM,CB023ECO03,BCom,Economics with Law,augmented,1,134,0,134,False,0,85110,0,0,,,unmatched,
2026,COM,CB023ECO03,BCom,Economics with Law,augmented,2,162,0,162,True,0,94710,11040,0,,,unmatched,
2026,COM,CB023ECO03,BCom,Economics with Law,augmented,3,216,1,144,False,72,128230,0,1,,,unmatched,
2026,COM,CB023ECO04,BCom,Economics and Statistics,augmented,1,134,0,152,False,-18,85110,0,0,,,unmatched,
2026,COM,CB023ECO04,BCom,Economics and Statistics,augmented,2,186,1,156,True,30,109910,0,1,,,unmatched,
2026,COM,CB023ECO04,BCom,Economics and Statistics,augmented,3,324,1,144,False,180,173640,0,3,,,unmatched,
2026,COM,CB023INF01,BCom,Information Systems,augmented,1,134,0,134,False,0,84420,0,0,,,unmatched,
2026,COM,CB023INF01,BCom,Information Systems,augmented,2,144,0,144,False,0,88150,10930,0,,,unmatched,
2026,COM,CB023INF01,BCom,Information Systems,augmented,3,156,0,156,False,0,98780,22080,0,,,unmatched,
2026,COM,CB023INF06,BCom,Information Systems and Computer Science,augmented,1,134,0,134,False,0,84450,0,0,,,unmatched,
2026,COM,CB023INF06,BCom,Information Systems and Computer Science,augmented,2,162,0,162,False,0,95910,0,0,,,unmatched,
2026,COM,CB023INF06,BCom,Information Systems and Computer Science,augmented,3,144,0,144,False,0,86320,0,0,,,unmatched,
2026,COM,CB023INF11,BCom,Information Systems and Finance,augmented,1,152,0,152,False,0,96150,0,0,,,unmatched,
2026,COM,CB023INF11,BCom,Information Systems and Finance,augmented,2,162,0,162,False,0,98430,0,0,,,unmatched,
2026,COM,CB023INF11,BCom,Information Systems and Finance,augmented,3,150,0,150,False,0,90920,0,0,,,unmatched,
2026,COM,CB023PHI03,BCom,"Philosophy, Politics & Economics",augmented,1,134,0,146,False,-12,86340,0,0,,,unmatched,
2026,COM,CB023PHI03,BCom,"Philosophy, Politics & Economics",augmented,2,196,1,147,False,49,126400,0,1,,,unmatched,
2026,COM,CB023PHI03,BCom,"Philosophy, Politics & Economics",augmented,3,229,2,150,True,79,114303,15333,2,,,unmatched,
2026,COM,CB024BUS07,BBusSc,Marketing,augmented,1,134,0,134,False,0,85290,0,0,61980,BBusSc Academic Development specialising in Marketing,label_match,37.6
2026,COM,CB024BUS07,BBusSc,Marketing,augmented,2,114,0,114,False,0,67790,0,0,47340,BBusSc Academic Development specialising in Marketing,label_match,43.2
2026,COM,CB024BUS07,BBusSc,Marketing,augmented,3,144,0,144,False,0,76280,0,0,68840,BBusSc Academic Development specialising in Marketing,label_match,10.8
2026,COM,CB024BUS07,BBusSc,Marketing,augmented,4,162,0,162,False,0,97030,0,0,55200,BBusSc Academic Development specialising in Marketing,label_match,75.8
2026,COM,CB024BUS28,BBusSc,Industrial and Organisational Psychology,augmented,1,140,0,140,False,0,88480,0,0,,,unmatched,
2026,COM,CB024BUS28,BBusSc,Industrial and Organisational Psychology,augmented,2,132,0,132,False,0,81760,0,0,,,unmatched,
2026,COM,CB024BUS28,BBusSc,Industrial and Organisational Psychology,augmented,3,136,0,154,False,-18,84140,0,0,,,unmatched,
2026,COM,CB024BUS28,BBusSc,Industrial and Organisational Psychology,augmented,4,138,0,138,False,0,91580,0,0,,,unmatched,
2026,COM,CB024CSC05,BBusSc,Computer Science,augmented,1,146,0,146,False,0,89780,0,0,,,unmatched,
2026,COM,CB024CSC05,BBusSc,Computer Science,augmented,2,168,0,174,False,-6,101400,0,0,,,unmatched,
2026,COM,CB024CSC05,BBusSc,Computer Science,augmented,3,162,0,144,False,18,97360,0,0,,,unmatched,
2026,COM,CB024CSC05,BBusSc,Computer Science,augmented,4,142,0,160,False,-18,71720,0,0,,,unmatched,
2026,COM,CB024ECO01,BBusSc,Economics,augmented,1,134,0,134,False,0,85110,0,0,,,unmatched,
2026,COM,CB024ECO01,BBusSc,Economics,augmented,2,156,0,156,True,0,93270,0,0,,,unmatched,
2026,COM,CB024ECO01,BBusSc,Economics,augmented,3,216,1,162,True,54,130080,11040,1,,,unmatched,
2026,COM,CB024ECO01,BBusSc,Economics,augmented,4,140,0,140,False,0,93350,0,0,,,unmatched,
2026,COM,CB024ECO03,BBusSc,Economics with Law,augmented,1,116,0,134,False,-18,73710,0,0,74430,BBusSc Academic Development specialising in Economics with Law,label_match,-1.0
2026,COM,CB024ECO03,BBusSc,Economics with Law,augmented,2,168,0,168,False,0,98110,0,0,65480,BBusSc Academic Development specialising in Economics with Law,label_match,49.8
2026,COM,CB024ECO03,BBusSc,Economics with Law,augmented,3,162,0,162,False,0,94710,11040,0,76030,BBusSc Academic Development specialising in Economics with Law,label_match,24.6
2026,COM,CB024ECO03,BBusSc,Economics with Law,augmented,4,158,0,158,False,0,104390,0,0,84070,BBusSc Academic Development specialising in Economics with Law,label_match,24.2
2026,COM,CB024FTX04,BBusSc,Finance with Accounting,augmented,1,161,0,161,False,0,99830,0,0,76700,BBusSc Academic Development specialising in Finance with Accounting,label_match,30.2
2026,COM,CB024FTX04,BBusSc,Finance with Accounting,augmented,2,180,0,180,False,0,109220,0,0,85190,BBusSc Academic Development specialising in Finance with Accounting,label_match,28.2
2026,COM,CB024FTX04,BBusSc,Finance with Accounting,augmented,3,170,0,170,False,0,109030,0,0,80720,BBusSc Academic Development specialising in Finance with Accounting,label_match,35.1
2026,COM,CB024FTX04,BBusSc,Finance with Accounting,augmented,4,166,0,166,False,0,110160,0,0,108870,BBusSc Academic Development specialising in Finance with Accounting,label_match,1.2
2026,COM,CB024FTX05,BBusSc,Finance,augmented,1,152,0,152,False,0,96150,0,0,,,unmatched,
2026,COM,CB024FTX05,BBusSc,Finance,augmented,2,168,0,168,False,0,100910,0,0,,,unmatched,
2026,COM,CB024FTX05,BBusSc,Finance,augmented,3,144,0,162,False,-18,87320,0,0,,,unmatched,
2026,COM,CB024FTX05,BBusSc,Finance,augmented,4,126,0,126,False,0,77360,0,0,,,unmatched,
2026,COM,CB024INF01,BBusSc,Information Systems,augmented,1,152,0,152,False,0,96150,0,0,,,unmatched,
2026,COM,CB024INF01,BBusSc,Information Systems,augmented,2,150,0,150,False,0,90390,0,0,,,unmatched,
2026,COM,CB024INF01,BBusSc,Information Systems,augmented,3,156,0,156,False,0,98780,0,0,,,unmatched,
2026,COM,CB024INF01,BBusSc,Information Systems,augmented,4,158,0,158,False,0,90330,0,0,,,unmatched,
2026,COM,CB024STA13,BBusSc,Statistics and Data Science,augmented,1,170,0,170,False,0,106350,0,0,,,unmatched,
2026,COM,CB024STA13,BBusSc,Statistics and Data Science,augmented,2,186,0,186,False,0,110550,0,0,,,unmatched,
2026,COM,CB024STA13,BBusSc,Statistics and Data Science,augmented,3,210,0,198,True,12,103360,0,2,,,unmatched,
2026,COM,CB024STA13,BBusSc,Statistics and Data Science,augmented,4,160,0,160,False,0,79770,0,0,,,unmatched,
2026,COM,CB025BUS01,BBusSc,Actuarial Science,augmented,1,182,0,182,False,0,112280,0,0,,,unmatched,
2026,COM,CB025BUS01,BBusSc,Actuarial Science,augmented,2,186,0,186,False,0,111950,0,0,,,unmatched,
2026,COM,CB025BUS01,BBusSc,Actuarial Science,augmented,3,180,0,180,False,0,88630,0,2,,,unmatched,
2026,COM,CB025BUS01,BBusSc,Actuarial Science,augmented,4,156,0,156,False,0,83550,0,0,,,unmatched,
2026,COM,CB025BUS09,BBusSc,Actuarial Science: Quantitative Finance,augmented,1,182,0,182,False,0,112280,0,0,68480,BBusSc Academic Development specialising in Actuarial Science: Quantitative Finance Stream,label_match,64.0
2026,COM,CB025BUS09,BBusSc,Actuarial Science: Quantitative Finance,augmented,2,186,0,186,False,0,111950,0,0,65880,BBusSc Academic Development specialising in Actuarial Science: Quantitative Finance Stream,label_match,69.9
2026,COM,CB025BUS09,BBusSc,Actuarial Science: Quantitative Finance,augmented,3,198,0,198,False,0,96960,0,2,89870,BBusSc Academic Development specialising in Actuarial Science: Quantitative Finance Stream,label_match,7.9
2026,COM,CB025BUS09,BBusSc,Actuarial Science: Quantitative Finance,augmented,4,129,0,129,False,0,77050,0,0,75880,BBusSc Academic Development specialising in Actuarial Science: Quantitative Finance Stream,label_match,1.5
2026,COM,CB026BUS01,BCom,Actuarial Science,augmented,1,182,0,182,False,0,112280,0,0,,,unmatched,
2026,COM,CB026BUS01,BCom,Actuarial Science,augmented,2,186,0,186,False,0,111950,0,0,,,unmatched,
2026,COM,CB026BUS01,BCom,Actuarial Science,augmented,3,162,0,162,False,0,77590,0,2,,,unmatched,
2026,COM,CB026BUS09,BCom,Actuarial Science: Quantitative Finance,augmented,1,182,0,182,False,0,112280,0,0,,,unmatched,
2026,COM,CB026BUS09,BCom,Actuarial Science: Quantitative Finance,augmented,2,186,0,186,False,0,111950,0,0,,,unmatched,
2026,COM,CB026BUS09,BCom,Actuarial Science: Quantitative Finance,augmented,3,180,0,180,False,0,85920,0,2,,,unmatched,
