year,faculty_section,programme_label,study_year,fee_zar,margin_note,source_page
2021,Commerce,Bachelor of Commerce specialising in Financial Accounting General Accounting Stream,1,68490,Regular curriculum,41
2021,Commerce,Bachelor of Commerce specialising in Financial Accounting General Accounting Stream,2,76560,- no repeat courses,41
2021,Commerce,Bachelor of Commerce specialising in Financial Accounting General Accounting Stream,3,66910,,41
2021,Commerce,Bachelor of Commerce specialising in Financial | Chartered Accounting Stream,1,68490,,41
2021,Commerce,Bachelor of Commerce specialising in Financial | Chartered Accounting Stream,2,84930,,41
2021,Commerce,Bachelor of Commerce specialising in Financial | Chartered Accounting Stream,3,67140,,41
2021,Commerce,BCom specialising in Actuarial Science,1,85250,,41
2021,Commerce,BCom specialising in Actuarial Science,2,86900,,41
2021,Commerce,BCom specialising in Actuarial Science,3,84020,,41
2021,Commerce,BCom specialising in Actuarial Science Quantitative Finance Stream,1,85250,,41
2021,Commerce,BCom specialising in Actuarial Science Quantitative Finance Stream,2,86900,,41
2021,Commerce,BCom specialising in Actuarial Science Quantitative Finance Stream,3,84020,,41
2021,Commerce,BCom specialising in Financial Accounting: Accounting with Law Stream,1,68490,,41
2021,Commerce,BCom specialising in Financial Accounting: Accounting with Law Stream,2,74090,,41
2021,Commerce,BCom specialising in Financial Accounting: Accounting with Law Stream,3,65720,,41
2021,Commerce,BCom specialising in Economics & Finance,1,77030,,41
2021,Commerce,BCom specialising in Economics & Finance,2,70520,-R 86 210,41
2021,Commerce,BCom specialising in Economics & Finance,3,68570,,41
2021,Commerce,BCom specialising in Economics & Statistics,1,76780,-R 76 900,41
2021,Commerce,BCom specialising in Economics & Statistics,2,72750,-R 75 420,41
2021,Commerce,BCom specialising in Economics & Statistics,3,84820,,41
2021,Commerce,BCom specialising in Economics with Law,1,68490,,42
2021,Commerce,BCom specialising in Economics with Law,2,73370,-R75 960,42
2021,Commerce,BCom specialising in Economics with Law,3,65820,,42
2021,Commerce,BCom specialising in Information Systems,1,67750,-R68 000,42
2021,Commerce,BCom specialising in Information Systems,2,77210,,42
2021,Commerce,BCom specialising in Information Systems,3,77080,,42
2021,Commerce,BCom specialising in Information Systems & Computer Science,1,68180,-R 76 590,42
2021,Commerce,BCom specialising in Information Systems & Computer Science,2,74990,,42
2021,Commerce,BCom specialising in Information Systems & Computer Science,3,67620,,42
2021,Commerce,BCom specialising in Information Systems & Finance,1,76690,– R 77 030,42
2021,Commerce,BCom specialising in Information Systems & Finance,2,76720,,42
2021,Commerce,BCom specialising in Information Systems & Finance,3,71030,,42
2021,Commerce,BCom in the field of Management Studies,1,84640,– R 84 760,42
2021,Commerce,BCom in the field of Management Studies,2,79630,,42
2021,Commerce,BCom in the field of Management Studies,3,68800,,42
2021,Commerce,"BCom specialising in Philosophy, Politics & Economics",1,66280,,42
2021,Commerce,"BCom specialising in Philosophy, Politics & Economics",2,79130,,42
2021,Commerce,"BCom specialising in Philosophy, Politics & Economics",3,74110,– R 86 250,42
2021,Commerce,Bachelor of Business Science BBusSc specialising in Actuarial Science,1,85250,,42
2021,Commerce,Bachelor of Business Science BBusSc specialising in Actuarial Science,2,87680,,42
2021,Commerce,Bachelor of Business Science BBusSc specialising in Actuarial Science,3,86240,,42
2021,Commerce,Bachelor of Business Science BBusSc specialising in Actuarial Science,4,73000,,42
2021,Commerce,BBusSc specialising in Actuarial Science: Quantitative Finance Stream,1,85250,,42
2021,Commerce,BBusSc specialising in Actuarial Science: Quantitative Finance Stream,2,86900,,42
2021,Commerce,BBusSc specialising in Actuarial Science: Quantitative Finance Stream,3,92620,,42
2021,Commerce,BBusSc specialising in Actuarial Science: Quantitative Finance Stream,4,68510,,42
2021,Commerce,BBusSc specialising in Finance (Non CA Option),1,77030,,42
2021,Commerce,BBusSc specialising in Finance (Non CA Option),2,78890,,42
2021,Commerce,BBusSc specialising in Finance (Non CA Option),3,76730,,42
2021,Commerce,BBusSc specialising in Finance (Non CA Option),4,68600,,42
2021,Commerce,BBusSc specialising in Finance with Accounting (CA Option),1,77030,,42
2021,Commerce,BBusSc specialising in Finance with Accounting (CA Option),2,78150,,43
2021,Commerce,BBusSc specialising in Finance with Accounting (CA Option),3,85080,,43
2021,Commerce,BBusSc specialising in Finance with Accounting (CA Option),4,77200,,43
2021,Commerce,BBusSc specialising in Analytics,1,85000,,43
2021,Commerce,BBusSc specialising in Analytics,2,86670,,43
2021,Commerce,BBusSc specialising in Analytics,3,103950,- R112 520,43
2021,Commerce,BBusSc specialising in Analytics,4,71030,,43
2021,Commerce,BBusSc specialising in Computer Science,1,59390,– R 67 800,43
2021,Commerce,BBusSc specialising in Computer Science,2,75950,,43
2021,Commerce,BBusSc specialising in Computer Science,3,84080,,43
2021,Commerce,BBusSc specialising in Computer Science,4,67080,,43
2021,Commerce,BBusSc specialising in Economics,1,77030,,43
2021,Commerce,BBusSc specialising in Economics,2,72980,– R 78 530,43
2021,Commerce,BBusSc specialising in Economics,3,77170,– R 107 110,43
2021,Commerce,BBusSc specialising in Economics,4,85900,,43
2021,Commerce,BBusSc specialising in Economics with Law,1,77030,,43
2021,Commerce,BBusSc specialising in Economics with Law,2,76880,,43
2021,Commerce,BBusSc specialising in Economics with Law,3,74190,,43
2021,Commerce,BBusSc specialising in Economics with Law,4,94500,,43
2021,Commerce,BBusSc specialising in Information Systems,1,84640,– R 84 890,43
2021,Commerce,BBusSc specialising in Information Systems,2,79920,,43
2021,Commerce,BBusSc specialising in Information Systems,3,77080,,43
2021,Commerce,BBusSc specialising in Information Systems,4,78900,,43
2021,Commerce,BBusSc specialising in Marketing,1,77030,,43
2021,Commerce,BBusSc specialising in Marketing,2,78890,,43
2021,Commerce,BBusSc specialising in Marketing,3,76810,,43
2021,Commerce,BBusSc specialising in Marketing,4,84360,,43
2021,Commerce,BBusSc specialising in Organisational Psychology,1,75390,,43
2021,Commerce,BBusSc specialising in Organisational Psychology,2,77010,,43
2021,Commerce,BBusSc specialising in Organisational Psychology,3,84200,,43
2021,Commerce,BBusSc specialising in Organisational Psychology,4,80210,,43
2021,Commerce,Bachelor of Commerce Academic Development specialising in Financial Accounting Chartered Accounting Stream,1,59950,,43
2021,Commerce,Bachelor of Commerce Academic Development specialising in Financial Accounting Chartered Accounting Stream,2,67960,,43
2021,Commerce,Bachelor of Commerce Academic Development specialising in Financial Accounting Chartered Accounting Stream,3,58390,,43
2021,Commerce,Bachelor of Commerce Academic Development specialising in Financial Accounting Chartered Accounting Stream,4,51420,,43
2021,Commerce,BCom Academic Development specialising in Financial Accounting General Accounting Stream,1,59890,,44
2021,Commerce,BCom Academic Development specialising in Financial Accounting General Accounting Stream,2,59360,,44
2021,Commerce,BCom Academic Development specialising in Financial Accounting General Accounting Stream,3,50760,,44
2021,Commerce,BCom Academic Development specialising in Financial Accounting General Accounting Stream,4,49810,,44
2021,Commerce,BCom Academic Development specialising in Actuarial Science,1,51290,,44
2021,Commerce,BCom Academic Development specialising in Actuarial Science,2,51290,,44
2021,Commerce,BCom Academic Development specialising in Actuarial Science,3,70480,,44
2021,Commerce,BCom Academic Development specialising in Actuarial Science,4,77540,,44
2021,Commerce,BCom Academic Development specialising in Actuarial Science Quantitative Finance Stream,1,51290,,44
2021,Commerce,BCom Academic Development specialising in Actuarial Science Quantitative Finance Stream,2,59150,,44
2021,Commerce,BCom Academic Development specialising in Actuarial Science Quantitative Finance Stream,3,62620,,44
2021,Commerce,BCom Academic Development specialising in Actuarial Science Quantitative Finance Stream,4,84020,,44
2021,Commerce,BCom Academic Development specialising in Financial Accounting: Accounting with Law Stream,1,51540,,44
2021,Commerce,BCom Academic Development specialising in Financial Accounting: Accounting with Law Stream,2,59620,,44
2021,Commerce,BCom Academic Development specialising in Financial Accounting: Accounting with Law Stream,3,57120,,44
2021,Commerce,BCom Academic Development specialising in Financial Accounting: Accounting with Law Stream,4,40020,,44
2021,Commerce,BCom Academic Development specialising in Economics & Finance,1,51290,,44
2021,Commerce,BCom Academic Development specialising in Economics & Finance,2,50800,,44
2021,Commerce,BCom Academic Development specialising in Economics & Finance,3,67350,,44
2021,Commerce,BCom Academic Development specialising in Economics & Finance,4,51600,,44
2021,Commerce,BCom Academic Development specialising in Economics & Statistics,1,51540,,44
2021,Commerce,BCom Academic Development specialising in Economics & Statistics,2,50550,,44
2021,Commerce,BCom Academic Development specialising in Economics & Statistics,3,58750,,44
2021,Commerce,BCom Academic Development specialising in Economics & Statistics,4,76220,,44
2021,Commerce,BCom Academic Development specialising in Economics with Law,1,59890,,44
2021,Commerce,BCom Academic Development specialising in Economics with Law,2,51370,,44
2021,Commerce,BCom Academic Development specialising in Economics with Law,3,57220,,44
2021,Commerce,BCom Academic Development specialising in Economics with Law,4,57220,,44
2021,Commerce,BCom Academic Development specialising in Information Systems,1,51540,,45
2021,Commerce,BCom Academic Development specialising in Information Systems,2,51660,,45
2021,Commerce,BCom Academic Development specialising in Information Systems,3,68460,,45
2021,Commerce,BCom Academic Development specialising in Information Systems,4,50630,,45
2021,Commerce,BCom Academic Development specialising in Information Systems & Computer Science,1,51290,,45
2021,Commerce,BCom Academic Development specialising in Information Systems & Computer Science,2,50070,,45
2021,Commerce,BCom Academic Development specialising in Information Systems & Computer Science,3,61470,,45
2021,Commerce,BCom Academic Development specialising in Information Systems & Computer Science,4,59020,,45
2021,Commerce,BCom Academic Development specialising in Information Systems & Finance,1,60140,,45
2021,Commerce,BCom Academic Development specialising in Information Systems & Finance,2,51410,,45
2021,Commerce,BCom Academic Development specialising in Information Systems & Finance,3,60140,,45
2021,Commerce,BCom Academic Development specialising in Information Systems & Finance,4,53090,,45
2021,Commerce,"BCom Academic Development specialising in Philosophy, Politics & Economics",1,49080,,45
2021,Commerce,"BCom Academic Development specialising in Philosophy, Politics & Economics",2,51350,,45
2021,Commerce,"BCom Academic Development specialising in Philosophy, Politics & Economics",3,44980,,45
2021,Commerce,"BCom Academic Development specialising in Philosophy, Politics & Economics",4,82710,,45
2021,Commerce,Bachelor of Business Science Academic Development specialising in Actuarial Science,1,51100,,45
2021,Commerce,Bachelor of Business Science Academic Development specialising in Actuarial Science,2,51290,,45
2021,Commerce,Bachelor of Business Science Academic Development specialising in Actuarial Science,3,70480,,45
2021,Commerce,Bachelor of Business Science Academic Development specialising in Actuarial Science,4,86140,,45
2021,Commerce,Bachelor of Business Science Academic Development specialising in Actuarial Science,5,73530,,45
2021,Commerce,BBusSc Academic Development specialising in Actuarial Science: Quantitative Finance Stream,1,51290,,45
2021,Commerce,BBusSc Academic Development specialising in Actuarial Science: Quantitative Finance Stream,2,51290,,45
2021,Commerce,BBusSc Academic Development specialising in Actuarial Science: Quantitative Finance Stream,3,70480,,45
2021,Commerce,BBusSc Academic Development specialising in Actuarial Science: Quantitative Finance Stream,4,92620,,45
2021,Commerce,BBusSc Academic Development specialising in Actuarial Science: Quantitative Finance Stream,5,68510,,45
2021,Commerce,BBusSc Academic Development specialising in Analytics,1,50550,,45
2021,Commerce,BBusSc Academic Development specialising in Analytics,2,51040,,45
2021,Commerce,BBusSc Academic Development specialising in Analytics,3,78810,,45
2021,Commerce,BBusSc Academic Development specialising in Analytics,4,105760,,45
2021,Commerce,BBusSc Academic Development specialising in Analytics,5,71030,,45
2021,Commerce,BBusSc Academic Development specialising in Finance with Accounting,1,59090,,46
2021,Commerce,BBusSc Academic Development specialising in Finance with Accounting,2,59170,,46
2021,Commerce,BBusSc Academic Development specialising in Finance with Accounting,3,79760,,46
2021,Commerce,BBusSc Academic Development specialising in Finance with Accounting,4,67880,,46
2021,Commerce,BBusSc Academic Development specialising in Finance with Accounting,5,68600,,46
2021,Commerce,BBusSc Academic Development specialising in Finance,1,59830,,46
2021,Commerce,BBusSc Academic Development specialising in Finance,2,70460,,46
2021,Commerce,BBusSc Academic Development specialising in Finance,3,42690,,46
2021,Commerce,BBusSc Academic Development specialising in Finance,4,68210,,46
2021,Commerce,BBusSc Academic Development specialising in Finance,5,68600,,46
2021,Commerce,BBusSc Academic Development specialising in Computer Science,1,51040,,46
2021,Commerce,BBusSc Academic Development specialising in Computer Science,2,58920,,46
2021,Commerce,BBusSc Academic Development specialising in Computer Science,3,58980,,46
2021,Commerce,BBusSc Academic Development specialising in Computer Science,4,64560,,46
2021,Commerce,BBusSc Academic Development specialising in Computer Science,5,67080,,46
2021,Commerce,BBusSc Academic Development specialising in Economics,1,59890,,46
2021,Commerce,BBusSc Academic Development specialising in Economics,2,59400,,46
2021,Commerce,BBusSc Academic Development specialising in Economics,3,70440,,46
2021,Commerce,BBusSc Academic Development specialising in Economics,4,59020,,46
2021,Commerce,BBusSc Academic Development specialising in Economics,5,85900,,46
2021,Commerce,BBusSc Academic Development specialising in Economics with Law,1,59890,,46
2021,Commerce,BBusSc Academic Development specialising in Economics with Law,2,54000,,46
2021,Commerce,BBusSc Academic Development specialising in Economics with Law,3,56990,,46
2021,Commerce,BBusSc Academic Development specialising in Economics with Law,4,65820,,46
2021,Commerce,BBusSc Academic Development specialising in Economics with Law,5,85900,,46
2021,Commerce,BBusSc Academic Development specialising in Information Systems,1,56460,,46
2021,Commerce,BBusSc Academic Development specialising in Information Systems,2,49200,,46
2021,Commerce,BBusSc Academic Development specialising in Information Systems,3,70180,,46
2021,Commerce,BBusSc Academic Development specialising in Information Systems,4,57390,,46
2021,Commerce,BBusSc Academic Development specialising in Information Systems,5,75340,,46
2021,Commerce,BBusSc Academic Development specialising in Marketing,1,59150,,46
2021,Commerce,BBusSc Academic Development specialising in Marketing,2,51540,,46
2021,Commerce,BBusSc Academic Development specialising in Marketing,3,71090,,46
2021,Commerce,BBusSc Academic Development specialising in Marketing,4,60110,,47
2021,Commerce,BBusSc Academic Development specialising in Marketing,5,78900,,47
2021,Commerce,BBusSc Academic Development specialising in Organisational Psychology,1,58250,,47
2021,Commerce,BBusSc Academic Development specialising in Organisational Psychology,2,62600,,47
2021,Commerce,BBusSc Academic Development specialising in Organisational Psychology,3,59460,,47
2021,Commerce,BBusSc Academic Development specialising in Organisational Psychology,4,54910,,47
2021,Commerce,BBusSc Academic Development specialising in Organisational Psychology,5,80210,,47
2021,Commerce,Postgraduate Bachelor of Commerce Honours Per year of specialising in Accounting,,78510,,47
2021,Commerce,study specialising in Actuarial Science,,56430,,47
2021,Commerce,specialising in Economics,,77400,,47
2021,Commerce,specialising in Economic Analysis of Portfolio Management (Part -time,,77400,,47
2021,Commerce,specialising in Finance,,51500,,47
2021,Commerce,specialising in Quantitative Finance,,51410,,47
2021,Commerce,BBusSc Academic Development specialising in Organisational Psychology | specialising in Information Systems,1,33190,,47
2021,Commerce,BBusSc Academic Development specialising in Organisational Psychology | specialising in Information Systems,2,18150,,47
2021,Commerce,BBusSc Academic Development specialising in Organisational Psychology | specialising in Management Information Systems,1,55230,,47
2021,Commerce,BBusSc Academic Development specialising in Organisational Psychology | specialising in Management Information Systems,2,23640,,47
2021,Commerce,specialising in Organisational Psychology (Change Management),,63110,,47
2021,Commerce,specialising in Statistics,,61140,,47
2021,Commerce,BBusSc Academic Development specialising in Organisational Psychology | specialising in Taxation,1,65840,,47
2021,Commerce,BBusSc Academic Development specialising in Organisational Psychology | specialising in Taxation,2,13410,,47
2021,Commerce,Masters Master of Commerce (by Coursework and Dissertation) specialising in Actuarial Science,,116320,,47
2021,Commerce,specialising in Economics,,60200,,47
2021,Commerce,specialising in Applied Economics,,45760,,47
2021,Commerce,specialising in Economic Development,,45760,,47
2021,Commerce,specialising in Economic Science,,94600,,47
2021,Commerce,"specialising in Financial Reporting, Analysis and Governance",,77860,,47
2021,Commerce,specialising in Finance in the field of Financial Management,,82640,,47
2021,Commerce,In the field of Investment Management,,91920,,47
2021,Commerce,in the field of Corporate Finance and Valuation,,96050,,47
2021,Commerce,BBusSc Academic Development specialising in Organisational Psychology | specialising in Taxation in the field of South African Income Tax,1,65700,,47
2021,Commerce,BBusSc Academic Development specialising in Organisational Psychology | specialising in Taxation in the field of South African Income Tax,2,24120,,47
2021,Commerce,In the field of International Taxation,,89960,,47
2021,Commerce,Masters of Philosophy Development Policy and Practice,,95080,,48
2021,Commerce,Master of Philosophy Specialising in Financial Technology,,81470,,48
2021,Commerce,Specialising in Mathematical Finance,,95440,,48
2021,Commerce,Master of People Management,,60560,,48
2021,Commerce,Specialising in Programme Evaluation,,60480,,48
2021,Commerce,Masters of Applied Finance,,100330,,48
2021,Commerce,Masters of Development Policy and Practice,,204660,,48
2021,Commerce,Master of Commerce in Risk Management of Financial Markets,,85610,,48
2021,Commerce,Doctoral Degrees Doctoral (PhD) (per year),,22420,,48
2021,Commerce,Doctor of Philosophy specialising in Information Systems,,43760,,48
2021,Commerce,specialising in Economics (with Coursework),,99820,,48
2021,Commerce,Diplomas Postgraduate Diploma in Accounting,,65100,,48
2021,Commerce,Postgraduate Diploma in Actuarial Science,,112500,,48
2021,Commerce,Postgraduate Diploma in Public Sector Accounting,,65320,,48
2021,Commerce,Postgraduate Diploma in Management specialising in Entrepreneurship ......................... R 62 290 -R 67 330 specialising in Marketing …. ................................. R 62 450-R 66 710 specialising in Sports ......................................... R 70 180 -R 75 220 specialising in Information Systems,,63830,,48
2021,Commerce,specialising in Development Policy and Practice,,158140,,48
2021,Commerce,specialising in Survey Data analysis,,80780,,48
2021,Engineering & The Built Environment,Bachelor of Architectural Studies,1,71440,Regular,48
2021,Engineering & The Built Environment,Bachelor of Architectural Studies,2,68170,curriculum,48
2021,Engineering & The Built Environment,Bachelor of Architectural Studies,3,71240,- no repeat,48
2021,Engineering & The Built Environment,courses BSc (Geomatics),1,67280,,48
2021,Engineering & The Built Environment,courses BSc (Geomatics),2,84650,,48
2021,Engineering & The Built Environment,courses BSc (Geomatics),3,75750,,48
2021,Engineering & The Built Environment,courses BSc (Geomatics),4,77070,,48
2021,Engineering & The Built Environment,BSc Eng (Chemical),1,70130,,48
2021,Engineering & The Built Environment,BSc Eng (Chemical),2,76990,,48
2021,Engineering & The Built Environment,BSc Eng (Chemical),3,79500,,48
2021,Engineering & The Built Environment,BSc Eng (Chemical),4,78240,,48
2021,Engineering & The Built Environment,BSc Eng (Civil),1,70490,,49
2021,Engineering & The Built Environment,BSc Eng (Civil),2,70570,,49
2021,Engineering & The Built Environment,BSc Eng (Civil),3,70270,,49
2021,Engineering & The Built Environment,BSc Eng (Civil),4,95440,,49
2021,Engineering & The Built Environment,BSc Eng (Electrical),1,78840,,49
2021,Engineering & The Built Environment,BSc Eng (Electrical),2,78840,,49
2021,Engineering & The Built Environment,BSc Eng (Electrical),3,65700,,49
2021,Engineering & The Built Environment,BSc Eng (Electrical),4,44650,,49
2021,Engineering & The Built Environment,BSc Eng (Electrical & Computer),1,71700,,49
2021,Engineering & The Built Environment,BSc Eng (Electrical & Computer),2,75150,,49
2021,Engineering & The Built Environment,BSc Eng (Electrical & Computer),3,62860,,49
2021,Engineering & The Built Environment,BSc Eng (Electrical & Computer),4,33670,,49
2021,Engineering & The Built Environment,BSc Eng (Mechatronics),1,71700,,49
2021,Engineering & The Built Environment,BSc Eng (Mechatronics),2,78540,,49
2021,Engineering & The Built Environment,BSc Eng (Mechatronics),3,76930,,49
2021,Engineering & The Built Environment,BSc Eng (Mechatronics),4,65450,,49
2021,Engineering & The Built Environment,BSc Eng (Mechanical),1,72350,,49
2021,Engineering & The Built Environment,BSc Eng (Mechanical),2,73470,,49
2021,Engineering & The Built Environment,BSc Eng (Mechanical),3,76210,,49
2021,Engineering & The Built Environment,BSc Eng (Mechanical),4,54480,,49
2021,Engineering & The Built Environment,BSc Eng (Electro-Mechanical),1,68100,,49
2021,Engineering & The Built Environment,BSc Eng (Electro-Mechanical),2,96010,,49
2021,Engineering & The Built Environment,BSc Eng (Electro-Mechanical),3,76340,,49
2021,Engineering & The Built Environment,BSc Eng (Electro-Mechanical),4,60900,,49
2021,Engineering & The Built Environment,BSc in Construction Studies,1,68240,,49
2021,Engineering & The Built Environment,BSc in Construction Studies,2,73470,,49
2021,Engineering & The Built Environment,BSc in Construction Studies,3,71350,,49
2021,Engineering & The Built Environment,BSc in Property Studies,1,80230,,49
2021,Engineering & The Built Environment,BSc in Property Studies,2,71680,,49
2021,Engineering & The Built Environment,BSc in Property Studies,3,61920,,49
2021,Engineering & The Built Environment,Postgraduate BSc (Hons) (Geographical Info Systems),,72750,,49
2021,Engineering & The Built Environment,Per year of BSc (Hons) (Construction Management),,74640,,49
2021,Engineering & The Built Environment,study BSc (Hons) (Property Studies),,63680,,49
2021,Engineering & The Built Environment,BSc (Hons) (Quantity Surveying),,76300,,49
2021,Engineering & The Built Environment,BSc (Hons) (Materials Science),,64950,,49
2021,Engineering & The Built Environment,Bachelor of Architectural Studies (Hons),,70500,,50
2021,Engineering & The Built Environment,Bachelor of Nuclear Power (Hons),,68600,,50
2021,Engineering & The Built Environment,Bachelor of City Planning (Hons),,81000,,50
2021,Engineering & The Built Environment,Bachelor of Landscape Architecture (Hons),,77430,,50
2021,Engineering & The Built Environment,Master’s by Dissertation only (180 credits),,34180,,50
2021,Engineering & The Built Environment,Master of Architecture (Professional),,75350,,50
2021,Engineering & The Built Environment,Master of City & Regional Planning,,77520,,50
2021,Engineering & The Built Environment,BSc in Property Studies | Master’s by Dissertation (120 credits) and Coursework,1,44230,,50
2021,Engineering & The Built Environment,BSc in Property Studies | Master’s by Dissertation (120 credits) and Coursework,2,44230,,50
2021,Engineering & The Built Environment,Master of Geotechnical Engineering,,96730,,50
2021,Engineering & The Built Environment,BSc in Property Studies | Master of Transport Studies,1,59680,,50
2021,Engineering & The Built Environment,BSc in Property Studies | Master of Transport Studies,2,59190,,50
2021,Engineering & The Built Environment,Master of Science in Property Studies,,114340,,50
2021,Engineering & The Built Environment,Master of Science in Project Management,,87150,,50
2021,Engineering & The Built Environment,BSc in Property Studies | Master of Landscape Architecture,1,77030,,50
2021,Engineering & The Built Environment,BSc in Property Studies | Master of Landscape Architecture,2,64340,,50
2021,Engineering & The Built Environment,BSc in Property Studies | MPhil In Conservation of Built Environment,1,57600,,50
2021,Engineering & The Built Environment,BSc in Property Studies | MPhil In Conservation of Built Environment,2,52200,,50
2021,Engineering & The Built Environment,MPhil (Transport Studies),,89440,,50
2021,Engineering & The Built Environment,Doctoral (PhD) (per year),,22420,,50
2021,Health Sciences,MBChB,1,89370,Regular,50
2021,Health Sciences,MBChB,2,105600,curriculum,50
2021,Health Sciences,MBChB,3,107090,,50
2021,Health Sciences,MBChB,4,108860,,50
2021,Health Sciences,MBChB,5,86780,,50
2021,Health Sciences,MBChB,6,108870,,50
2021,Health Sciences,1st Year – Intervention Curriculum,,83170,,50
2021,Health Sciences,BSc (Audiology),1,73920,,50
2021,Health Sciences,BSc (Audiology),2,75230,,50
2021,Health Sciences,BSc (Audiology),3,75150,,50
2021,Health Sciences,BSc (Audiology),4,72740,,50
2021,Health Sciences,1st Year – Intervention Curriculum,,60520,,50
2021,Health Sciences,BSc (Occupational Therapy),1,67390,,50
2021,Health Sciences,BSc (Occupational Therapy),2,64400,,50
2021,Health Sciences,BSc (Occupational Therapy),3,59130,,50
2021,Health Sciences,BSc (Occupational Therapy),4,75200,,50
2021,Health Sciences,1st Year – Intervention Curriculum,,52370,,50
2021,Health Sciences,BSc (Physiotherapy),1,66100,,51
2021,Health Sciences,BSc (Physiotherapy),2,83480,,51
2021,Health Sciences,BSc (Physiotherapy),3,60500,,51
2021,Health Sciences,BSc (Physiotherapy),4,68280,,51
2021,Health Sciences,1st Year – Intervention Curriculum,,55540,,51
2021,Health Sciences,BSc (Speech & Language Pathology),1,76280,,51
2021,Health Sciences,BSc (Speech & Language Pathology),2,71760,,51
2021,Health Sciences,BSc (Speech & Language Pathology),3,73060,,51
2021,Health Sciences,BSc (Speech & Language Pathology),4,72710,,51
2021,Health Sciences,1st Year – Intervention Curriculum,,64360,,51
2021,Health Sciences,BSc (Med),,70190,,51
2021,Health Sciences,Postgraduate BMedSc (Honours) Per year of Coursework,,46690,,51
2021,Health Sciences,study Research Project,,15570,,51
2021,Health Sciences,Total,,62260,,51
2021,Health Sciences,MPhil specialising in Biokinetics Coursework,,43280,,51
2021,Health Sciences,Minor Dissertation (60 credits),,21190,,51
2021,Health Sciences,MPhil specialising in Biomedical Forensic Science Coursework (per year),,52500,,51
2021,Health Sciences,Minor Dissertation (60 credits),,21190,,51
2021,Health Sciences,MPhil specialising in Clinical Paediatric Surgery Coursework (per year),,14340,,51
2021,Health Sciences,Minor Dissertation (60 credits),,6490,,51
2021,Health Sciences,MPhil specialising in Clinical Pharmacology Coursework (per year),,31900,,51
2021,Health Sciences,Minor Dissertation (60 credits),,31750,,51
2021,Health Sciences,MPhil specialising in Intellectual Disability Coursework (per year),,31750,,51
2021,Health Sciences,Minor Dissertation (90 credits),,31750,,51
2021,Health Sciences,MPhil specialising in Liaison Mental Health Coursework (per year),,14340,,51
2021,Health Sciences,Minor Dissertation (60 credits),,6490,,51
2021,Health Sciences,MPhil specialising in Occupational Health Coursework (per year),,31180,,51
2021,Health Sciences,Minor Dissertation (60 credits),,21190,,51
2021,Health Sciences,MPhil specialising in Paediatric Forensic Pathology Coursework (per year),,14340,,51
2021,Health Sciences,Minor Dissertation (60 credits),,6490,,51
2021,Health Sciences,MPhil specialising in Paediatric Pathology Coursework (per year),,14340,,52
2021,Health Sciences,Minor Dissertation (60 credits),,6490,,52
2021,Health Sciences,MPhil specialising in Palliative Medicine Coursework (per year),,31750,,52
2021,Health Sciences,Minor Dissertation (90 credits),,31750,,52
2021,Health Sciences,MPhil specialising in Sport & Exercise Medicine 1st Year (Coursework),,21190,,52
2021,Health Sciences,2nd Year (Coursework),,14170,,52
2021,Health Sciences,3rd Year (Coursework),,14170,,52
2021,Health Sciences,Minor Dissertation (60 credits),,21180,,52
2021,Health Sciences,MPhil in Emergency Medicine (Global Emergency Care Stream) Coursework,,42720,,52
2021,Health Sciences,Minor Dissertation (60 credits),,21190,,52
2021,Health Sciences,MPhil in Emergency Medicine (Clinical Emergency Care Stream) Coursework,,42720,,52
2021,Health Sciences,Minor Dissertation (60 credits),,21190,,52
2021,Health Sciences,MPhil in Emergency Medicine (Disaster Medicine Stream) Coursework,,42730,,52
2021,Health Sciences,Minor Dissertation (60 credits),,21190,,52
2021,Health Sciences,MPhil in Emergency Medicine (Patient Safety & Clin Decision-making Stream A) Coursework,,42720,,52
2021,Health Sciences,Minor Dissertation (60 credits),,21190,,52
2021,Health Sciences,MPhil in Emergency Medicine (Patient Safety & Clin Decision-making Stream B) Coursework,,34040,,52
2021,Health Sciences,Minor Dissertation (90 credits),,63790,,52
2021,Health Sciences,MPhil in Health Innovation Coursework (per year),,49950,,52
2021,Health Sciences,Electives +/_,,5880,,52
2021,Health Sciences,Minor Dissertation (60 credits),,21180,,52
2021,Health Sciences,Master of Public Health (All streams except Health Economics) Coursework (10 courses @ R5 150 each),,51500,,52
2021,Health Sciences,Minor Dissertation (60 credits),,21190,,52
2021,Health Sciences,Master of Public Health (Health Economics) Coursework (8 courses @ R 5 150 each),,41200,,52
2021,Health Sciences,Minor Dissertation (90 credits),,34920,,52
2021,Health Sciences,MMed (Speciality training) Training per year (Years 1 – 4),,16370,,52
2021,Health Sciences,Minor Dissertation (60 credits),,11570,,53
2021,Health Sciences,MPhil (Sub-speciality training) Training per year (Years 1 & 2),,15760,,53
2021,Health Sciences,Minor Dissertation (60 credits),,7140,,53
2021,Health Sciences,MSc in Exercise and Sports Physiotherapy Coursework (per year),,42770,,53
2021,Health Sciences,Minor Dissertation (60 credits),,21190,,53
2021,Health Sciences,MMedSc in Biomedical Engineering (by dissertation only) Prerequisite coursework,,30660,,53
2021,Health Sciences,Dissertation (180 credits),,35310,,53
2021,Health Sciences,MMedSc in Biomedical Engineering (by coursework & dissertation only) Compulsory coursework,,42370,,53
2021,Health Sciences,One Elective (varies between R6190 & R6800),,6800,,53
2021,Health Sciences,Minor Dissertation (90 credits),,31750,,53
2021,Health Sciences,MMedSc specialising in Genetic Counselling Coursework (per year),,63200,,53
2021,Health Sciences,Minor Dissertation (60 credits),,21190,,53
2021,Health Sciences,MSc in Nursing (by coursework and dissertation) Compulsory coursework,,22200,,53
2021,Health Sciences,Electives variable depending on choice Minor Dissertation (90 credits),,31750,,53
2021,Health Sciences,MSc in Occupational Therapy (by coursework and dissertation) Compulsory Coursework (per year),,23440,,53
2021,Health Sciences,Electives vary between R11720 & R 18 500 Minor Dissertation (90 credits),,31750,,53
2021,Health Sciences,MSc in Nursing in Child Nursing 1st Year (Coursework),,36960,,53
2021,Health Sciences,2nd Year (Coursework),,15520,,53
2021,Health Sciences,Research-related Independent Study,,15920,,53
2021,Health Sciences,MPhil by Research & Dissertation (per year),,35510,,53
2021,Health Sciences,MSc(Med) by Research & Dissertation (per year),,35510,,53
2021,Health Sciences,MSc by Research & Dissertation (per year),,35510,,53
2021,Health Sciences,PhD (per year),,22420,,53
2021,Health Sciences,MD (per year),,22420,,53
2021,Health Sciences,Diplomas PG Dip in Addictions Care,,49520,,53
2021,Health Sciences,PG Dip in Clinical Hepatology,,59190,,53
2021,Health Sciences,PG Dip in Community & General Paediatrics R 40 670 PG Dip in Clinical Developmental Paediatrics R 49 010 PG Dip in Emergency Care,,51220,,53
2021,Health Sciences,PG Dip in Disability Studies,,48280,,53
2021,Health Sciences,BSc (Speech & Language Pathology) | PG Dip in Family Medicine,1,20260,,53
2021,Health Sciences,BSc (Speech & Language Pathology) | PG Dip in Family Medicine,2,30700,,53
2021,Health Sciences,PG Dip in Healthcare Tech Management,,53120,,53
2021,Health Sciences,BSc (Speech & Language Pathology) | PG Dip in Health Economics,1,25360,,53
2021,Health Sciences,BSc (Speech & Language Pathology) | PG Dip in Health Economics,2,25950,,53
2021,Health Sciences,PG Dip in Health Leadership,,34790,,53
2021,Health Sciences,PG Dip in Health Professional Education,,50990,,54
2021,Health Sciences,PG Dip in Interdisciplinary Pain Management,,54200,,54
2021,Health Sciences,PG Dip in Neonatology,,49010,,54
2021,Health Sciences,PG Dip in Occupational Health (per year x 2),,33620,,54
2021,Health Sciences,PG Dip in Clinical Paediatric Critical Care,,49010,,54
2021,Health Sciences,PG Dip in Clinical Paediatric Diabetes,,49010,,54
2021,Health Sciences,PG Dip in Clinical Paediatric Electrophysiology & Epilepsy,,49010,,54
2021,Health Sciences,PG Dip in Clinical Paediatric Emergency Care,,49010,,54
2021,Health Sciences,PG Dip in Clinical Paediatric Gastroenterology,,49010,,54
2021,Health Sciences,PG Dip in Clinical Paediatric Haematology & Oncology,,49010,,54
2021,Health Sciences,PG Dip in Clinical Paediatric Nephrology,,49010,,54
2021,Health Sciences,PG Dip in Clinical Paediatric Physiotherapy,,49010,,54
2021,Health Sciences,PG Dip in Clinical Paediatric Pulmonology,,49010,,54
2021,Health Sciences,PG Dip in Clinical Paediatric Cardiology,,49030,,54
2021,Health Sciences,PG Dip in Clinical Paediatric Rheumatology,,49010,,54
2021,Health Sciences,PG Dip in Palliative Medicine (Adult or Paediatric),,52900,,54
2021,Health Sciences,PG Dip in Pesticide Risk Management,,50520,,54
2021,Health Sciences,PG Dip in TB-HIV Management,,52080,,54
2021,Humanities,Bachelor of Arts and Bachelor of Social Science,1,62240,Regular curriculum,54
2021,Humanities,Bachelor of Arts and Bachelor of Social Science,2,62220,- no repeat courses,54
2021,Humanities,Bachelor of Arts and Bachelor of Social Science,3,62220,,54
2021,Humanities,BA (Fine Arts),1,69410,,54
2021,Humanities,BA (Fine Arts),2,78410,,54
2021,Humanities,BA (Fine Arts),3,60640,,54
2021,Humanities,BA (Fine Arts),4,75970,,54
2021,Humanities,BA (Theatre & Performance),1,87330,,54
2021,Humanities,BA (Theatre & Performance),2,65840,,54
2021,Humanities,BA (Theatre & Performance),3,73190,,54
2021,Humanities,BA (Theatre & Performance),4,62750,,54
2021,Humanities,Bachelor of Social Science in PPE,1,73620,,54
2021,Humanities,Bachelor of Social Science in PPE,2,77420,,54
2021,Humanities,Bachelor of Social Science in PPE,3,60450,,54
2021,Humanities,Bachelor of Social Work (BSW),1,46680,,54
2021,Humanities,Bachelor of Social Work (BSW),2,63870,,54
2021,Humanities,Bachelor of Social Work (BSW),3,52660,,54
2021,Humanities,Bachelor of Social Work (BSW),4,55320,,54
2021,Humanities,BMus (General & Other Streams),1,58970,-R61 790,54
2021,Humanities,BMus (General & Other Streams),2,63730,-R71 320,54
2021,Humanities,BMus (General & Other Streams),3,65770,-R69 590,54
2021,Humanities,BMus (General & Other Streams),4,64660,-R70 620,55
2021,Humanities,BA specialising in Music Education,1,61970,-R65 970,55
2021,Humanities,BA specialising in Music Education,2,68650,-R79 580,55
2021,Humanities,BA specialising in Music Education,3,77430,-R83 760,55
2021,Humanities,BA specialising in Film and Media Production,1,62240,,55
2021,Humanities,BA specialising in Film and Media Production,2,66110,,55
2021,Humanities,BA specialising in Film and Media Production,3,70030,,55
2021,Humanities,"Diplomas Advanced Diploma in Opera 4 courses, 1 year",,50600,,55
2021,Humanities,"Advanced Diploma in Music 3 courses, 1 year",,35240,,55
2021,Humanities,"Advanced Diploma in Theatre 3 courses, 1 year",,52120,,55
2021,Humanities,Performer’s Diploma in Music,1,69090,-R71 320,55
2021,Humanities,Performer’s Diploma in Music,2,70670,-R81 830,55
2021,Humanities,Performer’s Diploma in Music,3,63080,-R83 870,55
2021,Humanities,Performer’s Diploma in Theatre and Performance,1,69730,,55
2021,Humanities,Performer’s Diploma in Theatre and Performance,2,65830,,55
2021,Humanities,Performer’s Diploma in Theatre and Performance,3,58160,,55
2021,Humanities,Postgraduate Full degree fees can vary depending on electives taken Per year of study Honours 4 Honours courses + research essay,,46100,,55
2021,Humanities,BEd Hons (4 Honours courses),,39800,,55
2021,Humanities,BA Hons in Theatre 3 Honours courses + research essay,,46050,,55
2021,Humanities,BAs Hons specialising in Dance Studies,,46050,,55
2021,Humanities,BMus Hons specialising in Performance,,46050,,55
2021,Humanities,BMus Hons specialising in Musicology,,46100,,55
2021,Humanities,BMus Hons specialising in Composition,,45890,,55
2021,Humanities,Master’s by Coursework 4 Master’s course work courses,,41640,,55
2021,Humanities,Minor dissertation,,18980,,55
2021,Humanities,Masters in Education (M.Ed) 3 Masters course work courses,,31230,,55
2021,Humanities,Minor dissertation,,18980,,55
2021,Humanities,Research Masters,,31180,,55
2021,Humanities,Masters in Theatre & Performance 2 Masters course work courses,,31300,,55
2021,Humanities,Minor dissertation,,40310,,55
2021,Humanities,Master in Television Production or Media Theory 4 Masters course work courses,,41460,,56
2021,Humanities,Research Project,,18980,,56
2021,Humanities,Master of Fine Art By dissertation,,31180,,56
2021,Humanities,Master of Music by Dissertation (MMus) Dissertation,,31180,,56
2021,Humanities,MMus by Performance & Dissertation,,64000,,56
2021,Humanities,MMus by Composition and Dissertation,,60420,,56
2021,Humanities,MMus by Coursework and Dissertation,,60620,,56
2021,Humanities,"MMus by Performance, Coursework and Dissertation",,62310,,56
2021,Humanities,Doctoral (PhD) (per year),,22420,,56
2021,Humanities,Diplomas Postgraduate Diploma in Fine Art,,57060,,56
2021,Humanities,Postgraduate Diploma in African Studies,,46100,,56
2021,Humanities,Postgraduate Diploma in ACET Education,,39800,,56
2021,Humanities,Postgraduate Diploma in Educational Technology,,39800,,56
2021,Humanities,Postgraduate Diploma in Higher Education Studies,,39760,,56
2021,Humanities,Postgraduate Diploma in Library and Information studies,,46100,,56
2021,Humanities,Postgraduate Diploma in Music Performance 4 Courses,,45020,,56
2021,Humanities,Certificates Postgraduate Certificate in Education: Foundation Phase,,57610,,56
2021,Humanities,Intermediate & Senior Phase,,66870,,56
2021,Law,Degrees Undergraduate LLB Regular curriculum 1st Year – depending on electives,,63300,,56
2021,Law,- no repeat courses 2nd Year – depending on electives,,67720,,56
2021,Law,3rd Year – depending on electives,,71700,,56
2021,Law,4th Year – depending on electives,,75350,,56
2021,Law,Graduate LLB,1,62840,,56
2021,Law,Graduate LLB,2,71700,,56
2021,Law,Graduate LLB,3,75350,,56
2021,Law,Postgraduate LLM/MPhil by Coursework and Dissertation Coursework (4 courses),,77960,,56
2021,Law,Dissertation,,9790,,56
2021,Law,Master of Laws in Commercial Law Coursework (4 courses),,77960,,57
2021,Law,Research Tasks (4 Tasks),,8200,,57
2021,Law,Master of Laws in Dispute Resolution Coursework (4 courses),,77960,,57
2021,Law,Research Tasks (4 Tasks),,8200,,57
2021,Law,Master of Laws in Intellectual Property Law Coursework (4 courses),,77960,,57
2021,Law,Research Tasks (4 Tasks),,8200,,57
2021,Law,Master of Laws in International Trade Law Coursework (4 courses),,77960,,57
2021,Law,Research Tasks (4 Tasks),,8200,,57
2021,Law,Master of Laws in Labour Law Coursework (4 courses),,77960,,57
2021,Law,Research Tasks (4 Tasks),,8200,,57
2021,Law,Master of Laws in Environmental Law Coursework (4 courses),,77960,,57
2021,Law,Research Tasks (4 Tasks),,8200,,57
2021,Law,Master of Laws in Marine & Environmental Law Coursework (4 courses),,77960,,57
2021,Law,Research Tasks (4 Tasks),,8200,,57
2021,Law,Master of Laws in the Law of Mineral and Petroleum Extraction and Use Coursework (4 courses),,77960,,57
2021,Law,Research Tasks (4 Tasks),,8200,,57
2021,Law,Master of Laws in Shipping Law Coursework (4 courses),,77960,,57
2021,Law,Research Tasks (4 Tasks),,8200,,57
2021,Law,Master of Laws in Tax Law Coursework (4 courses),,77960,,57
2021,Law,Research Tasks (4 Tasks),,8200,,57
2021,Law,Per year of study LLM/MPhil by Dissertation only,,18520,,57
2021,Law,Diplomas Postgraduate Diploma in Law Coursework (4 courses),,77960,,57
2021,Law,Doctoral (PhD) (per year),,22420,,57
2021,Science,Bachelor of Science,1,68000,Regular curriculum,57
2021,Science,Bachelor of Science,2,68000,- no repeat courses,57
2021,Science,Bachelor of Science,3,68000,,57
2021,Science,Extended Degree 1st Year of EDP,,34000,,58
2021,Science,Programme (EDP:2 nd Year of EDP,,37000,,58
2021,Science,1st year over 2 years) Postgraduate Bachelor of Science Honours,,58700,,58
2021,Science,Per year of study Master of Science & MPhil MSc by Dissertation only,,31200,,58
2021,Science,MSc by Coursework & Dissertation Coursework (full year),,61000,,58
2021,Science,Coursework (half year),,30600,,58
2021,Science,Minor Dissertation,,31200,,58
2021,Science,Doctoral (PhD) (per year),,22420,,58
2022,Commerce,Bachelor of Commerce specialising in Financial Accounting General Accounting Stream,1,71440,Regular curriculum,43
2022,Commerce,Bachelor of Commerce specialising in Financial Accounting General Accounting Stream,2,70880,- no repeat courses,43
2022,Commerce,Bachelor of Commerce specialising in Financial Accounting General Accounting Stream,3,69790,,43
2022,Commerce,Bachelor of Commerce specialising in Financial | Chartered Accounting Stream,1,71440,,43
2022,Commerce,Bachelor of Commerce specialising in Financial | Chartered Accounting Stream,2,79610,,43
2022,Commerce,Bachelor of Commerce specialising in Financial | Chartered Accounting Stream,3,70030,,43
2022,Commerce,BCom specialising in Actuarial Science,1,88910,,43
2022,Commerce,BCom specialising in Actuarial Science,2,91430,,43
2022,Commerce,BCom specialising in Actuarial Science,3,80860,,43
2022,Commerce,BCom specialising in Actuarial Science Quantitative Finance Stream,1,88910,,43
2022,Commerce,BCom specialising in Actuarial Science Quantitative Finance Stream,2,91430,,43
2022,Commerce,BCom specialising in Actuarial Science Quantitative Finance Stream,3,87620,,43
2022,Commerce,BCom specialising in Financial Accounting: Accounting with Law Stream,1,71440,,43
2022,Commerce,BCom specialising in Financial Accounting: Accounting with Law Stream,2,77270,,43
2022,Commerce,BCom specialising in Financial Accounting: Accounting with Law Stream,3,68540,,43
2022,Commerce,BCom specialising in Economics & Finance,1,80350,,43
2022,Commerce,BCom specialising in Economics & Finance,2,73550,– R 96 920,43
2022,Commerce,BCom specialising in Economics & Finance,3,71520,,43
2022,Commerce,BCom specialising in Economics & Statistics,1,80090,– R 88 910,43
2022,Commerce,BCom specialising in Economics & Statistics,2,75870,,43
2022,Commerce,BCom specialising in Economics & Statistics,3,88460,,43
2022,Commerce,BCom specialising in Economics with Law,1,71440,,44
2022,Commerce,BCom specialising in Economics with Law,2,77380,,44
2022,Commerce,BCom specialising in Economics with Law,3,68650,,44
2022,Commerce,BCom specialising in Information Systems,1,70670,– R 70 930,44
2022,Commerce,BCom specialising in Information Systems,2,71570,,44
2022,Commerce,BCom specialising in Information Systems,3,80380,,44
2022,Commerce,BCom specialising in Information Systems & Computer Science,1,70970,– R 71 120,44
2022,Commerce,BCom specialising in Information Systems & Computer Science,2,78210,,44
2022,Commerce,BCom specialising in Information Systems & Computer Science,3,70520,,44
2022,Commerce,BCom specialising in Information Systems & Finance,1,80090,– R 80 350,44
2022,Commerce,BCom specialising in Information Systems & Finance,2,80030,,44
2022,Commerce,BCom specialising in Information Systems & Finance,3,74080,,44
2022,Commerce,BCom in the field of Management Studies,1,88290,– R 88 400,44
2022,Commerce,BCom in the field of Management Studies,2,83050,,44
2022,Commerce,BCom in the field of Management Studies,3,71680,– R 80 110,44
2022,Commerce,"BCom specialising in Philosophy, Politics & Economics",1,69120,,44
2022,Commerce,"BCom specialising in Philosophy, Politics & Economics",2,82520,,44
2022,Commerce,"BCom specialising in Philosophy, Politics & Economics",3,77280,,44
2022,Commerce,Bachelor of Business Science BBusSc specialising in Actuarial Science,1,88910,,44
2022,Commerce,Bachelor of Business Science BBusSc specialising in Actuarial Science,2,91430,,44
2022,Commerce,Bachelor of Business Science BBusSc specialising in Actuarial Science,3,89830,,44
2022,Commerce,Bachelor of Business Science BBusSc specialising in Actuarial Science,4,76670,,44
2022,Commerce,BBusSc specialising in Actuarial Science: Quantitative Finance Stream,1,88910,,44
2022,Commerce,BBusSc specialising in Actuarial Science: Quantitative Finance Stream,2,91430,,44
2022,Commerce,BBusSc specialising in Actuarial Science: Quantitative Finance Stream,3,95590,,44
2022,Commerce,BBusSc specialising in Actuarial Science: Quantitative Finance Stream,4,71450,,44
2022,Commerce,BBusSc specialising in Finance (Non CA Option),1,80350,,44
2022,Commerce,BBusSc specialising in Finance (Non CA Option),2,82280,,44
2022,Commerce,BBusSc specialising in Finance (Non CA Option),3,44150,– R 44 230,44
2022,Commerce,BBusSc specialising in Finance (Non CA Option),4,71540,,44
2022,Commerce,BBusSc specialising in Finance with Accounting (CA Option),1,80350,,44
2022,Commerce,BBusSc specialising in Finance with Accounting (CA Option),2,81510,,44
2022,Commerce,BBusSc specialising in Finance with Accounting (CA Option),3,88740,,45
2022,Commerce,BBusSc specialising in Finance with Accounting (CA Option),4,80510,,45
2022,Commerce,BBusSc specialising in Analytics,1,88650,,45
2022,Commerce,BBusSc specialising in Analytics,2,90380,,45
2022,Commerce,BBusSc specialising in Analytics,3,108410,– R 100 020,45
2022,Commerce,BBusSc specialising in Analytics,4,74050,,45
2022,Commerce,BBusSc specialising in Computer Science,1,70860,– R 79 620,45
2022,Commerce,BBusSc specialising in Computer Science,2,79200,,45
2022,Commerce,BBusSc specialising in Computer Science,3,87690,,45
2022,Commerce,BBusSc specialising in Computer Science,4,67360,,45
2022,Commerce,BBusSc specialising in Economics,1,80350,,45
2022,Commerce,BBusSc specialising in Economics,2,76110,– R 81 900,45
2022,Commerce,BBusSc specialising in Economics,3,88840,– R 103 350,45
2022,Commerce,BBusSc specialising in Economics,4,89590,,45
2022,Commerce,BBusSc specialising in Economics with Law,1,80350,,45
2022,Commerce,BBusSc specialising in Economics with Law,2,80180,,45
2022,Commerce,BBusSc specialising in Economics with Law,3,77380,,45
2022,Commerce,BBusSc specialising in Economics with Law,4,98560,,45
2022,Commerce,BBusSc specialising in Information Systems,1,88290,– R 88 550,45
2022,Commerce,BBusSc specialising in Information Systems,2,83360,,45
2022,Commerce,BBusSc specialising in Information Systems,3,80380,,45
2022,Commerce,BBusSc specialising in Information Systems,4,82260,,45
2022,Commerce,BBusSc specialising in Marketing,1,80350,,45
2022,Commerce,BBusSc specialising in Marketing,2,82280,,45
2022,Commerce,BBusSc specialising in Marketing,3,80110,,45
2022,Commerce,BBusSc specialising in Marketing,4,87950,,45
2022,Commerce,BBusSc specialising in Organisational Psychology,1,78630,,45
2022,Commerce,BBusSc specialising in Organisational Psychology,2,80730,,45
2022,Commerce,BBusSc specialising in Organisational Psychology,3,85960,,45
2022,Commerce,BBusSc specialising in Organisational Psychology,4,83620,,45
2022,Commerce,Bachelor of Commerce Academic Development specialising in Financial Accounting Chartered Accounting Stream,1,62470,,45
2022,Commerce,Bachelor of Commerce Academic Development specialising in Financial Accounting Chartered Accounting Stream,2,61910,,45
2022,Commerce,Bachelor of Commerce Academic Development specialising in Financial Accounting Chartered Accounting Stream,3,60900,,45
2022,Commerce,Bachelor of Commerce Academic Development specialising in Financial Accounting Chartered Accounting Stream,4,53630,,45
2022,Commerce,BCom Academic Development specialising in Financial Accounting General Accounting Stream,1,62470,,46
2022,Commerce,BCom Academic Development specialising in Financial Accounting General Accounting Stream,2,52940,,46
2022,Commerce,BCom Academic Development specialising in Financial Accounting General Accounting Stream,3,44740,,46
2022,Commerce,BCom Academic Development specialising in Financial Accounting General Accounting Stream,4,51960,,46
2022,Commerce,BCom Academic Development specialising in Actuarial Science,1,53500,,46
2022,Commerce,BCom Academic Development specialising in Actuarial Science,2,53500,,46
2022,Commerce,BCom Academic Development specialising in Actuarial Science,3,73490,,46
2022,Commerce,BCom Academic Development specialising in Actuarial Science,4,80860,,46
2022,Commerce,BCom Academic Development specialising in Actuarial Science Quantitative Finance Stream,1,53500,,46
2022,Commerce,BCom Academic Development specialising in Actuarial Science Quantitative Finance Stream,2,61700,,46
2022,Commerce,BCom Academic Development specialising in Actuarial Science Quantitative Finance Stream,3,65290,,46
2022,Commerce,BCom Academic Development specialising in Actuarial Science Quantitative Finance Stream,4,87620,,46
2022,Commerce,BCom Academic Development specialising in Financial Accounting: Accounting with Law Stream,1,53760,,46
2022,Commerce,BCom Academic Development specialising in Financial Accounting: Accounting with Law Stream,2,62180,,46
2022,Commerce,BCom Academic Development specialising in Financial Accounting: Accounting with Law Stream,3,59570,,46
2022,Commerce,BCom Academic Development specialising in Financial Accounting: Accounting with Law Stream,4,41740,,46
2022,Commerce,BCom Academic Development specialising in Economics & Finance,1,53500,,46
2022,Commerce,BCom Academic Development specialising in Economics & Finance,2,52990,,46
2022,Commerce,BCom Academic Development specialising in Economics & Finance,3,56140,– R 79 510,46
2022,Commerce,BCom Academic Development specialising in Economics & Finance,4,62790,,46
2022,Commerce,BCom Academic Development specialising in Economics & Statistics,1,53500,– R 53 760,46
2022,Commerce,BCom Academic Development specialising in Economics & Statistics,2,52730,,46
2022,Commerce,BCom Academic Development specialising in Economics & Statistics,3,67670,– R 69 510,46
2022,Commerce,BCom Academic Development specialising in Economics & Statistics,4,79490,,46
2022,Commerce,BCom Academic Development specialising in Economics with Law,1,62470,,46
2022,Commerce,BCom Academic Development specialising in Economics with Law,2,52720,– R 53 580,46
2022,Commerce,BCom Academic Development specialising in Economics with Law,3,50710,,46
2022,Commerce,BCom Academic Development specialising in Economics with Law,4,50710,,46
2022,Commerce,BCom Academic Development specialising in Information Systems,1,62730,,47
2022,Commerce,BCom Academic Development specialising in Information Systems,2,53890,,47
2022,Commerce,BCom Academic Development specialising in Information Systems,3,62420,,47
2022,Commerce,BCom Academic Development specialising in Information Systems,4,61780,,47
2022,Commerce,BCom Academic Development specialising in Information Systems & Computer Science,1,53500,,47
2022,Commerce,BCom Academic Development specialising in Information Systems & Computer Science,2,52230,,47
2022,Commerce,BCom Academic Development specialising in Information Systems & Computer Science,3,52570,,47
2022,Commerce,BCom Academic Development specialising in Information Systems & Computer Science,4,61550,,47
2022,Commerce,BCom Academic Development specialising in Information Systems & Finance,1,62470,– R 62 730,47
2022,Commerce,BCom Academic Development specialising in Information Systems & Finance,2,53630,,47
2022,Commerce,BCom Academic Development specialising in Information Systems & Finance,3,62730,,47
2022,Commerce,BCom Academic Development specialising in Information Systems & Finance,4,55370,,47
2022,Commerce,"BCom Academic Development specialising in Philosophy, Politics & Economics",1,51180,,47
2022,Commerce,"BCom Academic Development specialising in Philosophy, Politics & Economics",2,53560,,47
2022,Commerce,"BCom Academic Development specialising in Philosophy, Politics & Economics",3,46900,,47
2022,Commerce,"BCom Academic Development specialising in Philosophy, Politics & Economics",4,75440,– R 77 280,47
2022,Commerce,BCom Academic Development specialising in Management Studies,1,61700,,47
2022,Commerce,BCom Academic Development specialising in Management Studies,2,53440,,47
2022,Commerce,BCom Academic Development specialising in Management Studies,3,65110,,47
2022,Commerce,BCom Academic Development specialising in Management Studies,4,71680,– R 80 110,47
2022,Commerce,BBusSc Academic Development specialising in Actuarial Science: Quantitative Finance Stream,1,53500,,47
2022,Commerce,BBusSc Academic Development specialising in Actuarial Science: Quantitative Finance Stream,2,53500,,47
2022,Commerce,BBusSc Academic Development specialising in Actuarial Science: Quantitative Finance Stream,3,73490,,47
2022,Commerce,BBusSc Academic Development specialising in Actuarial Science: Quantitative Finance Stream,4,95590,,47
2022,Commerce,BBusSc Academic Development specialising in Actuarial Science: Quantitative Finance Stream,5,71450,,47
2022,Commerce,BBusSc Academic Development specialising in Analytics,1,52730,,47
2022,Commerce,BBusSc Academic Development specialising in Analytics,2,53240,,47
2022,Commerce,BBusSc Academic Development specialising in Analytics,3,73210,,47
2022,Commerce,BBusSc Academic Development specialising in Analytics,4,99440,– R 108 370,47
2022,Commerce,BBusSc Academic Development specialising in Analytics,5,74050,,47
2022,Commerce,BBusSc Academic Development specialising in Finance with Accounting,1,61700,,48
2022,Commerce,BBusSc Academic Development specialising in Finance with Accounting,2,61720,,48
2022,Commerce,BBusSc Academic Development specialising in Finance with Accounting,3,83180,,48
2022,Commerce,BBusSc Academic Development specialising in Finance with Accounting,4,70800,,48
2022,Commerce,BBusSc Academic Development specialising in Finance with Accounting,5,71540,,48
2022,Commerce,BBusSc Academic Development specialising in Finance,1,53500,,48
2022,Commerce,BBusSc Academic Development specialising in Finance,2,73490,,48
2022,Commerce,BBusSc Academic Development specialising in Finance,3,44530,,48
2022,Commerce,BBusSc Academic Development specialising in Finance,4,71140,,48
2022,Commerce,BBusSc Academic Development specialising in Finance,5,71540,,48
2022,Commerce,BBusSc Academic Development specialising in Computer Science,1,53240,,48
2022,Commerce,BBusSc Academic Development specialising in Computer Science,2,61460,,48
2022,Commerce,BBusSc Academic Development specialising in Computer Science,3,61500,,48
2022,Commerce,BBusSc Academic Development specialising in Computer Science,4,61550,,48
2022,Commerce,BBusSc Academic Development specialising in Computer Science,5,67360,,48
2022,Commerce,BBusSc Academic Development specialising in Economics,1,62470,,48
2022,Commerce,BBusSc Academic Development specialising in Economics,2,61960,,48
2022,Commerce,BBusSc Academic Development specialising in Economics,3,67670,– R 73 460,48
2022,Commerce,BBusSc Academic Development specialising in Economics,4,44850,– R 76 060,48
2022,Commerce,BBusSc Academic Development specialising in Economics,5,89590,,48
2022,Commerce,BBusSc Academic Development specialising in Economics with Law,1,62470,,48
2022,Commerce,BBusSc Academic Development specialising in Economics with Law,2,56320,,48
2022,Commerce,BBusSc Academic Development specialising in Economics with Law,3,59440,,48
2022,Commerce,BBusSc Academic Development specialising in Economics with Law,4,68650,,48
2022,Commerce,BBusSc Academic Development specialising in Economics with Law,5,89590,,48
2022,Commerce,BBusSc Academic Development specialising in Information Systems,1,61440,,48
2022,Commerce,BBusSc Academic Development specialising in Information Systems,2,62730,,48
2022,Commerce,BBusSc Academic Development specialising in Information Systems,3,74150,,48
2022,Commerce,BBusSc Academic Development specialising in Information Systems,4,71650,,48
2022,Commerce,BBusSc Academic Development specialising in Information Systems,5,82260,,48
2022,Commerce,BBusSc Academic Development specialising in Marketing,1,70670,,48
2022,Commerce,BBusSc Academic Development specialising in Marketing,2,65290,,48
2022,Commerce,BBusSc Academic Development specialising in Marketing,3,62550,,48
2022,Commerce,BBusSc Academic Development specialising in Marketing,4,62170,,49
2022,Commerce,BBusSc Academic Development specialising in Marketing,5,87950,,49
2022,Commerce,BBusSc Academic Development specialising in Organisational Psychology,1,60750,,49
2022,Commerce,BBusSc Academic Development specialising in Organisational Psychology,2,65290,,49
2022,Commerce,BBusSc Academic Development specialising in Organisational Psychology,3,62020,,49
2022,Commerce,BBusSc Academic Development specialising in Organisational Psychology,4,57260,,49
2022,Commerce,BBusSc Academic Development specialising in Organisational Psychology,5,83620,,49
2022,Commerce,Postgraduate Bachelor of Commerce Honours Per year of specialising in Accounting,,81860,,49
2022,Commerce,study specialising in Actuarial Science,,58840,,49
2022,Commerce,specialising in Economics,,80730,,49
2022,Commerce,specialising in Economic Analysis of Financial Markets (Part -time,,80730,,49
2022,Commerce,specialising in Finance,,62680,,49
2022,Commerce,specialising in Quantitative Finance,,62590,,49
2022,Commerce,specialising in Information Systems Full Time,,64430,,49
2022,Commerce,specialising in Information Systems Full Time,1,34600,,49
2022,Commerce,specialising in Information Systems Full Time,2,8970,,49
2022,Commerce,BBusSc Academic Development specialising in Organisational Psychology | specialising in Management Information Systems,1,57570,,49
2022,Commerce,BBusSc Academic Development specialising in Organisational Psychology | specialising in Management Information Systems,2,24640,,49
2022,Commerce,specialising in Organisational Psychology (Change Management),,65790,,49
2022,Commerce,specialising in Statistics,,63730,,49
2022,Commerce,BBusSc Academic Development specialising in Organisational Psychology | specialising in Taxation,1,68640,,49
2022,Commerce,BBusSc Academic Development specialising in Organisational Psychology | specialising in Taxation,2,13980,,49
2022,Commerce,specialising in Marketing,,63960,,49
2022,Commerce,Masters Master of Commerce (by Coursework and Dissertation) Masters of Development Policy and Practice,,262240,,49
2022,Commerce,specialising in Actuarial Science,,47510,,49
2022,Commerce,specialising in Economics,,62790,,49
2022,Commerce,specialising in Applied Economics,,47730,,49
2022,Commerce,specialising in Economic Development,,56700,,49
2022,Commerce,specialising in Economic Science,,98670,,49
2022,Commerce,in the field of Financial Management,,86150,,49
2022,Commerce,In the field of Investment Management,,95840,,49
2022,Commerce,in the field of Corporate Finance and Valuation,,100130,,49
2022,Commerce,BBusSc Academic Development specialising in Organisational Psychology | specialising in Taxation in the field of South African Income Tax,1,68480,,49
2022,Commerce,BBusSc Academic Development specialising in Organisational Psychology | specialising in Taxation in the field of South African Income Tax,2,25150,,49
2022,Commerce,specialising in Organisational Psychology,,63030,,49
2022,Commerce,specialising in Information Systems,,69420,,49
2022,Commerce,Masters of Philosophy Development Policy and Practice,,95080,,50
2022,Commerce,Master of Philosophy Specialising in Financial Technology,,84980,,50
2022,Commerce,Specialising in Mathematical Finance,,163490,,50
2022,Commerce,Master of People Management,,63140,,50
2022,Commerce,Specialising in Programme Evaluation,,63060,,50
2022,Commerce,Masters of Applied Finance,,104610,,50
2022,Commerce,Master of Commerce in Risk Management of Financial Markets,,89250,,50
2022,Commerce,Doctoral Degrees Doctoral (PhD) (per year),,23370,,50
2022,Commerce,Doctor of Philosophy specialising in Information Systems,,45620,,50
2022,Commerce,specialising in Economics (with Coursework),,104100,,50
2022,Commerce,Diplomas Postgraduate Diploma in Accounting,,67880,,50
2022,Commerce,Postgraduate Diploma in Actuarial Science,,121280,,50
2022,Commerce,Postgraduate Diploma in Management specialising in Entrepreneurship,,67580,,50
2022,Commerce,specialising in Sports,,75810,,50
2022,Commerce,specialising in Information Systems,,66540,,50
2022,Commerce,specialising in Survey Data analysis,,84210,,50
2022,Commerce,specialising in Management in Business Communication,,67750,,50
2022,Commerce,specialising in Management in Marketing,,67750,,50
2022,Engineering & The Built Environment,Bachelor of Architectural Studies,1,74490,Regular,50
2022,Engineering & The Built Environment,Bachelor of Architectural Studies,2,71100,curriculum,50
2022,Engineering & The Built Environment,Bachelor of Architectural Studies,3,74300,- no repeat,50
2022,Engineering & The Built Environment,courses BSc (Geomatics),1,64000,,50
2022,Engineering & The Built Environment,courses BSc (Geomatics),2,85120,,50
2022,Engineering & The Built Environment,courses BSc (Geomatics),3,74730,,50
2022,Engineering & The Built Environment,courses BSc (Geomatics),4,80360,,50
2022,Engineering & The Built Environment,BSc Eng (Chemical),1,73140,,50
2022,Engineering & The Built Environment,BSc Eng (Chemical),2,85820,,50
2022,Engineering & The Built Environment,BSc Eng (Chemical),3,82150,,50
2022,Engineering & The Built Environment,BSc Eng (Chemical),4,89040,,50
2022,Engineering & The Built Environment,BSc Eng (Civil),1,74600,,50
2022,Engineering & The Built Environment,BSc Eng (Civil),2,73590,,50
2022,Engineering & The Built Environment,BSc Eng (Civil),3,63980,,51
2022,Engineering & The Built Environment,BSc Eng (Electrical),1,74800,,51
2022,Engineering & The Built Environment,BSc Eng (Electrical),2,82230,,51
2022,Engineering & The Built Environment,BSc Eng (Electrical),3,77520,,51
2022,Engineering & The Built Environment,BSc Eng (Electrical),4,73890,,51
2022,Engineering & The Built Environment,BSc Eng (Electrical & Computer),1,74800,,51
2022,Engineering & The Built Environment,BSc Eng (Electrical & Computer),2,82230,,51
2022,Engineering & The Built Environment,BSc Eng (Electrical & Computer),3,75080,,51
2022,Engineering & The Built Environment,BSc Eng (Electrical & Computer),4,73890,,51
2022,Engineering & The Built Environment,BSc Eng (Mechatronics),1,74800,,51
2022,Engineering & The Built Environment,BSc Eng (Mechatronics),2,82230,,51
2022,Engineering & The Built Environment,BSc Eng (Mechatronics),3,79840,,51
2022,Engineering & The Built Environment,BSc Eng (Mechatronics),4,73890,,51
2022,Engineering & The Built Environment,BSc Eng (Mechanical and Mechatronic Engineering),1,75480,,51
2022,Engineering & The Built Environment,BSc Eng (Mechanical and Mechatronic Engineering),2,76630,,51
2022,Engineering & The Built Environment,BSc Eng (Mechanical and Mechatronic Engineering),3,79650,,51
2022,Engineering & The Built Environment,BSc Eng (Mechanical and Mechatronic Engineering),4,80030,,51
2022,Engineering & The Built Environment,BSc Eng (Mechanical),1,75480,,51
2022,Engineering & The Built Environment,BSc Eng (Mechanical),2,76630,,51
2022,Engineering & The Built Environment,BSc Eng (Mechanical),3,79520,,51
2022,Engineering & The Built Environment,BSc Eng (Mechanical),4,79930,,51
2022,Engineering & The Built Environment,BSc in Construction Studies,1,72300,,51
2022,Engineering & The Built Environment,BSc in Construction Studies,2,70670,,51
2022,Engineering & The Built Environment,BSc in Construction Studies,3,74380,,51
2022,Engineering & The Built Environment,BSc in Property Studies,1,74760,,51
2022,Engineering & The Built Environment,BSc in Property Studies,2,74750,,51
2022,Engineering & The Built Environment,BSc in Property Studies,3,79360,,51
2022,Engineering & The Built Environment,Postgraduate Diploma in Power Plant Engineering,,39200,,51
2022,Engineering & The Built Environment,Postgraduate BSc (Hons) (Geographical Info Systems),,75960,,51
2022,Engineering & The Built Environment,Per year of BSc (Hons) (Construction Management),,79320,,51
2022,Engineering & The Built Environment,study BSc (Hons) (Property Studies),,82568,,51
2022,Engineering & The Built Environment,BSc (Hons) (Quantity Surveying),,75500,,51
2022,Engineering & The Built Environment,BSc (Hons) (Materials Science),,82920,,51
2022,Engineering & The Built Environment,BSc (Hons) of Nuclear Power,,70960,,51
2022,Engineering & The Built Environment,Bachelor of Architectural Studies (Hons),,74016,,51
2022,Engineering & The Built Environment,Bachelor of City Planning (Hons),,81000,,51
2022,Engineering & The Built Environment,Bachelor of Landscape Architecture (Hons),,86400,,51
2022,Engineering & The Built Environment,Master’s by Dissertation only (180 credits),,35630,,52
2022,Engineering & The Built Environment,BSc in Property Studies | Master’s by Dissertation (120 credits) and Coursework (Mphil and MSc),1,46625,,52
2022,Engineering & The Built Environment,BSc in Property Studies | Master’s by Dissertation (120 credits) and Coursework (Mphil and MSc),2,46625,,52
2022,Engineering & The Built Environment,Master of Architecture (Professional),,78550,,52
2022,Engineering & The Built Environment,Master of City & Regional Planning,,51500,,52
2022,Engineering & The Built Environment,Master of Engineering in Civil Infrastructure Management and Maintenance,,96850,,52
2022,Engineering & The Built Environment,Master of Philosophy specialising in Engineering in Civil Infrastructure Management and Maintenance,,93650,,52
2022,Engineering & The Built Environment,Master of Geotechnical Engineering,,99750,,52
2022,Engineering & The Built Environment,Master of Transport Studies,,114540,,52
2022,Engineering & The Built Environment,Master of Structural Engineering and Materials,,88634,,52
2022,Engineering & The Built Environment,Master of Urban Design,,58850,,52
2022,Engineering & The Built Environment,Master of Science in Property Studies,,106230,,52
2022,Engineering & The Built Environment,Master of Water Engineering,,115960,,52
2022,Engineering & The Built Environment,Master of Landscape Architecture,,61030,,52
2022,Engineering & The Built Environment,Master of Science in Property Studies,,119210,,52
2022,Engineering & The Built Environment,BSc in Property Studies | MPhil In Conservation of Built Environment,1,40390,,52
2022,Engineering & The Built Environment,BSc in Property Studies | MPhil In Conservation of Built Environment,2,34890,,52
2022,Engineering & The Built Environment,MPhil (Transport Studies),,93550,,52
2022,Engineering & The Built Environment,Doctoral (PhD) (per year),,23370,,52
2022,Health Sciences,MBChB,1,93210,Regular,52
2022,Health Sciences,MBChB,2,110080,curriculum,52
2022,Health Sciences,MBChB,3,124460,,52
2022,Health Sciences,MBChB,4,130310,,52
2022,Health Sciences,MBChB,5,104880,,52
2022,Health Sciences,MBChB,6,113510,,52
2022,Health Sciences,1st Year – Intervention Curriculum,,18200,,52
2022,Health Sciences,BSc (Audiology),1,78850,,52
2022,Health Sciences,BSc (Audiology),2,78440,,52
2022,Health Sciences,BSc (Audiology),3,78500,,52
2022,Health Sciences,BSc (Audiology),4,75800,,52
2022,Health Sciences,1st Year – Intervention Curriculum,,18200,,52
2022,Health Sciences,BSc (Occupational Therapy),1,72610,,52
2022,Health Sciences,BSc (Occupational Therapy),2,67140,,52
2022,Health Sciences,BSc (Occupational Therapy),3,61650,,52
2022,Health Sciences,BSc (Occupational Therapy),4,78400,,52
2022,Health Sciences,1st Year – Intervention Curriculum,,18200,,52
2022,Health Sciences,BSc (Physiotherapy),1,68940,,53
2022,Health Sciences,BSc (Physiotherapy),2,87040,,53
2022,Health Sciences,BSc (Physiotherapy),3,72110,,53
2022,Health Sciences,BSc (Physiotherapy),4,71200,,53
2022,Health Sciences,1st Year – Intervention Curriculum,,18200,,53
2022,Health Sciences,BSc (Speech & Language Pathology),1,79540,,53
2022,Health Sciences,BSc (Speech & Language Pathology),2,74820,,53
2022,Health Sciences,BSc (Speech & Language Pathology),3,70000,,53
2022,Health Sciences,BSc (Speech & Language Pathology),4,75800,,53
2022,Health Sciences,1st Year – Intervention Curriculum,,18200,,53
2022,Health Sciences,BSc (Med),,76620,,53
2022,Health Sciences,Postgraduate BMedSc (Honours) Per year of Coursework,,48670,,53
2022,Health Sciences,study Research Project,,16230,,53
2022,Health Sciences,Total,,64900,,53
2022,Health Sciences,MPhil specialising in Biokinetics Coursework,,45610,,53
2022,Health Sciences,Minor Dissertation (60 credits),,22090,,53
2022,Health Sciences,MPhil specialising in Biomedical Forensic Science Coursework (per year),,57750,,53
2022,Health Sciences,Minor Dissertation (60 credits),,22090,,53
2022,Health Sciences,MPhil specialising in Clinical Paediatric Surgery Coursework (per year),,14950,,53
2022,Health Sciences,Minor Dissertation (60 credits),,6770,,53
2022,Health Sciences,MPhil specialising in Clinical Pharmacology Coursework (per year),,33270,,53
2022,Health Sciences,Minor Dissertation (60 credits),,33100,,53
2022,Health Sciences,MPhil specialising in Intellectual Disability Coursework (per year),,33100,,53
2022,Health Sciences,Minor Dissertation (90 credits),,33100,,53
2022,Health Sciences,MPhil specialising in Liaison Mental Health Coursework (per year),,14950,,53
2022,Health Sciences,Minor Dissertation (60 credits),,6770,,53
2022,Health Sciences,MPhil specialising in Maternal & Child Health Coursework (year 1),,23600,,53
2022,Health Sciences,Course work (year 2),,26570,,53
2022,Health Sciences,Minor Dissertation (60 credits),,22090,,53
2022,Health Sciences,MPhil specialising in Occupational Health Coursework (per year),,32500,,53
2022,Health Sciences,Minor Dissertation (60 credits),,22090,,53
2022,Health Sciences,MPhil specialising in Paediatric Forensic Pathology Coursework (per year),,14950,,54
2022,Health Sciences,Minor Dissertation (60 credits),,6770,,54
2022,Health Sciences,MPhil specialising in Paediatric Pathology Coursework (per year),,14950,,54
2022,Health Sciences,Minor Dissertation (60 credits),,6770,,54
2022,Health Sciences,MPhil specialising in Palliative Medicine Coursework (per year),,33100,,54
2022,Health Sciences,Minor Dissertation (90 credits),,33100,,54
2022,Health Sciences,MPhil specialising in Sport & Exercise Medicine HUB5006W (Coursework),,22090,,54
2022,Health Sciences,HUB5025W (Coursework),,14770,,54
2022,Health Sciences,HUB5026W (Coursework),,14770,,54
2022,Health Sciences,Minor Dissertation (60 credits),,22080,,54
2022,Health Sciences,MPhil in Emergency Medicine (Global Emergency Care Stream) Compulsory Coursework,,41690,,54
2022,Health Sciences,Two electives varies between .................. R 11 140 and R 14 760 Minor Dissertation (60 credits),,22090,,54
2022,Health Sciences,MPhil in Emergency Medicine (Clinical Emergency Care Stream) Compulsory Coursework,,33420,,54
2022,Health Sciences,Two electives varies between .................. R 11 140 and R 13 840 Minor Dissertation (60 credits),,22090,,54
2022,Health Sciences,MPhil in Emergency Medicine (Disaster Medicine Stream) Compulsory Coursework,,39760,,54
2022,Health Sciences,Two electives @ R 5 570 each,,11140,,54
2022,Health Sciences,Minor Dissertation (60 credits),,22090,,54
2022,Health Sciences,MPhil in Emergency Medicine (Patient Safety & Clin Decision-making Stream A) Compulsory Coursework,,27850,,54
2022,Health Sciences,Three electives varies between................. R 16 710 and R 19 410 Minor Dissertation (60 credits),,22090,,54
2022,Health Sciences,MPhil in Emergency Medicine (Patient Safety & Clin Decision-making Stream B) Compulsory Coursework,,27850,,54
2022,Health Sciences,One elective varies between ......................... R 5 570 and R 8 270 Minor Dissertation (90 credits),,33100,,54
2022,Health Sciences,MPhil in Health Innovation Coursework (per year),,52090,,54
2022,Health Sciences,Electives +/_ ................................................................... variable Minor Dissertation (60 credits),,22080,,54
2022,Health Sciences,Master of Public Health (All streams except Health Economics) Coursework (10 courses @ R5 370 each),,53700,,55
2022,Health Sciences,Minor Dissertation (60 credits),,22090,,55
2022,Health Sciences,Master of Public Health (Health Economics) Coursework (8 courses @ R 5 150 each),,42960,,55
2022,Health Sciences,Minor Dissertation (90 credits),,36400,,55
2022,Health Sciences,MSc in Exercise and Sports Physiotherapy Coursework (per year),,44620,,55
2022,Health Sciences,Minor Dissertation (60 credits),,22090,,55
2022,Health Sciences,MMedSc in Biomedical Engineering (by dissertation only) Prerequisite coursework,,16290,,55
2022,Health Sciences,Electives (2) between ............................... R 14 018 and R 15 529 Dissertation (180 credits),,37020,,55
2022,Health Sciences,MMedSc in Biomedical Engineering (by coursework & dissertation only) Compulsory coursework,,35660,,55
2022,Health Sciences,One Elective (varies between R6 460 & R 7 090),,7090,,55
2022,Health Sciences,Minor Dissertation (90 credits),,33100,,55
2022,Health Sciences,MMedSc specialising in Genetic Counselling Coursework (per year),,39630,,55
2022,Health Sciences,Minor Dissertation (60 credits),,22090,,55
2022,Health Sciences,MSc in Nursing (by coursework and dissertation) Compulsory coursework,,23150,,55
2022,Health Sciences,Electives variable depending on choice totalling 53 NQF credits Minor Dissertation (90 credits),,33100,,55
2022,Health Sciences,MSc in Occupational Therapy (by coursework and dissertation) Compulsory Coursework (per year),,24440,,55
2022,Health Sciences,Elective vary between ............................ R 12 220 and R 19 290 Minor Dissertation (90 credits),,33100,,55
2022,Health Sciences,MSc in Epidemiology & Biostatistics (by coursework & dissertation) Compulsory Coursework (per year),,42960,,55
2022,Health Sciences,Two electives,,10740,,55
2022,Health Sciences,Minor Dissertation (90 credits),,33100,,55
2022,Health Sciences,Master of Chemicals Risk Management (Professional Master) Coursework,,60800,,55
2022,Health Sciences,Professional Master’s Project,,18820,,55
2022,Health Sciences,Master of Nursing in Child Nursing (Professional Master) 1st Year (Coursework),,38540,,55
2022,Health Sciences,2nd Year (Coursework),,16180,,55
2022,Health Sciences,Research-related Independent Study,,16600,,55
2022,Health Sciences,MMed (Speciality training) Training per year (Years 1 – 4),,17070,,56
2022,Health Sciences,Minor Dissertation (60 credits),,12060,,56
2022,Health Sciences,MPhil (Sub-speciality training) Training per year (Years 1 & 2),,16430,,56
2022,Health Sciences,Minor Dissertation (60 credits),,7450,,56
2022,Health Sciences,MMedSc by Research & Dissertation (per year),,37020,,56
2022,Health Sciences,MSc(Med) by Research & Dissertation (per year),,37020,,56
2022,Health Sciences,MSc by Research & Dissertation (per year),,37020,,56
2022,Health Sciences,PhD (per year),,23370,,56
2022,Health Sciences,MD (per year),,23370,,56
2022,Health Sciences,Diplomas PG Dip in Addictions Care,,54140,,56
2022,Health Sciences,PG Dip in Clinical Hepatology,,61700,,56
2022,Health Sciences,PG Dip in Community& General Paediatrics,,50434,,56
2022,Health Sciences,PG Dip in Clinical Developmental Paediatrics,,51090,,56
2022,Health Sciences,PG Dip in Emergency Care,,53840,,56
2022,Health Sciences,PG Dip in Disability Studies,,53200,,56
2022,Health Sciences,BSc (Speech & Language Pathology) | PG Dip in Family Medicine,1,21130,,56
2022,Health Sciences,BSc (Speech & Language Pathology) | PG Dip in Family Medicine,2,32020,,56
2022,Health Sciences,PG Dip in Healthcare Tech Management,,55380,,56
2022,Health Sciences,BSc (Speech & Language Pathology) | PG Dip in Health Economics,1,26440,,56
2022,Health Sciences,BSc (Speech & Language Pathology) | PG Dip in Health Economics,2,27060,,56
2022,Health Sciences,PG Dip in Health Leadership Year 1,,36330,,56
2022,Health Sciences,Year 2 (semester 1 only),,20380,,56
2022,Health Sciences,PG Dip in Health Professional Education,,52560,,56
2022,Health Sciences,PG Dip in Interdisciplinary Pain Management,,56010,,56
2022,Health Sciences,PG Dip in Neonatology,,55310,,56
2022,Health Sciences,PG Dip in Occupational Health (per year x 2),,35050,,56
2022,Health Sciences,PG Dip in Clinical Paediatric Critical Care,,51090,,56
2022,Health Sciences,PG Dip in Clinical Paediatric Diabetes,,51090,,56
2022,Health Sciences,PG Dip in Clinical Paediatric Electrophysiology & Epilepsy,,51090,,56
2022,Health Sciences,PG Dip in Clinical Paediatric Emergency Care,,51090,,56
2022,Health Sciences,PG Dip in Clinical Paediatric Gastroenterology,,51090,,56
2022,Health Sciences,PG Dip in Clinical Paediatric Haematology & Oncology,,51090,,56
2022,Health Sciences,PG Dip in Clinical Paediatric Nephrology,,51090,,56
2022,Health Sciences,PG Dip in Clinical Paediatric Physiotherapy,,51090,,56
2022,Health Sciences,PG Dip in Clinical Paediatric Pulmonology,,51090,,56
2022,Health Sciences,PG Dip in Clinical Paediatric Cardiology,,51120,,56
2022,Health Sciences,PG Dip in Clinical Paediatric Rheumatology,,51090,,56
2022,Health Sciences,PG Dip in Palliative Medicine (Adult or Paediatric),,55140,,56
2022,Health Sciences,PG Dip in Pesticide Risk Management,,52680,,56
2022,Health Sciences,PG Dip in TB-HIV Management,,54310,,56
2022,Humanities,Bachelor of Arts and Bachelor of Social Science,1,64880,Regular curriculum,57
2022,Humanities,Bachelor of Arts and Bachelor of Social Science,2,64860,- no repeat courses,57
2022,Humanities,Bachelor of Arts and Bachelor of Social Science,3,64860,,57
2022,Humanities,BA (Fine Arts),1,72360,,57
2022,Humanities,BA (Fine Arts),2,81760,,57
2022,Humanities,BA (Fine Arts),3,63220,,57
2022,Humanities,BA (Fine Arts),4,79190,,57
2022,Humanities,BA (Theatre & Performance),1,91040,,57
2022,Humanities,BA (Theatre & Performance),2,68640,,57
2022,Humanities,BA (Theatre & Performance),3,76300,,57
2022,Humanities,BA (Theatre & Performance),4,65420,,57
2022,Humanities,Bachelor of Social Science in PPE,1,76760,,57
2022,Humanities,Bachelor of Social Science in PPE,2,80720,,57
2022,Humanities,Bachelor of Social Science in PPE,3,63020,,57
2022,Humanities,Bachelor of Social Work (BSW),1,48660,,57
2022,Humanities,Bachelor of Social Work (BSW),2,67530,,57
2022,Humanities,Bachelor of Social Work (BSW),3,55840,,57
2022,Humanities,Bachelor of Social Work (BSW),4,57720,,57
2022,Humanities,BMus (General & Other Streams),1,615,40 -R64 410,57
2022,Humanities,BMus (General & Other Streams),2,66460,-R74 380,57
2022,Humanities,BMus (General & Other Streams),3,68600,-R72 570,57
2022,Humanities,BMus (General & Other Streams),4,67430,-R73 650,57
2022,Humanities,BA specialising in Music Education,1,64700,-R68 800,57
2022,Humanities,BA specialising in Music Education,2,71600,-R83 000,57
2022,Humanities,BA specialising in Music Education,3,80800,-R87 400,57
2022,Humanities,BA specialising in Film and Media Production,1,64880,,57
2022,Humanities,BA specialising in Film and Media Production,2,68950,,57
2022,Humanities,BA specialising in Film and Media Production,3,73040,,57
2022,Humanities,"Diplomas Advanced Diploma in Opera 4 courses, 1 year",,52760,,57
2022,Humanities,"Advanced Diploma in Music 3 courses, 1 year",,37120,,57
2022,Humanities,"Advanced Diploma in Theatre 3 courses, 1 year",,54340,,57
2022,Humanities,Performer’s Diploma in Music,1,72080,-R74 550,58
2022,Humanities,Performer’s Diploma in Music,2,73850,-R85 390,58
2022,Humanities,Performer’s Diploma in Music,3,83865,-R87 530,58
2022,Humanities,Performer’s Diploma in Theatre and Performance,1,72720,,58
2022,Humanities,Performer’s Diploma in Theatre and Performance,2,68640,,58
2022,Humanities,Performer’s Diploma in Theatre and Performance,3,60630,,58
2022,Humanities,Postgraduate Full degree fees can vary depending on electives taken Per year of study Honours 4 Honours courses + research essay,,48100,,58
2022,Humanities,BEd Hons (4 Honours courses),,41520,,58
2022,Humanities,BA Hons in Theatre 3 Honours courses + research essay,,48030,,58
2022,Humanities,BAs Hons specialising in Dance Studies,,48030,,58
2022,Humanities,BMus Hons specialising in Performance,,48030,,58
2022,Humanities,BMus Hons specialising in Musicology,,48100,,58
2022,Humanities,BMus Hons specialising in Composition,,47850,,58
2022,Humanities,Master’s by Coursework 4 Master’s course work courses,,43240,,58
2022,Humanities,Minor dissertation,,19790,,58
2022,Humanities,Masters in Education (M.Ed) 3 Masters course work courses,,32580,,58
2022,Humanities,Minor dissertation,,19790,,58
2022,Humanities,Research Masters,,32500,,58
2022,Humanities,Masters in Theatre & Performance 2 Masters course work courses,,32640,,58
2022,Humanities,Minor dissertation,,42020,,58
2022,Humanities,Master in Television Production or Media Theory 4 Masters course work courses,,43460,,58
2022,Humanities,Research Project,,19790,,58
2022,Humanities,Master of Fine Art By dissertation,,32500,,58
2022,Humanities,Master of Music by Dissertation (MMus) Dissertation,,32500,,58
2022,Humanities,MMus by Performance & Dissertation,,66730,,58
2022,Humanities,MMus by Composition and Dissertation,,63000,,58
2022,Humanities,MMus by Coursework and Dissertation,,63230,,58
2022,Humanities,"MMus by Performance, Coursework and Dissertation",,64980,,58
2022,Humanities,Doctoral (PhD) (per year),,23370,,58
2022,Humanities,Diplomas Postgraduate Diploma in Fine Art,,59480,,59
2022,Humanities,Postgraduate Diploma in African Studies,,48100,,59
2022,Humanities,Postgraduate Diploma in ACET Education,,41520,,59
2022,Humanities,Postgraduate Diploma in Educational Technology,,41520,,59
2022,Humanities,Postgraduate Diploma in Higher Education Studies,,41480,,59
2022,Humanities,Postgraduate Diploma in Library and Information studies,,48100,,59
2022,Humanities,Postgraduate Diploma in Music Performance 4 Courses,,46940,,59
2022,Humanities,Certificates Postgraduate Certificate in Education: Foundation Phase,,60070,,59
2022,Humanities,Intermediate & Senior Phase,,69870,,59
2022,Law,Degrees Undergraduate LLB Regular curriculum 1st Year – depending on electives,,66010,,59
2022,Law,- no repeat courses 2nd Year – depending on electives,,70610,,59
2022,Law,3rd Year – depending on electives,,74770,,59
2022,Law,4th Year – depending on electives,,80700,,59
2022,Law,Graduate LLB,1,65540,,59
2022,Law,Graduate LLB,2,74770,,59
2022,Law,Graduate LLB,3,80700,,59
2022,Law,Postgraduate LLM/MPhil by Coursework and Dissertation Coursework (4 courses),,81280,,59
2022,Law,Dissertation,,10210,,59
2022,Law,Master of Laws in Commercial Law Coursework (4 courses),,81280,,59
2022,Law,Research Tasks (4 Tasks),,8560,,59
2022,Law,Master of Laws in Dispute Resolution Coursework (4 courses),,81280,,59
2022,Law,Research Tasks (4 Tasks),,8560,,59
2022,Law,Master of Laws in Intellectual Property Law Coursework (4 courses),,81280,,59
2022,Law,Research Tasks (4 Tasks),,8560,,59
2022,Law,Master of Laws in International Trade Law Coursework (4 courses),,81280,,59
2022,Law,Research Tasks (4 Tasks),,8560,,59
2022,Law,Master of Laws in Labour Law Coursework (4 courses),,81280,,59
2022,Law,Research Tasks (4 Tasks),,8560,,59
2022,Law,Master of Laws in Environmental Law Coursework (4 courses),,81280,,59
2022,Law,Research Tasks (4 Tasks),,8560,,59
2022,Law,Master of Laws in Marine & Environmental Law Coursework (4 courses),,81280,,60
2022,Law,Research Tasks (4 Tasks),,8560,,60
2022,Law,Master of Laws in the Law of Mineral and Petroleum Extraction and Use Coursework (4 courses),,81280,,60
2022,Law,Research Tasks (4 Tasks),,8560,,60
2022,Law,Master of Laws in Shipping Law Coursework (4 courses),,81280,,60
2022,Law,Research Tasks (4 Tasks),,8560,,60
2022,Law,Master of Laws in Tax Law Coursework (4 courses),,81280,,60
2022,Law,Research Tasks (4 Tasks),,8560,,60
2022,Law,Per year of study LLM/MPhil by Dissertation only,,19310,,60
2022,Law,Diplomas Postgraduate Diploma in Law Coursework (4 courses),,81280,,60
2022,Law,Doctoral (PhD) (per year),,23370,,60
2022,Science,Bachelor of Science,1,71000,Regular curriculum,60
2022,Science,Bachelor of Science,2,71000,- no repeat courses,60
2022,Science,Bachelor of Science,3,71000,,60
2022,Science,Extended Degree 1st Year of EDP,,36000,,60
2022,Science,Programme (EDP:2 nd Year of EDP,,39000,,60
2022,Science,1st year over 2 years) Postgraduate Bachelor of Science Honours,,64060,,60
2022,Science,Per year of study Master of Science & MPhil MSc by Dissertation only,,32500,,60
2022,Science,MSc by Coursework & Dissertation Coursework (full year),,64000,,60
2022,Science,Coursework (half year),,32000,,60
2022,Science,Minor Dissertation,,32500,,60
2022,Science,Doctoral (PhD) (per year),,23370,,60
2023,Commerce,Bachelor of Commerce specialising in Financial Accounting General Accounting Stream,1,73760,Regular curriculum,43
2023,Commerce,Bachelor of Commerce specialising in Financial Accounting General Accounting Stream,2,74510,- no repeat courses,43
2023,Commerce,Bachelor of Commerce specialising in Financial Accounting General Accounting Stream,3,73400,,43
2023,Commerce,Bachelor of Commerce specialising in Financial | Chartered Accounting Stream,1,73760,,43
2023,Commerce,Bachelor of Commerce specialising in Financial | Chartered Accounting Stream,2,83690,,43
2023,Commerce,Bachelor of Commerce specialising in Financial | Chartered Accounting Stream,3,73620,,43
2023,Commerce,BCom specialising in Actuarial Science,1,93850,,43
2023,Commerce,BCom specialising in Actuarial Science,2,95260,,43
2023,Commerce,BCom specialising in Actuarial Science,3,82690,,43
2023,Commerce,BCom specialising in Actuarial Science Quantitative Finance Stream,1,93850,,43
2023,Commerce,BCom specialising in Actuarial Science Quantitative Finance Stream,2,96110,,43
2023,Commerce,BCom specialising in Actuarial Science Quantitative Finance Stream,3,92150,,43
2023,Commerce,BCom specialising in Financial Accounting: Accounting with Law Stream,1,73760,,43
2023,Commerce,BCom specialising in Financial Accounting: Accounting with Law Stream,2,81230,,43
2023,Commerce,BCom specialising in Financial Accounting: Accounting with Law Stream,3,71960,,43
2023,Commerce,BCom specialising in Economics & Finance,1,84690,,43
2023,Commerce,BCom specialising in Economics & Finance,2,77320,,43
2023,Commerce,BCom specialising in Economics & Finance,3,75190,,43
2023,Commerce,BCom specialising in Economics & Statistics,1,84690,,43
2023,Commerce,BCom specialising in Economics & Statistics,2,79760,- R 82 680,43
2023,Commerce,BCom specialising in Economics & Statistics,3,93000,,43
2023,Commerce,BCom specialising in Economics with Law,1,75320,,44
2023,Commerce,BCom specialising in Economics with Law,2,81350,,44
2023,Commerce,BCom specialising in Economics with Law,3,72170,,44
2023,Commerce,BCom specialising in Information Systems,1,74300,– R 74 570,44
2023,Commerce,BCom specialising in Information Systems,2,75460,,44
2023,Commerce,BCom specialising in Information Systems,3,84500,,44
2023,Commerce,BCom specialising in Information Systems & Computer Science,1,84210,,44
2023,Commerce,BCom specialising in Information Systems & Computer Science,2,82240,,44
2023,Commerce,BCom specialising in Information Systems & Computer Science,3,74140,,44
2023,Commerce,BCom specialising in Information Systems & Finance,1,84750,,44
2023,Commerce,BCom specialising in Information Systems & Finance,2,84140,,44
2023,Commerce,BCom specialising in Information Systems & Finance,3,77880,,44
2023,Commerce,BCom in the field of Management Studies,1,93310,,44
2023,Commerce,BCom in the field of Management Studies,2,97310,,44
2023,Commerce,BCom in the field of Management Studies,3,75440,– R 93 450,44
2023,Commerce,"BCom specialising in Philosophy, Politics & Economics",1,72680,,44
2023,Commerce,"BCom specialising in Philosophy, Politics & Economics",2,86980,,44
2023,Commerce,"BCom specialising in Philosophy, Politics & Economics",3,81260,,44
2023,Commerce,Bachelor of Business Science BBusSc specialising in Actuarial Science,1,93850,,44
2023,Commerce,Bachelor of Business Science BBusSc specialising in Actuarial Science,2,96110,,44
2023,Commerce,Bachelor of Business Science BBusSc specialising in Actuarial Science,3,94450,,44
2023,Commerce,Bachelor of Business Science BBusSc specialising in Actuarial Science,4,80600,,44
2023,Commerce,BBusSc specialising in Actuarial Science: Quantitative Finance Stream,1,93850,,44
2023,Commerce,BBusSc specialising in Actuarial Science: Quantitative Finance Stream,2,95260,,44
2023,Commerce,BBusSc specialising in Actuarial Science: Quantitative Finance Stream,3,101550,,44
2023,Commerce,BBusSc specialising in Actuarial Science: Quantitative Finance Stream,4,75110,,44
2023,Commerce,BBusSc specialising in Finance (Non CA Option),1,84690,,44
2023,Commerce,BBusSc specialising in Finance (Non CA Option),2,96110,,44
2023,Commerce,BBusSc specialising in Finance (Non CA Option),3,93570,,44
2023,Commerce,BBusSc specialising in Finance (Non CA Option),4,75200,,44
2023,Commerce,BBusSc specialising in Finance with Accounting (CA Option),1,84690,,44
2023,Commerce,BBusSc specialising in Finance with Accounting (CA Option),2,85690,,44
2023,Commerce,BBusSc specialising in Finance with Accounting (CA Option),3,93290,,45
2023,Commerce,BBusSc specialising in Finance with Accounting (CA Option),4,84630,,45
2023,Commerce,BBusSc specialising in Analytics,1,93580,,45
2023,Commerce,BBusSc specialising in Analytics,2,94950,,45
2023,Commerce,BBusSc specialising in Analytics,3,113980,– R 123 360,45
2023,Commerce,BBusSc specialising in Analytics,4,77830,,45
2023,Commerce,BBusSc specialising in Computer Science,1,74720,,45
2023,Commerce,BBusSc specialising in Computer Science,2,83260,,45
2023,Commerce,BBusSc specialising in Computer Science,3,92190,,45
2023,Commerce,BBusSc specialising in Computer Science,4,70830,,45
2023,Commerce,BBusSc specialising in Economics,1,846,90,45
2023,Commerce,BBusSc specialising in Economics,2,86100,,45
2023,Commerce,BBusSc specialising in Economics,3,84620,– R 105 250,45
2023,Commerce,BBusSc specialising in Economics,4,94180,,45
2023,Commerce,BBusSc specialising in Economics with Law,1,84690,,45
2023,Commerce,BBusSc specialising in Economics with Law,2,84290,,45
2023,Commerce,BBusSc specialising in Economics with Law,3,81350,,45
2023,Commerce,BBusSc specialising in Economics with Law,4,103610,,45
2023,Commerce,BBusSc specialising in Information Systems,1,93040,– R 102 470,45
2023,Commerce,BBusSc specialising in Information Systems,2,87640,,45
2023,Commerce,BBusSc specialising in Information Systems,3,84500,,45
2023,Commerce,BBusSc specialising in Information Systems,4,86470,,45
2023,Commerce,BBusSc specialising in Marketing,1,84690,,45
2023,Commerce,BBusSc specialising in Marketing,2,86500,,45
2023,Commerce,BBusSc specialising in Marketing,3,84220,,45
2023,Commerce,BBusSc specialising in Marketing,4,92450,,45
2023,Commerce,BBusSc specialising in Organisational Psychology,1,82890,,45
2023,Commerce,BBusSc specialising in Organisational Psychology,2,84870,,45
2023,Commerce,BBusSc specialising in Organisational Psychology,3,90380,,45
2023,Commerce,BBusSc specialising in Organisational Psychology,4,87900,,45
2023,Commerce,Bachelor of Commerce Academic Development specialising in Financial Accounting Chartered Accounting Stream,1,64330,,45
2023,Commerce,Bachelor of Commerce Academic Development specialising in Financial Accounting Chartered Accounting Stream,2,65080,,45
2023,Commerce,Bachelor of Commerce Academic Development specialising in Financial Accounting Chartered Accounting Stream,3,64020,,45
2023,Commerce,Bachelor of Commerce Academic Development specialising in Financial Accounting Chartered Accounting Stream,4,56380,,45
2023,Commerce,BCom Academic Development specialising in Financial Accounting General Accounting Stream,1,64330,,46
2023,Commerce,BCom Academic Development specialising in Financial Accounting General Accounting Stream,2,55650,,46
2023,Commerce,BCom Academic Development specialising in Financial Accounting General Accounting Stream,3,47030,,46
2023,Commerce,BCom Academic Development specialising in Financial Accounting General Accounting Stream,4,54630,,46
2023,Commerce,BCom Academic Development specialising in Actuarial Science,1,56250,,46
2023,Commerce,BCom Academic Development specialising in Actuarial Science,2,56460,,46
2023,Commerce,BCom Academic Development specialising in Actuarial Science,3,77250,,46
2023,Commerce,BCom Academic Development specialising in Actuarial Science,4,91020,,46
2023,Commerce,BCom Academic Development specialising in Actuarial Science Quantitative Finance Stream,1,56250,,46
2023,Commerce,BCom Academic Development specialising in Actuarial Science Quantitative Finance Stream,2,65080,,46
2023,Commerce,BCom Academic Development specialising in Actuarial Science Quantitative Finance Stream,3,68630,,46
2023,Commerce,BCom Academic Development specialising in Actuarial Science Quantitative Finance Stream,4,92120,,46
2023,Commerce,BCom Academic Development specialising in Financial Accounting: Accounting with Law Stream,1,54960,,46
2023,Commerce,BCom Academic Development specialising in Financial Accounting: Accounting with Law Stream,2,65580,,46
2023,Commerce,BCom Academic Development specialising in Financial Accounting: Accounting with Law Stream,3,62620,,46
2023,Commerce,BCom Academic Development specialising in Financial Accounting: Accounting with Law Stream,4,43880,,46
2023,Commerce,BCom Academic Development specialising in Economics & Finance,1,56460,,46
2023,Commerce,BCom Academic Development specialising in Economics & Finance,2,55710,,46
2023,Commerce,BCom Academic Development specialising in Economics & Finance,3,59020,,46
2023,Commerce,BCom Academic Development specialising in Economics & Finance,4,66010,,46
2023,Commerce,BCom Academic Development specialising in Economics & Statistics,1,56520,,46
2023,Commerce,BCom Academic Development specialising in Economics & Statistics,2,55650,,46
2023,Commerce,BCom Academic Development specialising in Economics & Statistics,3,61710,– R 64 630,46
2023,Commerce,BCom Academic Development specialising in Economics & Statistics,4,83570,,46
2023,Commerce,BCom Academic Development specialising in Economics with Law,1,65890,,46
2023,Commerce,BCom Academic Development specialising in Economics with Law,2,56330,,46
2023,Commerce,BCom Academic Development specialising in Economics with Law,3,53310,,46
2023,Commerce,BCom Academic Development specialising in Economics with Law,4,53310,,46
2023,Commerce,BCom Academic Development specialising in Information Systems,1,56520,,47
2023,Commerce,BCom Academic Development specialising in Information Systems,2,56660,,47
2023,Commerce,BCom Academic Development specialising in Information Systems,3,65830,,47
2023,Commerce,BCom Academic Development specialising in Information Systems,4,55520,,47
2023,Commerce,BCom Academic Development specialising in Information Systems & Computer Science,1,56250,,47
2023,Commerce,BCom Academic Development specialising in Information Systems & Computer Science,2,55130,,47
2023,Commerce,BCom Academic Development specialising in Information Systems & Computer Science,3,55270,,47
2023,Commerce,BCom Academic Development specialising in Information Systems & Computer Science,4,64710,,47
2023,Commerce,BCom Academic Development specialising in Information Systems & Finance,1,65950,,47
2023,Commerce,BCom Academic Development specialising in Information Systems & Finance,2,60690,,47
2023,Commerce,BCom Academic Development specialising in Information Systems & Finance,3,65950,,47
2023,Commerce,BCom Academic Development specialising in Information Systems & Finance,4,58210,,47
2023,Commerce,"BCom Academic Development specialising in Philosophy, Politics & Economics",1,53820,,47
2023,Commerce,"BCom Academic Development specialising in Philosophy, Politics & Economics",2,56520,,47
2023,Commerce,"BCom Academic Development specialising in Philosophy, Politics & Economics",3,49320,,47
2023,Commerce,"BCom Academic Development specialising in Philosophy, Politics & Economics",4,81260,,47
2023,Commerce,BCom Academic Development specialising in Management Studies,1,65140,,47
2023,Commerce,BCom Academic Development specialising in Management Studies,2,56460,,47
2023,Commerce,BCom Academic Development specialising in Management Studies,3,68450,,47
2023,Commerce,BCom Academic Development specialising in Management Studies,4,66010,– R 84 020,47
2023,Commerce,BBusSc Academic Development specialising in Actuarial Science: Quantitative Finance Stream,1,56250,,47
2023,Commerce,BBusSc Academic Development specialising in Actuarial Science: Quantitative Finance Stream,2,56460,,47
2023,Commerce,BBusSc Academic Development specialising in Actuarial Science: Quantitative Finance Stream,3,77250,,47
2023,Commerce,BBusSc Academic Development specialising in Actuarial Science: Quantitative Finance Stream,4,94450,,47
2023,Commerce,BBusSc Academic Development specialising in Actuarial Science: Quantitative Finance Stream,5,80600,,47
2023,Commerce,BBusSc Academic Development specialising in Analytics,1,56250,,47
2023,Commerce,BBusSc Academic Development specialising in Analytics,2,56460,,47
2023,Commerce,BBusSc Academic Development specialising in Analytics,3,77250,,47
2023,Commerce,BBusSc Academic Development specialising in Analytics,4,101550,,47
2023,Commerce,BBusSc Academic Development specialising in Analytics,5,75110,,47
2023,Commerce,BBusSc Academic Development specialising in Analytics,1,55440,,48
2023,Commerce,BBusSc Academic Development specialising in Analytics,2,56190,,48
2023,Commerce,BBusSc Academic Development specialising in Analytics,3,86390,,48
2023,Commerce,BBusSc Academic Development specialising in Analytics,4,104550,– R 113 930,48
2023,Commerce,BBusSc Academic Development specialising in Analytics,5,77830,,48
2023,Commerce,BBusSc Academic Development specialising in Finance with Accounting,1,65080,,48
2023,Commerce,BBusSc Academic Development specialising in Finance with Accounting,2,72760,,48
2023,Commerce,BBusSc Academic Development specialising in Finance with Accounting,3,87440,,48
2023,Commerce,BBusSc Academic Development specialising in Finance with Accounting,4,74430,,48
2023,Commerce,BBusSc Academic Development specialising in Finance with Accounting,5,75200,,48
2023,Commerce,BBusSc Academic Development specialising in Finance,1,73760,,48
2023,Commerce,BBusSc Academic Development specialising in Finance,2,67830,,48
2023,Commerce,BBusSc Academic Development specialising in Finance,3,46820,,48
2023,Commerce,BBusSc Academic Development specialising in Finance,4,74790,,48
2023,Commerce,BBusSc Academic Development specialising in Finance,5,75200,,48
2023,Commerce,BBusSc Academic Development specialising in Computer Science,1,56190,,48
2023,Commerce,BBusSc Academic Development specialising in Computer Science,2,64620,,48
2023,Commerce,BBusSc Academic Development specialising in Computer Science,3,64650,,48
2023,Commerce,BBusSc Academic Development specialising in Computer Science,4,64710,,48
2023,Commerce,BBusSc Academic Development specialising in Computer Science,5,70830,,48
2023,Commerce,BBusSc Academic Development specialising in Economics,1,65890,,48
2023,Commerce,BBusSc Academic Development specialising in Economics,2,65140,,48
2023,Commerce,BBusSc Academic Development specialising in Economics,3,71140,- R 77 230,48
2023,Commerce,BBusSc Academic Development specialising in Economics,4,47150,– R 67 780,48
2023,Commerce,BBusSc Academic Development specialising in Economics,5,94180,,48
2023,Commerce,BBusSc Academic Development specialising in Economics with Law,1,65890,,48
2023,Commerce,BBusSc Academic Development specialising in Economics with Law,2,59210,,48
2023,Commerce,BBusSc Academic Development specialising in Economics with Law,3,62490,,48
2023,Commerce,BBusSc Academic Development specialising in Economics with Law,4,72170,,48
2023,Commerce,BBusSc Academic Development specialising in Economics with Law,5,94180,,48
2023,Commerce,BBusSc Academic Development specialising in Information Systems,1,65080,,48
2023,Commerce,BBusSc Academic Development specialising in Information Systems,2,56520,,48
2023,Commerce,BBusSc Academic Development specialising in Information Systems,3,77960,,48
2023,Commerce,BBusSc Academic Development specialising in Information Systems,4,65890,,49
2023,Commerce,BBusSc Academic Development specialising in Information Systems,5,86470,,49
2023,Commerce,BBusSc Academic Development specialising in Marketing,1,65080,,49
2023,Commerce,BBusSc Academic Development specialising in Marketing,2,68640,,49
2023,Commerce,BBusSc Academic Development specialising in Marketing,3,56330,,49
2023,Commerce,BBusSc Academic Development specialising in Marketing,4,65360,,49
2023,Commerce,BBusSc Academic Development specialising in Marketing,5,92450,,49
2023,Commerce,BBusSc Academic Development specialising in Organisational Psychology,1,64090,,49
2023,Commerce,BBusSc Academic Development specialising in Organisational Psychology,2,68640,,49
2023,Commerce,BBusSc Academic Development specialising in Organisational Psychology,3,65200,,49
2023,Commerce,BBusSc Academic Development specialising in Organisational Psychology,4,69640,,49
2023,Commerce,BBusSc Academic Development specialising in Organisational Psychology,5,87900,,49
2023,Commerce,Diplomas Advanced Diploma in Actuarial Science,,94700,,49
2023,Commerce,Advanced Diploma in Accounting,,83010,,49
2023,Commerce,Postgraduate Per year of Bachelor of Commerce Honours specialising in Accounting,,86060,,49
2023,Commerce,study specialising in Actuarial Science,,61660,,49
2023,Commerce,specialising in Economics,,84870,,49
2023,Commerce,specialising in Economic Analysis of Financial Markets (Part -time,,84870,,49
2023,Commerce,specialising in Finance,,65890,,49
2023,Commerce,specialising in Quantitative Finance,,65660,,49
2023,Commerce,specialising in Information Systems Full Time,,67730,,49
2023,Commerce,specialising in Information Systems Full Time,1,36370,,49
2023,Commerce,specialising in Information Systems Full Time,2,9430,,49
2023,Commerce,BBusSc Academic Development specialising in Organisational Psychology | specialising in Management Information Systems,1,60510,,49
2023,Commerce,BBusSc Academic Development specialising in Organisational Psychology | specialising in Management Information Systems,2,25900,,49
2023,Commerce,specialising in Organisational Psychology (Change Management),,69160,,49
2023,Commerce,specialising in Statistics,,66990,,49
2023,Commerce,BBusSc Academic Development specialising in Organisational Psychology | specialising in Taxation,1,36080,,49
2023,Commerce,BBusSc Academic Development specialising in Organisational Psychology | specialising in Taxation,2,14700,,49
2023,Commerce,specialising in Marketing,,70100,,49
2023,Commerce,"Masters Master of Commerce (by Coursework and Dissertation) specialising in Financial Reporting, Analysis & Governance",,73960,,49
2023,Commerce,specialising in Actuarial Science,,49940,,49
2023,Commerce,specialising in Economics,,66010,,49
2023,Commerce,specialising in Applied Economics,,50180,,50
2023,Commerce,specialising in Economic Development,,50180,,50
2023,Commerce,specialising in Economic Science,,103730,,50
2023,Commerce,in the field of Financial Management,,90560,,50
2023,Commerce,In the field of Investment Management,,100750,,50
2023,Commerce,in the field of Corporate Finance and Valuation,,105260,,50
2023,Commerce,BBusSc Academic Development specialising in Organisational Psychology | specialising in Taxation in the field of South African Income Tax,1,71980,,50
2023,Commerce,BBusSc Academic Development specialising in Organisational Psychology | specialising in Taxation in the field of South African Income Tax,2,26440,,50
2023,Commerce,in the field of International Tax,,98600,,50
2023,Commerce,specialising in Organisational Psychology,,66250,,50
2023,Commerce,specialising in Information Systems,,72970,,50
2023,Commerce,Masters of Development Policy and Practice,,218120,,50
2023,Commerce,Master of Philosophy specialising in Financial Technology,,89360,,50
2023,Commerce,Masters of Philosophy in Development Policy and Practice,,106050,,50
2023,Commerce,Master of Financial Engineering,,117390,,50
2023,Commerce,Master of People Management,,66380,,50
2023,Commerce,Masters of Applied Finance,,109980,,50
2023,Commerce,Master of Commerce in Risk Management of Financial Markets,,93810,,50
2023,Commerce,Doctoral Degrees Doctoral (PhD) (per year),,24570,,50
2023,Commerce,Doctor of Philosophy specialising in Information Systems,,47960,,50
2023,Commerce,specialising in Economics (with Coursework),,109440,,50
2023,Commerce,Diplomas Postgraduate Diploma in Accounting,,71360,,50
2023,Commerce,Postgraduate Diploma in Actuarial Science,,127480,,50
2023,Commerce,Postgraduate Diploma in Management specialising in Entrepreneurship,,71080,,50
2023,Commerce,specialising in Sports,,71270,,50
2023,Commerce,specialising in Management Information Systems,,69940,,50
2023,Commerce,specialising in Management in Business Communication,,71270,,50
2023,Commerce,specialising in Management in Marketing,,71270,,50
2023,Engineering & The Built Environment,Bachelor of Architectural Studies,1,78330,Regular,50
2023,Engineering & The Built Environment,Bachelor of Architectural Studies,2,74770,curriculum,50
2023,Engineering & The Built Environment,Bachelor of Architectural Studies,3,78130,- no repeat,50
2023,Engineering & The Built Environment,courses BSc (Geomatics),1,66260,,50
2023,Engineering & The Built Environment,courses BSc (Geomatics),2,79620,,50
2023,Engineering & The Built Environment,courses BSc (Geomatics),3,78590,,51
2023,Engineering & The Built Environment,courses BSc (Geomatics),4,84480,,51
2023,Engineering & The Built Environment,BSc Eng (Chemical),1,77240,,51
2023,Engineering & The Built Environment,BSc Eng (Chemical),2,87140,,51
2023,Engineering & The Built Environment,BSc Eng (Chemical),3,79240,,51
2023,Engineering & The Built Environment,BSc Eng (Chemical),4,86380,,51
2023,Engineering & The Built Environment,BSc Eng (Civil),1,78570,,51
2023,Engineering & The Built Environment,BSc Eng (Civil),2,77360,,51
2023,Engineering & The Built Environment,BSc Eng (Civil),3,78640,,51
2023,Engineering & The Built Environment,BSc Eng (Civil),4,86660,,51
2023,Engineering & The Built Environment,BSc Eng (Electrical),1,80380,,51
2023,Engineering & The Built Environment,BSc Eng (Electrical),2,86450,,51
2023,Engineering & The Built Environment,BSc Eng (Electrical),3,81510,,51
2023,Engineering & The Built Environment,BSc Eng (Electrical),4,78040,,51
2023,Engineering & The Built Environment,BSc Eng (Electrical & Computer),1,80380,,51
2023,Engineering & The Built Environment,BSc Eng (Electrical & Computer),2,86450,,51
2023,Engineering & The Built Environment,BSc Eng (Electrical & Computer),3,89460,,51
2023,Engineering & The Built Environment,BSc Eng (Electrical & Computer),4,76130,,51
2023,Engineering & The Built Environment,BSc Eng (Mechatronics),1,80380,,51
2023,Engineering & The Built Environment,BSc Eng (Mechatronics),2,86450,,51
2023,Engineering & The Built Environment,BSc Eng (Mechatronics),3,83960,,51
2023,Engineering & The Built Environment,BSc Eng (Mechatronics),4,78040,,51
2023,Engineering & The Built Environment,BSc Eng (Mechanical and Mechatronic Engineering),1,80050,,51
2023,Engineering & The Built Environment,BSc Eng (Mechanical and Mechatronic Engineering),2,80590,,51
2023,Engineering & The Built Environment,BSc Eng (Mechanical and Mechatronic Engineering),3,83790,,51
2023,Engineering & The Built Environment,BSc Eng (Mechanical and Mechatronic Engineering),4,82800,,51
2023,Engineering & The Built Environment,BSc Eng (Mechanical),1,80050,,51
2023,Engineering & The Built Environment,BSc Eng (Mechanical),2,80590,,51
2023,Engineering & The Built Environment,BSc Eng (Mechanical),3,83650,,51
2023,Engineering & The Built Environment,BSc Eng (Mechanical),4,82000,,51
2023,Engineering & The Built Environment,BSc in Construction Studies,1,80730,,51
2023,Engineering & The Built Environment,BSc in Construction Studies,2,76350,,51
2023,Engineering & The Built Environment,BSc in Construction Studies,3,78210,,51
2023,Engineering & The Built Environment,BSc in Property Studies,1,78800,,51
2023,Engineering & The Built Environment,BSc in Property Studies,2,78610,,51
2023,Engineering & The Built Environment,BSc in Property Studies,3,83500,,52
2023,Engineering & The Built Environment,Postgraduate Diploma in Power Plant Engineering,,65980,,52
2023,Engineering & The Built Environment,Postgraduate BSc (Hons) (Geographical Info Systems),,79850,,52
2023,Engineering & The Built Environment,Per year of BSc (Hons) (Construction Management),,73250,,52
2023,Engineering & The Built Environment,study BSc (Hons) (Property Studies),,76110,,52
2023,Engineering & The Built Environment,BSc (Hons) (Quantity Surveying),,72410,,52
2023,Engineering & The Built Environment,BSc (Hons) (Materials Science),,82220,,52
2023,Engineering & The Built Environment,Bachelor of Architectural Studies (Hons),,74070,,52
2023,Engineering & The Built Environment,Bachelor of City Planning (Hons),,84620,,52
2023,Engineering & The Built Environment,Bachelor of Landscape Architecture (Hons),,90840,,52
2023,Engineering & The Built Environment,Master’s by Dissertation only (180 credits),,37450,,52
2023,Engineering & The Built Environment,BSc in Property Studies | Master’s by Dissertation (120 credits) and Coursework (Mphil and MSc),1,49000,,52
2023,Engineering & The Built Environment,BSc in Property Studies | Master’s by Dissertation (120 credits) and Coursework (Mphil and MSc),2,49000,,52
2023,Engineering & The Built Environment,Master of Architecture (Professional),,82570,,52
2023,Engineering & The Built Environment,Master of City & Regional Planning,,53570,,52
2023,Engineering & The Built Environment,Master of Engineering in Civil Infrastructure Management and Maintenance,,98060,,52
2023,Engineering & The Built Environment,Master of Philosophy specialising in Engineering in Civil Infrastructure Management and Maintenance,,96650,,52
2023,Engineering & The Built Environment,Master of Geotechnical Engineering,,88000,,52
2023,Engineering & The Built Environment,Master of Transport Studies,,120030,,52
2023,Engineering & The Built Environment,Master of Structural Engineering and Materials,,87810,,52
2023,Engineering & The Built Environment,Master of Urban Design,,61860,,52
2023,Engineering & The Built Environment,Master of Water Engineering,,102710,,52
2023,Engineering & The Built Environment,Master of Landscape Architecture,,64160,,52
2023,Engineering & The Built Environment,Master of Science in Property Studies,,125360,,52
2023,Engineering & The Built Environment,BSc in Property Studies | MPhil In Conservation of Built Environment,1,40000,,52
2023,Engineering & The Built Environment,BSc in Property Studies | MPhil In Conservation of Built Environment,2,40000,,52
2023,Engineering & The Built Environment,MPhil (Transport Studies),,84330,,52
2023,Engineering & The Built Environment,Doctoral (PhD) (per year),,24570,,52
2023,Health Sciences,MBChB,1,98010,Regular,52
2023,Health Sciences,MBChB,2,115720,curriculum,52
2023,Health Sciences,MBChB,3,122100,,52
2023,Health Sciences,MBChB,4,119340,,52
2023,Health Sciences,MBChB,5,97060,,52
2023,Health Sciences,MBChB,6,120050,,52
2023,Health Sciences,BSc (Audiology),1,82930,,52
2023,Health Sciences,BSc (Audiology),2,82500,,52
2023,Health Sciences,BSc (Audiology),3,82530,,52
2023,Health Sciences,BSc (Audiology),4,89320,,52
2023,Health Sciences,BSc (Occupational Therapy),1,76350,,53
2023,Health Sciences,BSc (Occupational Therapy),2,70590,,53
2023,Health Sciences,BSc (Occupational Therapy),3,64820,,53
2023,Health Sciences,BSc (Occupational Therapy),4,82410,,53
2023,Health Sciences,BSc (Physiotherapy),1,72520,,53
2023,Health Sciences,BSc (Physiotherapy),2,91520,,53
2023,Health Sciences,BSc (Physiotherapy),3,66330,,53
2023,Health Sciences,BSc (Physiotherapy),4,74850,,53
2023,Health Sciences,BSc (Speech & Language Pathology),1,83660,,53
2023,Health Sciences,BSc (Speech & Language Pathology),2,78690,,53
2023,Health Sciences,BSc (Speech & Language Pathology),3,80100,,53
2023,Health Sciences,BSc (Speech & Language Pathology),4,89320,,53
2023,Health Sciences,BSc (Med),,80550,,53
2023,Health Sciences,Postgraduate BMedSci (Honours) Per year of Coursework,,51160,,53
2023,Health Sciences,study Research Project,,17060,,53
2023,Health Sciences,Total,,68220,,53
2023,Health Sciences,MPhil specialising in Biokinetics Coursework,,47945,,53
2023,Health Sciences,Minor Dissertation (60 credits),,22090,,53
2023,Health Sciences,MPhil specialising in Biomedical Forensic Science Coursework (per year),,56990,,53
2023,Health Sciences,Minor Dissertation (60 credits),,23230,,53
2023,Health Sciences,MPhil specialising in Clinical Paediatric Surgery Coursework (per year),,15720,,53
2023,Health Sciences,Minor Dissertation (60 credits),,7120,,53
2023,Health Sciences,MPhil specialising in Clinical Pharmacology Coursework (per year),,33270,,53
2023,Health Sciences,Minor Dissertation (60 credits),,34790,,53
2023,Health Sciences,MPhil specialising in Intellectual Disability Coursework (per year),,33100,,53
2023,Health Sciences,Minor Dissertation (90 credits),,34790,,53
2023,Health Sciences,MPhil specialising in Liaison Mental Health Coursework (per year),,14950,,53
2023,Health Sciences,Minor Dissertation (60 credits),,7120,,53
2023,Health Sciences,MPhil specialising in Maternal & Child Health Coursework (year 1),,24600,,53
2023,Health Sciences,Course work (year 2),,34500,,53
2023,Health Sciences,Minor Dissertation (60 credits),,23220,,53
2023,Health Sciences,MPhil specialising in Occupational Health Coursework (per year),,34160,,54
2023,Health Sciences,Minor Dissertation (60 credits),,23220,,54
2023,Health Sciences,MPhil specialising in Paediatric Forensic Pathology Coursework (per year),,15720,,54
2023,Health Sciences,Minor Dissertation (60 credits),,7120,,54
2023,Health Sciences,MPhil specialising in Paediatric Pathology Coursework (per year),,15720,,54
2023,Health Sciences,Minor Dissertation (60 credits),,7120,,54
2023,Health Sciences,MPhil specialising in Palliative Medicine Coursework (per year),,33100,,54
2023,Health Sciences,Minor Dissertation (90 credits),,33100,,54
2023,Health Sciences,MPhil specialising in Sport & Exercise Medicine HUB5006W (Coursework),,23220,,54
2023,Health Sciences,HUB5025W (Coursework),,15530,,54
2023,Health Sciences,HUB5026W (Coursework),,15530,,54
2023,Health Sciences,Minor Dissertation (60 credits),,23220,,54
2023,Health Sciences,MPhil in Emergency Medicine (Global Emergency Care Stream)- 2 year programme Compulsory Coursework,,41690,,54
2023,Health Sciences,Two electives varies between ...................... R5 570 and R9 190 Minor Dissertation (60 credits),,23220,,54
2023,Health Sciences,MPhil in Emergency Medicine (Clinical Emergency Care Stream) Compulsory Coursework,,33420,,54
2023,Health Sciences,Two electives varies between ...................... R 5 570 and R8 270 Minor Dissertation (60 credits),,23220,,54
2023,Health Sciences,MPhil in Emergency Medicine (Disaster Medicine Stream) Compulsory Coursework,,45330,,54
2023,Health Sciences,Two electives @ R 5 570 each,,5570,,54
2023,Health Sciences,Minor Dissertation (60 credits),,23220,,54
2023,Health Sciences,MPhil in Emergency Medicine (Patient Safety & Clin Decision-making Stream A) Compulsory Coursework,,27850,,54
2023,Health Sciences,Three electives @ R 5 570 each R16 710 Minor Dissertation (60 credits),,23220,,54
2023,Health Sciences,MPhil in Emergency Medicine (Patient Safety & Clin Decision-making Stream B) Compulsory Coursework,,27850,,54
2023,Health Sciences,One elective,,5570,,54
2023,Health Sciences,Minor Dissertation (90 credits),,33100,,54
2023,Health Sciences,MPhil in Health Innovation Coursework (per year),,45960,,55
2023,Health Sciences,Electives +/_ ................................................................... variable Minor Dissertation (60 credits),,22080,,55
2023,Health Sciences,Master of Public Health (All streams except Health Economics) Coursework (10 courses @ R5 645each),,56450,,55
2023,Health Sciences,Minor Dissertation (60 credits),,23220,,55
2023,Health Sciences,Master of Public Health (Health Economics) Coursework (8 courses @ R 5 414 each),,53700,,55
2023,Health Sciences,Minor Dissertation (90 credits),,36400,,55
2023,Health Sciences,MSc in Exercise and Sports Physiotherapy Coursework (per year),,44620,,55
2023,Health Sciences,Minor Dissertation (60 credits),,22090,,55
2023,Health Sciences,MMedSc in Biomedical Engineering (by dissertation only) Prerequisite coursework,,16290,,55
2023,Health Sciences,Electives (2) between ............................... R14 018 and R16 324 Dissertation (180 credits),,37020,,55
2023,Health Sciences,MMedSc in Biomedical Engineering (by coursework & dissertation only) Compulsory coursework,,35660,,55
2023,Health Sciences,One Elective (varies between 6460 R6 791 &),,7090,,55
2023,Health Sciences,Minor Dissertation (90 credits),,33100,,55
2023,Health Sciences,MMedSc specialising in Genetic Counselling Coursework (per year),,41659,,55
2023,Health Sciences,Minor Dissertation (60 credits),,22090,,55
2023,Health Sciences,MSc in Nursing (by coursework and dissertation) Compulsory coursework,,23150,,55
2023,Health Sciences,Electives variable depending on choice totalling 53 NQF credits Minor Dissertation (90 credits),,33100,,55
2023,Health Sciences,MSc in Occupational Therapy (by coursework and dissertation) Compulsory Coursework (per year) ............................................ Elective vary between ............................ R12 846 and R19 290 Minor Dissertation (90 credits),,34795,,55
2023,Health Sciences,MSc in Epidemiology & Biostatistics (by coursework & dissertation) Compulsory Coursework (per year),,42960,,55
2023,Health Sciences,Two electives,,10740,,55
2023,Health Sciences,Minor Dissertation (90 credits),,33100,,55
2023,Health Sciences,Master of Chemicals Risk Management (Professional Master) Coursework,,60800,,55
2023,Health Sciences,Professional Master’s Project,,18820,,55
2023,Health Sciences,Master of Nursing in Child Nursing (Professional Master) 1st Year (Coursework),,38540,,56
2023,Health Sciences,2nd Year (Coursework),,16180,,56
2023,Health Sciences,Research-related Independent Study,,16600,,56
2023,Health Sciences,MMed (Speciality training) Training per year (Years 1 – 4),,17070,,56
2023,Health Sciences,Minor Dissertation (60 credits),,12060,,56
2023,Health Sciences,MPhil (Sub-speciality training) Training per year (Years 1 & 2),,16430,,56
2023,Health Sciences,Minor Dissertation (60 credits),,7450,,56
2023,Health Sciences,MMedSc by Research & Dissertation (per year),,37020,,56
2023,Health Sciences,MSc(Med) by Research & Dissertation (per year),,37020,,56
2023,Health Sciences,MSc by Research & Dissertation (per year),,37020,,56
2023,Health Sciences,PhD (per year),,23370,,56
2023,Health Sciences,MD (per year),,23370,,56
2023,Health Sciences,Diplomas PG Dip in Addictions Care,,54140,,56
2023,Health Sciences,PG Dip in Clinical Hepatology,,61700,,56
2023,Health Sciences,PG Dip in Community& General Paediatrics,,50434,,56
2023,Health Sciences,PG Dip in Clinical Developmental Paediatrics,,51090,,56
2023,Health Sciences,PG Dip in Emergency Care,,53840,,56
2023,Health Sciences,PG Dip in Disability Studies,,53200,,56
2023,Health Sciences,BSc (Speech & Language Pathology) | PG Dip in Family Medicine,1,21130,,56
2023,Health Sciences,BSc (Speech & Language Pathology) | PG Dip in Family Medicine,2,32020,,56
2023,Health Sciences,PG Dip in Healthcare Tech Management,,55380,,56
2023,Health Sciences,BSc (Speech & Language Pathology) | PG Dip in Health Economics,1,26440,,56
2023,Health Sciences,BSc (Speech & Language Pathology) | PG Dip in Health Economics,2,27060,,56
2023,Health Sciences,PG Dip in Health Leadership Year 1,,36330,,56
2023,Health Sciences,Year 2 (semester 1 only),,20380,,56
2023,Health Sciences,PG Dip in Health Professional Education,,52560,,56
2023,Health Sciences,PG Dip in Interdisciplinary Pain Management,,56010,,56
2023,Health Sciences,PG Dip in Occupational Health (per year x 2),,35050,,56
2023,Health Sciences,PG Dip in Clinical Paediatric Critical Care,,51090,,56
2023,Health Sciences,PG Dip in Clinical Paediatric Diabetes,,51090,,56
2023,Health Sciences,PG Dip in Clinical Paediatric Electrophysiology & Epilepsy,,51090,,56
2023,Health Sciences,PG Dip in Clinical Paediatric Emergency Care,,51090,,56
2023,Health Sciences,PG Dip in Clinical Paediatric Gastroenterology,,51090,,56
2023,Health Sciences,PG Dip in Clinical Paediatric Haematology & Oncology,,51090,,56
2023,Health Sciences,PG Dip in Clinical Paediatric Nephrology,,51090,,56
2023,Health Sciences,PG Dip in Clinical Paediatric Physiotherapy,,51090,,56
2023,Health Sciences,PG Dip in Clinical Paediatric Pulmonology,,51090,,56
2023,Health Sciences,PG Dip in Clinical Paediatric Cardiology,,51090,,56
2023,Health Sciences,PG Dip in Clinical Paediatric Rheumatology,,51090,,56
2023,Health Sciences,PG Dip in Palliative Medicine (Adult or Paediatric),,55140,,56
2023,Health Sciences,PG Dip in Pesticide Risk Management,,51760,,56
2023,Health Sciences,PG Dip in TB-HIV Management,,54310,,56
2023,Humanities,Bachelor of Arts and Bachelor of Social Science,1,68300,Regular curriculum,57
2023,Humanities,Bachelor of Arts and Bachelor of Social Science,2,68300,- no repeat courses,57
2023,Humanities,Bachelor of Arts and Bachelor of Social Science,3,68300,,57
2023,Humanities,BA (Fine Arts),1,76100,,57
2023,Humanities,BA (Fine Arts),2,85600,,57
2023,Humanities,BA (Fine Arts),3,66500,,57
2023,Humanities,BA (Fine Arts),4,83300,,57
2023,Humanities,BA (Theatre & Performance),1,95000,,57
2023,Humanities,BA (Theatre & Performance),2,72200,,57
2023,Humanities,BA (Theatre & Performance),3,80300,,57
2023,Humanities,BA (Theatre & Performance),4,68800,,57
2023,Humanities,Bachelor of Social Science in PPE,1,72800,,57
2023,Humanities,Bachelor of Social Science in PPE,2,84900,,57
2023,Humanities,Bachelor of Social Science in PPE,3,66300,,57
2023,Humanities,Bachelor of Social Work (BSW),1,51200,,57
2023,Humanities,Bachelor of Social Work (BSW),2,70600,,57
2023,Humanities,Bachelor of Social Work (BSW),3,58800,,57
2023,Humanities,Bachelor of Social Work (BSW),4,60800,,57
2023,Humanities,BMus (General & Other Streams),1,64700,-R67 700,57
2023,Humanities,BMus (General & Other Streams),2,69900,-R82 600,57
2023,Humanities,BMus (General & Other Streams),3,76500,-R82 700,57
2023,Humanities,BMus (General & Other Streams),4,70900,-R77 500,57
2023,Humanities,BA specialising in Music Education,1,64700,-R68 800,57
2023,Humanities,BA specialising in Music Education,2,71600,-R83 000,57
2023,Humanities,BA specialising in Music Education,3,80800,-R87 400,57
2023,Humanities,BA specialising in Film and Media Production,1,68300,,57
2023,Humanities,BA specialising in Film and Media Production,2,72600,,57
2023,Humanities,BA specialising in Film and Media Production,3,76800,,57
2023,Humanities,"Diplomas Advanced Diploma in Opera 4 courses, 1 year",,55500,,57
2023,Humanities,"Advanced Diploma in Music 3 courses, 1 year",,39100,,57
2023,Humanities,"Advanced Diploma in Theatre 3 courses, 1 year",,57200,,57
2023,Humanities,Performer’s Diploma in Music,1,75800,-R78 500,58
2023,Humanities,Performer’s Diploma in Music,2,77700,-R89 800,58
2023,Humanities,Performer’s Diploma in Music,3,88200,-R92 000,58
2023,Humanities,Performer’s Diploma in Theatre and Performance,1,76500,,58
2023,Humanities,Performer’s Diploma in Theatre and Performance,2,72200,,58
2023,Humanities,Performer’s Diploma in Theatre and Performance,3,63800,,58
2023,Humanities,Postgraduate Full degree fees can vary depending on electives taken Per year of study Honours 4 Honours courses + research essay,,50600,,58
2023,Humanities,BEd Hons (4 Honours courses),,43700,,58
2023,Humanities,BA Hons in Theatre 3 Honours courses + research essay,,50200,,58
2023,Humanities,BAs Hons specialising in Dance Studies,,50200,,58
2023,Humanities,BMus Hons specialising in Performance,,50200,,58
2023,Humanities,BMus Hons specialising in Musicology,,50600,,58
2023,Humanities,BMus Hons specialising in Composition,,50300,,58
2023,Humanities,Master’s by Coursework 4 Master’s course work courses,,45700,,58
2023,Humanities,Minor dissertation,,20800,,58
2023,Humanities,Masters in Education (M.Ed) 3 Masters course work courses,,34300,,58
2023,Humanities,Minor dissertation,,20800,,58
2023,Humanities,Research Masters,,34200,,58
2023,Humanities,Masters in Theatre & Performance 2 Masters course work courses,,34400,,58
2023,Humanities,Minor dissertation,,44200,,58
2023,Humanities,Master in Television Production or Media Theory 4 Masters course work courses,,45700,,58
2023,Humanities,Research Project,,20800,,58
2023,Humanities,Master of Fine Art By dissertation,,34200,,58
2023,Humanities,Master of Music by Dissertation (MMus) Dissertation,,34200,,58
2023,Humanities,MMus by Performance & Dissertation,,70200,,58
2023,Humanities,MMus by Composition and Dissertation,,66300,,58
2023,Humanities,MMus by Coursework and Dissertation,,63500,,58
2023,Humanities,"MMus by Performance, Coursework and Dissertation",,68300,,58
2023,Humanities,Doctoral (PhD) (per year),,24570,,58
2023,Humanities,Diplomas Postgraduate Diploma in Fine Art,,62500,,59
2023,Humanities,Postgraduate Diploma in African Studies,,50600,,59
2023,Humanities,Postgraduate Diploma in ACET Education,,43700,,59
2023,Humanities,Postgraduate Diploma in Educational Technology,,43700,,59
2023,Humanities,Postgraduate Diploma in Higher Education Studies,,43600,,59
2023,Humanities,Postgraduate Diploma in Library and Information studies,,50600,,59
2023,Humanities,Postgraduate Diploma in Music Performance 4 Courses,,49400,,59
2023,Humanities,Certificates Postgraduate Certificate in Education: Foundation Phase,,63200,,59
2023,Humanities,Intermediate & Senior Phase,,73500,,59
2023,Law,Degrees Undergraduate LLB Regular curriculum 1st Year – depending on electives,,69410,,59
2023,Law,- no repeat courses 2nd Year – depending on electives,,74250,,59
2023,Law,3rd Year – depending on electives,,80810,,59
2023,Law,4th Year – depending on electives,,82660,,59
2023,Law,Graduate LLB,1,68900,,59
2023,Law,Graduate LLB,2,80810,2,59
2023,Law,Graduate LLB,3,82660,3,59
2023,Law,Postgraduate LLM/MPhil by Coursework and Dissertation Coursework (4 courses),,85440,,59
2023,Law,Dissertation,,10740,,59
2023,Law,Master of Laws in Commercial Law Coursework (4 courses),,85440,,59
2023,Law,Research Tasks (4 Tasks),,9000,,59
2023,Law,Master of Laws in Dispute Resolution Coursework (4 courses),,85440,,59
2023,Law,Research Tasks (4 Tasks),,9000,,59
2023,Law,Master of Laws in Intellectual Property Law Coursework (4 courses),,85440,,59
2023,Law,Research Tasks (4 Tasks),,9000,,59
2023,Law,Master of Laws in International Trade Law Coursework (4 courses),,85440,,59
2023,Law,Research Tasks (4 Tasks),,9000,,59
2023,Law,Master of Laws in Labour Law Coursework (4 courses),,85440,,59
2023,Law,Research Tasks (4 Tasks),,9000,,59
2023,Law,Master of Laws in Environmental Law Coursework (4 courses),,85440,,59
2023,Law,Research Tasks (4 Tasks),,9000,,59
2023,Law,Master of Laws in Marine & Environmental Law Coursework (4 courses),,85440,,59
2023,Law,Research Tasks (4 Tasks),,9000,,60
2023,Law,Master of Laws in the Law of Mineral and Petroleum Extraction and Use Coursework (4 courses),,85440,,60
2023,Law,Research Tasks (4 Tasks),,9000,,60
2023,Law,Master of Laws in Shipping Law Coursework (4 courses),,85440,,60
2023,Law,Research Tasks (4 Tasks),,9000,,60
2023,Law,Master of Laws in Tax Law Coursework (4 courses),,85440,,60
2023,Law,Research Tasks (4 Tasks),,9000,,60
2023,Law,Per year of study LLM/MPhil by Dissertation only,,20300,,60
2023,Law,Diplomas Postgraduate Diploma in Law Coursework (4 courses),,85440,,60
2023,Law,Doctoral (PhD) (per year),,24570,,60
2023,Science,Bachelor of Science,1,74500,Regular curriculum,60
2023,Science,Bachelor of Science,2,74500,- no repeat courses,60
2023,Science,Bachelor of Science,3,74500,,60
2023,Science,Extended Degree 1st Year of EDP,,37500,,60
2023,Science,Programme (EDP:2 nd Year of EDP,,40500,,60
2023,Science,1st year over 2 years) Postgraduate Bachelor of Science Honours,,67330,,60
2023,Science,Per year of study Master of Science & MPhil MSc by Dissertation only,,34160,,60
2023,Science,MSc by Coursework & Dissertation Coursework (full year),,66840,,60
2023,Science,Coursework (half year),,33500,,60
2023,Science,Minor Dissertation,,34160,,60
2023,Science,Doctoral (PhD) (per year),,24570,,60
2024,Commerce,Bachelor of Commerce specialising in Financial Accounting General Accounting Stream,1,87350,Regular curriculum,43
2024,Commerce,Bachelor of Commerce specialising in Financial Accounting General Accounting Stream,2,77900,- no repeat courses,43
2024,Commerce,Bachelor of Commerce specialising in Financial Accounting General Accounting Stream,3,76710,,43
2024,Commerce,Bachelor of Commerce specialising in Financial | Chartered Accounting Stream,1,87350,,43
2024,Commerce,Bachelor of Commerce specialising in Financial | Chartered Accounting Stream,2,78490,,43
2024,Commerce,Bachelor of Commerce specialising in Financial | Chartered Accounting Stream,3,86830,,43
2024,Commerce,BCom specialising in Actuarial Science,1,98140,,43
2024,Commerce,BCom specialising in Actuarial Science,2,100600,,43
2024,Commerce,BCom specialising in Actuarial Science,3,88870,,43
2024,Commerce,BCom specialising in Actuarial Science Quantitative Finance Stream,1,98080,,43
2024,Commerce,BCom specialising in Actuarial Science Quantitative Finance Stream,2,100600,,43
2024,Commerce,BCom specialising in Actuarial Science Quantitative Finance Stream,3,96300,,43
2024,Commerce,BCom specialising in Financial Accounting: Accounting with Law Stream,1,87490,,43
2024,Commerce,BCom specialising in Financial Accounting: Accounting with Law Stream,2,68890,,43
2024,Commerce,BCom specialising in Financial Accounting: Accounting with Law Stream,3,76710,,43
2024,Commerce,BCom specialising in Economics & Finance,1,78700,,43
2024,Commerce,BCom specialising in Economics & Finance,2,80840,,43
2024,Commerce,BCom specialising in Economics & Finance,3,68760,,43
2024,Commerce,BCom specialising in Economics & Statistics,1,78700,,43
2024,Commerce,BCom specialising in Economics & Statistics,2,73530,,43
2024,Commerce,BCom specialising in Economics & Statistics,3,87390,,43
2024,Commerce,BCom specialising in Economics with Law,1,68,",900",44
2024,Commerce,BCom specialising in Economics with Law,2,75190,,44
2024,Commerce,BCom specialising in Economics with Law,3,85310,,44
2024,Commerce,BCom specialising in Information Systems,1,67890,,44
2024,Commerce,BCom specialising in Information Systems,2,69050,,44
2024,Commerce,BCom specialising in Information Systems,3,88340,,44
2024,Commerce,BCom specialising in Information Systems & Computer Science,1,68340,,44
2024,Commerce,BCom specialising in Information Systems & Computer Science,2,86200,,44
2024,Commerce,BCom specialising in Information Systems & Computer Science,3,77500,,44
2024,Commerce,BCom specialising in Information Systems & Finance,1,78700,,44
2024,Commerce,BCom specialising in Information Systems & Finance,2,87980,,44
2024,Commerce,BCom specialising in Information Systems & Finance,3,81430,,44
2024,Commerce,BCom in the field of Management Studies,1,77910,,44
2024,Commerce,BCom in the field of Management Studies,2,91090,,44
2024,Commerce,BCom in the field of Management Studies,3,88740,,44
2024,Commerce,"BCom specialising in Philosophy, Politics & Economics",1,66140,,44
2024,Commerce,"BCom specialising in Philosophy, Politics & Economics",2,90950,,44
2024,Commerce,"BCom specialising in Philosophy, Politics & Economics",3,110780,,44
2024,Commerce,Bachelor of Business Science BBusSc specialising in Actuarial Science,1,98140,,44
2024,Commerce,Bachelor of Business Science BBusSc specialising in Actuarial Science,2,100600,,44
2024,Commerce,Bachelor of Business Science BBusSc specialising in Actuarial Science,3,87130,,44
2024,Commerce,Bachelor of Business Science BBusSc specialising in Actuarial Science,4,84250,,44
2024,Commerce,BBusSc specialising in Actuarial Science: Quantitative Finance Stream,1,98140,,44
2024,Commerce,BBusSc specialising in Actuarial Science: Quantitative Finance Stream,2,100600,,44
2024,Commerce,BBusSc specialising in Actuarial Science: Quantitative Finance Stream,3,106160,,44
2024,Commerce,BBusSc specialising in Actuarial Science: Quantitative Finance Stream,4,78520,,44
2024,Commerce,BBusSc specialising in Finance (Non CA Option),1,78700,,44
2024,Commerce,BBusSc specialising in Finance (Non CA Option),2,90400,,44
2024,Commerce,BBusSc specialising in Finance (Non CA Option),3,88050,,44
2024,Commerce,BBusSc specialising in Finance (Non CA Option),4,78620,,44
2024,Commerce,BBusSc specialising in Finance with Accounting (CA Option),1,88560,,44
2024,Commerce,BBusSc specialising in Finance with Accounting (CA Option),2,99450,,44
2024,Commerce,BBusSc specialising in Finance with Accounting (CA Option),3,87680,,45
2024,Commerce,BBusSc specialising in Finance with Accounting (CA Option),4,88480,,45
2024,Commerce,BBusSc specialising in Analytics,1,88000,,45
2024,Commerce,BBusSc specialising in Analytics,2,99450,,45
2024,Commerce,BBusSc specialising in Analytics,3,129010,,45
2024,Commerce,BBusSc specialising in Analytics,4,81340,,45
2024,Commerce,BBusSc specialising in Computer Science,1,78140,,45
2024,Commerce,BBusSc specialising in Computer Science,2,96910,,45
2024,Commerce,BBusSc specialising in Computer Science,3,96370,,45
2024,Commerce,BBusSc specialising in Computer Science,4,74050,,45
2024,Commerce,BBusSc specialising in Economics,1,78700,,45
2024,Commerce,BBusSc specialising in Economics,2,83650,,45
2024,Commerce,BBusSc specialising in Economics,3,116680,,45
2024,Commerce,BBusSc specialising in Economics,4,98470,,45
2024,Commerce,BBusSc specialising in Economics with Law,1,78700,,45
2024,Commerce,BBusSc specialising in Economics with Law,2,88120,,45
2024,Commerce,BBusSc specialising in Economics with Law,3,85350,,45
2024,Commerce,BBusSc specialising in Economics with Law,4,108330,,45
2024,Commerce,BBusSc specialising in Information Systems,1,87710,,45
2024,Commerce,BBusSc specialising in Information Systems,2,101410,,45
2024,Commerce,BBusSc specialising in Information Systems,3,78620,,45
2024,Commerce,BBusSc specialising in Information Systems,4,90400,,45
2024,Commerce,BBusSc specialising in Marketing,1,78700,,45
2024,Commerce,BBusSc specialising in Marketing,2,90440,,45
2024,Commerce,BBusSc specialising in Marketing,3,88050,,45
2024,Commerce,BBusSc specialising in Marketing,4,96630,,45
2024,Commerce,BBusSc specialising in Organisational Psychology,1,76880,,45
2024,Commerce,BBusSc specialising in Organisational Psychology,2,58310,,45
2024,Commerce,BBusSc specialising in Organisational Psychology,3,85490,,45
2024,Commerce,BBusSc specialising in Organisational Psychology,4,91880,,45
2024,Commerce,Bachelor of Commerce Academic Development specialising in Financial Accounting Chartered Accounting Stream,1,67690,,45
2024,Commerce,Bachelor of Commerce Academic Development specialising in Financial Accounting Chartered Accounting Stream,2,68830,,45
2024,Commerce,Bachelor of Commerce Academic Development specialising in Financial Accounting Chartered Accounting Stream,3,76790,,45
2024,Commerce,Bachelor of Commerce Academic Development specialising in Financial Accounting Chartered Accounting Stream,4,58950,,45
2024,Commerce,BCom Academic Development specialising in Financial Accounting General Accounting Stream,1,57830,,46
2024,Commerce,BCom Academic Development specialising in Financial Accounting General Accounting Stream,2,68830,,46
2024,Commerce,BCom Academic Development specialising in Financial Accounting General Accounting Stream,3,58770,,46
2024,Commerce,BCom Academic Development specialising in Financial Accounting General Accounting Stream,4,37660,,46
2024,Commerce,BCom Academic Development specialising in Actuarial Science,1,60030,,46
2024,Commerce,BCom Academic Development specialising in Actuarial Science,2,59040,,46
2024,Commerce,BCom Academic Development specialising in Actuarial Science,3,80880,,46
2024,Commerce,BCom Academic Development specialising in Actuarial Science,4,88870,,46
2024,Commerce,BCom Academic Development specialising in Actuarial Science Quantitative Finance Stream,1,60030,,46
2024,Commerce,BCom Academic Development specialising in Actuarial Science Quantitative Finance Stream,2,68050,,46
2024,Commerce,BCom Academic Development specialising in Actuarial Science Quantitative Finance Stream,3,71870,,46
2024,Commerce,BCom Academic Development specialising in Actuarial Science Quantitative Finance Stream,4,96300,,46
2024,Commerce,BCom Academic Development specialising in Financial Accounting: Accounting with Law Stream,1,60030,,46
2024,Commerce,BCom Academic Development specialising in Financial Accounting: Accounting with Law Stream,2,84920,,46
2024,Commerce,BCom Academic Development specialising in Financial Accounting: Accounting with Law Stream,3,75320,,46
2024,Commerce,BCom Academic Development specialising in Financial Accounting: Accounting with Law Stream,4,37660,,46
2024,Commerce,BCom Academic Development specialising in Economics & Finance,1,59460,,46
2024,Commerce,BCom Academic Development specialising in Economics & Finance,2,59040,,46
2024,Commerce,BCom Academic Development specialising in Economics & Finance,3,41990,,46
2024,Commerce,BCom Academic Development specialising in Economics & Finance,4,98600,,46
2024,Commerce,BCom Academic Development specialising in Economics & Statistics,1,49240,– R48 960,46
2024,Commerce,BCom Academic Development specialising in Economics & Statistics,2,58190,,46
2024,Commerce,BCom Academic Development specialising in Economics & Statistics,3,64520,– R 67 590,46
2024,Commerce,BCom Academic Development specialising in Economics & Statistics,4,95840,,46
2024,Commerce,BCom Academic Development specialising in Economics with Law,1,59100,,46
2024,Commerce,BCom Academic Development specialising in Economics with Law,2,48980,,46
2024,Commerce,BCom Academic Development specialising in Economics with Law,3,65590,,46
2024,Commerce,BCom Academic Development specialising in Economics with Law,4,55730,,46
2024,Commerce,BCom Academic Development specialising in Information Systems,1,60030,,47
2024,Commerce,BCom Academic Development specialising in Information Systems,2,59250,,47
2024,Commerce,BCom Academic Development specialising in Information Systems,3,58960,,47
2024,Commerce,BCom Academic Development specialising in Information Systems,4,38330,,47
2024,Commerce,BCom Academic Development specialising in Information Systems & Computer Science,1,59970,,47
2024,Commerce,BCom Academic Development specialising in Information Systems & Computer Science,2,67450,,47
2024,Commerce,BCom Academic Development specialising in Information Systems & Computer Science,3,57790,,47
2024,Commerce,BCom Academic Development specialising in Information Systems & Computer Science,4,67640,,47
2024,Commerce,BCom Academic Development specialising in Information Systems & Finance,1,60310,,47
2024,Commerce,BCom Academic Development specialising in Information Systems & Finance,2,59190,,47
2024,Commerce,BCom Academic Development specialising in Information Systems & Finance,3,68960,,47
2024,Commerce,BCom Academic Development specialising in Information Systems & Finance,4,60860,,47
2024,Commerce,"BCom Academic Development specialising in Philosophy, Politics & Economics",1,57490,,47
2024,Commerce,"BCom Academic Development specialising in Philosophy, Politics & Economics",2,49240,,47
2024,Commerce,"BCom Academic Development specialising in Philosophy, Politics & Economics",3,51570,,47
2024,Commerce,"BCom Academic Development specialising in Philosophy, Politics & Economics",4,73080,,47
2024,Commerce,BCom Academic Development specialising in Management Studies,1,69040,,47
2024,Commerce,BCom Academic Development specialising in Management Studies,2,59040,,47
2024,Commerce,BCom Academic Development specialising in Management Studies,3,51850,,47
2024,Commerce,BCom Academic Development specialising in Management Studies,4,39440,,47
2024,Commerce,BBusSc Academic Development specialising in Actuarial Science: Quantitative Finance Stream,1,99350,,47
2024,Commerce,BBusSc Academic Development specialising in Actuarial Science: Quantitative Finance Stream,2,100600,,47
2024,Commerce,BBusSc Academic Development specialising in Actuarial Science: Quantitative Finance Stream,3,106160,,47
2024,Commerce,BBusSc Academic Development specialising in Actuarial Science: Quantitative Finance Stream,4,78520,,47
2024,Commerce,BBusSc Academic Development specialising in Analytics,1,69040,,47
2024,Commerce,BBusSc Academic Development specialising in Analytics,2,48840,,47
2024,Commerce,BBusSc Academic Development specialising in Analytics,3,90440,,47
2024,Commerce,BBusSc Academic Development specialising in Analytics,4,140900,,47
2024,Commerce,BBusSc Academic Development specialising in Analytics,5,81340,,47
2024,Commerce,BBusSc Academic Development specialising in Finance with Accounting,1,69040,,48
2024,Commerce,BBusSc Academic Development specialising in Finance with Accounting,2,48840,,48
2024,Commerce,BBusSc Academic Development specialising in Finance with Accounting,3,90440,,48
2024,Commerce,BBusSc Academic Development specialising in Finance with Accounting,4,140900,,48
2024,Commerce,BBusSc Academic Development specialising in Finance with Accounting,5,81340,,48
2024,Commerce,BBusSc Academic Development specialising in Finance,1,73760,,48
2024,Commerce,BBusSc Academic Development specialising in Finance,2,67830,,48
2024,Commerce,BBusSc Academic Development specialising in Finance,3,46820,,48
2024,Commerce,BBusSc Academic Development specialising in Finance,4,74790,,48
2024,Commerce,BBusSc Academic Development specialising in Finance,5,75200,,48
2024,Commerce,BBusSc Academic Development specialising in Computer Science,1,68980,,48
2024,Commerce,BBusSc Academic Development specialising in Computer Science,2,68360,,48
2024,Commerce,BBusSc Academic Development specialising in Computer Science,3,67590,,48
2024,Commerce,BBusSc Academic Development specialising in Computer Science,4,67640,,48
2024,Commerce,BBusSc Academic Development specialising in Computer Science,5,63490,,48
2024,Commerce,BBusSc Academic Development specialising in Economics,1,60310,,48
2024,Commerce,BBusSc Academic Development specialising in Economics,2,68050,,48
2024,Commerce,BBusSc Academic Development specialising in Economics,3,71140,- R 83550,48
2024,Commerce,BBusSc Academic Development specialising in Economics,4,77500,,48
2024,Commerce,BBusSc Academic Development specialising in Economics,5,68890,,48
2024,Commerce,BBusSc Academic Development specialising in Economics with Law,1,60310,,48
2024,Commerce,BBusSc Academic Development specialising in Economics with Law,2,61850,,48
2024,Commerce,BBusSc Academic Development specialising in Economics with Law,3,65330,,48
2024,Commerce,BBusSc Academic Development specialising in Economics with Law,4,65590,,48
2024,Commerce,BBusSc Academic Development specialising in Economics with Law,5,68890,,48
2024,Commerce,BBusSc Academic Development specialising in Information Systems,1,49320,,48
2024,Commerce,BBusSc Academic Development specialising in Information Systems,2,59100,,48
2024,Commerce,BBusSc Academic Development specialising in Information Systems,3,52200,,48
2024,Commerce,BBusSc Academic Development specialising in Information Systems,4,68880,,48
2024,Commerce,BBusSc Academic Development specialising in Information Systems,5,86470,,48
2024,Commerce,BBusSc Academic Development specialising in Marketing,1,58250,,49
2024,Commerce,BBusSc Academic Development specialising in Marketing,2,51990,,49
2024,Commerce,BBusSc Academic Development specialising in Marketing,3,49040,,49
2024,Commerce,BBusSc Academic Development specialising in Marketing,4,58470,,49
2024,Commerce,BBusSc Academic Development specialising in Marketing,5,96630,,49
2024,Commerce,BBusSc Academic Development specialising in Organisational Psychology,1,68290,,49
2024,Commerce,BBusSc Academic Development specialising in Organisational Psychology,2,51200,,49
2024,Commerce,BBusSc Academic Development specialising in Organisational Psychology,3,58900,,49
2024,Commerce,BBusSc Academic Development specialising in Organisational Psychology,4,43500,,49
2024,Commerce,BBusSc Academic Development specialising in Organisational Psychology,5,91880,,49
2024,Commerce,Diplomas Advanced Diploma in Actuarial Science,,109740,,49
2024,Commerce,Advanced Diploma in Accounting,,86830,,49
2024,Commerce,Postgraduate Per year of Bachelor of Commerce Honours specialising in Accounting,,89960,,49
2024,Commerce,study specialising in Actuarial Science,,64660,,49
2024,Commerce,specialising in Economics,,88740,,49
2024,Commerce,specialising in Economic Analysis of Financial Markets (Part -time,,88740,,49
2024,Commerce,specialising in Finance,,68890,,49
2024,Commerce,specialising in Quantitative Finance,,65660,,49
2024,Commerce,specialising in Information Systems Full Time,,70810,,49
2024,Commerce,specialising in Information Systems Full Time,1,38020,,49
2024,Commerce,specialising in Information Systems Full Time,2,9860,,49
2024,Commerce,BBusSc Academic Development specialising in Organisational Psychology | specialising in Management Information Systems,1,63240,,49
2024,Commerce,BBusSc Academic Development specialising in Organisational Psychology | specialising in Management Information Systems,2,27070,,49
2024,Commerce,specialising in Organisational Psychology (Change Management),,72290,,49
2024,Commerce,specialising in Statistics,,66990,,49
2024,Commerce,BBusSc Academic Development specialising in Organisational Psychology | specialising in Taxation,1,84280,,49
2024,Commerce,BBusSc Academic Development specialising in Organisational Psychology | specialising in Taxation,2,15370,,49
2024,Commerce,specialising in Marketing,,73270,,49
2024,Commerce,"Masters Master of Commerce (by Coursework and Dissertation) specialising in Financial Reporting, Analysis & Governance",,77320,,49
2024,Commerce,specialising in Actuarial Science,,52210,,49
2024,Commerce,specialising in Economics,,69020,,49
2024,Commerce,specialising in Applied Economics,,72190,,49
2024,Commerce,specialising in Economic Development,,52470,,49
2024,Commerce,specialising in Economic Science,,108460,,50
2024,Commerce,in the field of Financial Management,,94650,,50
2024,Commerce,In the field of Investment Management,,105290,,50
2024,Commerce,in the field of Corporate Finance and Valuation,,110020,,50
2024,Commerce,BBusSc Academic Development specialising in Organisational Psychology | specialising in Taxation in the field of South African Income Tax,1,75220,,50
2024,Commerce,BBusSc Academic Development specialising in Organisational Psychology | specialising in Taxation in the field of South African Income Tax,2,27630,,50
2024,Commerce,in the field of International Tax,,103050,,50
2024,Commerce,specialising in Organisational Psychology,,69240,,50
2024,Commerce,specialising in Information Systems,,76270,,50
2024,Commerce,Masters of Development Policy and Practice,,163630,,50
2024,Commerce,Master of Philosophy specialising in Financial Technology,,92770,,50
2024,Commerce,Masters of Philosophy in Development Policy and Practice,,163630,,50
2024,Commerce,Master of Financial Engineering,,105000,,50
2024,Commerce,Master of People Management,,69380,,50
2024,Commerce,Masters of Applied Finance,,114960,,50
2024,Commerce,Master of Commerce in Risk Management of Financial Markets,,98050,,50
2024,Commerce,Doctoral Degrees Doctoral (PhD) (per year),,25680,,50
2024,Commerce,Doctor of Philosophy specialising in Information Systems,,50130,,50
2024,Commerce,specialising in Economics (with Coursework),,124280,,50
2024,Commerce,Diplomas Postgraduate Diploma in Accounting,,74590,,50
2024,Commerce,Postgraduate Diploma in Actuarial Science,,127480,,50
2024,Commerce,Postgraduate Diploma in Management specialising in Entrepreneurship,,71080,,50
2024,Commerce,specialising in Sports,,71270,,50
2024,Commerce,specialising in Management Information Systems,,73100,,50
2024,Commerce,specialising in Management in Business Communication,,71270,,50
2024,Commerce,specialising in Management in Marketing,,71270,,50
2024,Engineering & The Built Environment,Bachelor of Architectural Studies,1,81890,Regular,50
2024,Engineering & The Built Environment,Bachelor of Architectural Studies,2,78170,curriculum,50
2024,Engineering & The Built Environment,Bachelor of Architectural Studies,3,81680,- no repeat,50
2024,Engineering & The Built Environment,courses BSc (Geomatics),1,68770,,50
2024,Engineering & The Built Environment,courses BSc (Geomatics),2,84220,,50
2024,Engineering & The Built Environment,courses BSc (Geomatics),3,82170,,50
2024,Engineering & The Built Environment,courses BSc (Geomatics),4,88320,,50
2024,Engineering & The Built Environment,BSc Eng (Chemical),1,80750,,51
2024,Engineering & The Built Environment,BSc Eng (Chemical),2,89980,,51
2024,Engineering & The Built Environment,BSc Eng (Chemical),3,81630,,51
2024,Engineering & The Built Environment,BSc Eng (Chemical),4,89520,,51
2024,Engineering & The Built Environment,BSc Eng (Civil),1,82170,,51
2024,Engineering & The Built Environment,BSc Eng (Civil),2,80920,,51
2024,Engineering & The Built Environment,BSc Eng (Civil),3,81740,,51
2024,Engineering & The Built Environment,BSc Eng (Civil),4,90600,,51
2024,Engineering & The Built Environment,BSc Eng (Electrical),1,84060,,51
2024,Engineering & The Built Environment,BSc Eng (Electrical),2,90390,,51
2024,Engineering & The Built Environment,BSc Eng (Electrical),3,84760,,51
2024,Engineering & The Built Environment,BSc Eng (Electrical),4,81600,,51
2024,Engineering & The Built Environment,BSc Eng (Electrical & Computer),1,84060,,51
2024,Engineering & The Built Environment,BSc Eng (Electrical & Computer),2,90390,,51
2024,Engineering & The Built Environment,BSc Eng (Electrical & Computer),3,93070,,51
2024,Engineering & The Built Environment,BSc Eng (Electrical & Computer),4,79600,,51
2024,Engineering & The Built Environment,BSc Eng (Mechatronics),1,84060,,51
2024,Engineering & The Built Environment,BSc Eng (Mechatronics),2,90390,,51
2024,Engineering & The Built Environment,BSc Eng (Mechatronics),3,87330,,51
2024,Engineering & The Built Environment,BSc Eng (Mechatronics),4,81600,,51
2024,Engineering & The Built Environment,BSc Eng (Mechanical and Mechatronic Engineering),1,83710,,51
2024,Engineering & The Built Environment,BSc Eng (Mechanical and Mechatronic Engineering),2,84280,,51
2024,Engineering & The Built Environment,BSc Eng (Mechanical and Mechatronic Engineering),3,87620,,51
2024,Engineering & The Built Environment,BSc Eng (Mechanical and Mechatronic Engineering),4,85840,,51
2024,Engineering & The Built Environment,BSc Eng (Mechanical),1,83710,,51
2024,Engineering & The Built Environment,BSc Eng (Mechanical),2,84280,,51
2024,Engineering & The Built Environment,BSc Eng (Mechanical),3,87480,,51
2024,Engineering & The Built Environment,BSc Eng (Mechanical),4,84710,,51
2024,Engineering & The Built Environment,BSc in Construction Studies,1,84420,,51
2024,Engineering & The Built Environment,BSc in Construction Studies,2,77450,,51
2024,Engineering & The Built Environment,BSc in Construction Studies,3,81770,,51
2024,Engineering & The Built Environment,BSc in Property Studies,1,82420,,51
2024,Engineering & The Built Environment,BSc in Property Studies,2,81770,,51
2024,Engineering & The Built Environment,BSc in Property Studies,3,78700,,51
2024,Engineering & The Built Environment,Postgraduate Diploma in Power Plant Engineering,,67840,,52
2024,Engineering & The Built Environment,Postgraduate BSc (Hons) (Geographical Info Systems),,83490,,52
2024,Engineering & The Built Environment,Per year of BSc (Hons) (Construction Management),,86090,,52
2024,Engineering & The Built Environment,study BSc (Hons) (Property Studies),,78740,,52
2024,Engineering & The Built Environment,BSc (Hons) (Quantity Surveying),,85220,,52
2024,Engineering & The Built Environment,BSc (Hons) (Materials Science),,78610,,52
2024,Engineering & The Built Environment,Bachelor of Architectural Studies (Hons),,76860,,52
2024,Engineering & The Built Environment,Bachelor of City Planning (Hons),,88470,,52
2024,Engineering & The Built Environment,Bachelor of Landscape Architecture (Hons),,94970,,52
2024,Engineering & The Built Environment,Master’s by Dissertation only (180 credits),,39140,,52
2024,Engineering & The Built Environment,BSc in Property Studies | Master’s by Dissertation (120 credits) and Coursework (Mphil and MSc),1,49000,,52
2024,Engineering & The Built Environment,BSc in Property Studies | Master’s by Dissertation (120 credits) and Coursework (Mphil and MSc),2,49000,,52
2024,Engineering & The Built Environment,Master of Architecture (Professional),,86300,,52
2024,Engineering & The Built Environment,Master of City & Regional Planning,,56200,,52
2024,Engineering & The Built Environment,Master of Engineering in Civil Infrastructure Management and Maintenance,,104270,,52
2024,Engineering & The Built Environment,Master of Philosophy specialising in Engineering in Civil Infrastructure Management and Maintenance,,100030,,52
2024,Engineering & The Built Environment,Master of Geotechnical Engineering,,89910,,52
2024,Engineering & The Built Environment,Master of Transport Studies,,123000,,52
2024,Engineering & The Built Environment,Master of Structural Engineering and Materials,,90210,,52
2024,Engineering & The Built Environment,Master of Urban Design,,64200,,52
2024,Engineering & The Built Environment,Master of Water Engineering,,104740,,52
2024,Engineering & The Built Environment,Master of Landscape Architecture,,67080,,52
2024,Engineering & The Built Environment,Master of Science in Property Studies,,131050,,52
2024,Engineering & The Built Environment,BSc in Property Studies | MPhil In Conservation of Built Environment,1,44410,,52
2024,Engineering & The Built Environment,BSc in Property Studies | MPhil In Conservation of Built Environment,2,38350,,52
2024,Engineering & The Built Environment,MPhil (Transport Studies),,88150,,52
2024,Engineering & The Built Environment,Doctoral (PhD) (per year),,25680,,52
2024,Health Sciences,MBChB,1,102470,Regular,52
2024,Health Sciences,MBChB,2,120950,curriculum,52
2024,Health Sciences,MBChB,3,127620,,52
2024,Health Sciences,MBChB,4,124770,,52
2024,Health Sciences,MBChB,5,99560,,52
2024,Health Sciences,MBChB,6,124840,,52
2024,Health Sciences,BSc (Audiology),1,86710,,52
2024,Health Sciences,BSc (Audiology),2,90440,,52
2024,Health Sciences,BSc (Audiology),3,82100,,52
2024,Health Sciences,BSc (Audiology),4,83300,,52
2024,Health Sciences,BSc (Occupational Therapy),1,79820,,53
2024,Health Sciences,BSc (Occupational Therapy),2,73800,,53
2024,Health Sciences,BSc (Occupational Therapy),3,67780,,53
2024,Health Sciences,BSc (Occupational Therapy),4,86140,,53
2024,Health Sciences,BSc (Physiotherapy),1,75820,,53
2024,Health Sciences,BSc (Physiotherapy),2,95690,,53
2024,Health Sciences,BSc (Physiotherapy),3,69350,,53
2024,Health Sciences,BSc (Physiotherapy),4,78240,,53
2024,Health Sciences,BSc (Speech & Language Pathology),1,87470,,53
2024,Health Sciences,BSc (Speech & Language Pathology),2,86460,,53
2024,Health Sciences,BSc (Speech & Language Pathology),3,79540,,53
2024,Health Sciences,BSc (Speech & Language Pathology),4,83300,,53
2024,Health Sciences,BSc (Med),,84190,,53
2024,Health Sciences,Postgraduate BMedSci (Honours) Per year of Coursework,,53470,,53
2024,Health Sciences,study Research Project,,17830,,53
2024,Health Sciences,Total,,71300,,53
2024,Health Sciences,MPhil specialising in Biokinetics Coursework,,49600,,53
2024,Health Sciences,Minor Dissertation (60 credits),,24270,,53
2024,Health Sciences,MPhil specialising in Biomedical Forensic Science Coursework (per year),,61730,,53
2024,Health Sciences,Minor Dissertation (60 credits),,24270,,53
2024,Health Sciences,MPhil specialising in Clinical Paediatric Surgery Coursework (per year),,16430,,53
2024,Health Sciences,Minor Dissertation (60 credits),,7450,,53
2024,Health Sciences,MPhil specialising in Clinical Pharmacology Coursework (per year),,36590,,53
2024,Health Sciences,Minor Dissertation (60 credits),,36360,,53
2024,Health Sciences,MPhil specialising in Intellectual Disability Coursework (per year),,36360,,53
2024,Health Sciences,Minor Dissertation (90 credits),,36360,,53
2024,Health Sciences,MPhil specialising in Liaison Mental Health Coursework (per year),,16430,,53
2024,Health Sciences,Minor Dissertation (60 credits),,7450,,53
2024,Health Sciences,MPhil specialising in Maternal & Child Health Coursework (year 1),,25970,,53
2024,Health Sciences,Course work (year 2),,35260,,53
2024,Health Sciences,Minor Dissertation (60 credits),,24270,,53
2024,Health Sciences,MPhil specialising in Occupational Health Coursework (per year),,109880,,54
2024,Health Sciences,Minor Dissertation (60 credits),,24270,,54
2024,Health Sciences,MPhil specialising in Paediatric Forensic Pathology Coursework (per year),,16430,,54
2024,Health Sciences,Minor Dissertation (60 credits),,7450,,54
2024,Health Sciences,MPhil specialising in Paediatric Pathology Coursework (per year),,16430,,54
2024,Health Sciences,Minor Dissertation (60 credits),,7450,,54
2024,Health Sciences,MPhil specialising in Palliative Care Coursework (per year),,36360,,54
2024,Health Sciences,Minor Dissertation (90 credits),,36360,,54
2024,Health Sciences,MPhil specialising in Sport & Exercise Medicine HUB5006W (Coursework),,24270,,54
2024,Health Sciences,HUB5025W (Coursework),,16230,,54
2024,Health Sciences,HUB5026W (Coursework),,16230,,54
2024,Health Sciences,Minor Dissertation (60 credits),,24270,,54
2024,Health Sciences,MPhil in Emergency Medicine (Global Emergency Care Stream)- 2 year programme Compulsory Coursework,,41140,,54
2024,Health Sciences,Two electives varies between ..................... R 5 570 and R 9 190 Minor Dissertation (60 credits),,24270,,54
2024,Health Sciences,MPhil in Emergency Medicine (Clinical Emergency Care Stream) Compulsory Coursework,,36780,,54
2024,Health Sciences,Two electives varies between ................... R 6 130 and R 10 100 Minor Dissertation (60 credits),,24270,,54
2024,Health Sciences,MPhil in Emergency Medicine (Disaster Medicine Stream) Compulsory Coursework,,38660,,54
2024,Health Sciences,Two electives @ R 6 130 each,,12260,,54
2024,Health Sciences,Minor Dissertation (60 credits),,24270,,54
2024,Health Sciences,MPhil in Emergency Medicine (Patient Safety & Clin Decision-making Stream A) Compulsory Coursework,,30650,,54
2024,Health Sciences,Three electives @ R 6 130 each R 18 390 Minor Dissertation (60 credits),,24270,,54
2024,Health Sciences,MPhil in Emergency Medicine (Patient Safety & Clin Decision-making Stream B) Compulsory Coursework,,30650,,54
2024,Health Sciences,One elective …………………………………….R 6 130- R 9100 Minor Dissertation (90 credits) .................................... R 36 3600 MPhil in Health Innovation Coursework (per year),,66650,,55
2024,Health Sciences,Electives +/_ ................................................................... variable Minor Dissertation (60 credits),,24260,,55
2024,Health Sciences,Master of Public Health (All streams except Health Economics) Coursework (10 courses @ R5 910each),,59100,,55
2024,Health Sciences,Minor Dissertation (60 credits),,24270,,55
2024,Health Sciences,Master of Public Health (Health Economics) Coursework (8 courses @ R 5 910 each),,47280,,55
2024,Health Sciences,Minor Dissertation (90 credits),,39990,,55
2024,Health Sciences,MMedSc in Biomedical Engineering (by dissertation only) Dissertation (180 credits),,40670,,55
2024,Health Sciences,MMedSc in Biomedical Engineering (by coursework & dissertation only) Compulsory coursework,,42972,,55
2024,Health Sciences,One Elective,,7800,,55
2024,Health Sciences,Minor Dissertation (90 credits),,36360,,55
2024,Health Sciences,MMedSc specialising in Genetic Counselling Coursework (per year),,70320,,55
2024,Health Sciences,Minor Dissertation (60 credits),,23220,,55
2024,Health Sciences,MSc in Nursing (by coursework and dissertation) Compulsory coursework,,24340,,55
2024,Health Sciences,Electives variable depending on choice totalling 53 NQF credits Minor Dissertation (90 credits),,34790,,55
2024,Health Sciences,MSc in Occupational Therapy (by coursework and dissertation) Compulsory Coursework (per year),,93450,,55
2024,Health Sciences,Minor Dissertation (90 credits),,24270,,55
2024,Health Sciences,MSc in Epidemiology & Biostatistics (by coursework & dissertation) Compulsory Coursework (per year),,35460,,55
2024,Health Sciences,Two electives,,11820,,55
2024,Health Sciences,Minor Dissertation (90 credits),,38040,,55
2024,Health Sciences,Master of Chemicals Risk Management (Professional Master) Coursework,,67360,,55
2024,Health Sciences,Professional Master’s Project,,20680,,55
2024,Health Sciences,Master of Nursing in Child Nursing (Professional Master) 1st Year (Coursework),,40530,,55
2024,Health Sciences,2nd Year (Coursework),,16180,,55
2024,Health Sciences,Research-related Independent Study,,16600,,55
2024,Health Sciences,MMed (Speciality training) Training per year (Years 1 – 4),,18760,,56
2024,Health Sciences,"Minor Dissertation (spread across 4 years, (60 credits)",,13280,,56
2024,Health Sciences,MPhil (Sub-speciality training) Training per year (Years 1 & 2),,16430,,56
2024,Health Sciences,Minor Dissertation (60 credits),,8190,,56
2024,Health Sciences,PhD (per year),,25680,,56
2024,Health Sciences,MD (per year),,25680,,56
2024,Health Sciences,Diplomas PG Dip in Addictions Care,,59570,,56
2024,Health Sciences,PG Dip in Clinical Hepatology,,67780,,56
2024,Health Sciences,PG Dip in Community& General Paediatrics,,50434,,56
2024,Health Sciences,PG Dip in Clinical Developmental Paediatrics,,56140,,56
2024,Health Sciences,PG Dip in Emergency Care,,59180,,56
2024,Health Sciences,PG Dip in Disability Studies,,55330,,56
2024,Health Sciences,BSc (Speech & Language Pathology) | PG Dip in Family Medicine,1,23240,,56
2024,Health Sciences,BSc (Speech & Language Pathology) | PG Dip in Family Medicine,2,34530,,56
2024,Health Sciences,PG Dip in Healthcare Tech Management,,60920,,56
2024,Health Sciences,BSc (Speech & Language Pathology) | PG Dip in Health Economics,1,29450,,56
2024,Health Sciences,BSc (Speech & Language Pathology) | PG Dip in Health Economics,2,29450,,56
2024,Health Sciences,PG Dip in Health Leadership Year 1,,37350,,56
2024,Health Sciences,Year 2 (semester 1 only),,22390,,56
2024,Health Sciences,PG Dip in Health Professional Education,,58490,,56
2024,Health Sciences,PG Dip in Interdisciplinary Pain Management,,58840,,56
2024,Health Sciences,PG Dip in Occupational Health (per year x 2),,39625,,56
2024,Health Sciences,PG Dip in Clinical Paediatric Critical Care,,56140,,56
2024,Health Sciences,PG Dip in Clinical Paediatric Diabetes,,56140,,56
2024,Health Sciences,PG Dip in Clinical Paediatric Electrophysiology & Epilepsy,,56140,,56
2024,Health Sciences,PG Dip in Clinical Paediatric Emergency Care,,56140,,56
2024,Health Sciences,PG Dip in Clinical Paediatric Gastroenterology,,56140,,56
2024,Health Sciences,PG Dip in Clinical Paediatric Haematology & Oncology,,56140,,56
2024,Health Sciences,PG Dip in Clinical Paediatric Nephrology,,56140,,56
2024,Health Sciences,PG Dip in Clinical Paediatric Physiotherapy,,56140,,56
2024,Health Sciences,PG Dip in Clinical Paediatric Pulmonology,,56140,,56
2024,Health Sciences,PG Dip in Clinical Paediatric Cardiology,,56140,,56
2024,Health Sciences,PG Dip in Clinical Paediatric Rheumatology,,56140,,56
2024,Health Sciences,PG Dip in Palliative Medicine (Adult or Paediatric),,60580,,56
2024,Health Sciences,PG Dip in Pesticide Risk Management,,56140,,56
2024,Health Sciences,PG Dip in TB-HIV Management,,59710,,56
2024,Humanities,Bachelor of Arts and Bachelor of Social Science,1,71400,Regular curriculum,56
2024,Humanities,Bachelor of Arts and Bachelor of Social Science,2,71400,- no repeat courses,57
2024,Humanities,Bachelor of Arts and Bachelor of Social Science,3,71400,,57
2024,Humanities,BA (Fine Arts),1,79600,,57
2024,Humanities,BA (Fine Arts),2,89500,,57
2024,Humanities,BA (Fine Arts),3,69500,,57
2024,Humanities,BA (Fine Arts),4,87100,,57
2024,Humanities,BA (Theatre & Performance),1,99300,,57
2024,Humanities,BA (Theatre & Performance),2,75500,,57
2024,Humanities,BA (Theatre & Performance),3,84000,,57
2024,Humanities,BA (Theatre & Performance),4,71900,,57
2024,Humanities,Bachelor of Social Science in PPE,1,76100,,57
2024,Humanities,Bachelor of Social Science in PPE,2,88800,,57
2024,Humanities,Bachelor of Social Science in PPE,3,69300,,57
2024,Humanities,Bachelor of Social Work (BSW),1,53600,,57
2024,Humanities,Bachelor of Social Work (BSW),2,73800,,57
2024,Humanities,Bachelor of Social Work (BSW),3,61500,,57
2024,Humanities,Bachelor of Social Work (BSW),4,63600,,57
2024,Humanities,BMus (General & Other Streams),1,67700,-R 70 800,57
2024,Humanities,BMus (General & Other Streams),2,73100,-R 86 400,57
2024,Humanities,BMus (General & Other Streams),3,80000,-R 86 500,57
2024,Humanities,BMus (General & Other Streams),4,74100,-R 81 000,57
2024,Humanities,BMus (General & Other Streams),3,80800,-R 87 400,57
2024,Humanities,BA specialising in Film and Media Production,1,71400,,57
2024,Humanities,BA specialising in Film and Media Production,2,75900,,57
2024,Humanities,BA specialising in Film and Media Production,3,80300,,57
2024,Humanities,Diplomas Performer’s Diploma in Music,1,79300,-R 82 100,57
2024,Humanities,Diplomas Performer’s Diploma in Music,2,81200,-R 93 900,57
2024,Humanities,Diplomas Performer’s Diploma in Music,3,92200,-R 96 200,57
2024,Humanities,Performer’s Diploma in Theatre and Performance,1,80000,,57
2024,Humanities,Performer’s Diploma in Theatre and Performance,2,75500,,57
2024,Humanities,Performer’s Diploma in Theatre and Performance,3,66700,,57
2024,Humanities,Postgraduate Full degree fees can vary depending on electives taken Per year of study Honours 4 Honours courses + research essay,,52900,,57
2024,Humanities,BEd Hons (4 Honours courses),,45700,,57
2024,Humanities,BA Hons in Theatre 3 Honours courses + research essay,,52500,,58
2024,Humanities,BAs Hons specialising in Dance Studies,,52500,,58
2024,Humanities,BMus Hons specialising in Performance,,52500,,58
2024,Humanities,BMus Hons specialising in Musicology,,52900,,58
2024,Humanities,BMus Hons specialising in Composition,,52600,,58
2024,Humanities,Master’s by Coursework 4 Master’s course work courses,,47800,,58
2024,Humanities,Minor dissertation,,21800,,58
2024,Humanities,Masters in Education (M.Ed) 3 Masters course work courses,,35900,,58
2024,Humanities,Minor dissertation,,21800,,58
2024,Humanities,Research Masters,,35800,,58
2024,Humanities,Masters in Theatre & Performance 2 Masters course work courses,,36000,,58
2024,Humanities,Minor dissertation,,46200,,58
2024,Humanities,Master in Television Production or Media Theory 4 Masters course work courses,,47800,,58
2024,Humanities,Research Project,,21800,,58
2024,Humanities,Master of Fine Art By dissertation,,35800,,58
2024,Humanities,Master of Music by Dissertation (MMus) Dissertation,,35800,,58
2024,Humanities,MMus by Performance & Dissertation,,73400,,58
2024,Humanities,MMus by Composition and Dissertation,,39300,,58
2024,Humanities,MMus by Coursework and Dissertation,,66400,,58
2024,Humanities,"MMus by Performance, Coursework and Dissertation",,71400,,58
2024,Humanities,Doctoral (PhD) (per year),,25700,,58
2024,Humanities,Diplomas Postgraduate Diploma in Fine Art,,65400,,58
2024,Humanities,Postgraduate Diploma in African Studies,,52900,,58
2024,Humanities,Postgraduate Diploma in ACET Education,,45700,,58
2024,Humanities,Postgraduate Diploma in Educational Technology,,45700,,58
2024,Humanities,Postgraduate Diploma in Higher Education Studies,,45600,,58
2024,Humanities,Postgraduate Diploma in Library and Information studies,,52900,,58
2024,Humanities,Postgraduate Diploma in Music Performance 4 Courses,,51700,,58
2024,Humanities,Certificates Postgraduate Certificate in Education: Foundation Phase,,66100,,58
2024,Humanities,Intermediate & Senior Phase,,76900,,58
2024,Law,Degrees Undergraduate LLB Regular curriculum 1st Year – depending on electives,,72570,,59
2024,Law,- no repeat courses 2nd Year – depending on electives,,77630,,59
2024,Law,3rd Year – depending on electives,,84480,,59
2024,Law,4th Year – depending on electives,,86460,,59
2024,Law,Graduate LLB,1,72020,,59
2024,Law,Graduate LLB,2,84480,2,59
2024,Law,Graduate LLB,3,86460,3,59
2024,Law,Postgraduate LLM/MPhil by Coursework and Dissertation Coursework (4 courses),,89320,,59
2024,Law,Dissertation,,11230,,59
2024,Law,Master of Laws in Commercial Law Coursework (4 courses),,89320,,59
2024,Law,Research Tasks (4 Tasks),,9440,,59
2024,Law,Master of Laws in Dispute Resolution Coursework (4 courses),,89320,,59
2024,Law,Research Tasks (4 Tasks),,9440,,59
2024,Law,Master of Laws in Intellectual Property Law Coursework (4 courses),,85440,,59
2024,Law,Research Tasks (4 Tasks),,9440,,59
2024,Law,Master of Laws in International Trade Law Coursework (4 courses),,89320,,59
2024,Law,Research Tasks (4 Tasks),,9440,,59
2024,Law,Master of Laws in Labour Law Coursework (4 courses),,85440,,59
2024,Law,Research Tasks (4 Tasks),,9440,,59
2024,Law,Master of Laws in Environmental Law Coursework (4 courses),,89320,,59
2024,Law,Research Tasks (4 Tasks),,9440,,59
2024,Law,Master of Laws in Marine & Environmental Law Coursework (4 courses),,89320,,59
2024,Law,Research Tasks (4 Tasks),,9440,,59
2024,Law,Master of Laws in the Law of Mineral and Petroleum Extraction and Use Coursework (4 courses),,89320,,59
2024,Law,Research Tasks (4 Tasks),,9440,,59
2024,Law,Master of Laws in Shipping Law Coursework (4 courses),,89320,,59
2024,Law,Research Tasks (4 Tasks),,9440,,59
2024,Law,Master of Laws in Tax Law Coursework (4 courses),,89320,,59
2024,Law,Research Tasks (4 Tasks),,9440,,59
2024,Law,Per year of study LLM/MPhil by Dissertation only,,21220,,60
2024,Law,Diplomas Postgraduate Diploma in Law Coursework (4 courses),,89320,,60
2024,Law,Doctoral (PhD) (per year),,25680,,60
2024,Science,Bachelor of Science,1,78500,Regular curriculum,60
2024,Science,Bachelor of Science,2,77500,- no repeat courses,60
2024,Science,Bachelor of Science,3,77500,,60
2024,Science,Extended Degree 1st Year of EDP,,40000,,60
2024,Science,Programme (EDP:2 nd Year of EDP,,42500,,60
2024,Science,1st year over 2 years) Postgraduate Bachelor of Science Honours,,70360,,60
2024,Science,Per year of study Master of Science & MPhil MSc by Dissertation only,,35700,,60
2024,Science,MSc by Coursework & Dissertation Coursework (full year),,69850,,60
2024,Science,Coursework (half year),,34950,,60
2024,Science,Minor Dissertation,,35700,,60
2024,Science,Doctoral (PhD) (per year),,25680,,60
2025,Commerce,Bachelor of Commerce specialising in Financial Accounting General Accounting Stream,1,91190,Regular,46
2025,Commerce,Bachelor of Commerce specialising in Financial Accounting General Accounting Stream,2,72930,curriculum -no repeat,46
2025,Commerce,Bachelor of Commerce specialising in Financial Accounting General Accounting Stream,3,110560,courses,46
2025,Commerce,Bachelor of Commerce specialising in Financial | Chartered Accounting Stream,1,91190,,46
2025,Commerce,Bachelor of Commerce specialising in Financial | Chartered Accounting Stream,2,83090,,46
2025,Commerce,Bachelor of Commerce specialising in Financial | Chartered Accounting Stream,3,121280,,46
2025,Commerce,BCom specialising in Actuarial Science,1,103890,,46
2025,Commerce,BCom specialising in Actuarial Science,2,106500,,46
2025,Commerce,BCom specialising in Actuarial Science,3,94060,,46
2025,Commerce,BCom specialising in Actuarial Science Quantitative Finance Stream,1,103890,,46
2025,Commerce,BCom specialising in Actuarial Science Quantitative Finance Stream,2,106500,,46
2025,Commerce,BCom specialising in Actuarial Science Quantitative Finance Stream,3,101940,,46
2025,Commerce,BCom specialising in Financial Accounting: Accounting with Law Stream,1,76430,,46
2025,Commerce,BCom specialising in Financial Accounting: Accounting with Law Stream,2,89890,,46
2025,Commerce,BCom specialising in Financial Accounting: Accounting with Law Stream,3,79730,,46
2025,Commerce,BCom specialising in Economics & Finance,1,78090,,46
2025,Commerce,BCom specialising in Economics & Finance,2,64710,,46
2025,Commerce,BCom specialising in Economics & Finance,3,83240,,46
2025,Commerce,BCom specialising in Economics & Statistics,1,78020,,46
2025,Commerce,BCom specialising in Economics & Statistics,2,77840,,46
2025,Commerce,BCom specialising in Economics & Statistics,3,82040,,46
2025,Commerce,BCom specialising in Economics with Law,1,78090,,47
2025,Commerce,BCom specialising in Economics with Law,2,90040,,47
2025,Commerce,BCom specialising in Economics with Law,3,90320,,47
2025,Commerce,BCom specialising in Information Systems,1,88760,,47
2025,Commerce,BCom specialising in Information Systems,2,83250,,47
2025,Commerce,BCom specialising in Information Systems,3,93510,,47
2025,Commerce,BCom specialising in Information Systems & Computer Science,1,99590,,47
2025,Commerce,BCom specialising in Information Systems & Computer Science,2,91250,,47
2025,Commerce,BCom specialising in Information Systems & Computer Science,3,82040,,47
2025,Commerce,BCom specialising in Information Systems & Finance,1,99960,,47
2025,Commerce,BCom specialising in Information Systems & Finance,2,93160,,47
2025,Commerce,BCom specialising in Information Systems & Finance,3,86210,,47
2025,Commerce,BCom in the field of Management Studies,1,89890,,47
2025,Commerce,BCom in the field of Management Studies,2,118700,,47
2025,Commerce,BCom in the field of Management Studies,3,73080,,47
2025,Commerce,"BCom specialising in Philosophy, Politics & Economics",1,76520,,47
2025,Commerce,"BCom specialising in Philosophy, Politics & Economics",2,86730,,47
2025,Commerce,"BCom specialising in Philosophy, Politics & Economics",3,92080,,47
2025,Commerce,Bachelor of Business Science BBusSc specialising in Actuarial Science,1,103890,,47
2025,Commerce,Bachelor of Business Science BBusSc specialising in Actuarial Science,2,106500,,47
2025,Commerce,Bachelor of Business Science BBusSc specialising in Actuarial Science,3,104500,,47
2025,Commerce,Bachelor of Business Science BBusSc specialising in Actuarial Science,4,85980,,47
2025,Commerce,BBusSc specialising in Actuarial Science: Quantitative Finance Stream,1,103890,,47
2025,Commerce,BBusSc specialising in Actuarial Science: Quantitative Finance Stream,2,106500,,47
2025,Commerce,BBusSc specialising in Actuarial Science: Quantitative Finance Stream,3,112380,,47
2025,Commerce,BBusSc specialising in Actuarial Science: Quantitative Finance Stream,4,73260,,47
2025,Commerce,BBusSc specialising in Finance (Non CA Option),1,88530,,47
2025,Commerce,BBusSc specialising in Finance (Non CA Option),2,95750,,47
2025,Commerce,BBusSc specialising in Finance (Non CA Option),3,82780,,47
2025,Commerce,BBusSc specialising in Finance (Non CA Option),4,73370,,47
2025,Commerce,BBusSc specialising in Finance with Accounting (CA Option),1,92020,,48
2025,Commerce,BBusSc specialising in Finance with Accounting (CA Option),2,103690,,48
2025,Commerce,BBusSc specialising in Finance with Accounting (CA Option),3,103200,,48
2025,Commerce,BBusSc specialising in Finance with Accounting (CA Option),4,104390,,48
2025,Commerce,BBusSc specialising in Analytics,1,98370,,48
2025,Commerce,BBusSc specialising in Analytics,2,105280,,48
2025,Commerce,BBusSc specialising in Analytics,3,136500,,48
2025,Commerce,BBusSc specialising in Analytics,4,76220,,48
2025,Commerce,BBusSc specialising in Computer Science,1,51690,,48
2025,Commerce,BBusSc specialising in Computer Science,2,96470,,48
2025,Commerce,BBusSc specialising in Computer Science,3,82040,,48
2025,Commerce,BBusSc specialising in Computer Science,4,77300,,48
2025,Commerce,BBusSc specialising in Economics,1,78090,,48
2025,Commerce,BBusSc specialising in Economics,2,88560,,48
2025,Commerce,BBusSc specialising in Economics,3,113820,,48
2025,Commerce,BBusSc specialising in Economics,4,89170,,48
2025,Commerce,BBusSc specialising in Economics with Law,1,78090,,48
2025,Commerce,BBusSc specialising in Economics with Law,2,93290,,48
2025,Commerce,BBusSc specialising in Economics with Law,3,90040,,48
2025,Commerce,BBusSc specialising in Economics with Law,4,99610,,48
2025,Commerce,BBusSc specialising in Information Systems,1,88530,,48
2025,Commerce,BBusSc specialising in Information Systems,2,85690,,48
2025,Commerce,BBusSc specialising in Information Systems,3,93510,,48
2025,Commerce,BBusSc specialising in Information Systems,4,85820,,48
2025,Commerce,BBusSc specialising in Marketing,1,79450,,48
2025,Commerce,BBusSc specialising in Marketing,2,95750,,48
2025,Commerce,BBusSc specialising in Marketing,3,93220,,48
2025,Commerce,BBusSc specialising in Marketing,4,92410,,48
2025,Commerce,BBusSc specialising in Organisational Psychology,1,82670,,48
2025,Commerce,BBusSc specialising in Organisational Psychology,2,77400,,48
2025,Commerce,BBusSc specialising in Organisational Psychology,3,90490,,48
2025,Commerce,BBusSc specialising in Organisational Psychology,4,87370,,48
2025,Commerce,Bachelor of Commerce Academic Development specialising in Financial Accounting Chartered Accounting Stream,1,71670,,48
2025,Commerce,Bachelor of Commerce Academic Development specialising in Financial Accounting Chartered Accounting Stream,2,72860,,48
2025,Commerce,Bachelor of Commerce Academic Development specialising in Financial Accounting Chartered Accounting Stream,3,89980,,49
2025,Commerce,Bachelor of Commerce Academic Development specialising in Financial Accounting Chartered Accounting Stream,4,83070,,49
2025,Commerce,BCom Academic Development specialising in Financial Accounting General Accounting Stream,1,71670,,49
2025,Commerce,BCom Academic Development specialising in Financial Accounting General Accounting Stream,2,72860,,49
2025,Commerce,BCom Academic Development specialising in Financial Accounting General Accounting Stream,3,72500,,49
2025,Commerce,BCom Academic Development specialising in Financial Accounting General Accounting Stream,4,58940,,49
2025,Commerce,BCom Academic Development specialising in Actuarial Science,1,63560,,49
2025,Commerce,BCom Academic Development specialising in Actuarial Science,2,62500,,49
2025,Commerce,BCom Academic Development specialising in Actuarial Science,3,85620,,49
2025,Commerce,BCom Academic Development specialising in Actuarial Science,4,94060,,49
2025,Commerce,BCom Academic Development specialising in Actuarial Science Quantitative Finance Stream,1,63560,,49
2025,Commerce,BCom Academic Development specialising in Actuarial Science Quantitative Finance Stream,2,72040,,49
2025,Commerce,BCom Academic Development specialising in Actuarial Science Quantitative Finance Stream,3,76080,,49
2025,Commerce,BCom Academic Development specialising in Actuarial Science Quantitative Finance Stream,4,101940,,49
2025,Commerce,BCom Academic Development specialising in Economics & Finance,1,57740,,49
2025,Commerce,BCom Academic Development specialising in Economics & Finance,2,52060,,49
2025,Commerce,BCom Academic Development specialising in Economics & Finance,3,65330,,49
2025,Commerce,BCom Academic Development specialising in Economics & Finance,4,73080,,49
2025,Commerce,BCom Academic Development specialising in Economics & Statistics,1,58640,,49
2025,Commerce,BCom Academic Development specialising in Economics & Statistics,2,51160,,49
2025,Commerce,BCom Academic Development specialising in Economics & Statistics,3,68300,,49
2025,Commerce,BCom Academic Development specialising in Economics & Statistics,4,71600,,49
2025,Commerce,BCom Academic Development specialising in Economics with Law,1,58640,,49
2025,Commerce,BCom Academic Development specialising in Economics with Law,2,72590,,49
2025,Commerce,BCom Academic Development specialising in Economics with Law,3,69440,,49
2025,Commerce,BCom Academic Development specialising in Economics with Law,4,59000,,49
2025,Commerce,BCom Academic Development specialising in Information Systems,1,88760,,50
2025,Commerce,BCom Academic Development specialising in Information Systems,2,73110,,50
2025,Commerce,BCom Academic Development specialising in Information Systems,3,62470,,50
2025,Commerce,BCom Academic Development specialising in Information Systems,4,74940,,50
2025,Commerce,BCom Academic Development specialising in Information Systems & Computer Science,1,68710,,50
2025,Commerce,BCom Academic Development specialising in Information Systems & Computer Science,2,71390,,50
2025,Commerce,BCom Academic Development specialising in Information Systems & Computer Science,3,61181,,50
2025,Commerce,BCom Academic Development specialising in Information Systems & Computer Science,4,71600,,50
2025,Commerce,BCom Academic Development specialising in Information Systems & Finance,1,69080,,50
2025,Commerce,BCom Academic Development specialising in Information Systems & Finance,2,62670,,50
2025,Commerce,BCom Academic Development specialising in Information Systems & Finance,3,73010,,50
2025,Commerce,BCom Academic Development specialising in Information Systems & Finance,4,64430,,50
2025,Commerce,"BCom Academic Development specialising in Philosophy, Politics & Economics",1,60860,,50
2025,Commerce,"BCom Academic Development specialising in Philosophy, Politics & Economics",2,66790,,50
2025,Commerce,"BCom Academic Development specialising in Philosophy, Politics & Economics",3,56480,,50
2025,Commerce,"BCom Academic Development specialising in Philosophy, Politics & Economics",4,60760,,50
2025,Commerce,BCom Academic Development specialising in Management Studies,1,68780,,50
2025,Commerce,BCom Academic Development specialising in Management Studies,2,71210,,50
2025,Commerce,BCom Academic Development specialising in Management Studies,3,77840,,50
2025,Commerce,BCom Academic Development specialising in Management Studies,4,71600,,50
2025,Commerce,BBusSc Academic Development specialising in Actuarial Science: Quantitative Finance Stream,1,63560,,50
2025,Commerce,BBusSc Academic Development specialising in Actuarial Science: Quantitative Finance Stream,2,72040,,50
2025,Commerce,BBusSc Academic Development specialising in Actuarial Science: Quantitative Finance Stream,3,76080,,50
2025,Commerce,BBusSc Academic Development specialising in Actuarial Science: Quantitative Finance Stream,4,101940,,50
2025,Commerce,BBusSc Academic Development specialising in Analytics,1,78320,,50
2025,Commerce,BBusSc Academic Development specialising in Analytics,2,41320,,50
2025,Commerce,BBusSc Academic Development specialising in Analytics,3,88880,,50
2025,Commerce,BBusSc Academic Development specialising in Analytics,4,149140,,50
2025,Commerce,BBusSc Academic Development specialising in Analytics,5,76220,,50
2025,Commerce,BBusSc Academic Development specialising in Finance with Accounting,1,62960,,51
2025,Commerce,BBusSc Academic Development specialising in Finance with Accounting,2,80600,,51
2025,Commerce,BBusSc Academic Development specialising in Finance with Accounting,3,86340,,51
2025,Commerce,BBusSc Academic Development specialising in Finance with Accounting,4,103050,,51
2025,Commerce,BBusSc Academic Development specialising in Finance with Accounting,5,83660,,51
2025,Commerce,BBusSc Academic Development specialising in Finance,1,69080,,51
2025,Commerce,BBusSc Academic Development specialising in Finance,2,72040,,51
2025,Commerce,BBusSc Academic Development specialising in Finance,3,54890,,51
2025,Commerce,BBusSc Academic Development specialising in Finance,4,74790,,51
2025,Commerce,BBusSc Academic Development specialising in Finance,5,73370,,51
2025,Commerce,BBusSc Academic Development specialising in Computer Science,1,73030,,51
2025,Commerce,BBusSc Academic Development specialising in Computer Science,2,67140,,51
2025,Commerce,BBusSc Academic Development specialising in Computer Science,3,71551,,51
2025,Commerce,BBusSc Academic Development specialising in Computer Science,4,61160,,51
2025,Commerce,BBusSc Academic Development specialising in Computer Science,5,74110,,51
2025,Commerce,BBusSc Academic Development specialising in Economics,1,73400,,51
2025,Commerce,BBusSc Academic Development specialising in Economics,2,62430,,51
2025,Commerce,BBusSc Academic Development specialising in Economics,3,98880,,51
2025,Commerce,BBusSc Academic Development specialising in Economics,4,82040,,51
2025,Commerce,BBusSc Academic Development specialising in Economics,5,89170,,51
2025,Commerce,BBusSc Academic Development specialising in Economics with Law,1,58640,,51
2025,Commerce,BBusSc Academic Development specialising in Economics with Law,2,62220,,51
2025,Commerce,BBusSc Academic Development specialising in Economics with Law,3,72410,,51
2025,Commerce,BBusSc Academic Development specialising in Economics with Law,4,79780,,51
2025,Commerce,BBusSc Academic Development specialising in Economics with Law,5,89170,,51
2025,Commerce,BBusSc Academic Development specialising in Information Systems,1,53120,,51
2025,Commerce,BBusSc Academic Development specialising in Information Systems,2,66820,,51
2025,Commerce,BBusSc Academic Development specialising in Information Systems,3,65430,,51
2025,Commerce,BBusSc Academic Development specialising in Information Systems,4,83350,,51
2025,Commerce,BBusSc Academic Development specialising in Information Systems,5,85820,,51
2025,Commerce,BBusSc Academic Development specialising in Marketing,1,73400,,52
2025,Commerce,BBusSc Academic Development specialising in Marketing,2,65540,,52
2025,Commerce,BBusSc Academic Development specialising in Marketing,3,72800,,52
2025,Commerce,BBusSc Academic Development specialising in Marketing,4,82780,,52
2025,Commerce,BBusSc Academic Development specialising in Marketing,5,92410,,52
2025,Commerce,BBusSc Academic Development specialising in Organisational Psychology,1,72300,,52
2025,Commerce,BBusSc Academic Development specialising in Organisational Psychology,2,64640,,52
2025,Commerce,BBusSc Academic Development specialising in Organisational Psychology,3,72800,,52
2025,Commerce,BBusSc Academic Development specialising in Organisational Psychology,4,46040,,52
2025,Commerce,BBusSc Academic Development specialising in Organisational Psychology,5,87370,,52
2025,Commerce,Diplomas Advanced Diploma in Actuarial Science,,104780,,52
2025,Commerce,Advanced Diploma in Accounting,,121280,,52
2025,Commerce,Postgraduate Per year of Bachelor of Commerce Honours specialising in Accounting,,95200,,52
2025,Commerce,study specialising in Actuarial Science,,68430,,52
2025,Commerce,specialising in Economics,,88730,,52
2025,Commerce,specialising in Economic Analysis of Financial Markets (Part -time),,99170,,52
2025,Commerce,specialising in Finance,,73050,,52
2025,Commerce,specialising in Quantitative Finance,,72820,,52
2025,Commerce,specialising in Information Systems Full Time,,74940,,52
2025,Commerce,specialising in Information Systems Full Time,1,40240,,52
2025,Commerce,specialising in Information Systems Full Time,2,10440,,52
2025,Commerce,Specialising in Management Information Systems,,95560,,52
2025,Commerce,specialising in Organisational Psychology (Change Management),,76490,,52
2025,Commerce,specialising in Statistics,,74080,,52
2025,Commerce,BBusSc Academic Development specialising in Organisational Psychology | specialising in Taxation,1,80400,,52
2025,Commerce,BBusSc Academic Development specialising in Organisational Psychology | specialising in Taxation,2,16270,,52
2025,Commerce,specialising in Marketing,,77540,,52
2025,Commerce,specialising in Cyber Security,,77350,,52
2025,Commerce,"Masters Master of Commerce (by Coursework and Dissertation) specialising in Financial Reporting, Analysis & Governance",,81820,,52
2025,Commerce,specialising in Actuarial Science,,96710,,52
2025,Commerce,specialising in Economics,,93950,,52
2025,Commerce,specialising in Applied Economics,,55550,,52
2025,Commerce,specialising in Economic Development,,52470,,52
2025,Commerce,specialising in Economic Science,,128980,,53
2025,Commerce,in the field of Financial Management,,100150,,53
2025,Commerce,In the field of Investment Management,,111420,,53
2025,Commerce,in the field of Corporate Finance and Valuation,,116420,,53
2025,Commerce,BBusSc Academic Development specialising in Organisational Psychology | specialising in Taxation in the field of South African Income Tax,1,80190,,53
2025,Commerce,BBusSc Academic Development specialising in Organisational Psychology | specialising in Taxation in the field of South African Income Tax,2,29240,,53
2025,Commerce,in the field of International Tax,,109640,,53
2025,Commerce,specialising in Organisational Psychology,,74950,,53
2025,Commerce,specialising in Information Systems,,76270,,53
2025,Commerce,Masters of Development Policy and Practice,,173180,,53
2025,Commerce,Master of Philosophy specialising in Financial Technology,,115520,,53
2025,Commerce,Masters of Philosophy in Development Policy and Practice,,173180,,53
2025,Commerce,Master of Financial Engineering,,111110,,53
2025,Commerce,Master of People Management,,73420,,53
2025,Commerce,Masters of Applied Finance,,121650,,53
2025,Commerce,Master of Commerce in Risk Management of Financial Markets,,103760,,53
2025,Commerce,Doctoral Degrees Doctoral (PhD) (per year),,27170,,53
2025,Commerce,Doctor of Philosophy specialising in Information Systems,,53040,,53
2025,Commerce,specialising in Economics (with Coursework),,124840,,53
2025,Commerce,Diplomas Postgraduate Diploma in Accounting,,78930,,53
2025,Commerce,Postgraduate Diploma in Actuarial Science,,120290,,53
2025,Commerce,Postgraduate Diploma in Management specialising in Entrepreneurship,,60420,,53
2025,Commerce,specialising in Sports,,54170,,53
2025,Commerce,specialising in Management Information Systems,,77350,,53
2025,Commerce,specialising in Management in Business Communication,,70040,,53
2025,Commerce,specialising in Management in Marketing,,70040,,53
2025,Engineering & The Built Environment,Bachelor of Architectural Studies,1,86660,Regular,53
2025,Engineering & The Built Environment,Bachelor of Architectural Studies,2,83870,curriculum,53
2025,Engineering & The Built Environment,Bachelor of Architectural Studies,3,86450,- no repeat,53
2025,Engineering & The Built Environment,courses BSc (Geomatics),1,71120,,53
2025,Engineering & The Built Environment,courses BSc (Geomatics),2,89120,,53
2025,Engineering & The Built Environment,courses BSc (Geomatics),3,93840,,53
2025,Engineering & The Built Environment,courses BSc (Geomatics),4,93470,,53
2025,Engineering & The Built Environment,BSc Eng (Chemical),1,85470,,54
2025,Engineering & The Built Environment,BSc Eng (Chemical),2,93140,,54
2025,Engineering & The Built Environment,BSc Eng (Chemical),3,88130,,54
2025,Engineering & The Built Environment,BSc Eng (Chemical),4,96490,,54
2025,Engineering & The Built Environment,BSc Eng (Civil),1,85760,,54
2025,Engineering & The Built Environment,BSc Eng (Civil),2,85630,,54
2025,Engineering & The Built Environment,BSc Eng (Civil),3,87050,,54
2025,Engineering & The Built Environment,BSc Eng (Civil),4,95870,,54
2025,Engineering & The Built Environment,BSc Eng (Electrical),1,79460,,54
2025,Engineering & The Built Environment,BSc Eng (Electrical),2,95660,,54
2025,Engineering & The Built Environment,BSc Eng (Electrical),3,89140,,54
2025,Engineering & The Built Environment,BSc Eng (Electrical),4,96130,,54
2025,Engineering & The Built Environment,BSc Eng (Electrical & Computer),1,79460,,54
2025,Engineering & The Built Environment,BSc Eng (Electrical & Computer),2,95660,,54
2025,Engineering & The Built Environment,BSc Eng (Electrical & Computer),3,97930,,54
2025,Engineering & The Built Environment,BSc Eng (Electrical & Computer),4,96130,,54
2025,Engineering & The Built Environment,BSc Eng (Mechatronics),1,79460,,54
2025,Engineering & The Built Environment,BSc Eng (Mechatronics),2,95660,,54
2025,Engineering & The Built Environment,BSc Eng (Mechatronics),3,91850,,54
2025,Engineering & The Built Environment,BSc Eng (Mechatronics),4,96130,,54
2025,Engineering & The Built Environment,BSc Eng (Mechanical and Mechatronic Engineering),1,88590,,54
2025,Engineering & The Built Environment,BSc Eng (Mechanical and Mechatronic Engineering),2,89190,,54
2025,Engineering & The Built Environment,BSc Eng (Mechanical and Mechatronic Engineering),3,92750,,54
2025,Engineering & The Built Environment,BSc Eng (Mechanical and Mechatronic Engineering),4,88790,,54
2025,Engineering & The Built Environment,BSc Eng (Mechanical),1,88590,,54
2025,Engineering & The Built Environment,BSc Eng (Mechanical),2,88040,,54
2025,Engineering & The Built Environment,BSc Eng (Mechanical),3,95780,,54
2025,Engineering & The Built Environment,BSc Eng (Mechanical),4,85990,,54
2025,Engineering & The Built Environment,BSc in Construction Studies,1,89350,,54
2025,Engineering & The Built Environment,BSc in Construction Studies,2,81980,,54
2025,Engineering & The Built Environment,BSc in Construction Studies,3,86520,,54
2025,Engineering & The Built Environment,BSc in Property Studies,1,87220,,54
2025,Engineering & The Built Environment,BSc in Property Studies,2,87040,,54
2025,Engineering & The Built Environment,BSc in Property Studies,3,83340,,54
2025,Engineering & The Built Environment,Postgraduate Diploma in Power Plant Engineering,,72960,,54
2025,Engineering & The Built Environment,Postgraduate BSc (Hons) (Geographical Info Systems),,83800,,54
2025,Engineering & The Built Environment,Per year of BSc (Hons) (Construction Management),,91140,,55
2025,Engineering & The Built Environment,study BSc (Hons) (Property Studies),,78740,,55
2025,Engineering & The Built Environment,BSc (Hons) (Quantity Surveying),,90210,,55
2025,Engineering & The Built Environment,BSc (Hons) (Materials Science),,78740,,55
2025,Engineering & The Built Environment,Bachelor of Architectural Studies (Hons),,81420,,55
2025,Engineering & The Built Environment,Bachelor of City Planning (Hons),,91200,,55
2025,Engineering & The Built Environment,Bachelor of Landscape Architecture (Hons),,63750,,55
2025,Engineering & The Built Environment,Master’s by Dissertation only (180 credits),,41420,,55
2025,Engineering & The Built Environment,BSc in Property Studies | Master’s by Dissertation (120 credits) and Coursework (Mphil and MSc),1,49000,,55
2025,Engineering & The Built Environment,BSc in Property Studies | Master’s by Dissertation (120 credits) and Coursework (Mphil and MSc),2,49000,,55
2025,Engineering & The Built Environment,Master of Architecture (Professional),,91320,,55
2025,Engineering & The Built Environment,Master of City & Regional Planning,,59480,,55
2025,Engineering & The Built Environment,Master of Engineering in Civil Infrastructure Management and Maintenance,,104270,,55
2025,Engineering & The Built Environment,Master of Philosophy specialising in Engineering in Civil Infrastructure Management and Maintenance,,100030,,55
2025,Engineering & The Built Environment,Master of Geotechnical Engineering,,83860,,55
2025,Engineering & The Built Environment,Master of Transport Studies,,123000,,55
2025,Engineering & The Built Environment,Master of Structural Engineering and Materials,,90210,,55
2025,Engineering & The Built Environment,Master of Urban Design,,68450,,55
2025,Engineering & The Built Environment,Master of Water Engineering,,106740,,55
2025,Engineering & The Built Environment,Master of Landscape Architecture,,69080,,55
2025,Engineering & The Built Environment,Master of Science in Property Studies,,138670,,55
2025,Engineering & The Built Environment,BSc in Property Studies | MPhil In Conservation of Built Environment,1,47991,,55
2025,Engineering & The Built Environment,BSc in Property Studies | MPhil In Conservation of Built Environment,2,40590,,55
2025,Engineering & The Built Environment,MPhil (Transport Studies),,93280,,55
2025,Engineering & The Built Environment,Doctoral (PhD) (per year),,27170,,55
2025,Health Sciences,MBChB,1,108800,Regular,55
2025,Health Sciences,MBChB,2,127990,curriculum,55
2025,Health Sciences,MBChB,3,137220,,55
2025,Health Sciences,MBChB,4,143590,,55
2025,Health Sciences,MBChB,5,120090,,55
2025,Health Sciences,MBChB,6,132140,,55
2025,Health Sciences,BSc (Audiology),1,91770,,55
2025,Health Sciences,BSc (Audiology),2,95720,,55
2025,Health Sciences,BSc (Audiology),3,85690,,55
2025,Health Sciences,BSc (Audiology),4,88150,,55
2025,Health Sciences,BSc (Occupational Therapy),1,81770,,56
2025,Health Sciences,BSc (Occupational Therapy),2,78100,,56
2025,Health Sciences,BSc (Occupational Therapy),3,71740,,56
2025,Health Sciences,BSc (Occupational Therapy),4,91160,,56
2025,Health Sciences,BSc (Physiotherapy),1,80240,,56
2025,Health Sciences,BSc (Physiotherapy),2,101270,OR R91 830 (- 1 SLL),56
2025,Health Sciences,BSc (Physiotherapy),3,83880,,56
2025,Health Sciences,BSc (Physiotherapy),4,96870,,56
2025,Health Sciences,BSc (Speech & Language Pathology),1,92570,,56
2025,Health Sciences,BSc (Speech & Language Pathology),2,91510,,56
2025,Health Sciences,BSc (Speech & Language Pathology),3,84170,,56
2025,Health Sciences,BSc (Speech & Language Pathology),4,88150,,56
2025,Health Sciences,BSc (Med),,89090,,56
2025,Health Sciences,Postgrad BMedSci (Honours) ate Coursework,,56570,,56
2025,Health Sciences,Per year Research Project,,18865,,56
2025,Health Sciences,of study Total,,75435,,56
2025,Health Sciences,MPhil specialising in Biokinetics Coursework,,52480,,56
2025,Health Sciences,Minor Dissertation (60 credits),,25680,,56
2025,Health Sciences,MPhil specialising in Biomedical Forensic Science Coursework (per year),,65310,,56
2025,Health Sciences,Minor Dissertation (60 credits),,25680,,56
2025,Health Sciences,MPhil specialising in Clinical Paediatric Surgery Coursework (per year),,17385,,56
2025,Health Sciences,Minor Dissertation (60 credits),,7880,,56
2025,Health Sciences,MPhil specialising in Clinical Pharmacology Coursework (per year),,38720,,56
2025,Health Sciences,Minor Dissertation (60 credits),,38470,,56
2025,Health Sciences,MPhil specialising in Intellectual Disability Coursework (per year),,38470,,56
2025,Health Sciences,Minor Dissertation (90 credits),,38470,,56
2025,Health Sciences,MPhil specialising in Liaison Mental Health Coursework (per year),,17385,,56
2025,Health Sciences,Minor Dissertation (60 credits),,7880,,56
2025,Health Sciences,MPhil specialising in Maternal & Child Health Coursework (year 1),,27480,,56
2025,Health Sciences,Course work (year 2),,37310,,56
2025,Health Sciences,Minor Dissertation (60 credits),,25680,,57
2025,Health Sciences,MPhil specialising in Occupational Health Coursework (per year),,116250,,57
2025,Health Sciences,Minor Dissertation (60 credits),,25680,,57
2025,Health Sciences,MPhil specialising in Paediatric Forensic Pathology Coursework (per year),,17385,,57
2025,Health Sciences,Minor Dissertation (60 credits),,7880,,57
2025,Health Sciences,MPhil specialising in Paediatric Pathology Coursework (per year),,17385,,57
2025,Health Sciences,Minor Dissertation (60 credits),,7880,,57
2025,Health Sciences,MPhil specialising in Palliative Care Coursework (per year),,38470,,57
2025,Health Sciences,Minor Dissertation (90 credits),,38470,,57
2025,Health Sciences,MPhil specialising in Sport & Exercise Medicine HUB5006W (Coursework),,25680,,57
2025,Health Sciences,HUB5025W (Coursework),,17175,,57
2025,Health Sciences,HUB5026W (Coursework),,17175,,57
2025,Health Sciences,Minor Dissertation (60 credits),,25680,,57
2025,Health Sciences,MPhil in Emergency Medicine (Global Emergency Care Stream)- 2 year programme Compulsory Coursework,,43530,,57
2025,Health Sciences,Two electives varies between ...................... R 5 900 and R 9730 Minor Dissertation (60 credits),,25680,,57
2025,Health Sciences,MPhil in Emergency Medicine (Clinical Emergency Care Stream) Compulsory Coursework,,38920,,57
2025,Health Sciences,Two electives varies between .................... R 6 500 and R 10 690 Minor Dissertation (60 credits),,25680,,57
2025,Health Sciences,MPhil in Emergency Medicine (Disaster Medicine Stream) Compulsory Coursework,,40870,,57
2025,Health Sciences,Two electives @ R 6 130 each,,12970,,57
2025,Health Sciences,Minor Dissertation (60 credits),,25680,,57
2025,Health Sciences,MPhil in Emergency Medicine (Patient Safety & Clin Decision-making Stream A) Compulsory Coursework,,32430,,57
2025,Health Sciences,Three electives @ R 6 130 each R 19 460 Minor Dissertation (60 credits),,25680,,57
2025,Health Sciences,MPhil in Emergency Medicine (Patient Safety & Clin Decision-making Stream B) Compulsory Coursework,,32430,,57
2025,Health Sciences,One elective …………………………………….R 6 500- R 9 630 Minor Dissertation (90 credits),,38470,,57
2025,Health Sciences,MPhil in Health Innovation Coursework (per year),,70520,,58
2025,Health Sciences,Electives +/_ ...................................................................variable Minor Dissertation (60 credits),,25680,,58
2025,Health Sciences,Master of Public Health (All streams except Health Economics) Coursework (10 courses @ R5 910each),,62530,,58
2025,Health Sciences,Minor Dissertation (60 credits),,25680,,58
2025,Health Sciences,Master of Public Health (Health Economics) Coursework (8 courses @ R 5 910 each),,50030,,58
2025,Health Sciences,Minor Dissertation (90 credits),,42310,,58
2025,Health Sciences,MMedSc in Biomedical Engineering (by dissertation only) Dissertation (180 credits),,43030,,58
2025,Health Sciences,MMedSc in Biomedical Engineering (by coursework & dissertation only) Compulsory coursework,,43350,,58
2025,Health Sciences,One Elective,,8260,,58
2025,Health Sciences,Minor Dissertation (90 credits),,38470,,58
2025,Health Sciences,MMedSc specialising in Genetic Counselling Coursework (per year),,74400,,58
2025,Health Sciences,Minor Dissertation (60 credits),,24570,,58
2025,Health Sciences,MSc in Nursing (by coursework and dissertation) Compulsory coursework,,25760,,58
2025,Health Sciences,Electives variable depending on choice totalling 53 NQF credits Minor Dissertation (90 credits),,36810,,58
2025,Health Sciences,MSc in Occupational Therapy (by coursework and dissertation) Compulsory Coursework (per year),,98870,,58
2025,Health Sciences,Minor Dissertation (90 credits),,25680,,58
2025,Health Sciences,MSc in Epidemiology & Biostatistics (by coursework & dissertation) Compulsory Coursework (per year),,37520,,58
2025,Health Sciences,Two electives,,12510,,58
2025,Health Sciences,Minor Dissertation (90 credits),,40250,,58
2025,Health Sciences,Master of Chemicals Risk Management (Professional Master) Coursework,,71270,,58
2025,Health Sciences,Professional Master’s Project,,21880,,58
2025,Health Sciences,Master of Nursing in Child Nursing (Professional Master) 1st Year (Coursework),,42880,,58
2025,Health Sciences,2nd Year (Coursework),,17120,,58
2025,Health Sciences,Research-related Independent Study,,17570,,58
2025,Health Sciences,MMed (Speciality training) Training per year (Years 1 – 4),,19850,,59
2025,Health Sciences,"Minor Dissertation (spread across 4 years, (60 credits)",,14050,,59
2025,Health Sciences,MPhil (Sub-speciality training) Training per year (Years 1 & 2),,17390,,59
2025,Health Sciences,Minor Dissertation (60 credits),,8670,,59
2025,Health Sciences,PhD (per year),,27170,,59
2025,Health Sciences,MD (per year),,27170,,59
2025,Health Sciences,DiplomaPG Dip in Addictions Care,,63030,,59
2025,Health Sciences,s PG Dip in Clinical Hepatology,,71740,,59
2025,Health Sciences,PG Dip in Community& General Paediatrics,,53360,,59
2025,Health Sciences,PG Dip in Clinical Developmental Paediatrics,,59400,,59
2025,Health Sciences,PG Dip in Emergency Care,,62620,,59
2025,Health Sciences,PG Dip in Disability Studies,,58540,,59
2025,Health Sciences,BSc (Speech & Language Pathology) | PG Dip in Family Medicine,1,24590,,59
2025,Health Sciences,BSc (Speech & Language Pathology) | PG Dip in Family Medicine,2,36540,,59
2025,Health Sciences,PG Dip in Healthcare Tech Management,,64469,,59
2025,Health Sciences,BSc (Speech & Language Pathology) | PG Dip in Health Economics,1,31200,,59
2025,Health Sciences,BSc (Speech & Language Pathology) | PG Dip in Health Economics,2,31200,,59
2025,Health Sciences,PG Dip in Health Leadership Year 1,,39520,,59
2025,Health Sciences,Year 2 (semester 1 only),,23690,,59
2025,Health Sciences,PG Dip in Health Professional Education,,61890,,59
2025,Health Sciences,PG Dip in Interdisciplinary Pain Management,,62269,,59
2025,Health Sciences,PG Dip in Occupational Health (per year x 2),,41930,,59
2025,Health Sciences,PG Dip in Clinical Paediatric Critical Care ..... R 59 40059 400 PG Dip in Clinical Paediatric Diabetes,,59400,,59
2025,Health Sciences,PG Dip in Clinical Paediatric Electrophysiology & Epilepsy,,59400,,59
2025,Health Sciences,PG Dip in Clinical Paediatric Emergency Care,,59400,,59
2025,Health Sciences,PG Dip in Clinical Paediatric Gastroenterology,,59400,,59
2025,Health Sciences,PG Dip in Clinical Paediatric Haematology & Oncology,,59400,,59
2025,Health Sciences,PG Dip in Clinical Paediatric Nephrology,,59400,,59
2025,Health Sciences,PG Dip in Clinical Paediatric Physiotherapy,,59400,,59
2025,Health Sciences,PG Dip in Clinical Paediatric Pulmonology,,59400,,59
2025,Health Sciences,PG Dip in Clinical Paediatric Cardiology,,59400,,59
2025,Health Sciences,PG Dip in Clinical Paediatric Rheumatology,,59400,,59
2025,Health Sciences,PG Dip in Palliative Medicine (Adult or Paediatric),,59400,,59
2025,Health Sciences,PG Dip in TB-HIV Management,,64100,,59
2025,Humanities,Bachelor of Arts and Bachelor of Social Science,1,75500,Regular curriculum,60
2025,Humanities,Bachelor of Arts and Bachelor of Social Science,2,75500,- no repeat courses,60
2025,Humanities,Bachelor of Arts and Bachelor of Social Science,3,75500,,60
2025,Humanities,BA (Fine Arts),1,84200,,60
2025,Humanities,BA (Fine Arts),2,94700,,60
2025,Humanities,BA (Fine Arts),3,73500,,60
2025,Humanities,BA (Fine Arts),4,92100,,60
2025,Humanities,BA (Theatre & Performance),1,81600,,60
2025,Humanities,BA (Theatre & Performance),2,105000,,60
2025,Humanities,BA (Theatre & Performance),3,113800,,60
2025,Humanities,BA (Theatre & Performance),4,76100,,60
2025,Humanities,Bachelor of Social Science in PPE,1,79400,,60
2025,Humanities,Bachelor of Social Science in PPE,2,94300,,60
2025,Humanities,Bachelor of Social Science in PPE,3,71200,,60
2025,Humanities,Bachelor of Social Work (BSW),1,66100,,60
2025,Humanities,Bachelor of Social Work (BSW),2,78100,,60
2025,Humanities,Bachelor of Social Work (BSW),3,65100,,60
2025,Humanities,Bachelor of Social Work (BSW),4,67300,,60
2025,Humanities,BMus (General & Other Streams),1,71700,-R 74 900,60
2025,Humanities,BMus (General & Other Streams),2,77400,-R 91 400,60
2025,Humanities,BMus (General & Other Streams),3,84700,-R 91 200,60
2025,Humanities,BMus (General & Other Streams),4,78500,-R 85 700,60
2025,Humanities,BA specialising in Film and Media Production,1,75600,,60
2025,Humanities,BA specialising in Film and Media Production,2,80300,,60
2025,Humanities,BA specialising in Film and Media Production,3,85000,,60
2025,Humanities,Diplomas Performer’s Diploma in Music,1,83900,-R 86 700,60
2025,Humanities,Diplomas Performer’s Diploma in Music,2,85900,-R 99 400,60
2025,Humanities,Diplomas Performer’s Diploma in Music,3,97600,-R 101 800,60
2025,Humanities,Performer’s Diploma in Theatre and Performance,1,84700,,60
2025,Humanities,Performer’s Diploma in Theatre and Performance,2,79900,,60
2025,Humanities,Performer’s Diploma in Theatre and Performance,3,70600,,60
2025,Humanities,Postgraduate Full degree fees can vary depending on electives taken Per year of study Honours 4 Honours courses + research essay,,56000,,61
2025,Humanities,BEd Hons (4 Honours courses),,48400,,61
2025,Humanities,BA Hons in Theatre 3 Honours courses + research essay,,55900,,61
2025,Humanities,BAs Hons specialising in Dance Studies,,55900,,61
2025,Humanities,BMus Hons specialising in Performance,,55900,,61
2025,Humanities,BMus Hons specialising in Musicology,,56000,,61
2025,Humanities,BMus Hons specialising in Composition,,55900,,61
2025,Humanities,Master’s by Coursework 4 Master’s course work courses,,50600,,61
2025,Humanities,Minor dissertation,,23100,,61
2025,Humanities,Masters in Education (M.Ed) 3 Masters course work courses,,38000,,61
2025,Humanities,Minor dissertation,,23100,,61
2025,Humanities,Research Masters,,37800,,61
2025,Humanities,Masters in Theatre & Performance 2 Masters course work courses,,38000,,61
2025,Humanities,Minor dissertation,,48900,,61
2025,Humanities,Master in Television Production or Media Theory 4 Masters course work courses,,56600,,61
2025,Humanities,Research Project,,23100,,61
2025,Humanities,Master of Fine Art By dissertation,,37800,,61
2025,Humanities,Master of Music by Dissertation (MMus) Dissertation,,37800,,61
2025,Humanities,MMus by Performance & Dissertation,,77700,,61
2025,Humanities,MMus by Composition and Dissertation,,41600,,61
2025,Humanities,MMus by Coursework and Dissertation,,70300,,61
2025,Humanities,"MMus by Performance, Coursework and Dissertation",,75600,,61
2025,Humanities,Doctoral (PhD) (per year),,27200,,61
2025,Humanities,Diplomas Postgraduate Diploma in Fine Art,,69200,,61
2025,Humanities,Postgraduate Diploma in African Studies,,56000,,61
2025,Humanities,Postgraduate Diploma in ACET Education,,48400,,61
2025,Humanities,Postgraduate Diploma in Educational Technology,,48400,,61
2025,Humanities,Postgraduate Diploma in Higher Education Studies,,48400,,61
2025,Humanities,Postgraduate Diploma in Library and Information studies,,56000,,61
2025,Humanities,Postgraduate Diploma in Music Performance 4 Courses,,54700,,61
2025,Humanities,Certificates Postgraduate Certificate in Education: Foundation Phase,,70000,,62
2025,Humanities,Intermediate & Senior Phase,,81400,,62
2025,Law,Degrees Undergraduate LLB Regular curriculum 1st Year-depending on electives,,76810,,62
2025,Law,- no repeat courses 2nd Year-depending on electives,,82160,,62
2025,Law,3rd Year-depending on electives,,81800,,62
2025,Law,4th Year-depending on electives,,91560,,62
2025,Law,Graduate LLB,1,76240,,62
2025,Law,Graduate LLB,2,81800,,62
2025,Law,Graduate LLB,3,91560,,62
2025,Law,Postgraduate Per year of study LLM/MPhil by Coursework and dissertation Coursework 4(courses),,94520,,62
2025,Law,Dissertation,,11890,,62
2025,Law,Master of Laws in Commercial Law Coursework 4(courses),,94520,,62
2025,Law,Research Tasks (4 Tasks),,10600,,62
2025,Law,Master of Laws in Dispute Resolution Coursework 4(courses),,94520,,62
2025,Law,Research Tasks (4 Tasks),,10600,,62
2025,Law,Master of Laws in Intellectual Property Law Coursework 4(courses),,94520,,62
2025,Law,Research Tasks (4 Tasks),,10600,,62
2025,Law,Master of Laws in International Trade Law Coursework 4(courses),,94520,,62
2025,Law,Research Tasks (4 Tasks),,10600,,62
2025,Law,Master of Laws in Labour Law Coursework 4(courses),,94520,,62
2025,Law,Research Tasks (4 Tasks),,10600,,62
2025,Law,Master of Laws in Environmental Law Coursework 4(courses),,94520,,62
2025,Law,Research Tasks (4 Tasks),,10600,,62
2025,Law,Master of Laws in Marine & Environmental Law Coursework 4(courses),,94520,,62
2025,Law,Research Tasks (4 Tasks),,10600,,62
2025,Law,Master of Laws in the Law of Mineral and Petroleum Extraction and Use Coursework 4(courses),,94520,,62
2025,Law,Research Tasks (4 Tasks),,10600,,62
2025,Law,Master of Laws in Shipping Law Coursework 4(courses),,94520,,62
2025,Law,Research Tasks (4 Tasks),,10600,,63
2025,Law,Master of Laws in Tax Law Coursework 4(courses),,94520,,63
2025,Law,Research Tasks (4 Tasks),,10600,,63
2025,Law,LLM/MPhil by Dissertation only,,22460,,63
2025,Law,Diplomas Postgraduate Diploma in Law Coursework 4(courses),,94520,,63
2025,Law,Doctoral (PhD) (per year),,27170,,63
2025,Science,Bachelor of Science,1,83000,Regular curriculum,63
2025,Science,Bachelor of Science,2,82000,- no repeat courses,63
2025,Science,Bachelor of Science,3,82000,,63
2025,Science,Extended Degree 1st Year of EDP,,44000,,63
2025,Science,Programme (EDP:2 nd Year of EDP,,45000,,63
2025,Science,1st year over 2 years) Postgraduate Bachelor of Science Honours,,74450,,63
2025,Science,Per year of study Master of Science (MSc) & Master of Philosophy (MPhil) MSc by Dissertation only,,37780,,63
2025,Science,MSc by Coursework & Dissertation Coursework (full year),,73910,,63
2025,Science,Coursework (half year),,36980,,63
2025,Science,Minor Dissertation,,37780,,63
2025,Science,Doctoral (PhD) (per year),,27170,,63
2026,Commerce,Bachelor of Commerce specialising in Financial Accounting General Accounting Stream,1,96840,Regular,46
2026,Commerce,Bachelor of Commerce specialising in Financial Accounting General Accounting Stream,2,77120,curriculum -no repeat,46
2026,Commerce,Bachelor of Commerce specialising in Financial Accounting General Accounting Stream,3,116620,courses,46
2026,Commerce,Bachelor of Commerce specialising in Financial | Chartered Accounting Stream,1,96840,,46
2026,Commerce,Bachelor of Commerce specialising in Financial | Chartered Accounting Stream,2,87760,,46
2026,Commerce,Bachelor of Commerce specialising in Financial | Chartered Accounting Stream,3,128060,,46
2026,Commerce,BCom specialising in Actuarial Science,1,110580,,46
2026,Commerce,BCom specialising in Actuarial Science,2,111950,,46
2026,Commerce,BCom specialising in Actuarial Science,3,98670,,46
2026,Commerce,BCom specialising in Actuarial Science Quantitative Finance Stream,1,99120,,46
2026,Commerce,BCom specialising in Actuarial Science Quantitative Finance Stream,2,111950,,46
2026,Commerce,BCom specialising in Actuarial Science Quantitative Finance Stream,3,107000,,46
2026,Commerce,BCom specialising in Economics & Finance,1,82990,,46
2026,Commerce,BCom specialising in Economics & Finance,2,101310,,46
2026,Commerce,BCom specialising in Economics & Finance,3,87920,,46
2026,Commerce,BCom specialising in Economics & Statistics,1,82990,,46
2026,Commerce,BCom specialising in Economics & Statistics,2,92870,,46
2026,Commerce,BCom specialising in Economics & Statistics,3,108400,,46
2026,Commerce,BCom specialising in Economics with Law,1,82990,,46
2026,Commerce,BCom specialising in Economics with Law,2,85800,,46
2026,Commerce,BCom specialising in Economics with Law,3,95110,,46
2026,Commerce,BCom specialising in Information Systems,1,82300,,47
2026,Commerce,BCom specialising in Information Systems,2,77220,,47
2026,Commerce,BCom specialising in Information Systems,3,76700,,47
2026,Commerce,BCom specialising in Information Systems & Computer Science,1,81790,,47
2026,Commerce,BCom specialising in Information Systems & Computer Science,2,81650,,47
2026,Commerce,BCom specialising in Information Systems & Computer Science,3,86320,,47
2026,Commerce,BCom specialising in Information Systems & Finance,1,94030,,47
2026,Commerce,BCom specialising in Information Systems & Finance,2,98430,,47
2026,Commerce,BCom specialising in Information Systems & Finance,3,90920,,47
2026,Commerce,BCom in the field of Management Studies,1,94030,,47
2026,Commerce,BCom in the field of Management Studies,2,92870,,47
2026,Commerce,BCom in the field of Management Studies,3,77280,,47
2026,Commerce,"BCom specialising in Philosophy, Politics & Economics",1,76520,,47
2026,Commerce,"BCom specialising in Philosophy, Politics & Economics",2,67210,,47
2026,Commerce,"BCom specialising in Philosophy, Politics & Economics",3,83670,,47
2026,Commerce,Bachelor of Business Science BBusSc specialising in Actuarial Science,1,110580,,47
2026,Commerce,Bachelor of Business Science BBusSc specialising in Actuarial Science,2,111950,,47
2026,Commerce,Bachelor of Business Science BBusSc specialising in Actuarial Science,3,109710,,47
2026,Commerce,Bachelor of Business Science BBusSc specialising in Actuarial Science,4,83550,,47
2026,Commerce,BBusSc specialising in Actuarial Science: Quantitative Finance Stream,1,98760,,47
2026,Commerce,BBusSc specialising in Actuarial Science: Quantitative Finance Stream,2,97910,,47
2026,Commerce,BBusSc specialising in Actuarial Science: Quantitative Finance Stream,3,96960,,47
2026,Commerce,BBusSc specialising in Actuarial Science: Quantitative Finance Stream,4,77050,,47
2026,Commerce,BBusSc specialising in Finance (Non CA Option),1,94030,,47
2026,Commerce,BBusSc specialising in Finance (Non CA Option),2,100910,,47
2026,Commerce,BBusSc specialising in Finance (Non CA Option),3,87320,,47
2026,Commerce,BBusSc specialising in Finance (Non CA Option),4,77360,,47
2026,Commerce,BBusSc specialising in Finance with Accounting (CA Option),1,97710,,47
2026,Commerce,BBusSc specialising in Finance with Accounting (CA Option),2,109220,,47
2026,Commerce,BBusSc specialising in Finance with Accounting (CA Option),3,109030,,47
2026,Commerce,BBusSc specialising in Finance with Accounting (CA Option),4,110160,,47
2026,Commerce,BBusSc specialising in Analytics,1,104230,,48
2026,Commerce,BBusSc specialising in Analytics,2,103370,,48
2026,Commerce,BBusSc specialising in Analytics,3,146420,,48
2026,Commerce,BBusSc specialising in Analytics,4,79770,,48
2026,Commerce,BBusSc specialising in Computer Science,1,87660,,48
2026,Commerce,BBusSc specialising in Computer Science,2,104400,,48
2026,Commerce,BBusSc specialising in Computer Science,3,86320,,48
2026,Commerce,BBusSc specialising in Computer Science,4,71720,,48
2026,Commerce,BBusSc specialising in Economics,1,82990,,48
2026,Commerce,BBusSc specialising in Economics,2,93270,,48
2026,Commerce,BBusSc specialising in Economics,3,109000,,48
2026,Commerce,BBusSc specialising in Economics,4,93350,,48
2026,Commerce,BBusSc specialising in Economics with Law,1,82990,,48
2026,Commerce,BBusSc specialising in Economics with Law,2,98110,,48
2026,Commerce,BBusSc specialising in Economics with Law,3,94710,,48
2026,Commerce,BBusSc specialising in Economics with Law,4,104390,,48
2026,Commerce,BBusSc specialising in Information Systems,1,77460,,48
2026,Commerce,BBusSc specialising in Information Systems,2,90390,,48
2026,Commerce,BBusSc specialising in Information Systems,3,98780,,48
2026,Commerce,BBusSc specialising in Information Systems,4,90330,,48
2026,Commerce,BBusSc specialising in Marketing,1,83170,,48
2026,Commerce,BBusSc specialising in Marketing,2,67790,,48
2026,Commerce,BBusSc specialising in Marketing,3,76280,,48
2026,Commerce,BBusSc specialising in Marketing,4,97030,,48
2026,Commerce,BBusSc specialising in Organisational Psychology,1,86360,,48
2026,Commerce,BBusSc specialising in Organisational Psychology,2,81760,,48
2026,Commerce,BBusSc specialising in Organisational Psychology,3,95180,,48
2026,Commerce,BBusSc specialising in Organisational Psychology,4,88670,,48
2026,Commerce,Bachelor of Commerce Academic Development specialising in Financial Accounting Chartered Accounting Stream,1,76700,,48
2026,Commerce,Bachelor of Commerce Academic Development specialising in Financial Accounting Chartered Accounting Stream,2,77300,,48
2026,Commerce,Bachelor of Commerce Academic Development specialising in Financial Accounting Chartered Accounting Stream,3,94860,,48
2026,Commerce,Bachelor of Commerce Academic Development specialising in Financial Accounting Chartered Accounting Stream,4,87840,,48
2026,Commerce,BCom Academic Development specialising in Financial Accounting General Accounting Stream,1,76700,,49
2026,Commerce,BCom Academic Development specialising in Financial Accounting General Accounting Stream,2,77330,,49
2026,Commerce,BCom Academic Development specialising in Financial Accounting General Accounting Stream,3,76560,,49
2026,Commerce,BCom Academic Development specialising in Financial Accounting General Accounting Stream,4,40820,,49
2026,Commerce,BCom Academic Development specialising in Actuarial Science,1,68480,,49
2026,Commerce,BCom Academic Development specialising in Actuarial Science,2,65880,,49
2026,Commerce,BCom Academic Development specialising in Actuarial Science,3,89870,,49
2026,Commerce,BCom Academic Development specialising in Actuarial Science,4,98670,,49
2026,Commerce,BCom Academic Development specialising in Actuarial Science Quantitative Finance Stream,1,68900,,49
2026,Commerce,BCom Academic Development specialising in Actuarial Science Quantitative Finance Stream,2,75870,,49
2026,Commerce,BCom Academic Development specialising in Actuarial Science Quantitative Finance Stream,3,79880,,49
2026,Commerce,BCom Academic Development specialising in Actuarial Science Quantitative Finance Stream,4,107000,,49
2026,Commerce,BCom Academic Development specialising in Economics & Finance,1,62340,,49
2026,Commerce,BCom Academic Development specialising in Economics & Finance,2,54840,,49
2026,Commerce,BCom Academic Development specialising in Economics & Finance,3,79880,,49
2026,Commerce,BCom Academic Development specialising in Economics & Finance,4,79410,,49
2026,Commerce,BCom Academic Development specialising in Economics & Statistics,1,63390,,49
2026,Commerce,BCom Academic Development specialising in Economics & Statistics,2,53790,,49
2026,Commerce,BCom Academic Development specialising in Economics & Statistics,3,85880,,49
2026,Commerce,BCom Academic Development specialising in Economics & Statistics,4,97360,,49
2026,Commerce,BCom Academic Development specialising in Economics with Law,1,63390,,49
2026,Commerce,BCom Academic Development specialising in Economics with Law,2,76520,,49
2026,Commerce,BCom Academic Development specialising in Economics with Law,3,73030,,49
2026,Commerce,BCom Academic Development specialising in Economics with Law,4,61990,,49
2026,Commerce,BCom Academic Development specialising in Information Systems,1,73020,,49
2026,Commerce,BCom Academic Development specialising in Information Systems,2,77580,,49
2026,Commerce,BCom Academic Development specialising in Information Systems,3,66060,,49
2026,Commerce,BCom Academic Development specialising in Information Systems,4,53750,,49
2026,Commerce,BCom Academic Development specialising in Information Systems & Computer Science,1,62610,,50
2026,Commerce,BCom Academic Development specialising in Information Systems & Computer Science,2,53750,,50
2026,Commerce,BCom Academic Development specialising in Information Systems & Computer Science,3,63370,,50
2026,Commerce,BCom Academic Development specialising in Information Systems & Computer Science,4,75280,,50
2026,Commerce,BCom Academic Development specialising in Information Systems & Finance,1,74430,,50
2026,Commerce,BCom Academic Development specialising in Information Systems & Finance,2,66180,,50
2026,Commerce,BCom Academic Development specialising in Information Systems & Finance,3,77100,,50
2026,Commerce,BCom Academic Development specialising in Information Systems & Finance,4,67790,,50
2026,Commerce,"BCom Academic Development specialising in Philosophy, Politics & Economics",1,65420,,50
2026,Commerce,"BCom Academic Development specialising in Philosophy, Politics & Economics",2,70430,,50
2026,Commerce,"BCom Academic Development specialising in Philosophy, Politics & Economics",3,59460,,50
2026,Commerce,"BCom Academic Development specialising in Philosophy, Politics & Economics",4,61590,,50
2026,Commerce,BCom Academic Development specialising in Management Studies,1,63030,,50
2026,Commerce,BCom Academic Development specialising in Management Studies,2,54330,,50
2026,Commerce,BCom Academic Development specialising in Management Studies,3,67970,,50
2026,Commerce,BCom Academic Development specialising in Management Studies,4,77280,,50
2026,Commerce,BBusSc Academic Development specialising in Actuarial Science: Quantitative Finance Stream,1,68480,,50
2026,Commerce,BBusSc Academic Development specialising in Actuarial Science: Quantitative Finance Stream,2,65880,,50
2026,Commerce,BBusSc Academic Development specialising in Actuarial Science: Quantitative Finance Stream,3,89870,,50
2026,Commerce,BBusSc Academic Development specialising in Actuarial Science: Quantitative Finance Stream,4,75880,,50
2026,Commerce,BBusSc Academic Development specialising in Statistics and Data Science,1,84000,,50
2026,Commerce,BBusSc Academic Development specialising in Statistics and Data Science,2,43380,,50
2026,Commerce,BBusSc Academic Development specialising in Statistics and Data Science,3,100560,,50
2026,Commerce,BBusSc Academic Development specialising in Statistics and Data Science,4,132380,,50
2026,Commerce,BBusSc Academic Development specialising in Statistics and Data Science,5,79770,,50
2026,Commerce,BBusSc Academic Development specialising in Finance with Accounting,1,76700,,50
2026,Commerce,BBusSc Academic Development specialising in Finance with Accounting,2,85190,,50
2026,Commerce,BBusSc Academic Development specialising in Finance with Accounting,3,80720,,50
2026,Commerce,BBusSc Academic Development specialising in Finance with Accounting,4,108870,,50
2026,Commerce,BBusSc Academic Development specialising in Finance with Accounting,5,88240,,50
2026,Commerce,BBusSc Academic Development specialising in Finance with Accounting,1,76700,,51
2026,Commerce,BBusSc Academic Development specialising in Finance with Accounting,2,85190,,51
2026,Commerce,BBusSc Academic Development specialising in Finance with Accounting,3,80720,,51
2026,Commerce,BBusSc Academic Development specialising in Finance with Accounting,4,108870,,51
2026,Commerce,BBusSc Academic Development specialising in Finance with Accounting,5,88240,,51
2026,Commerce,BBusSc Academic Development specialising in Finance,1,74430,,51
2026,Commerce,BBusSc Academic Development specialising in Finance,2,75870,,51
2026,Commerce,BBusSc Academic Development specialising in Finance,3,57800,,51
2026,Commerce,BBusSc Academic Development specialising in Finance,4,87320,,51
2026,Commerce,BBusSc Academic Development specialising in Finance,5,77360,,51
2026,Commerce,BBusSc Academic Development specialising in Economics,1,73380,,51
2026,Commerce,BBusSc Academic Development specialising in Economics,2,65880,,51
2026,Commerce,BBusSc Academic Development specialising in Economics,3,71840,,51
2026,Commerce,BBusSc Academic Development specialising in Economics,4,66240,,51
2026,Commerce,BBusSc Academic Development specialising in Economics,5,93350,,51
2026,Commerce,BBusSc Academic Development specialising in Economics with Law,1,74430,,51
2026,Commerce,BBusSc Academic Development specialising in Economics with Law,2,65480,,51
2026,Commerce,BBusSc Academic Development specialising in Economics with Law,3,76030,,51
2026,Commerce,BBusSc Academic Development specialising in Economics with Law,4,84070,,51
2026,Commerce,BBusSc Academic Development specialising in Economics with Law,5,93350,,51
2026,Commerce,BBusSc Academic Development specialising in Information Systems,1,67850,,51
2026,Commerce,BBusSc Academic Development specialising in Information Systems,2,60370,,51
2026,Commerce,BBusSc Academic Development specialising in Information Systems,3,68960,,51
2026,Commerce,BBusSc Academic Development specialising in Information Systems,4,77100,,51
2026,Commerce,BBusSc Academic Development specialising in Information Systems,5,90330,,51
2026,Commerce,BBusSc Academic Development specialising in Marketing,1,61980,,51
2026,Commerce,BBusSc Academic Development specialising in Marketing,2,47340,,51
2026,Commerce,BBusSc Academic Development specialising in Marketing,3,68840,,51
2026,Commerce,BBusSc Academic Development specialising in Marketing,4,55200,,51
2026,Commerce,BBusSc Academic Development specialising in Marketing,5,97030,,51
2026,Commerce,BBusSc Academic Development specialising in Organisational Psychology,1,66220,,52
2026,Commerce,BBusSc Academic Development specialising in Organisational Psychology,2,73900,,52
2026,Commerce,BBusSc Academic Development specialising in Organisational Psychology,3,55200,,52
2026,Commerce,BBusSc Academic Development specialising in Organisational Psychology,4,59460,,52
2026,Commerce,BBusSc Academic Development specialising in Organisational Psychology,5,88670,,52
2026,Commerce,Diplomas Advanced Diploma in Actuarial Science,,104780,,52
2026,Commerce,Advanced Diploma in Accounting,,121280,,52
2026,Commerce,Postgraduate Per year of Bachelor of Commerce Honours specialising in Accounting,,99650,,52
2026,Commerce,study specialising in Actuarial Science,,72160,,52
2026,Commerce,specialising in Economics,,92890,,52
2026,Commerce,specialising in Economic Analysis of Financial Markets (Part -time),,103820,,52
2026,Commerce,specialising in Finance,,76870,,52
2026,Commerce,specialising in Quantitative Finance,,76590,,52
2026,Commerce,specialising in Information Systems Full Time,,78940,,52
2026,Commerce,specialising in Information Systems Full Time,1,42240,,52
2026,Commerce,specialising in Information Systems Full Time,2,10930,,52
2026,Commerce,Specialising in Management Information Systems,,100000,,52
2026,Commerce,specialising in Organisational Psychology (Change Management),,80190,,52
2026,Commerce,specialising in Statistics,,77520,,52
2026,Commerce,BBusSc Academic Development specialising in Organisational Psychology | specialising in Taxation,1,84120,,52
2026,Commerce,BBusSc Academic Development specialising in Organisational Psychology | specialising in Taxation,2,17030,,52
2026,Commerce,specialising in Marketing,,81160,,52
2026,Commerce,specialising in Cyber Security,,100000,,52
2026,Commerce,"Masters Master of Commerce (by Coursework and Dissertation) specialising in Financial Reporting, Analysis & Governance",,85660,,52
2026,Commerce,specialising in Actuarial Science……………R 96 710(R57 830) specialising in Economics……………………R 93 950(R87 420) specialising in Applied Economics,,58150,,52
2026,Commerce,specialising in Economic Development,,58150,,52
2026,Commerce,specialising in Economic Science,,135030,,52
2026,Commerce,in the field of Financial Management,,105050,,52
2026,Commerce,In the field of Investment Management,,159080,,52
2026,Commerce,in the field of Corporate Finance and Valuation,,164880,,52
2026,Commerce,BBusSc Academic Development specialising in Organisational Psychology | specialising in Taxation in the field of South African Income Tax,1,83890,,52
2026,Commerce,BBusSc Academic Development specialising in Organisational Psychology | specialising in Taxation in the field of South African Income Tax,2,30600,,52
2026,Commerce,in the field of International Tax,,114720,,52
2026,Commerce,specialising in Organisational Psychology,,78440,,52
2026,Commerce,specialising in Information Systems,,84450,,53
2026,Commerce,Masters of Development Policy and Practice,,173180,,53
2026,Commerce,Master of Philosophy specialising in Financial Technology,,115520,,53
2026,Commerce,Masters of Philosophy in Development Policy and Practice,,181250,,53
2026,Commerce,Master of Financial Engineering,,116320,,53
2026,Commerce,Master of People Management,,76840,,53
2026,Commerce,Masters of Applied Finance,,127500,,53
2026,Commerce,Master of Commerce in Risk Management of Financial Markets .................................................... R 108 6000 Doctoral Degrees Doctoral (PhD) (per year),,28440,,53
2026,Commerce,Doctor of Philosophy specialising in Information Systems,,55520,,53
2026,Commerce,specialising in Economics (with Coursework),,130700,,53
2026,Commerce,Diplomas Postgraduate Diploma in Accounting,,82620,,53
2026,Commerce,Postgraduate Diploma in Actuarial Science,,120290,,53
2026,Commerce,Postgraduate Diploma in Management specialising in Entrepreneurship,,66570,,53
2026,Commerce,specialising in Sports,,63930,,53
2026,Commerce,specialising in Management Information Systems,,80950,,53
2026,Engineering & The Built Environment,Bachelor of Architectural Studies,1,75610,Regular,53
2026,Engineering & The Built Environment,Bachelor of Architectural Studies,2,80070,curriculum,53
2026,Engineering & The Built Environment,Bachelor of Architectural Studies,3,82510,- no repeat,53
2026,Engineering & The Built Environment,courses BSc (Geomatics),1,73930,,53
2026,Engineering & The Built Environment,courses BSc (Geomatics),2,78050,,53
2026,Engineering & The Built Environment,courses BSc (Geomatics),3,101910,,53
2026,Engineering & The Built Environment,courses BSc (Geomatics),4,97850,,53
2026,Engineering & The Built Environment,BSc Eng (Chemical),1,89470,,53
2026,Engineering & The Built Environment,BSc Eng (Chemical),2,101050,,53
2026,Engineering & The Built Environment,BSc Eng (Chemical),3,92230,,53
2026,Engineering & The Built Environment,BSc Eng (Chemical),4,100980,,53
2026,Engineering & The Built Environment,BSc Eng (Civil),1,89780,,53
2026,Engineering & The Built Environment,BSc Eng (Civil),2,81280,,53
2026,Engineering & The Built Environment,BSc Eng (Civil),3,87980,,53
2026,Engineering & The Built Environment,BSc Eng (Civil),4,100360,,54
2026,Engineering & The Built Environment,BSc Eng (Electrical),1,82820,,54
2026,Engineering & The Built Environment,BSc Eng (Electrical),2,96100,,54
2026,Engineering & The Built Environment,BSc Eng (Electrical),3,92750,,54
2026,Engineering & The Built Environment,BSc Eng (Electrical),4,84310,,54
2026,Engineering & The Built Environment,BSc Eng (Electrical & Computer),1,82820,,54
2026,Engineering & The Built Environment,BSc Eng (Electrical & Computer),2,90610,,54
2026,Engineering & The Built Environment,BSc Eng (Electrical & Computer),3,100370,,54
2026,Engineering & The Built Environment,BSc Eng (Electrical & Computer),4,97560,,54
2026,Engineering & The Built Environment,BSc Eng (Mechatronics),1,82820,,54
2026,Engineering & The Built Environment,BSc Eng (Mechatronics),2,90610,,54
2026,Engineering & The Built Environment,BSc Eng (Mechatronics),3,93380,,54
2026,Engineering & The Built Environment,BSc Eng (Mechatronics),4,100650,,54
2026,Engineering & The Built Environment,BSc Eng (Mechanical and Mechatronic Engineering),1,83320,,54
2026,Engineering & The Built Environment,BSc Eng (Mechanical and Mechatronic Engineering),2,93400,,54
2026,Engineering & The Built Environment,BSc Eng (Mechanical and Mechatronic Engineering),3,97130,,54
2026,Engineering & The Built Environment,BSc Eng (Mechanical and Mechatronic Engineering),4,101440,,54
2026,Engineering & The Built Environment,BSc Eng (Mechanical),1,83320,,54
2026,Engineering & The Built Environment,BSc Eng (Mechanical),2,93400,,54
2026,Engineering & The Built Environment,BSc Eng (Mechanical),3,96980,,54
2026,Engineering & The Built Environment,BSc Eng (Mechanical),4,93260,,54
2026,Engineering & The Built Environment,BSc in Construction Studies,1,94600,,54
2026,Engineering & The Built Environment,BSc in Construction Studies,2,84940,,54
2026,Engineering & The Built Environment,BSc in Construction Studies,3,90560,,54
2026,Engineering & The Built Environment,BSc in Property Studies,1,92270,,54
2026,Engineering & The Built Environment,BSc in Property Studies,2,91350,,54
2026,Engineering & The Built Environment,BSc in Property Studies,3,87260,,54
2026,Engineering & The Built Environment,Postgraduate Diploma in Power Plant Engineering,,85950,,54
2026,Engineering & The Built Environment,Postgraduate BSc (Hons) (Geographical Info Systems),,87320,,54
2026,Engineering & The Built Environment,Per year of BSc (Hons) (Construction Management),,83400,,54
2026,Engineering & The Built Environment,study BSc (Hons) (Property Studies),,87440,,54
2026,Engineering & The Built Environment,BSc (Hons) (Quantity Surveying),,81870,,54
2026,Engineering & The Built Environment,BSc (Hons) (Materials Science),,80740,,54
2026,Engineering & The Built Environment,Bachelor of Architectural Studies (Hons),,69970,,54
2026,Engineering & The Built Environment,Bachelor of City Planning (Hons),,74810,,54
2026,Engineering & The Built Environment,Bachelor of Landscape Architecture (Hons),,60940,,54
2026,Engineering & The Built Environment,Master’s by Dissertation only (180 credits),,43350,,54
2026,Engineering & The Built Environment,BSc in Property Studies | Master’s by Dissertation (120 credits) and Coursework (Mphil and MSc),1,52000,,55
2026,Engineering & The Built Environment,BSc in Property Studies | Master’s by Dissertation (120 credits) and Coursework (Mphil and MSc),2,52000,,55
2026,Engineering & The Built Environment,Master of Architecture (Professional),,95570,,55
2026,Engineering & The Built Environment,Master of City & Regional Planning,,62250,,55
2026,Engineering & The Built Environment,Master of Engineering in Civil Infrastructure Management and Maintenance,,103950,,55
2026,Engineering & The Built Environment,Master of Philosophy specialising in Engineering in Civil Infrastructure Management and Maintenance,,103950,,55
2026,Engineering & The Built Environment,Master of Geotechnical Engineering,,115000,,55
2026,Engineering & The Built Environment,Master of Transport Studies,,150090,,55
2026,Engineering & The Built Environment,Master of Structural Engineering and Materials,,101730,,55
2026,Engineering & The Built Environment,Master of Urban Design,,71670,,55
2026,Engineering & The Built Environment,Master of Water Engineering,,127320,,55
2026,Engineering & The Built Environment,Master of Landscape Architecture,,70830,,55
2026,Engineering & The Built Environment,Master of Science in Property Studies,,129360,,55
2026,Engineering & The Built Environment,BSc in Property Studies | MPhil In Conservation of Built Environment,1,49190,,55
2026,Engineering & The Built Environment,BSc in Property Studies | MPhil In Conservation of Built Environment,2,42480,,55
2026,Engineering & The Built Environment,MPhil (Transport Studies),,97650,,55
2026,Engineering & The Built Environment,Doctoral (PhD) (per year),,28480,,55
2026,Health Sciences,MBChB,1,113510,Regular,55
2026,Health Sciences,MBChB,2,133950,curriculum,55
2026,Health Sciences,MBChB,3,143620,,55
2026,Health Sciences,MBChB,4,150290,,55
2026,Health Sciences,MBChB,5,125720,,55
2026,Health Sciences,MBChB,6,138350,,55
2026,Health Sciences,BSc (Audiology),1,96070,,55
2026,Health Sciences,BSc (Audiology),2,100210,,55
2026,Health Sciences,BSc (Audiology),3,90930,,55
2026,Health Sciences,BSc (Audiology),4,92260,,55
2026,Health Sciences,BSc (Occupational Therapy),1,85600,,55
2026,Health Sciences,BSc (Occupational Therapy),2,81750,,55
2026,Health Sciences,BSc (Occupational Therapy),3,75100,,55
2026,Health Sciences,BSc (Occupational Therapy),4,95410,,55
2026,Health Sciences,BSc (Physiotherapy),1,84000,,55
2026,Health Sciences,BSc (Physiotherapy),2,105990,OR R96 110 (- 1 SLL),55
2026,Health Sciences,BSc (Physiotherapy),3,87800,,55
2026,Health Sciences,BSc (Physiotherapy),4,101380,,56
2026,Health Sciences,BSc (Speech & Language Pathology),1,96900,,56
2026,Health Sciences,BSc (Speech & Language Pathology),2,95800,,56
2026,Health Sciences,BSc (Speech & Language Pathology),3,83210,,56
2026,Health Sciences,BSc (Speech & Language Pathology),4,92620,,56
2026,Health Sciences,BSc (Med),,93250,,56
2026,Health Sciences,Postgradu BMedSci (Honours) ate Coursework,,59210,,56
2026,Health Sciences,Per year of Research Project,,19750,,56
2026,Health Sciences,study Total,,78960,,56
2026,Health Sciences,MPhil specialising in Biokinetics Coursework,,54960,,56
2026,Health Sciences,Minor Dissertation (60 credits),,26880,,56
2026,Health Sciences,MPhil specialising in Biomedical Forensic Science Coursework (per year),,66730,,56
2026,Health Sciences,Minor Dissertation (60 credits),,26880,,56
2026,Health Sciences,MPhil specialising in Clinical Pharmacology Coursework (per year),,40550,,56
2026,Health Sciences,Minor Dissertation (60 credits),,40260,,56
2026,Health Sciences,MPhil specialising in Intellectual Disability Coursework (per year),,40260,,56
2026,Health Sciences,Minor Dissertation (90 credits),,40260,,56
2026,Health Sciences,MPhil specialising in Liaison Mental Health Coursework (per year),,40260,,56
2026,Health Sciences,Minor Dissertation (60 credits),,40260,,56
2026,Health Sciences,MPhil specialising in Maternal & Child Health Coursework (year 1),,28800,,56
2026,Health Sciences,Course work (year 2),,40060,,56
2026,Health Sciences,Minor Dissertation (60 credits),,26880,,56
2026,Health Sciences,MPhil specialising in Occupational Health Coursework (per year),,92870,,56
2026,Health Sciences,Minor Dissertation (60 credits),,26880,,56
2026,Health Sciences,MPhil specialising in Paediatric Pathology Coursework (per year),,45030,,56
2026,Health Sciences,Minor Dissertation (60 credits),,45030,,56
2026,Health Sciences,MPhil specialising in Palliative Care Coursework (per year),,40260,,56
2026,Health Sciences,Minor Dissertation (90 credits),,40260,,56
2026,Health Sciences,MPhil specialising in Sport & Exercise Medicine HUB5006W (Coursework),,26880,,57
2026,Health Sciences,HUB5025W (Coursework),,17980,,57
2026,Health Sciences,HUB5026W (Coursework),,17980,,57
2026,Health Sciences,Minor Dissertation (60 credits),,26880,,57
2026,Health Sciences,MPhil in Emergency Medicine (Global Emergency Care Stream)- 2 year programme Compulsory Coursework,,50830,,57
2026,Health Sciences,Two electives varies between .......................... R 6 800 and R 11 190 Minor Dissertation (60 credits),,26880,,57
2026,Health Sciences,MPhil in Emergency Medicine (Clinical Emergency Care Stream) Compulsory Coursework,,40800,,57
2026,Health Sciences,Two electives varies between ................... R 6 790 and R 11 190 Minor Dissertation (60 credits),,26880,,57
2026,Health Sciences,MPhil in Emergency Medicine (Disaster Medicine Stream) Compulsory Coursework,,48530,,57
2026,Health Sciences,Two electives @ R 6 800 each,,13600,,57
2026,Health Sciences,Minor Dissertation (60 credits),,26880,,57
2026,Health Sciences,MPhil in Emergency Medicine (Patient Safety & Clin Decision-making Stream A) Compulsory Coursework,,34000,,57
2026,Health Sciences,Three electives @ R 6 790 each R 10 080 Minor Dissertation (60 credits),,26880,,57
2026,Health Sciences,MPhil in Emergency Medicine (Patient Safety & Clin Decision-making Stream B) Compulsory Coursework,,34000,,57
2026,Health Sciences,One elective …………………………………….R6 790-R10 080 Minor Dissertation (90 credits),,40255,,57
2026,Health Sciences,MPhil in Health Innovation Coursework (per year),,63560,,57
2026,Health Sciences,Electives +/_ ................................................................... variable Minor Dissertation (60 credits),,26870,,57
2026,Health Sciences,Master of Public Health (All streams except Health Economics) Coursework (10 courses @ R6 560each),,65600,,57
2026,Health Sciences,Minor Dissertation (60 credits),,26872,,57
2026,Health Sciences,Master of Public Health (Health Economics) Coursework (8 courses @ R 6 560 each),,52480,,57
2026,Health Sciences,Minor Dissertation (90 credits),,44280,,57
2026,Health Sciences,MMedSc in Biomedical Engineering (by dissertation only) Dissertation (180 credits),,45030,,58
2026,Health Sciences,MMedSc specialising in Genetic Counselling Coursework (per year),,81440,,58
2026,Health Sciences,Minor Dissertation (60 credits),,26880,,58
2026,Health Sciences,MSc in Nursing (by coursework and dissertation) Compulsory coursework,,28170,,58
2026,Health Sciences,Electives variable depending on choice totalling 53 NQF credits Minor Dissertation (90 credits),,40260,,58
2026,Health Sciences,MSc in Occupational Therapy (by coursework and dissertation) Compulsory Coursework (per year),,53260,,58
2026,Health Sciences,Minor Dissertation (90 credits),,40260,,58
2026,Health Sciences,MSc in Epidemiology & Biostatistics (by coursework & dissertation) Compulsory Coursework (per year),,53260,,58
2026,Health Sciences,Two electives,,13120,,58
2026,Health Sciences,Minor Dissertation (90 credits),,42120,,58
2026,Health Sciences,Master of Chemicals Risk Management (Professional Master) Coursework,,74670,,58
2026,Health Sciences,Professional Master’s Project,,22900,,58
2026,Health Sciences,Master of Nursing in Child Nursing (Professional Master) 1st Year (Coursework),,51800,,58
2026,Health Sciences,2nd Year (Coursework),,19700,,58
2026,Health Sciences,Research-related Independent Study,,20200,,58
2026,Health Sciences,MMed (Speciality training) Training per year (Years 1 – 4),,20780,,58
2026,Health Sciences,"Minor Dissertation (spread across 4 years, (60 credits)",,14760,,58
2026,Health Sciences,MPhil (Sub-speciality training) Training per year (Years 1 & 2),,19990,,58
2026,Health Sciences,Minor Dissertation (60 credits),,9080,,58
2026,Health Sciences,PhD (per year),,28440,,58
2026,Health Sciences,MD (per year),,28440,,58
2026,Health Sciences,Diplomas PG Dip in Addictions Care,,66060,,58
2026,Health Sciences,PG Dip in Clinical Hepatology,,75060,,58
2026,Health Sciences,PG Dip in Community& General Paediatrics,,58770,,58
2026,Health Sciences,PG Dip in Clinical Developmental Paediatrics,,62170,,58
2026,Health Sciences,PG Dip in Emergency Care,,65570,,58
2026,Health Sciences,PG Dip in Disability Studies,,61310,,58
2026,Health Sciences,BSc (Speech & Language Pathology) | PG Dip in Family Medicine,1,25760,,58
2026,Health Sciences,BSc (Speech & Language Pathology) | PG Dip in Family Medicine,2,38260,,58
2026,Health Sciences,PG Dip in Healthcare Tech Management,,67610,,58
2026,Health Sciences,BSc (Speech & Language Pathology) | PG Dip in Health Economics,1,34180,,59
2026,Health Sciences,BSc (Speech & Language Pathology) | PG Dip in Health Economics,2,34180,,59
2026,Health Sciences,PG Dip in Health Leadership Year 1,,44190,,59
2026,Health Sciences,Year 2 (semester 1 only),,24790,,59
2026,Health Sciences,PG Dip in Health Professional Education,,64780,,59
2026,Health Sciences,PG Dip in Interdisciplinary Pain Management,,68180,,59
2026,Health Sciences,PG Dip in Occupational Health (per year x 2),,74650,,59
2026,Health Sciences,PG Dip in Clinical Paediatric Critical Care,,62170,,59
2026,Health Sciences,PG Dip in Clinical Paediatric Diabetes,,62170,,59
2026,Health Sciences,PG Dip in Clinical Paediatric Electrophysiology & Epilepsy,,62170,,59
2026,Health Sciences,PG Dip in Clinical Paediatric Emergency Care,,62170,,59
2026,Health Sciences,PG Dip in Clinical Paediatric Gastroenterology,,62170,,59
2026,Health Sciences,PG Dip in Clinical Paediatric Haematology & Oncology,,62170,,59
2026,Health Sciences,PG Dip in Clinical Paediatric Nephrology,,62170,,59
2026,Health Sciences,PG Dip in Clinical Paediatric Physiotherapy,,62170,,59
2026,Health Sciences,PG Dip in Clinical Paediatric Pulmonology,,62170,,59
2026,Health Sciences,PG Dip in Clinical Paediatric Cardiology,,62210,,59
2026,Health Sciences,PG Dip in Clinical Paediatric Rheumatology,,62170,,59
2026,Health Sciences,PG Dip in Palliative Medicine (Adult or Paediatric),,67080,,59
2026,Health Sciences,PG Dip in TB-HIV Management,,66140,,59
2026,Humanities,Bachelor of Arts and Bachelor of Social Science,1,79000,Regular curriculum,59
2026,Humanities,Bachelor of Arts and Bachelor of Social Science,2,79000,- no repeat courses,59
2026,Humanities,Bachelor of Arts and Bachelor of Social Science,3,79000,,59
2026,Humanities,BA (Fine Arts),1,88100,,59
2026,Humanities,BA (Fine Arts),2,99100,,59
2026,Humanities,BA (Fine Arts),3,79900,,59
2026,Humanities,BA (Fine Arts),4,96400,,59
2026,Humanities,BA (Theatre & Performance),1,85300,,59
2026,Humanities,BA (Theatre & Performance),2,109900,,59
2026,Humanities,BA (Theatre & Performance),3,119200,,59
2026,Humanities,BA (Theatre & Performance),4,79600,,59
2026,Humanities,Bachelor of Social Science in PPE,1,83100,,59
2026,Humanities,Bachelor of Social Science in PPE,2,98700,,59
2026,Humanities,Bachelor of Social Science in PPE,3,74500,,59
2026,Humanities,Bachelor of Social Work (BSW),1,69200,,59
2026,Humanities,Bachelor of Social Work (BSW),2,81700,,59
2026,Humanities,Bachelor of Social Work (BSW),3,68200,,59
2026,Humanities,Bachelor of Social Work (BSW),4,74500,,60
2026,Humanities,BMus (General & Other Streams),1,75500,-R 78 400,60
2026,Humanities,BMus (General & Other Streams),2,80100,-R 95 600,60
2026,Humanities,BMus (General & Other Streams),3,88600,-R 95 400,60
2026,Humanities,BMus (General & Other Streams),4,82100,-R 89 700,60
2026,Humanities,BA specialising in Film and Media Production,1,79100,,60
2026,Humanities,BA specialising in Film and Media Production,2,84000,,60
2026,Humanities,BA specialising in Film and Media Production,3,89500,,60
2026,Humanities,Diplomas Performer’s Diploma in Music,1,87800,-R 90 700,60
2026,Humanities,Diplomas Performer’s Diploma in Music,2,89900,-R 104 400,60
2026,Humanities,Diplomas Performer’s Diploma in Music,3,102200,-R 106 500,60
2026,Humanities,Performer’s Diploma in Theatre and Performance,1,88700,,60
2026,Humanities,Performer’s Diploma in Theatre and Performance,2,83600,,60
2026,Humanities,Performer’s Diploma in Theatre and Performance,3,73900,,60
2026,Humanities,Postgraduate Full degree fees can vary depending on electives taken Per year of study Honours 4 Honours courses + research essay,,58600,,60
2026,Humanities,BEd Hons (4 Honours courses),,50700,,60
2026,Humanities,BA Hons in Theatre 3 Honours courses + research essay,,58500,,60
2026,Humanities,BAs Hons specialising in Dance Studies,,58500,,60
2026,Humanities,BMus Hons specialising in Performance,,58500,,60
2026,Humanities,BMus Hons specialising in Musicology,,58600,,60
2026,Humanities,BMus Hons specialising in Composition,,58500,,60
2026,Humanities,Master’s by Coursework 4 Master’s course work courses,,53300,,60
2026,Humanities,Minor dissertation,,24100,,60
2026,Humanities,Masters in Education (M.Ed) 3 Masters course work courses,,40100,,60
2026,Humanities,Minor dissertation,,24100,,60
2026,Humanities,Research Masters,,39600,,60
2026,Humanities,Masters in Theatre & Performance 2 Masters course work courses,,39800,,60
2026,Humanities,Minor dissertation,,51200,,60
2026,Humanities,Master in Television Production or Media Theory 4 Masters course work courses,,59200,,61
2026,Humanities,Research Project,,24100,,61
2026,Humanities,Master of Fine Art By dissertation,,39600,,61
2026,Humanities,Master of Music by Dissertation (MMus) Dissertation,,39600,,61
2026,Humanities,MMus by Performance & Dissertation,,81300,,61
2026,Humanities,MMus by Composition and Dissertation,,63600,,61
2026,Humanities,MMus by Coursework and Dissertation,,73600,,61
2026,Humanities,"MMus by Performance, Coursework and Dissertation",,80600,,61
2026,Humanities,Doctoral (PhD) (per year),,28500,,61
2026,Humanities,Diplomas Postgraduate Diploma in Fine Art,,72400,,61
2026,Humanities,Postgraduate Diploma in African Studies,,58600,,61
2026,Humanities,Postgraduate Diploma in ACET Education,,50700,,61
2026,Humanities,Postgraduate Diploma in Educational Technology,,50700,,61
2026,Humanities,Postgraduate Diploma in Higher Education Studies,,50700,,61
2026,Humanities,Postgraduate Diploma in Library and Information studies,,58600,,61
2026,Humanities,Postgraduate Diploma in Music Performance 4 Courses,,57300,,61
2026,Humanities,Certificates Postgraduate Certificate in Education: Foundation Phase,,73300,,61
2026,Humanities,Intermediate & Senior Phase,,85200,,61
2026,Law,Degrees Undergraduate LLB Regular curriculum 1st Year-depending on electives,,80410,,61
2026,Law,- no repeat courses 2nd Year-depending on electives,,86010,,61
2026,Law,3rd Year-depending on electives,,93640,,61
2026,Law,4th Year-depending on electives,,95090,,61
2026,Law,Graduate LLB,1,79820,,61
2026,Law,Graduate LLB,2,92840,,61
2026,Law,Graduate LLB,3,95480,,61
2026,Law,Postgraduate Per year of study LLM/MPhil by Coursework and dissertation Coursework 4(courses),,98920,,61
2026,Law,Dissertation,,12450,,61
2026,Law,Master of Laws in Commercial Law Coursework 4(courses),,98920,,62
2026,Law,Research Tasks (4 Tasks),,11120,,62
2026,Law,Master of Laws in Dispute Resolution Coursework 4(courses),,98920,,62
2026,Law,Research Tasks (4 Tasks),,11120,,62
2026,Law,Master of Laws in Intellectual Property Law Coursework 4(courses),,98920,,62
2026,Law,Research Tasks (4 Tasks),,11120,,62
2026,Law,Master of Laws in International Trade Law Coursework 4(courses),,98920,,62
2026,Law,Research Tasks (4 Tasks),,11120,,62
2026,Law,Master of Laws in Labour Law Coursework 4(courses),,98920,,62
2026,Law,Research Tasks (4 Tasks),,11120,,62
2026,Law,Master of Laws in Environmental Law Coursework 4(courses),,98920,,62
2026,Law,Research Tasks (4 Tasks),,11120,,62
2026,Law,Master of Laws in Marine & Environmental Law Coursework 4(courses),,98920,,62
2026,Law,Research Tasks (4 Tasks),,11120,,62
2026,Law,Master of Laws in the Law of Mineral and Petroleum Extraction and Use Coursework 4(courses),,98920,,62
2026,Law,Research Tasks (4 Tasks),,11120,,62
2026,Law,Master of Laws in Shipping Law Coursework 4(courses),,98920,,62
2026,Law,Research Tasks (4 Tasks),,11120,,62
2026,Law,Master of Laws in Tax Law Coursework 4(courses),,98920,,62
2026,Law,Research Tasks (4 Tasks),,11120,,62
2026,Law,LLM/MPhil by Dissertation only,,23510,,62
2026,Law,Diplomas Postgraduate Diploma in Law Coursework 4(courses),,98920,,62
2026,Law,Doctoral (PhD) (per year),,28440,,62
2026,Science,Bachelor of Science,1,87000,Regular curriculum,62
2026,Science,Bachelor of Science,2,86000,- no repeat courses,62
2026,Science,Bachelor of Science,3,86000,,62
2026,Science,Extended Degree 1st Year of EDP,,46000,,62
2026,Science,Programme (EDP:2 nd Year of EDP,,47000,,62
2026,Science,1st year over 2 years) Postgraduate Bachelor of Science Honours,,77910,,63
2026,Science,Per year of study Master of Science (MSc) & Master of Philosophy (MPhil) MSc by Dissertation only,,39450,,63
2026,Science,MSc by Coursework & Dissertation Coursework (full year),,77340,,63
2026,Science,Coursework (half year),,38700,,63
2026,Science,Minor Dissertation,,39540,,63
2026,Science,Doctoral (PhD) (per year),,28440,,63
